day,idx5s,ts,price,kind,prev_idx,next_idx,leg_in_pt,leg_out_pt
2025_10_21,1434,1761013830,25368.0,T,58,4876,57.25,115.0
2025_10_21,4876,1761034840,25253.0,B,1434,5583,115.0,43.0
2025_10_21,5583,1761039165,25296.0,T,4876,6079,43.0,37.25
2025_10_21,6079,1761042235,25258.75,B,5583,7384,37.25,56.5
2025_10_21,7384,1761049420,25315.25,T,6079,7966,56.5,43.75
2025_10_21,7966,1761052415,25271.5,B,7384,8163,43.75,33.0
2025_10_21,8163,1761053400,25304.5,T,7966,8199,33.0,48.5
2025_10_21,8199,1761053580,25256.0,B,8163,8237,48.5,38.0
2025_10_21,8237,1761053770,25294.0,T,8199,8322,38.0,61.0
2025_10_21,8322,1761054195,25233.0,B,8237,8336,61.0,32.25
2025_10_21,8336,1761054265,25265.25,T,8322,8356,32.25,37.25
2025_10_21,8356,1761054365,25228.0,B,8336,8363,37.25,34.5
2025_10_21,8363,1761054400,25262.5,T,8356,8390,34.5,44.5
2025_10_21,8390,1761054535,25218.0,B,8363,8446,44.5,52.75
2025_10_21,8446,1761054815,25270.75,T,8390,8489,52.75,59.25
2025_10_21,8489,1761055030,25211.5,B,8446,8523,59.25,31.0
2025_10_21,8523,1761055200,25242.5,T,8489,8556,31.0,30.5
2025_10_21,8556,1761055365,25212.0,B,8523,8609,30.5,40.75
2025_10_21,8609,1761055630,25252.75,T,8556,8646,40.75,35.25
2025_10_21,8646,1761055815,25217.5,B,8609,8769,35.25,68.5
2025_10_21,8769,1761056430,25286.0,T,8646,8918,68.5,82.75
2025_10_21,8918,1761057175,25203.25,B,8769,9011,82.75,63.75
2025_10_21,9011,1761057640,25267.0,T,8918,9067,63.75,36.75
2025_10_21,9067,1761057920,25230.25,B,9011,9244,36.75,73.5
2025_10_21,9244,1761058805,25303.75,T,9067,9307,73.5,34.25
2025_10_21,9307,1761059120,25269.5,B,9244,9389,34.25,31.0
2025_10_21,9389,1761059530,25300.5,T,9307,9449,31.0,58.75
2025_10_21,9449,1761059830,25241.75,B,9389,9641,58.75,52.0
2025_10_21,9641,1761060790,25293.75,T,9449,9698,52.0,36.25
2025_10_21,9698,1761061075,25257.5,B,9641,10566,36.25,91.0
2025_10_21,10566,1761065415,25348.5,T,9698,10731,91.0,98.5
2025_10_21,10731,1761066240,25250.0,B,10566,10834,98.5,59.75
2025_10_21,10834,1761066755,25309.75,T,10731,10997,59.75,51.75
2025_10_21,10997,1761067570,25258.0,B,10834,11724,51.75,69.0
2025_10_21,11724,1761071205,25327.0,T,10997,11943,69.0,30.0
2025_10_21,11943,1761072300,25297.0,B,11724,12774,30.0,37.25
2025_10_21,12774,1761076455,25334.25,T,11943,12976,37.25,105.5
2025_10_21,12976,1761077465,25228.75,B,12774,13538,105.5,56.75
2025_10_22,664,1761094875,25214.5,B,37,1496,41.25,67.75
2025_10_22,1496,1761100110,25282.25,T,664,2035,67.75,38.25
2025_10_22,2035,1761104105,25244.0,B,1496,2493,38.25,89.0
2025_10_22,2493,1761106810,25333.0,T,2035,3365,89.0,39.0
2025_10_22,3365,1761112845,25294.0,B,2493,3841,39.0,44.25
2025_10_22,3841,1761115625,25338.25,T,3365,4163,44.25,68.25
2025_10_22,4163,1761117370,25270.0,B,3841,4427,68.25,36.25
2025_10_22,4427,1761118825,25306.25,T,4163,5483,36.25,74.75
2025_10_22,5483,1761124685,25231.5,B,4427,6374,74.75,74.0
2025_10_22,6374,1761129890,25305.5,T,5483,6664,74.0,78.0
2025_10_22,6664,1761131420,25227.5,B,6374,6831,78.0,33.5
2025_10_22,6831,1761132295,25261.0,T,6664,7108,33.5,54.5
2025_10_22,7108,1761133710,25206.5,B,6831,7264,54.5,45.75
2025_10_22,7264,1761134505,25252.25,T,7108,7264,45.75,30.5
2025_10_22,7264,1761134505,25221.75,B,7264,8133,30.5,56.75
2025_10_22,8133,1761139120,25278.5,T,7264,8333,56.75,106.25
2025_10_22,8333,1761140120,25172.25,B,8133,8560,106.25,117.0
2025_10_22,8560,1761141255,25289.25,T,8333,8809,117.0,99.25
2025_10_22,8809,1761142500,25190.0,B,8560,8861,99.25,55.0
2025_10_22,8861,1761142760,25245.0,T,8809,9018,55.0,156.25
2025_10_22,9018,1761143545,25088.75,B,8861,9030,156.25,40.5
2025_10_22,9030,1761143605,25129.25,T,9018,9054,40.5,42.5
2025_10_22,9054,1761143725,25086.75,B,9030,9071,42.5,44.5
2025_10_22,9071,1761143810,25131.25,T,9054,9111,44.5,46.25
2025_10_22,9111,1761144010,25085.0,B,9071,9119,46.25,33.75
2025_10_22,9119,1761144050,25118.75,T,9111,9191,33.75,68.25
2025_10_22,9191,1761144410,25050.5,B,9119,9370,68.25,141.75
2025_10_22,9370,1761145305,25192.25,T,9191,9501,141.75,71.5
2025_10_22,9501,1761145960,25120.75,B,9370,9533,71.5,33.5
2025_10_22,9533,1761146120,25154.25,T,9501,9639,33.5,126.5
2025_10_22,9639,1761146650,25027.75,B,9533,9668,126.5,44.0
2025_10_22,9668,1761146795,25071.75,T,9639,9718,44.0,68.5
2025_10_22,9718,1761147045,25003.25,B,9668,9757,68.5,55.75
2025_10_22,9757,1761147240,25059.0,T,9718,9776,55.75,50.0
2025_10_22,9776,1761147335,25009.0,B,9757,10015,50.0,122.75
2025_10_22,10015,1761148530,25131.75,T,9776,10107,122.75,74.75
2025_10_22,10107,1761148990,25057.0,B,10015,10148,74.75,39.5
2025_10_22,10148,1761149195,25096.5,T,10107,10202,39.5,51.25
2025_10_22,10202,1761149465,25045.25,B,10148,10274,51.25,45.0
2025_10_22,10274,1761149825,25090.25,T,10202,10358,45.0,83.0
2025_10_22,10358,1761150245,25007.25,B,10274,10432,83.0,45.25
2025_10_22,10432,1761150615,25052.5,T,10358,10437,45.25,129.25
2025_10_22,10437,1761150640,24923.25,B,10432,10437,129.25,43.0
2025_10_22,10437,1761150640,24966.25,T,10437,10439,43.0,56.25
2025_10_22,10439,1761150650,24910.0,B,10437,10440,56.25,41.75
2025_10_22,10440,1761150655,24951.75,T,10439,10441,41.75,42.75
2025_10_22,10441,1761150660,24909.0,B,10440,10444,42.75,58.0
2025_10_22,10444,1761150675,24967.0,T,10441,10455,58.0,88.75
2025_10_22,10455,1761150730,24878.25,B,10444,10459,88.75,38.75
2025_10_22,10459,1761150750,24917.0,T,10455,10465,38.75,50.0
2025_10_22,10465,1761150780,24867.0,B,10459,10491,50.0,145.0
2025_10_22,10491,1761150910,25012.0,T,10465,10506,145.0,38.75
2025_10_22,10506,1761150985,24973.25,B,10491,10515,38.75,41.25
2025_10_22,10515,1761151030,25014.5,T,10506,10522,41.25,40.5
2025_10_22,10522,1761151065,24974.0,B,10515,10543,40.5,42.75
2025_10_22,10543,1761151170,25016.75,T,10522,10553,42.75,34.25
2025_10_22,10553,1761151220,24982.5,B,10543,10571,34.25,39.0
2025_10_22,10571,1761151310,25021.5,T,10553,10586,39.0,51.75
2025_10_22,10586,1761151385,24969.75,B,10571,10616,51.75,54.0
2025_10_22,10616,1761151535,25023.75,T,10586,10671,54.0,72.25
2025_10_22,10671,1761151810,24951.5,B,10616,10680,72.25,36.0
2025_10_22,10680,1761151855,24987.5,T,10671,10687,36.0,32.5
2025_10_22,10687,1761151890,24955.0,B,10680,10732,32.5,81.5
2025_10_22,10732,1761152115,25036.5,T,10687,10747,81.5,43.5
2025_10_22,10747,1761152190,24993.0,B,10732,10767,43.5,36.0
2025_10_22,10767,1761152290,25029.0,T,10747,10790,36.0,50.0
2025_10_22,10790,1761152405,24979.0,B,10767,10802,50.0,32.25
2025_10_22,10802,1761152465,25011.25,T,10790,10901,32.25,64.0
2025_10_22,10901,1761152960,24947.25,B,10802,10909,64.0,42.25
2025_10_22,10909,1761153000,24989.5,T,10901,11105,42.25,113.75
2025_10_22,11105,1761153980,24875.75,B,10909,11211,113.75,51.75
2025_10_22,11211,1761154510,24927.5,T,11105,11322,51.75,107.0
2025_10_22,11322,1761155065,24820.5,B,11211,11375,107.0,52.5
2025_10_22,11375,1761155330,24873.0,T,11322,11445,52.5,68.25
2025_10_22,11445,1761155680,24804.75,B,11375,11547,68.25,106.5
2025_10_22,11547,1761156190,24911.25,T,11445,11557,106.5,34.5
2025_10_22,11557,1761156240,24876.75,B,11547,11596,34.5,31.75
2025_10_22,11596,1761156435,24908.5,T,11557,11729,31.75,81.5
2025_10_22,11729,1761157100,24827.0,B,11596,11810,81.5,117.0
2025_10_22,11810,1761157505,24944.0,T,11729,11900,117.0,54.75
2025_10_22,11900,1761157955,24889.25,B,11810,11975,54.75,44.75
2025_10_22,11975,1761158330,24934.0,T,11900,12006,44.75,38.75
2025_10_22,12006,1761158485,24895.25,B,11975,12029,38.75,52.0
2025_10_22,12029,1761158600,24947.25,T,12006,12127,52.0,44.25
2025_10_22,12127,1761159090,24903.0,B,12029,12235,44.25,65.5
2025_10_22,12235,1761159630,24968.5,T,12127,12248,65.5,45.25
2025_10_22,12248,1761159695,24923.25,B,12235,12252,45.25,33.5
2025_10_22,12252,1761159715,24956.75,T,12248,12261,33.5,32.5
2025_10_22,12261,1761159760,24924.25,B,12252,12369,32.5,85.5
2025_10_22,12369,1761160300,25009.75,T,12261,12407,85.5,34.75
2025_10_22,12407,1761160490,24975.0,B,12369,12489,34.75,41.0
2025_10_22,12489,1761160900,25016.0,T,12407,12518,41.0,32.0
2025_10_22,12518,1761161045,24984.0,B,12489,12709,32.0,74.25
2025_10_22,12709,1761162000,25058.25,T,12518,12784,74.25,47.75
2025_10_22,12784,1761162375,25010.5,B,12709,12829,47.75,37.25
2025_10_22,12829,1761162600,25047.75,T,12784,12838,37.25,30.5
2025_10_22,12838,1761162645,25017.25,B,12829,12980,30.5,56.5
2025_10_22,12980,1761163355,25073.75,T,12838,13005,56.5,31.75
2025_10_22,13005,1761163480,25042.0,B,12980,13055,31.75,34.5
2025_10_22,13055,1761163730,25076.5,T,13005,13648,34.5,76.25
2025_10_22,13648,1761170405,25000.25,B,13055,14323,76.25,64.25
2025_10_23,50,1761177850,24951.25,B,0,372,45.25,94.25
2025_10_23,372,1761179515,25045.5,T,50,489,94.25,31.5
2025_10_23,489,1761180160,25014.0,B,372,2028,31.5,99.25
2025_10_23,2028,1761189305,25113.25,T,489,3228,99.25,59.75
2025_10_23,3228,1761197215,25053.5,B,2028,4302,59.75,74.5
2025_10_23,4302,1761203550,25128.0,T,3228,4473,74.5,59.0
2025_10_23,4473,1761204415,25069.0,B,4302,4920,59.0,46.5
2025_10_23,4920,1761206840,25115.5,T,4473,5963,46.5,90.25
2025_10_23,5963,1761212790,25025.25,B,4920,6121,90.25,42.25
2025_10_23,6121,1761213625,25067.5,T,5963,6870,42.25,79.75
2025_10_23,6870,1761217920,24987.75,B,6121,7029,79.75,31.75
2025_10_23,7029,1761218745,25019.5,T,6870,7670,31.75,79.5
2025_10_23,7670,1761222020,24940.0,B,7029,7769,79.5,35.25
2025_10_23,7769,1761222520,24975.25,T,7670,7811,35.25,38.25
2025_10_23,7811,1761222730,24937.0,B,7769,8149,38.25,76.5
2025_10_23,8149,1761224425,25013.5,T,7811,8266,76.5,72.75
2025_10_23,8266,1761225010,24940.75,B,8149,8509,72.75,94.5
2025_10_23,8509,1761226225,25035.25,T,8266,8524,94.5,36.25
2025_10_23,8524,1761226300,24999.0,B,8509,8819,36.25,180.75
2025_10_23,8819,1761227775,25179.75,T,8524,8876,180.75,42.25
2025_10_23,8876,1761228060,25137.5,B,8819,8914,42.25,31.75
2025_10_23,8914,1761228250,25169.25,T,8876,9000,31.75,67.25
2025_10_23,9000,1761228680,25102.0,B,8914,9026,67.25,44.25
2025_10_23,9026,1761228810,25146.25,T,9000,9118,44.25,62.25
2025_10_23,9118,1761229270,25084.0,B,9026,9160,62.25,74.25
2025_10_23,9160,1761229480,25158.25,T,9118,9160,74.25,30.5
2025_10_23,9160,1761229480,25127.75,B,9160,9184,30.5,41.0
2025_10_23,9184,1761229600,25168.75,T,9160,9224,41.0,35.0
2025_10_23,9224,1761229800,25133.75,B,9184,9338,35.0,56.5
2025_10_23,9338,1761230370,25190.25,T,9224,9407,56.5,47.5
2025_10_23,9407,1761230715,25142.75,B,9338,9459,47.5,55.75
2025_10_23,9459,1761230975,25198.5,T,9407,9550,55.75,51.25
2025_10_23,9550,1761231430,25147.25,B,9459,9595,51.25,47.0
2025_10_23,9595,1761231655,25194.25,T,9550,9852,47.0,53.75
2025_10_23,9852,1761232940,25140.5,B,9595,9964,53.75,64.75
2025_10_23,9964,1761233500,25205.25,T,9852,10116,64.75,85.75
2025_10_23,10116,1761234260,25119.5,B,9964,10265,85.75,97.0
2025_10_23,10265,1761235005,25216.5,T,10116,10301,97.0,30.0
2025_10_23,10301,1761235185,25186.5,B,10265,10489,30.0,40.25
2025_10_23,10489,1761236125,25226.75,T,10301,10640,40.25,43.0
2025_10_23,10640,1761236880,25183.75,B,10489,11036,43.0,64.75
2025_10_23,11036,1761238860,25248.5,T,10640,11133,64.75,59.0
2025_10_23,11133,1761239345,25189.5,B,11036,11193,59.0,56.25
2025_10_23,11193,1761239645,25245.75,T,11133,11343,56.25,46.75
2025_10_23,11343,1761240395,25199.0,B,11193,11713,46.75,84.25
2025_10_23,11713,1761242245,25283.25,T,11343,11935,84.25,37.75
2025_10_23,11935,1761243355,25245.5,B,11713,12108,37.75,42.5
2025_10_23,12108,1761244220,25288.0,T,11935,13067,42.5,57.5
2025_10_23,13067,1761249015,25230.5,B,12108,13571,57.5,65.5
2025_10_23,13571,1761251645,25296.0,T,13067,13763,65.5,30.75
2025_10_24,3452,1761287250,25381.5,T,116,4500,96.75,57.5
2025_10_24,4500,1761293210,25324.0,B,3452,5481,57.5,69.5
2025_10_24,5481,1761298850,25393.5,T,4500,7250,69.5,49.5
2025_10_24,7250,1761309000,25344.0,B,5481,7251,49.5,155.0
2025_10_24,7251,1761309005,25499.0,T,7250,7251,155.0,64.25
2025_10_24,7251,1761309005,25434.75,B,7251,7253,64.25,73.0
2025_10_24,7253,1761309015,25507.75,T,7251,7253,73.0,31.5
2025_10_24,7253,1761309015,25476.25,B,7253,7267,31.5,47.0
2025_10_24,7267,1761309085,25523.25,T,7253,7319,47.0,51.25
2025_10_24,7319,1761309345,25472.0,B,7267,7335,51.25,35.0
2025_10_24,7335,1761309425,25507.0,T,7319,7391,35.0,53.25
2025_10_24,7391,1761309705,25453.75,B,7335,7443,53.25,33.75
2025_10_24,7443,1761309965,25487.5,T,7391,7589,33.75,41.25
2025_10_24,7589,1761310695,25446.25,B,7443,7884,41.25,47.25
2025_10_24,7884,1761312170,25493.5,T,7589,7990,47.25,63.75
2025_10_24,7990,1761312700,25429.75,B,7884,8078,63.75,100.75
2025_10_24,8078,1761313140,25530.5,T,7990,8134,100.75,38.0
2025_10_24,8134,1761313420,25492.5,B,8078,8150,38.0,42.5
2025_10_24,8150,1761313500,25535.0,T,8134,8214,42.5,71.0
2025_10_24,8214,1761313820,25464.0,B,8150,8300,71.0,47.75
2025_10_24,8300,1761314250,25511.75,T,8214,8302,47.75,31.0
2025_10_24,8302,1761314260,25480.75,B,8300,8406,31.0,68.0
2025_10_24,8406,1761314780,25548.75,T,8302,8702,68.0,79.75
2025_10_24,8702,1761316260,25469.0,B,8406,8859,79.75,67.0
2025_10_24,8859,1761317045,25536.0,T,8702,9012,67.0,104.5
2025_10_24,9012,1761317810,25431.5,B,8859,9428,104.5,115.0
2025_10_24,9428,1761319890,25546.5,T,9012,9592,115.0,45.75
2025_10_24,9592,1761320710,25500.75,B,9428,9657,45.75,35.5
2025_10_24,9657,1761321035,25536.25,T,9592,9721,35.5,33.75
2025_10_24,9721,1761321355,25502.5,B,9657,10014,33.75,60.5
2025_10_24,10014,1761322820,25563.0,T,9721,10284,60.5,43.0
2025_10_24,10284,1761324170,25520.0,B,10014,11064,43.0,50.75
2025_10_24,11064,1761328070,25570.75,T,10284,11826,50.75,42.5
2025_10_24,11826,1761331880,25528.25,B,11064,12264,42.5,38.5
2025_10_26,1,1761516005,25756.75,T,0,19,37.25,53.0
2025_10_26,19,1761516095,25703.75,B,1,49,53.0,44.5
2025_10_26,49,1761516245,25748.25,T,19,218,44.5,48.25
2025_10_26,218,1761517095,25700.0,B,49,415,48.25,52.5
2025_10_27,171,1761524095,25743.75,T,11,806,37.0,32.75
2025_10_27,806,1761527705,25711.0,B,171,4333,32.75,105.5
2025_10_27,4333,1761550090,25816.5,T,806,5048,105.5,48.0
2025_10_27,5048,1761553880,25768.5,B,4333,6529,48.0,84.0
2025_10_27,6529,1761562040,25852.5,T,5048,7262,84.0,41.5
2025_10_27,7262,1761565950,25811.0,B,6529,7637,41.5,34.75
2025_10_27,7637,1761567890,25845.75,T,7262,8385,34.75,31.75
2025_10_27,8385,1761571800,25814.0,B,7637,8399,31.75,45.5
2025_10_27,8399,1761571870,25859.5,T,8385,8453,45.5,63.0
2025_10_27,8453,1761572140,25796.5,B,8399,8490,63.0,50.5
2025_10_27,8490,1761572325,25847.0,T,8453,8529,50.5,34.75
2025_10_27,8529,1761572520,25812.25,B,8490,8602,34.75,35.75
2025_10_27,8602,1761572885,25848.0,T,8529,8640,35.75,39.5
2025_10_27,8640,1761573075,25808.5,B,8602,8794,39.5,67.25
2025_10_27,8794,1761573845,25875.75,T,8640,8987,67.25,52.75
2025_10_27,8987,1761574810,25823.0,B,8794,9298,52.75,69.0
2025_10_27,9298,1761576365,25892.0,T,8987,9455,69.0,40.75
2025_10_28,2865,1761628475,25946.5,B,1,3597,49.0,39.0
2025_10_28,3597,1761633200,25985.5,T,2865,4560,39.0,42.5
2025_10_28,4560,1761639215,25943.0,B,3597,7937,42.5,151.75
2025_10_28,7937,1761658380,26094.75,T,4560,7973,151.75,53.25
2025_10_28,7973,1761658560,26041.5,B,7937,8056,53.25,40.25
2025_10_28,8056,1761658975,26081.75,T,7973,8194,40.25,52.25
2025_10_28,8194,1761659665,26029.5,B,8056,8214,52.25,56.0
2025_10_28,8214,1761659765,26085.5,T,8194,8811,56.0,76.75
2025_10_28,8811,1761662750,26008.75,B,8214,9079,76.75,48.0
2025_10_28,9079,1761664090,26056.75,T,8811,9408,48.0,50.75
2025_10_28,9408,1761665735,26006.0,B,9079,10070,50.75,136.5
2025_10_28,10070,1761669045,26142.5,T,9408,10070,136.5,38.25
2025_10_28,10070,1761669045,26104.25,B,10070,10071,38.25,42.5
2025_10_28,10071,1761669050,26146.75,T,10070,10084,42.5,71.0
2025_10_28,10084,1761669115,26075.75,B,10071,10294,71.0,57.25
2025_10_28,10294,1761670165,26133.0,T,10084,10544,57.25,30.25
2025_10_28,10544,1761671415,26102.75,B,10294,12270,30.25,128.75
2025_10_28,12270,1761680045,26231.5,T,10544,12586,128.75,81.0
2025_10_29,1576,1761704970,26252.75,T,113,2604,86.75,31.75
2025_10_29,2604,1761711180,26221.0,B,1576,3902,31.75,70.0
2025_10_29,3902,1761719705,26291.0,T,2604,4371,70.0,30.0
2025_10_29,4371,1761722545,26261.0,B,3902,5020,30.0,48.75
2025_10_29,5020,1761726025,26309.75,T,4371,6024,48.75,83.25
2025_10_29,6024,1761731175,26226.5,B,5020,7309,83.25,70.25
2025_10_29,7309,1761737900,26296.75,T,6024,8024,70.25,52.75
2025_10_29,8024,1761741765,26244.0,B,7309,8616,52.75,48.75
2025_10_29,8616,1761744780,26292.75,T,8024,8677,48.75,38.0
2025_10_29,8677,1761745085,26254.75,B,8616,8959,38.0,71.75
2025_10_29,8959,1761746495,26326.5,T,8677,9085,71.75,61.25
2025_10_29,9085,1761747125,26265.25,B,8959,9362,61.25,43.25
2025_10_29,9362,1761748510,26308.5,T,9085,9546,43.25,65.0
2025_10_29,9546,1761749430,26243.5,B,9362,9566,65.0,38.75
2025_10_29,9566,1761749530,26282.25,T,9546,9848,38.75,44.25
2025_10_29,9848,1761750940,26238.0,B,9566,9952,44.25,38.75
2025_10_29,9952,1761751460,26276.75,T,9848,10237,38.75,58.25
2025_10_29,10237,1761752885,26218.5,B,9952,10298,58.25,31.0
2025_10_29,10298,1761753190,26249.5,T,10237,10510,31.0,46.25
2025_10_29,10510,1761754250,26203.25,B,10298,11299,46.25,65.0
2025_10_29,11299,1761758195,26268.25,T,10510,11432,65.0,49.25
2025_10_29,11432,1761758860,26219.0,B,11299,11824,49.25,71.0
2025_10_29,11824,1761760820,26290.0,T,11432,11884,71.0,85.25
2025_10_29,11884,1761761120,26204.75,B,11824,11922,85.25,54.75
2025_10_29,11922,1761761310,26259.5,T,11884,12002,54.75,46.75
2025_10_29,12002,1761761710,26212.75,B,11922,12046,46.75,44.25
2025_10_29,12046,1761761930,26257.0,T,12002,12104,44.25,36.5
2025_10_29,12104,1761762220,26220.5,B,12046,12228,36.5,63.0
2025_10_29,12228,1761762840,26283.5,T,12104,12245,63.0,103.75
2025_10_29,12245,1761762925,26179.75,B,12228,12245,103.75,63.0
2025_10_29,12245,1761762925,26242.75,T,12245,12246,63.0,92.75
2025_10_29,12246,1761762930,26150.0,B,12245,12248,92.75,49.5
2025_10_29,12248,1761762940,26199.5,T,12246,12251,49.5,47.0
2025_10_29,12251,1761762955,26152.5,B,12248,12251,47.0,30.75
2025_10_29,12251,1761762955,26183.25,T,12251,12252,30.75,47.25
2025_10_29,12252,1761762960,26136.0,B,12251,12258,47.25,42.5
2025_10_29,12258,1761762990,26178.5,T,12252,12261,42.5,60.75
2025_10_29,12261,1761763005,26117.75,B,12258,12263,60.75,49.25
2025_10_29,12263,1761763015,26167.0,T,12261,12272,49.25,61.0
2025_10_29,12272,1761763060,26106.0,B,12263,12275,61.0,38.5
2025_10_29,12275,1761763075,26144.5,T,12272,12279,38.5,37.0
2025_10_29,12279,1761763095,26107.5,B,12275,12285,37.0,40.25
2025_10_29,12285,1761763125,26147.75,T,12279,12299,40.25,70.5
2025_10_29,12299,1761763195,26077.25,B,12285,12302,70.5,31.5
2025_10_29,12302,1761763210,26108.75,T,12299,12305,31.5,48.75
2025_10_29,12305,1761763225,26060.0,B,12302,12308,48.75,48.0
2025_10_29,12308,1761763240,26108.0,T,12305,12317,48.0,58.75
2025_10_29,12317,1761763285,26049.25,B,12308,12319,58.75,40.0
2025_10_29,12319,1761763295,26089.25,T,12317,12339,40.0,37.25
2025_10_29,12339,1761763395,26052.0,B,12319,12345,37.25,84.75
2025_10_29,12345,1761763425,26136.75,T,12339,12352,84.75,69.0
2025_10_29,12352,1761763460,26067.75,B,12345,12352,69.0,33.5
2025_10_29,12352,1761763460,26101.25,T,12352,12360,33.5,40.25
2025_10_29,12360,1761763500,26061.0,B,12352,12364,40.25,78.75
2025_10_29,12364,1761763520,26139.75,T,12360,12374,78.75,47.75
2025_10_29,12374,1761763570,26092.0,B,12364,12383,47.75,49.0
2025_10_29,12383,1761763615,26141.0,T,12374,12397,49.0,63.0
2025_10_29,12397,1761763685,26078.0,B,12383,12411,63.0,62.25
2025_10_29,12411,1761763755,26140.25,T,12397,12413,62.25,31.5
2025_10_29,12413,1761763765,26108.75,B,12411,12423,31.5,69.25
2025_10_29,12423,1761763815,26178.0,T,12413,12423,69.25,34.0
2025_10_29,12423,1761763815,26144.0,B,12423,12429,34.0,34.25
2025_10_29,12429,1761763845,26178.25,T,12423,12439,34.25,31.25
2025_10_29,12439,1761763895,26147.0,B,12429,12446,31.25,54.25
2025_10_29,12446,1761763930,26201.25,T,12439,12468,54.25,30.75
2025_10_29,12468,1761764040,26170.5,B,12446,12473,30.75,42.5
2025_10_29,12473,1761764065,26213.0,T,12468,12477,42.5,32.25
2025_10_29,12477,1761764085,26180.75,B,12473,12487,32.25,47.25
2025_10_29,12487,1761764135,26228.0,T,12477,12504,47.25,57.25
2025_10_29,12504,1761764220,26170.75,B,12487,12514,57.25,49.25
2025_10_29,12514,1761764270,26220.0,T,12504,12523,49.25,55.25
2025_10_29,12523,1761764315,26164.75,B,12514,12530,55.25,37.0
2025_10_29,12530,1761764350,26201.75,T,12523,12534,37.0,31.75
2025_10_29,12534,1761764370,26170.0,B,12530,12545,31.75,44.0
2025_10_29,12545,1761764425,26214.0,T,12534,12567,44.0,69.75
2025_10_29,12567,1761764535,26144.25,B,12545,12578,69.75,45.75
2025_10_29,12578,1761764590,26190.0,T,12567,12594,45.75,78.25
2025_10_29,12594,1761764670,26111.75,B,12578,12628,78.25,105.5
2025_10_29,12628,1761764840,26217.25,T,12594,12660,105.5,36.75
2025_10_29,12660,1761765000,26180.5,B,12628,12686,36.75,43.5
2025_10_29,12686,1761765130,26224.0,T,12660,12761,43.5,71.0
2025_10_29,12761,1761765505,26153.0,B,12686,12774,71.0,53.0
2025_10_29,12774,1761765570,26206.0,T,12761,12787,53.0,30.0
2025_10_29,12787,1761765635,26176.0,B,12774,12806,30.0,59.25
2025_10_29,12806,1761765730,26235.25,T,12787,12833,59.25,42.5
2025_10_29,12833,1761765865,26192.75,B,12806,12850,42.5,48.5
2025_10_29,12850,1761765950,26241.25,T,12833,12903,48.5,62.25
2025_10_29,12903,1761766215,26179.0,B,12850,12908,62.25,31.5
2025_10_29,12908,1761766240,26210.5,T,12903,12978,31.5,60.75
2025_10_29,12978,1761766590,26149.75,B,12908,13021,60.75,69.75
2025_10_29,13021,1761766805,26219.5,T,12978,13053,69.75,51.25
2025_10_29,13053,1761766965,26168.25,B,13021,13091,51.25,60.75
2025_10_29,13091,1761767155,26229.0,T,13053,13106,60.75,36.5
2025_10_29,13106,1761767230,26192.5,B,13091,13140,36.5,69.0
2025_10_29,13140,1761767400,26261.5,T,13106,13140,69.0,37.0
2025_10_29,13140,1761767400,26224.5,B,13140,13149,37.0,62.5
2025_10_29,13149,1761767445,26287.0,T,13140,13234,62.5,45.5
2025_10_29,13234,1761767870,26241.5,B,13149,13270,45.5,108.5
2025_10_29,13270,1761768050,26350.0,T,13234,13272,108.5,52.25
2025_10_29,13272,1761768060,26297.75,B,13270,13279,52.25,57.25
2025_10_29,13279,1761768095,26355.0,T,13272,13284,57.25,40.5
2025_10_29,13284,1761768120,26314.5,B,13279,13287,40.5,65.25
2025_10_29,13287,1761768135,26379.75,T,13284,13287,65.25,33.25
2025_10_29,13287,1761768135,26346.5,B,13287,13292,33.25,32.5
2025_10_29,13292,1761768160,26379.0,T,13287,13294,32.5,69.0
2025_10_29,13294,1761768170,26310.0,B,13292,13294,69.0,45.75
2025_10_29,13294,1761768170,26355.75,T,13294,13295,45.75,55.75
2025_10_29,13295,1761768175,26300.0,B,13294,13296,55.75,35.25
2025_10_29,13296,1761768180,26335.25,T,13295,13297,35.25,86.75
2025_10_29,13297,1761768185,26248.5,B,13296,13299,86.75,112.5
2025_10_29,13299,1761768195,26361.0,T,13297,13299,112.5,33.5
2025_10_29,13299,1761768195,26327.5,B,13299,13300,33.5,32.0
2025_10_29,13300,1761768200,26359.5,T,13299,13307,32.0,100.5
2025_10_29,13307,1761768235,26259.0,B,13300,13313,100.5,53.0
2025_10_29,13313,1761768265,26312.0,T,13307,13313,53.0,34.0
2025_10_29,13313,1761768265,26278.0,B,13313,13315,34.0,43.75
2025_10_29,13315,1761768275,26321.75,T,13313,13315,43.75,30.0
2025_10_29,13315,1761768275,26291.75,B,13315,13319,30.0,64.0
2025_10_29,13319,1761768295,26355.75,T,13315,13320,64.0,55.75
2025_10_29,13320,1761768300,26300.0,B,13319,13320,55.75,50.0
2025_10_29,13320,1761768300,26350.0,T,13320,13322,50.0,64.0
2025_10_29,13322,1761768310,26286.0,B,13320,13322,64.0,34.0
2025_10_29,13322,1761768310,26320.0,T,13322,13324,34.0,70.0
2025_10_29,13324,1761768320,26250.0,B,13322,13324,70.0,32.5
2025_10_29,13324,1761768320,26282.5,T,13324,13330,32.5,56.0
2025_10_29,13330,1761768350,26226.5,B,13324,13330,56.0,31.25
2025_10_29,13330,1761768350,26257.75,T,13330,13331,31.25,33.25
2025_10_29,13331,1761768355,26224.5,B,13330,13334,33.25,30.5
2025_10_29,13334,1761768370,26255.0,T,13331,13357,30.5,95.25
2025_10_29,13357,1761768485,26159.75,B,13334,13368,95.25,86.5
2025_10_29,13368,1761768540,26246.25,T,13357,13368,86.5,31.75
2025_10_29,13368,1761768540,26214.5,B,13368,13369,31.75,32.5
2025_10_29,13369,1761768545,26247.0,T,13368,13391,32.5,77.75
2025_10_29,13391,1761768655,26169.25,B,13369,13489,77.75,97.0
2025_10_29,13489,1761769145,26266.25,T,13391,13554,97.0,83.75
2025_10_29,13554,1761769470,26182.5,B,13489,13627,83.75,72.25
2025_10_29,13627,1761769835,26254.75,T,13554,13640,72.25,38.0
2025_10_29,13640,1761769900,26216.75,B,13627,13808,38.0,58.5
2025_10_29,13808,1761770740,26275.25,T,13640,13980,58.5,125.25
2025_10_29,13980,1761775200,26150.0,B,13808,13988,125.25,62.5
2025_10_29,13988,1761775240,26212.5,T,13980,14006,62.5,58.25
2025_10_29,14006,1761775330,26154.25,B,13988,14120,58.25,101.5
2025_10_29,14120,1761775905,26255.75,T,14006,14334,101.5,76.75
2025_10_29,14334,1761776995,26179.0,B,14120,14843,76.75,62.5
2025_10_29,14843,1761780130,26241.5,T,14334,14986,62.5,78.75
2025_10_29,14986,1761780900,26162.75,B,14843,14986,78.75,39.75
2025_10_29,14986,1761780900,26202.5,T,14986,15059,39.75,39.0
2025_10_30,370,1761784300,26318.25,T,0,743,82.0,58.25
2025_10_30,743,1761786280,26260.0,B,370,812,58.25,48.0
2025_10_30,812,1761786630,26308.0,T,743,1036,48.0,41.25
2025_10_30,1036,1761787910,26266.75,B,812,2529,41.25,132.25
2025_10_30,2529,1761796155,26399.0,T,1036,2781,132.25,182.0
2025_10_30,2781,1761797475,26217.0,B,2529,2783,182.0,49.0
2025_10_30,2783,1761797485,26266.0,T,2781,2831,49.0,90.0
2025_10_30,2831,1761797725,26176.0,B,2783,2893,90.0,76.75
2025_10_30,2893,1761798035,26252.75,T,2831,2945,76.75,112.75
2025_10_30,2945,1761798295,26140.0,B,2893,2971,112.75,61.75
2025_10_30,2971,1761798425,26201.75,T,2945,3011,61.75,51.0
2025_10_30,3011,1761798625,26150.75,B,2971,3035,51.0,42.25
2025_10_30,3035,1761798745,26193.0,T,3011,3050,42.25,37.75
2025_10_30,3050,1761798820,26155.25,B,3035,3066,37.75,103.75
2025_10_30,3066,1761798900,26259.0,T,3050,3066,103.75,75.25
2025_10_30,3066,1761798900,26183.75,B,3066,3069,75.25,91.5
2025_10_30,3069,1761798915,26275.25,T,3066,3070,91.5,37.75
2025_10_30,3070,1761798920,26237.5,B,3069,3088,37.75,62.25
2025_10_30,3088,1761799010,26299.75,T,3070,3099,62.25,40.75
2025_10_30,3099,1761799065,26259.0,B,3088,3101,40.75,47.5
2025_10_30,3101,1761799075,26306.5,T,3099,3107,47.5,81.0
2025_10_30,3107,1761799105,26225.5,B,3101,3107,81.0,51.0
2025_10_30,3107,1761799105,26276.5,T,3107,3109,51.0,59.5
2025_10_30,3109,1761799115,26217.0,B,3107,3118,59.5,71.25
2025_10_30,3118,1761799160,26288.25,T,3109,3201,71.25,92.0
2025_10_30,3201,1761799575,26196.25,B,3118,3206,92.0,47.25
2025_10_30,3206,1761799600,26243.5,T,3201,3240,47.25,38.75
2025_10_30,3240,1761799770,26204.75,B,3206,3279,38.75,46.5
2025_10_30,3279,1761799965,26251.25,T,3240,3366,46.5,56.5
2025_10_30,3366,1761800410,26194.75,B,3279,3461,56.5,54.5
2025_10_30,3461,1761800895,26249.25,T,3366,3499,54.5,30.75
2025_10_30,3499,1761801090,26218.5,B,3461,3824,30.75,109.75
2025_10_30,3824,1761802745,26328.25,T,3499,3921,109.75,74.25
2025_10_30,3921,1761803235,26254.0,B,3824,4003,74.25,39.0
2025_10_30,4003,1761803650,26293.0,T,3921,4383,39.0,81.25
2025_10_30,4383,1761805755,26211.75,B,4003,4615,81.25,47.25
2025_10_30,4615,1761807075,26259.0,T,4383,4751,47.25,69.0
2025_10_30,4751,1761807875,26190.0,B,4615,4915,69.0,95.5
2025_10_30,4915,1761808725,26285.5,T,4751,5001,95.5,50.25
2025_10_30,5001,1761809160,26235.25,B,4915,5396,50.25,54.75
2025_10_30,5396,1761811365,26290.0,T,5001,5589,54.75,57.25
2025_10_30,5589,1761812360,26232.75,B,5396,5700,57.25,37.75
2025_10_30,5700,1761812925,26270.5,T,5589,5728,37.75,31.0
2025_10_30,5728,1761813065,26239.5,B,5700,6139,31.0,51.75
2025_10_30,6139,1761815355,26291.25,T,5728,6644,51.75,96.0
2025_10_30,6644,1761818060,26195.25,B,6139,7855,96.0,91.75
2025_10_30,7855,1761824515,26287.0,T,6644,8242,91.75,108.0
2025_10_30,8242,1761826560,26179.0,B,7855,8302,108.0,45.25
2025_10_30,8302,1761826860,26224.25,T,8242,8437,45.25,87.5
2025_10_30,8437,1761827540,26136.75,B,8302,8471,87.5,39.0
2025_10_30,8471,1761827710,26175.75,T,8437,8826,39.0,96.25
2025_10_30,8826,1761829485,26079.5,B,8471,8927,96.25,53.75
2025_10_30,8927,1761829990,26133.25,T,8826,8970,53.75,40.75
2025_10_30,8970,1761830210,26092.5,B,8927,9127,40.75,35.0
2025_10_30,9127,1761831000,26127.5,T,8970,9257,35.0,185.25
2025_10_30,9257,1761831650,25942.25,B,9127,9290,185.25,53.75
2025_10_30,9290,1761831815,25996.0,T,9257,9298,53.75,39.25
2025_10_30,9298,1761831855,25956.75,B,9290,9424,39.25,190.5
2025_10_30,9424,1761832485,26147.25,T,9298,9460,190.5,36.5
2025_10_30,9460,1761832665,26110.75,B,9424,9491,36.5,59.0
2025_10_30,9491,1761832820,26169.75,T,9460,9491,59.0,32.0
2025_10_30,9491,1761832820,26137.75,B,9491,9492,32.0,44.75
2025_10_30,9492,1761832825,26182.5,T,9491,9545,44.75,89.5
2025_10_30,9545,1761833090,26093.0,B,9492,9557,89.5,62.0
2025_10_30,9557,1761833150,26155.0,T,9545,9567,62.0,31.25
2025_10_30,9567,1761833200,26123.75,B,9557,9575,31.25,32.75
2025_10_30,9575,1761833240,26156.5,T,9567,9647,32.75,96.5
2025_10_30,9647,1761833600,26060.0,B,9575,9664,96.5,58.0
2025_10_30,9664,1761833685,26118.0,T,9647,9700,58.0,79.25
2025_10_30,9700,1761833865,26038.75,B,9664,9713,79.25,45.25
2025_10_30,9713,1761833930,26084.0,T,9700,9727,45.25,48.0
2025_10_30,9727,1761834000,26036.0,B,9713,9745,48.0,42.0
2025_10_30,9745,1761834090,26078.0,T,9727,9775,42.0,71.25
2025_10_30,9775,1761834240,26006.75,B,9745,9814,71.25,41.75
2025_10_30,9814,1761834435,26048.5,T,9775,9839,41.75,37.75
2025_10_30,9839,1761834560,26010.75,B,9814,9872,37.75,57.75
2025_10_30,9872,1761834725,26068.5,T,9839,9894,57.75,34.75
2025_10_30,9894,1761834835,26033.75,B,9872,9913,34.75,41.25
2025_10_30,9913,1761834930,26075.0,T,9894,9935,41.25,59.0
2025_10_30,9935,1761835040,26016.0,B,9913,10011,59.0,82.75
2025_10_30,10011,1761835420,26098.75,T,9935,10170,82.75,119.75
2025_10_30,10170,1761836215,25979.0,B,10011,10258,119.75,78.25
2025_10_30,10258,1761836655,26057.25,T,10170,10289,78.25,30.5
2025_10_30,10289,1761836810,26026.75,B,10258,10343,30.5,48.75
2025_10_30,10343,1761837080,26075.5,T,10289,10404,48.75,31.0
2025_10_30,10404,1761837385,26044.5,B,10343,10473,31.0,32.5
2025_10_30,10473,1761837730,26077.0,T,10404,10708,32.5,104.5
2025_10_30,10708,1761838905,25972.5,B,10473,10748,104.5,38.25
2025_10_30,10748,1761839105,26010.75,T,10708,10779,38.25,45.5
2025_10_30,10779,1761839260,25965.25,B,10748,11173,45.5,131.75
2025_10_30,11173,1761841230,26097.0,T,10779,11207,131.75,32.0
2025_10_30,11207,1761841400,26065.0,B,11173,11264,32.0,30.0
2025_10_30,11264,1761841685,26095.0,T,11207,11356,30.0,57.0
2025_10_30,11356,1761842145,26038.0,B,11264,11529,57.0,39.25
2025_10_30,11529,1761843010,26077.25,T,11356,11555,39.25,30.75
2025_10_30,11555,1761843140,26046.5,B,11529,11612,30.75,34.0
2025_10_30,11612,1761843425,26080.5,T,11555,11803,34.0,81.5
2025_10_30,11803,1761844380,25999.0,B,11612,11976,81.5,75.0
2025_10_30,11976,1761845245,26074.0,T,11803,12101,75.0,45.5
2025_10_30,12101,1761845870,26028.5,B,11976,12293,45.5,47.0
2025_10_30,12293,1761846830,26075.5,T,12101,12674,47.0,92.0
2025_10_30,12674,1761848735,25983.5,B,12293,12738,92.0,39.75
2025_10_30,12738,1761849055,26023.25,T,12674,12863,39.75,48.0
2025_10_30,12863,1761849680,25975.25,B,12738,12945,48.0,40.75
2025_10_30,12945,1761850090,26016.0,T,12863,13358,40.75,134.25
2025_10_30,13358,1761852155,25881.75,B,12945,13488,134.25,79.75
2025_10_30,13488,1761852805,25961.5,T,13358,13652,79.75,74.25
2025_10_30,13652,1761853625,25887.25,B,13488,13687,74.25,59.5
2025_10_30,13687,1761853800,25946.75,T,13652,13687,59.5,30.75
2025_10_30,13687,1761853800,25916.0,B,13687,13688,30.75,30.75
2025_10_30,13688,1761853805,25946.75,T,13687,13809,30.75,93.75
2025_10_30,13809,1761854410,25853.0,B,13688,13819,93.75,87.0
2025_10_30,13819,1761854460,25940.0,T,13809,13819,87.0,37.75
2025_10_30,13819,1761854460,25902.25,B,13819,13828,37.75,97.75
2025_10_30,13828,1761854505,26000.0,T,13819,13835,97.75,40.25
2025_10_30,13835,1761854540,25959.75,B,13828,14166,40.25,80.25
2025_10_30,14166,1761856200,26040.0,T,13835,14167,80.25,120.0
2025_10_30,14167,1761856205,25920.0,B,14166,14167,120.0,65.25
2025_10_30,14167,1761856205,25985.25,T,14167,14168,65.25,41.25
2025_10_30,14168,1761856210,25944.0,B,14167,14171,41.25,65.5
2025_10_30,14171,1761856225,26009.5,T,14168,14176,65.5,69.5
2025_10_30,14176,1761856250,25940.0,B,14171,14189,69.5,76.0
2025_10_30,14189,1761856315,26016.0,T,14176,14189,76.0,30.5
2025_10_30,14189,1761856315,25985.5,B,14189,14206,30.5,68.75
2025_10_30,14206,1761856400,26054.25,T,14189,14216,68.75,36.75
2025_10_30,14216,1761856450,26017.5,B,14206,14530,36.75,174.5
2025_10_30,14530,1761861620,26192.0,T,14216,15455,174.5,64.75
2025_10_31,67,1761869140,26136.5,B,0,702,36.0,65.0
2025_10_31,702,1761872470,26201.5,T,67,903,65.0,31.5
2025_10_31,903,1761873595,26170.0,B,702,1360,31.5,43.5
2025_10_31,1360,1761876130,26213.5,T,903,2174,43.5,52.75
2025_10_31,2174,1761880965,26160.75,B,1360,2622,52.75,49.25
2025_10_31,2622,1761883860,26210.0,T,2174,3610,49.25,51.25
2025_10_31,3610,1761890450,26158.75,B,2622,3935,51.25,33.5
2025_10_31,3935,1761892525,26192.25,T,3610,4279,33.5,48.25
2025_10_31,4279,1761894595,26144.0,B,3935,4818,48.25,75.75
2025_10_31,4818,1761897570,26219.75,T,4279,5067,75.75,62.25
2025_10_31,5067,1761898830,26157.5,B,4818,5632,62.25,53.25
2025_10_31,5632,1761902070,26210.75,T,5067,6361,53.25,49.0
2025_10_31,6361,1761906515,26161.75,B,5632,7639,49.0,112.25
2025_10_31,7639,1761913485,26274.0,T,6361,8589,112.25,172.75
2025_10_31,8589,1761918245,26101.25,B,7639,8604,172.75,32.25
2025_10_31,8604,1761918320,26133.5,T,8589,8613,32.25,44.75
2025_10_31,8613,1761918365,26088.75,B,8604,8633,44.75,42.75
2025_10_31,8633,1761918465,26131.5,T,8613,8713,42.75,44.5
2025_10_31,8713,1761918865,26087.0,B,8633,8739,44.5,32.5
2025_10_31,8739,1761918995,26119.5,T,8713,8746,32.5,39.25
2025_10_31,8746,1761919030,26080.25,B,8739,8813,39.25,32.75
2025_10_31,8813,1761919365,26113.0,T,8746,8839,32.75,50.5
2025_10_31,8839,1761919495,26062.5,B,8813,8885,50.5,55.25
2025_10_31,8885,1761919725,26117.75,T,8839,8958,55.25,41.75
2025_10_31,8958,1761920090,26076.0,B,8885,9026,41.75,39.75
2025_10_31,9026,1761920430,26115.75,T,8958,9044,39.75,55.75
2025_10_31,9044,1761920520,26060.0,B,9026,9339,55.75,122.0
2025_10_31,9339,1761921995,26182.0,T,9044,9463,122.0,34.0
2025_10_31,9463,1761922615,26148.0,B,9339,9732,34.0,34.75
2025_10_31,9732,1761923960,26182.75,T,9463,10034,34.75,109.25
2025_10_31,10034,1761925470,26073.5,B,9732,10044,109.25,84.5
2025_10_31,10044,1761925520,26158.0,T,10034,10101,84.5,102.0
2025_10_31,10101,1761925805,26056.0,B,10044,10128,102.0,46.5
2025_10_31,10128,1761925940,26102.5,T,10101,10265,46.5,88.75
2025_10_31,10265,1761926625,26013.75,B,10128,10307,88.75,39.75
2025_10_31,10307,1761926835,26053.5,T,10265,10463,39.75,98.0
2025_10_31,10463,1761927615,25955.5,B,10307,10616,98.0,81.25
2025_10_31,10616,1761928380,26036.75,T,10463,10774,81.25,72.25
2025_10_31,10774,1761929170,25964.5,B,10616,10813,72.25,36.75
2025_10_31,10813,1761929365,26001.25,T,10774,11020,36.75,95.5
2025_10_31,11020,1761930400,25905.75,B,10813,11061,95.5,45.0
2025_10_31,11061,1761930605,25950.75,T,11020,11137,45.0,56.75
2025_10_31,11137,1761930985,25894.0,B,11061,11155,56.75,34.25
2025_10_31,11155,1761931075,25928.25,T,11137,11231,34.25,35.5
2025_10_31,11231,1761931455,25892.75,B,11155,11329,35.5,60.25
2025_10_31,11329,1761931945,25953.0,T,11231,11383,60.25,64.25
2025_10_31,11383,1761932215,25888.75,B,11329,11566,64.25,92.0
2025_10_31,11566,1761933130,25980.75,T,11383,11637,92.0,39.0
2025_10_31,11637,1761933485,25941.75,B,11566,12171,39.0,78.25
2025_10_31,12171,1761936155,26020.0,T,11637,12340,78.25,49.25
2025_10_31,12340,1761937000,25970.75,B,12171,12410,49.25,55.75
2025_10_31,12410,1761937350,26026.5,T,12340,12425,55.75,30.25
2025_10_31,12425,1761937425,25996.25,B,12410,12801,30.25,122.0
2025_10_31,12801,1761939305,26118.25,T,12425,12972,122.0,66.25
2025_10_31,12972,1761940160,26052.0,B,12801,12995,66.25,43.0
2025_11_03,852,1762132830,26123.0,T,3,1378,44.25,40.0
2025_11_03,1378,1762135860,26083.0,B,852,1527,40.0,31.5
2025_11_03,1527,1762136710,26114.5,T,1378,2127,31.5,63.75
2025_11_03,2127,1762140250,26050.75,B,1527,3020,63.75,37.25
2025_11_03,3020,1762146090,26088.0,T,2127,3206,37.25,31.5
2025_11_03,3206,1762147315,26056.5,B,3020,3358,31.5,30.75
2025_11_03,3358,1762148345,26087.25,T,3206,4573,30.75,70.0
2025_11_03,4573,1762156085,26017.25,B,3358,5708,70.0,138.75
2025_11_03,5708,1762162330,26156.0,T,4573,6048,138.75,32.5
2025_11_03,6048,1762164190,26123.5,B,5708,6555,32.5,39.5
2025_11_03,6555,1762167165,26163.0,T,6048,6622,39.5,30.75
2025_11_03,6622,1762167505,26132.25,B,6555,7449,30.75,49.75
2025_11_03,7449,1762172060,26182.0,T,6622,8016,49.75,49.0
2025_11_03,8016,1762175160,26133.0,B,7449,8650,49.0,126.75
2025_11_03,8650,1762178415,26259.75,T,8016,8672,126.75,57.5
2025_11_03,8672,1762178525,26202.25,B,8650,9046,57.5,63.75
2025_11_03,9046,1762180395,26266.0,T,8672,9259,63.75,147.25
2025_11_03,9259,1762181460,26118.75,B,9046,9297,147.25,38.0
2025_11_03,9297,1762181650,26156.75,T,9259,9384,38.0,55.75
2025_11_03,9384,1762182085,26101.0,B,9297,9416,55.75,30.25
2025_11_03,9416,1762182245,26131.25,T,9384,9452,30.25,43.0
2025_11_03,9452,1762182425,26088.25,B,9416,9525,43.0,67.5
2025_11_03,9525,1762182790,26155.75,T,9452,9571,67.5,73.5
2025_11_03,9571,1762183020,26082.25,B,9525,9603,73.5,31.75
2025_11_03,9603,1762183180,26114.0,T,9571,9800,31.75,98.5
2025_11_03,9800,1762184165,26015.5,B,9603,9902,98.5,87.5
2025_11_03,9902,1762184675,26103.0,T,9800,9964,87.5,49.0
2025_11_03,9964,1762184985,26054.0,B,9902,10074,49.0,58.0
2025_11_03,10074,1762185535,26112.0,T,9964,10125,58.0,53.25
2025_11_03,10125,1762185790,26058.75,B,10074,10368,53.25,45.5
2025_11_03,10368,1762187005,26104.25,T,10125,10455,45.5,60.75
2025_11_03,10455,1762187440,26043.5,B,10368,10493,60.75,43.75
2025_11_03,10493,1762187630,26087.25,T,10455,10518,43.75,30.5
2025_11_03,10518,1762187755,26056.75,B,10493,10580,30.5,43.25
2025_11_03,10580,1762188065,26100.0,T,10518,10695,43.25,45.0
2025_11_03,10695,1762188640,26055.0,B,10580,10793,45.0,73.0
2025_11_03,10793,1762189130,26128.0,T,10695,10865,73.0,44.75
2025_11_03,10865,1762189490,26083.25,B,10793,10994,44.75,60.75
2025_11_03,10994,1762190135,26144.0,T,10865,11123,60.75,55.0
2025_11_03,11123,1762190780,26089.0,B,10994,11971,55.0,77.25
2025_11_03,11971,1762195020,26166.25,T,11123,12760,77.25,100.0
2025_11_03,12760,1762198965,26066.25,B,11971,12920,100.0,59.25
2025_11_03,12920,1762199765,26125.5,T,12760,13402,59.25,54.0
2025_11_03,13402,1762202175,26071.5,B,12920,13507,54.0,38.75
2025_11_03,13507,1762202700,26110.25,T,13402,13574,38.75,38.0
2025_11_03,13574,1762203035,26072.25,B,13507,13747,38.0,107.75
2025_11_03,13747,1762203900,26180.0,T,13574,13747,107.75,49.0
2025_11_03,13747,1762203900,26131.0,B,13747,13748,49.0,39.0
2025_11_04,342,1762216195,25981.25,B,0,957,86.75,49.75
2025_11_04,957,1762219540,26031.0,T,342,1250,49.75,42.25
2025_11_04,1250,1762221185,25988.75,B,957,1294,42.25,30.5
2025_11_04,1294,1762221425,26019.25,T,1250,1998,30.5,81.25
2025_11_04,1998,1762225230,25938.0,B,1294,2122,81.25,37.75
2025_11_04,2122,1762225910,25975.75,T,1998,4063,37.75,212.75
2025_11_04,4063,1762236525,25763.0,B,2122,4063,212.75,30.0
2025_11_04,4063,1762236525,25793.0,T,4063,4103,30.0,40.25
2025_11_04,4103,1762236725,25752.75,B,4063,4181,40.25,46.25
2025_11_04,4181,1762237115,25799.0,T,4103,4320,46.25,57.0
2025_11_04,4320,1762237830,25742.0,B,4181,4374,57.0,42.75
2025_11_04,4374,1762238100,25784.75,T,4320,4440,42.75,34.75
2025_11_04,4440,1762238435,25750.0,B,4374,4584,34.75,49.5
2025_11_04,4584,1762239170,25799.5,T,4440,4783,49.5,64.0
2025_11_04,4783,1762240200,25735.5,B,4584,5103,64.0,66.0
2025_11_04,5103,1762241870,25801.5,T,4783,5172,66.0,38.25
2025_11_04,5172,1762242220,25763.25,B,5103,5291,38.25,38.25
2025_11_04,5291,1762242835,25801.5,T,5172,5547,38.25,71.75
2025_11_04,5547,1762244120,25729.75,B,5291,5857,71.75,61.25
2025_11_04,5857,1762245685,25791.0,T,5547,6017,61.25,36.0
2025_11_04,6017,1762246520,25755.0,B,5857,6100,36.0,34.5
2025_11_04,6100,1762246950,25789.5,T,6017,6185,34.5,61.75
2025_11_04,6185,1762247375,25727.75,B,6100,6219,61.75,44.5
2025_11_04,6219,1762247545,25772.25,T,6185,6343,44.5,51.25
2025_11_04,6343,1762248190,25721.0,B,6219,6448,51.25,30.5
2025_11_04,6448,1762248715,25751.5,T,6343,6514,30.5,40.5
2025_11_04,6514,1762249045,25711.0,B,6448,6568,40.5,41.25
2025_11_04,6568,1762249315,25752.25,T,6514,6844,41.25,107.25
2025_11_04,6844,1762250705,25645.0,B,6568,7845,107.25,147.5
2025_11_04,7845,1762255955,25792.5,T,6844,8313,147.5,67.5
2025_11_04,8313,1762258360,25725.0,B,7845,8560,67.5,65.75
2025_11_04,8560,1762259600,25790.75,T,8313,9328,65.75,106.25
2025_11_04,9328,1762263540,25684.5,B,8560,9518,106.25,50.75
2025_11_04,9518,1762264495,25735.25,T,9328,9626,50.75,51.25
2025_11_04,9626,1762265035,25684.0,B,9518,9813,51.25,67.5
2025_11_04,9813,1762265970,25751.5,T,9626,9943,67.5,46.0
2025_11_04,9943,1762266620,25705.5,B,9813,9957,46.0,51.0
2025_11_04,9957,1762266690,25756.5,T,9943,9990,51.0,93.5
2025_11_04,9990,1762266855,25663.0,B,9957,10002,93.5,35.5
2025_11_04,10002,1762266915,25698.5,T,9990,10010,35.5,34.5
2025_11_04,10010,1762266955,25664.0,B,10002,10021,34.5,60.0
2025_11_04,10021,1762267010,25724.0,T,10010,10042,60.0,48.0
2025_11_04,10042,1762267115,25676.0,B,10021,10115,48.0,106.25
2025_11_04,10115,1762267480,25782.25,T,10042,10152,106.25,47.0
2025_11_04,10152,1762267665,25735.25,B,10115,10328,47.0,150.5
2025_11_04,10328,1762268545,25885.75,T,10152,10427,150.5,58.25
2025_11_04,10427,1762269040,25827.5,B,10328,10615,58.25,66.0
2025_11_04,10615,1762269980,25893.5,T,10427,10713,66.0,50.5
2025_11_04,10713,1762270470,25843.0,B,10615,10798,50.5,47.25
2025_11_04,10798,1762270895,25890.25,T,10713,10984,47.25,126.5
2025_11_04,10984,1762271825,25763.75,B,10798,11044,126.5,59.0
2025_11_04,11044,1762272125,25822.75,T,10984,11161,59.0,64.0
2025_11_04,11161,1762272710,25758.75,B,11044,11232,64.0,30.75
2025_11_04,11232,1762273065,25789.5,T,11161,11341,30.75,51.25
2025_11_04,11341,1762273610,25738.25,B,11232,11488,51.25,56.75
2025_11_04,11488,1762274345,25795.0,T,11341,11511,56.75,39.25
2025_11_04,11511,1762274460,25755.75,B,11488,11547,39.25,40.75
2025_11_04,11547,1762274640,25796.5,T,11511,11639,40.75,64.75
2025_11_04,11639,1762275100,25731.75,B,11547,11690,64.75,36.0
2025_11_04,11690,1762275355,25767.75,T,11639,11707,36.0,44.5
2025_11_04,11707,1762275440,25723.25,B,11690,11738,44.5,34.5
2025_11_04,11738,1762275595,25757.75,T,11707,11985,34.5,115.5
2025_11_04,11985,1762276830,25642.25,B,11738,12063,115.5,91.5
2025_11_04,12063,1762277220,25733.75,T,11985,12250,91.5,72.0
2025_11_04,12250,1762278155,25661.75,B,12063,12346,72.0,66.5
2025_11_04,12346,1762278635,25728.25,T,12250,12709,66.5,110.0
2025_11_04,12709,1762280450,25618.25,B,12346,12742,110.0,47.25
2025_11_04,12742,1762280615,25665.5,T,12709,12794,47.25,56.5
2025_11_04,12794,1762280875,25609.0,B,12742,12843,56.5,39.0
2025_11_04,12843,1762281120,25648.0,T,12794,12942,39.0,46.25
2025_11_04,12942,1762281615,25601.75,B,12843,13115,46.25,82.75
2025_11_04,13115,1762282480,25684.5,T,12942,13141,82.75,31.5
2025_11_04,13141,1762282610,25653.0,B,13115,13204,31.5,35.25
2025_11_04,13204,1762282925,25688.25,T,13141,13295,35.25,48.5
2025_11_04,13295,1762283380,25639.75,B,13204,13509,48.5,38.75
2025_11_04,13509,1762284450,25678.5,T,13295,13698,38.75,104.25
2025_11_04,13698,1762285395,25574.25,B,13509,13730,104.25,31.75
2025_11_04,13730,1762285555,25606.0,T,13698,13781,31.75,30.25
2025_11_04,13781,1762285810,25575.75,B,13730,14091,30.25,64.25
2025_11_04,14091,1762287360,25640.0,T,13781,14176,64.25,58.25
2025_11_04,14176,1762287785,25581.75,B,14091,14259,58.25,43.0
2025_11_04,14259,1762288200,25624.75,T,14176,14279,43.0,30.5
2025_11_04,14279,1762288300,25594.25,B,14259,14444,30.5,48.25
2025_11_04,14444,1762289125,25642.5,T,14279,14578,48.25,98.5
2025_11_04,14578,1762289795,25544.0,B,14444,14631,98.5,49.0
2025_11_04,14631,1762290060,25593.0,T,14578,14801,49.0,67.25
2025_11_04,14801,1762290910,25525.75,B,14631,14833,67.25,55.5
2025_11_04,14833,1762291070,25581.25,T,14801,15075,55.5,58.5
2025_11_04,15075,1762292295,25522.75,B,14833,15287,58.5,61.5
2025_11_05,81,1762301205,25456.25,B,0,186,47.0,42.75
2025_11_05,186,1762301730,25499.0,T,81,810,42.75,145.75
2025_11_05,810,1762304870,25353.25,B,186,893,145.75,38.5
2025_11_05,893,1762305285,25391.75,T,810,1120,38.5,100.5
2025_11_05,1120,1762306420,25291.25,B,893,1150,100.5,37.0
2025_11_05,1150,1762306570,25328.25,T,1120,1188,37.0,46.25
2025_11_05,1188,1762306760,25282.0,B,1150,1405,46.25,72.5
2025_11_05,1405,1762307845,25354.5,T,1188,1470,72.5,40.25
2025_11_05,1470,1762308175,25314.25,B,1405,1545,40.25,49.0
2025_11_05,1545,1762308550,25363.25,T,1470,1792,49.0,67.25
2025_11_05,1792,1762309800,25296.0,B,1545,2217,67.25,173.5
2025_11_05,2217,1762311930,25469.5,T,1792,2254,173.5,32.75
2025_11_05,2254,1762312115,25436.75,B,2217,2329,32.75,32.25
2025_11_05,2329,1762312495,25469.0,T,2254,2401,32.25,37.5
2025_11_05,2401,1762312855,25431.5,B,2329,2707,37.5,88.5
2025_11_05,2707,1762314400,25520.0,T,2401,3085,88.5,64.5
2025_11_05,3085,1762316310,25455.5,B,2707,3237,64.5,36.5
2025_11_05,3237,1762317120,25492.0,T,3085,3503,36.5,49.25
2025_11_05,3503,1762318550,25442.75,B,3237,3924,49.25,92.75
2025_11_05,3924,1762320685,25535.5,T,3503,4253,92.75,79.5
2025_11_05,4253,1762322465,25456.0,B,3924,4473,79.5,98.0
2025_11_05,4473,1762323570,25554.0,T,4253,4615,98.0,33.5
2025_11_05,4615,1762324290,25520.5,B,4473,4638,33.5,30.25
2025_11_05,4638,1762324410,25550.75,T,4615,5176,30.25,80.5
2025_11_05,5176,1762327345,25470.25,B,4638,5542,80.5,33.75
2025_11_05,5542,1762329300,25504.0,T,5176,5601,33.75,50.5
2025_11_05,5601,1762329605,25453.5,B,5542,5756,50.5,77.5
2025_11_05,5756,1762330385,25531.0,T,5601,5879,77.5,39.75
2025_11_05,5879,1762331015,25491.25,B,5756,6208,39.75,46.75
2025_11_05,6208,1762332705,25538.0,T,5879,6301,46.75,30.75
2025_11_05,6301,1762333220,25507.25,B,6208,6437,30.75,45.0
2025_11_05,6437,1762333905,25552.25,T,6301,6693,45.0,71.5
2025_11_05,6693,1762335235,25480.75,B,6437,7007,71.5,56.0
2025_11_05,7007,1762336955,25536.75,T,6693,7604,56.0,132.75
2025_11_05,7604,1762340430,25404.0,B,7007,7818,132.75,64.25
2025_11_05,7818,1762341535,25468.25,T,7604,7990,64.25,33.5
2025_11_05,7990,1762342460,25434.75,B,7818,8788,33.5,101.25
2025_11_05,8788,1762346655,25536.0,T,7990,8861,101.25,36.75
2025_11_05,8861,1762347020,25499.25,B,8788,9038,36.75,42.5
2025_11_05,9038,1762347915,25541.75,T,8861,9114,42.5,33.5
2025_11_05,9114,1762348295,25508.25,B,9038,9360,33.5,62.25
2025_11_05,9360,1762349540,25570.5,T,9114,9387,62.25,31.75
2025_11_05,9387,1762349675,25538.75,B,9360,9489,31.75,57.25
2025_11_05,9489,1762350185,25596.0,T,9387,10028,57.25,66.0
2025_11_05,10028,1762352880,25530.0,B,9489,10060,66.0,46.5
2025_11_05,10060,1762353040,25576.5,T,10028,10093,46.5,55.75
2025_11_05,10093,1762353205,25520.75,B,10060,10096,55.75,32.75
2025_11_05,10096,1762353220,25553.5,T,10093,10116,32.75,63.25
2025_11_05,10116,1762353320,25490.25,B,10096,10125,63.25,33.0
2025_11_05,10125,1762353365,25523.25,T,10116,10135,33.0,35.25
2025_11_05,10135,1762353415,25488.0,B,10125,10168,35.25,85.5
2025_11_05,10168,1762353580,25573.5,T,10135,10204,85.5,65.0
2025_11_05,10204,1762353760,25508.5,B,10168,10412,65.0,190.25
2025_11_05,10412,1762354800,25698.75,T,10204,10450,190.25,56.25
2025_11_05,10450,1762354990,25642.5,B,10412,10492,56.25,74.0
2025_11_05,10492,1762355200,25716.5,T,10450,10593,74.0,78.75
2025_11_05,10593,1762355705,25637.75,B,10492,10644,78.75,35.75
2025_11_05,10644,1762355960,25673.5,T,10593,10669,35.75,58.5
2025_11_05,10669,1762356085,25615.0,B,10644,10749,58.5,103.5
2025_11_05,10749,1762356485,25718.5,T,10669,10782,103.5,43.75
2025_11_05,10782,1762356650,25674.75,B,10749,10825,43.75,41.0
2025_11_05,10825,1762356865,25715.75,T,10782,10873,41.0,30.0
2025_11_05,10873,1762357105,25685.75,B,10825,10908,30.0,44.25
2025_11_05,10908,1762357280,25730.0,T,10873,10960,44.25,33.25
2025_11_05,10960,1762357540,25696.75,B,10908,10993,33.25,39.25
2025_11_05,10993,1762357705,25736.0,T,10960,11091,39.25,59.0
2025_11_05,11091,1762358195,25677.0,B,10993,11151,59.0,55.5
2025_11_05,11151,1762358495,25732.5,T,11091,11178,55.5,56.5
2025_11_05,11178,1762358630,25676.0,B,11151,11207,56.5,56.0
2025_11_05,11207,1762358775,25732.0,T,11178,11348,56.0,73.75
2025_11_05,11348,1762359480,25658.25,B,11207,11808,73.75,130.25
2025_11_05,11808,1762361780,25788.5,T,11348,11977,130.25,48.25
2025_11_05,11977,1762362625,25740.25,B,11808,13215,48.25,132.5
2025_11_05,13215,1762368815,25872.75,T,11977,13400,132.5,49.5
2025_11_05,13400,1762369740,25823.25,B,13215,13953,49.5,56.75
2025_11_05,13953,1762372505,25880.0,T,13400,14748,56.75,163.25
2025_11_05,14748,1762376480,25716.75,B,13953,14792,163.25,47.25
2025_11_05,14792,1762376700,25764.0,T,14748,14914,47.25,69.5
2025_11_05,14914,1762377310,25694.5,B,14792,15424,69.5,62.0
2025_11_05,15424,1762383600,25756.5,T,14914,15519,62.0,54.25
2025_11_05,15519,1762384075,25702.25,B,15424,15638,54.25,42.5
2025_11_05,15638,1762384715,25744.75,T,15519,15702,42.5,32.0
2025_11_06,317,1762388825,25653.0,B,0,470,122.0,58.5
2025_11_06,470,1762389600,25711.5,T,317,845,58.5,59.0
2025_11_06,845,1762391525,25652.5,B,470,885,59.0,42.5
2025_11_06,885,1762391725,25695.0,T,845,1045,42.5,77.75
2025_11_06,1045,1762392530,25617.25,B,885,1249,77.75,65.25
2025_11_06,1249,1762393585,25682.5,T,1045,1533,65.25,43.25
2025_11_06,1533,1762395120,25639.25,B,1249,2608,43.25,96.5
2025_11_06,2608,1762401020,25735.75,T,1533,2671,96.5,35.5
2025_11_06,2671,1762401370,25700.25,B,2608,3299,35.5,42.25
2025_11_06,3299,1762405295,25742.5,T,2671,4225,42.25,70.0
2025_11_06,4225,1762410760,25672.5,B,3299,4376,70.0,31.25
2025_11_06,4376,1762411670,25703.75,T,4225,4511,31.25,32.75
2025_11_06,4511,1762412505,25671.0,B,4376,4767,32.75,45.0
2025_11_06,4767,1762413970,25716.0,T,4511,4963,45.0,73.0
2025_11_06,4963,1762415000,25643.0,B,4767,4993,73.0,34.75
2025_11_06,4993,1762415150,25677.75,T,4963,5159,34.75,48.25
2025_11_06,5159,1762416065,25629.5,B,4993,6882,48.25,148.75
2025_11_06,6882,1762425280,25778.25,T,5159,7029,148.75,36.0
2025_11_06,7029,1762426070,25742.25,B,6882,8853,36.0,80.0
2025_11_06,8853,1762436195,25822.25,T,7029,9248,80.0,129.5
2025_11_06,9248,1762438175,25692.75,B,8853,9286,129.5,33.25
2025_11_06,9286,1762438365,25726.0,T,9248,9517,33.25,93.0
2025_11_06,9517,1762439520,25633.0,B,9286,9527,93.0,35.75
2025_11_06,9527,1762439570,25668.75,T,9517,9541,35.75,38.0
2025_11_06,9541,1762439640,25630.75,B,9527,9547,38.0,32.0
2025_11_06,9547,1762439670,25662.75,T,9541,9565,32.0,43.75
2025_11_06,9565,1762439760,25619.0,B,9547,9598,43.75,48.0
2025_11_06,9598,1762439925,25667.0,T,9565,9633,48.0,81.0
2025_11_06,9633,1762440100,25586.0,B,9598,9720,81.0,87.25
2025_11_06,9720,1762440535,25673.25,T,9633,9739,87.25,79.5
2025_11_06,9739,1762440630,25593.75,B,9720,9739,79.5,42.25
2025_11_06,9739,1762440630,25636.0,T,9739,9764,42.25,81.25
2025_11_06,9764,1762440755,25554.75,B,9739,9777,81.25,31.25
2025_11_06,9777,1762440820,25586.0,T,9764,9886,31.25,157.75
2025_11_06,9886,1762441365,25428.25,B,9777,9899,157.75,31.25
2025_11_06,9899,1762441430,25459.5,T,9886,9911,31.25,46.25
2025_11_06,9911,1762441490,25413.25,B,9899,9937,46.25,60.75
2025_11_06,9937,1762441620,25474.0,T,9911,9956,60.75,49.25
2025_11_06,9956,1762441715,25424.75,B,9937,9988,49.25,65.25
2025_11_06,9988,1762441875,25490.0,T,9956,10035,65.25,85.5
2025_11_06,10035,1762442110,25404.5,B,9988,10080,85.5,99.0
2025_11_06,10080,1762442335,25503.5,T,10035,10088,99.0,30.25
2025_11_06,10088,1762442375,25473.25,B,10080,10141,30.25,73.75
2025_11_06,10141,1762442640,25547.0,T,10088,10308,73.75,199.0
2025_11_06,10308,1762443475,25348.0,B,10141,10318,199.0,33.5
2025_11_06,10318,1762443525,25381.5,T,10308,10362,33.5,43.5
2025_11_06,10362,1762443745,25338.0,B,10318,10375,43.5,34.25
2025_11_06,10375,1762443810,25372.25,T,10362,10390,34.25,52.5
2025_11_06,10390,1762443885,25319.75,B,10375,10404,52.5,43.5
2025_11_06,10404,1762443955,25363.25,T,10390,10434,43.5,50.25
2025_11_06,10434,1762444105,25313.0,B,10404,10455,50.25,47.5
2025_11_06,10455,1762444210,25360.5,T,10434,10462,47.5,35.25
2025_11_06,10462,1762444245,25325.25,B,10455,10474,35.25,37.25
2025_11_06,10474,1762444305,25362.5,T,10462,10496,37.25,59.25
2025_11_06,10496,1762444415,25303.25,B,10474,10524,59.25,54.25
2025_11_06,10524,1762444555,25357.5,T,10496,10569,54.25,66.75
2025_11_06,10569,1762444780,25290.75,B,10524,10647,66.75,79.5
2025_11_06,10647,1762445170,25370.25,T,10569,10668,79.5,52.0
2025_11_06,10668,1762445275,25318.25,B,10647,10679,52.0,37.5
2025_11_06,10679,1762445330,25355.75,T,10668,10703,37.5,48.25
2025_11_06,10703,1762445450,25307.5,B,10679,10771,48.25,54.0
2025_11_06,10771,1762445790,25361.5,T,10703,10799,54.0,69.5
2025_11_06,10799,1762445930,25292.0,B,10771,10834,69.5,51.75
2025_11_06,10834,1762446105,25343.75,T,10799,10881,51.75,66.5
2025_11_06,10881,1762446340,25277.25,B,10834,10931,66.5,62.75
2025_11_06,10931,1762446590,25340.0,T,10881,11000,62.75,100.0
2025_11_06,11000,1762446935,25240.0,B,10931,11017,100.0,43.25
2025_11_06,11017,1762447020,25283.25,T,11000,11093,43.25,60.5
2025_11_06,11093,1762447400,25222.75,B,11017,11106,60.5,39.0
2025_11_06,11106,1762447465,25261.75,T,11093,11174,39.0,35.75
2025_11_06,11174,1762447805,25226.0,B,11106,11209,35.75,58.75
2025_11_06,11209,1762447980,25284.75,T,11174,11255,58.75,83.5
2025_11_06,11255,1762448210,25201.25,B,11209,11293,83.5,55.75
2025_11_06,11293,1762448400,25257.0,T,11255,11293,55.75,36.75
2025_11_06,11293,1762448400,25220.25,B,11293,11368,36.75,60.0
2025_11_06,11368,1762448775,25280.25,T,11293,11399,60.0,47.5
2025_11_06,11399,1762448930,25232.75,B,11368,11433,47.5,76.25
2025_11_06,11433,1762449100,25309.0,T,11399,11496,76.25,72.5
2025_11_06,11496,1762449415,25236.5,B,11433,11512,72.5,40.5
2025_11_06,11512,1762449495,25277.0,T,11496,11613,40.5,79.25
2025_11_06,11613,1762450000,25197.75,B,11512,11693,79.25,83.0
2025_11_06,11693,1762450400,25280.75,T,11613,11709,83.0,35.75
2025_11_06,11709,1762450480,25245.0,B,11693,11758,35.75,38.25
2025_11_06,11758,1762450725,25283.25,T,11709,11773,38.25,36.0
2025_11_06,11773,1762450800,25247.25,B,11758,11962,36.0,109.0
2025_11_06,11962,1762451745,25356.25,T,11773,12167,109.0,130.75
2025_11_06,12167,1762452770,25225.5,B,11962,12465,130.75,145.75
2025_11_06,12465,1762454260,25371.25,T,12167,12576,145.75,43.75
2025_11_06,12576,1762454815,25327.5,B,12465,12629,43.75,37.0
2025_11_06,12629,1762455080,25364.5,T,12576,12698,37.0,56.5
2025_11_06,12698,1762455425,25308.0,B,12629,12812,56.5,103.0
2025_11_06,12812,1762455995,25411.0,T,12698,12850,103.0,44.25
2025_11_06,12850,1762456185,25366.75,B,12812,12914,44.25,35.5
2025_11_06,12914,1762456505,25402.25,T,12850,12946,35.5,39.5
2025_11_06,12946,1762456665,25362.75,B,12914,13173,39.5,75.75
2025_11_06,13173,1762457800,25438.5,T,12946,13252,75.75,64.5
2025_11_06,13252,1762458195,25374.0,B,13173,13284,64.5,33.0
2025_11_06,13284,1762458355,25407.0,T,13252,13370,33.0,52.0
2025_11_06,13370,1762458785,25355.0,B,13284,13431,52.0,71.0
2025_11_06,13431,1762459090,25426.0,T,13370,13486,71.0,48.25
2025_11_06,13486,1762459365,25377.75,B,13431,13601,48.25,37.0
2025_11_06,13601,1762459940,25414.75,T,13486,13648,37.0,54.5
2025_11_06,13648,1762460175,25360.25,B,13601,13772,54.5,43.5
2025_11_06,13772,1762460795,25403.75,T,13648,13840,43.5,85.5
2025_11_06,13840,1762461135,25318.25,B,13772,13876,85.5,53.0
2025_11_06,13876,1762461315,25371.25,T,13840,14061,53.0,113.0
2025_11_06,14061,1762462240,25258.25,B,13876,14082,113.0,31.75
2025_11_06,14082,1762462345,25290.0,T,14061,14166,31.75,63.5
2025_11_06,14166,1762462765,25226.5,B,14082,14812,63.5,92.5
2025_11_06,14812,1762466065,25319.0,T,14166,14944,92.5,47.0
2025_11_07,13,1762473665,25279.25,B,0,80,38.75,63.75
2025_11_07,80,1762474005,25343.0,T,13,235,63.75,46.0
2025_11_07,235,1762474805,25297.0,B,80,622,46.0,52.75
2025_11_07,622,1762476860,25349.75,T,235,782,52.75,77.5
2025_11_07,782,1762477680,25272.25,B,622,861,77.5,37.0
2025_11_07,861,1762478075,25309.25,T,782,1122,37.0,108.25
2025_11_07,1122,1762479400,25201.0,B,861,1396,108.25,74.0
2025_11_07,1396,1762480800,25275.0,T,1122,1744,74.0,67.75
2025_11_07,1744,1762482590,25207.25,B,1396,2081,67.75,74.25
2025_11_07,2081,1762484475,25281.5,T,1744,2567,74.25,78.5
2025_11_07,2567,1762487175,25203.0,B,2081,2592,78.5,30.5
2025_11_07,2592,1762487300,25233.5,T,2567,2736,30.5,71.5
2025_11_07,2736,1762488145,25162.0,B,2592,2968,71.5,103.0
2025_11_07,2968,1762489320,25265.0,T,2736,3156,103.0,34.5
2025_11_07,3156,1762490345,25230.5,B,2968,4451,34.5,110.25
2025_11_07,4451,1762497980,25340.75,T,3156,4525,110.25,33.5
2025_11_07,4525,1762498455,25307.25,B,4451,4806,33.5,41.75
2025_11_07,4806,1762500095,25349.0,T,4525,4871,41.75,33.25
2025_11_07,4871,1762500455,25315.75,B,4806,5413,33.25,39.0
2025_11_07,5413,1762503505,25354.75,T,4871,5638,39.0,82.75
2025_11_07,5638,1762504660,25272.0,B,5413,5768,82.75,45.75
2025_11_07,5768,1762505315,25317.75,T,5638,5957,45.75,35.5
2025_11_07,5957,1762506320,25282.25,B,5768,6044,35.5,46.25
2025_11_07,6044,1762506765,25328.5,T,5957,6595,46.25,88.0
2025_11_07,6595,1762509670,25240.5,B,6044,6648,88.0,37.25
2025_11_07,6648,1762509965,25277.75,T,6595,6865,37.25,92.0
2025_11_07,6865,1762511090,25185.75,B,6648,7032,92.0,62.0
2025_11_07,7032,1762511930,25247.75,T,6865,7465,62.0,145.25
2025_11_07,7465,1762514220,25102.5,B,7032,7518,145.25,56.0
2025_11_07,7518,1762514485,25158.5,T,7465,7596,56.0,58.25
2025_11_07,7596,1762514880,25100.25,B,7518,7613,58.25,33.0
2025_11_07,7613,1762514965,25133.25,T,7596,7651,33.0,49.0
2025_11_07,7651,1762515155,25084.25,B,7613,7934,49.0,107.0
2025_11_07,7934,1762516570,25191.25,T,7651,7988,107.0,33.25
2025_11_07,7988,1762516845,25158.0,B,7934,8163,33.25,37.5
2025_11_07,8163,1762517735,25195.5,T,7988,8254,37.5,50.0
2025_11_07,8254,1762518195,25145.5,B,8163,8290,50.0,36.0
2025_11_07,8290,1762518375,25181.5,T,8254,8614,36.0,119.75
2025_11_07,8614,1762520020,25061.75,B,8290,8774,119.75,77.25
2025_11_07,8774,1762520820,25139.0,T,8614,8852,77.25,48.0
2025_11_07,8852,1762521210,25091.0,B,8774,8947,48.0,56.25
2025_11_07,8947,1762521690,25147.25,T,8852,9037,56.25,76.25
2025_11_07,9037,1762522140,25071.0,B,8947,9056,76.25,31.5
2025_11_07,9056,1762522235,25102.5,T,9037,9203,31.5,35.75
2025_11_07,9203,1762522970,25066.75,B,9056,9352,35.75,75.25
2025_11_07,9352,1762523715,25142.0,T,9203,9480,75.25,60.75
2025_11_07,9480,1762524355,25081.25,B,9352,9540,60.75,42.75
2025_11_07,9540,1762524655,25124.0,T,9480,9709,42.75,48.5
2025_11_07,9709,1762525500,25075.5,B,9540,9728,48.5,44.5
2025_11_07,9728,1762525595,25120.0,T,9709,9780,44.5,74.5
2025_11_07,9780,1762525855,25045.5,B,9728,9793,74.5,37.25
2025_11_07,9793,1762525920,25082.75,T,9780,9801,37.25,35.25
2025_11_07,9801,1762525960,25047.5,B,9793,9804,35.25,41.75
2025_11_07,9804,1762525975,25089.25,T,9801,9869,41.75,151.25
2025_11_07,9869,1762526300,24938.0,B,9804,9873,151.25,33.75
2025_11_07,9873,1762526320,24971.75,T,9869,9889,33.75,54.0
2025_11_07,9889,1762526400,24917.75,B,9873,9918,54.0,58.5
2025_11_07,9918,1762526545,24976.25,T,9889,9924,58.5,36.5
2025_11_07,9924,1762526575,24939.75,B,9918,9962,36.5,56.25
2025_11_07,9962,1762526765,24996.0,T,9924,9985,56.25,63.5
2025_11_07,9985,1762526880,24932.5,B,9962,9999,63.5,65.0
2025_11_07,9999,1762526950,24997.5,T,9985,10009,65.0,67.25
2025_11_07,10009,1762527000,24930.25,B,9999,10018,67.25,38.5
2025_11_07,10018,1762527045,24968.75,T,10009,10025,38.5,34.25
2025_11_07,10025,1762527080,24934.5,B,10018,10029,34.25,50.0
2025_11_07,10029,1762527100,24984.5,T,10025,10034,50.0,31.25
2025_11_07,10034,1762527125,24953.25,B,10029,10046,31.25,60.25
2025_11_07,10046,1762527185,25013.5,T,10034,10054,60.25,38.5
2025_11_07,10054,1762527225,24975.0,B,10046,10110,38.5,70.25
2025_11_07,10110,1762527505,25045.25,T,10054,10128,70.25,44.0
2025_11_07,10128,1762527595,25001.25,B,10110,10128,44.0,33.0
2025_11_07,10128,1762527595,25034.25,T,10128,10143,33.0,76.25
2025_11_07,10143,1762527670,24958.0,B,10128,10159,76.25,32.5
2025_11_07,10159,1762527750,24990.5,T,10143,10214,32.5,108.5
2025_11_07,10214,1762528025,24882.0,B,10159,10264,108.5,138.25
2025_11_07,10264,1762528275,25020.25,T,10214,10283,138.25,33.25
2025_11_07,10283,1762528370,24987.0,B,10264,10327,33.25,58.0
2025_11_07,10327,1762528590,25045.0,T,10283,10360,58.0,60.25
2025_11_07,10360,1762528755,24984.75,B,10327,10366,60.25,43.25
2025_11_07,10366,1762528785,25028.0,T,10360,10373,43.25,31.0
2025_11_07,10373,1762528820,24997.0,B,10366,10390,31.0,42.0
2025_11_07,10390,1762528905,25039.0,T,10373,10396,42.0,40.5
2025_11_07,10396,1762528935,24998.5,B,10390,10403,40.5,36.75
2025_11_07,10403,1762528970,25035.25,T,10396,10416,36.75,78.75
2025_11_07,10416,1762529035,24956.5,B,10403,10420,78.75,32.0
2025_11_07,10420,1762529055,24988.5,T,10416,10427,32.0,34.75
2025_11_07,10427,1762529090,24953.75,B,10420,10449,34.75,72.0
2025_11_07,10449,1762529200,25025.75,T,10427,10550,72.0,115.5
2025_11_07,10550,1762529705,24910.25,B,10449,10575,115.5,53.25
2025_11_07,10575,1762529830,24963.5,T,10550,10685,53.25,120.0
2025_11_07,10685,1762530380,24843.5,B,10575,10703,120.0,43.0
2025_11_07,10703,1762530470,24886.5,T,10685,10722,43.0,35.75
2025_11_07,10722,1762530565,24850.75,B,10703,10734,35.75,46.5
2025_11_07,10734,1762530625,24897.25,T,10722,10849,46.5,76.5
2025_11_07,10849,1762531200,24820.75,B,10734,10861,76.5,40.25
2025_11_07,10861,1762531260,24861.0,T,10849,10899,40.25,42.5
2025_11_07,10899,1762531450,24818.5,B,10861,10918,42.5,36.5
2025_11_07,10918,1762531545,24855.0,T,10899,11001,36.5,75.75
2025_11_07,11001,1762531960,24779.25,B,10918,11015,75.75,30.75
2025_11_07,11015,1762532030,24810.0,T,11001,11050,30.75,38.75
2025_11_07,11050,1762532205,24771.25,B,11015,11129,38.75,73.25
2025_11_07,11129,1762532600,24844.5,T,11050,11242,73.25,59.25
2025_11_07,11242,1762533165,24785.25,B,11129,11269,59.25,37.0
2025_11_07,11269,1762533300,24822.25,T,11242,11349,37.0,65.75
2025_11_07,11349,1762533700,24756.5,B,11269,11396,65.75,51.5
2025_11_07,11396,1762533935,24808.0,T,11349,11423,51.5,47.25
2025_11_07,11423,1762534070,24760.75,B,11396,11471,47.25,49.25
2025_11_07,11471,1762534310,24810.0,T,11423,11547,49.25,91.25
2025_11_07,11547,1762534690,24718.75,B,11471,11582,91.25,39.25
2025_11_07,11582,1762534865,24758.0,T,11547,11662,39.25,48.75
2025_11_07,11662,1762535265,24709.25,B,11582,11887,48.75,155.25
2025_11_07,11887,1762536390,24864.5,T,11662,11916,155.25,46.25
2025_11_07,11916,1762536535,24818.25,B,11887,11961,46.25,41.5
2025_11_07,11961,1762536760,24859.75,T,11916,11993,41.5,35.0
2025_11_07,11993,1762536920,24824.75,B,11961,12018,35.0,31.75
2025_11_07,12018,1762537045,24856.5,T,11993,12068,31.75,65.0
2025_11_07,12068,1762537295,24791.5,B,12018,12116,65.0,35.0
2025_11_07,12116,1762537535,24826.5,T,12068,12176,35.0,69.75
2025_11_07,12176,1762537835,24756.75,B,12116,12303,69.75,102.5
2025_11_07,12303,1762538470,24859.25,T,12176,12352,102.5,38.0
2025_11_07,12352,1762538715,24821.25,B,12303,12474,38.0,58.5
2025_11_07,12474,1762539325,24879.75,T,12352,12502,58.5,30.75
2025_11_07,12502,1762539465,24849.0,B,12474,12675,30.75,85.75
2025_11_07,12675,1762540330,24934.75,T,12502,12729,85.75,41.5
2025_11_07,12729,1762540600,24893.25,B,12675,12772,41.5,60.25
2025_11_07,12772,1762540815,24953.5,T,12729,12940,60.25,97.0
2025_11_07,12940,1762541655,24856.5,B,12772,13000,97.0,86.5
2025_11_07,13000,1762541955,24943.0,T,12940,13013,86.5,42.25
2025_11_07,13013,1762542020,24900.75,B,13000,13237,42.25,56.0
2025_11_07,13237,1762543140,24956.75,T,13013,13246,56.0,34.0
2025_11_07,13246,1762543185,24922.75,B,13237,13542,34.0,181.25
2025_11_07,13542,1762544665,25104.0,T,13246,13582,181.25,55.25
2025_11_07,13582,1762544865,25048.75,B,13542,13582,55.25,41.25
2025_11_07,13582,1762544865,25090.0,T,13582,13583,41.25,43.75
2025_11_07,13583,1762544870,25046.25,B,13582,13612,43.75,47.25
2025_11_07,13612,1762545015,25093.5,T,13583,13639,47.25,32.5
2025_11_07,13639,1762545150,25061.0,B,13612,13668,32.5,38.75
2025_11_07,13668,1762545295,25099.75,T,13639,13681,38.75,32.5
2025_11_07,13681,1762545360,25067.25,B,13668,13726,32.5,49.5
2025_11_07,13726,1762545585,25116.75,T,13681,13751,49.5,30.25
2025_11_07,13751,1762545710,25086.5,B,13726,13780,30.25,41.25
2025_11_07,13780,1762545855,25127.75,T,13751,13820,41.25,67.0
2025_11_07,13820,1762546055,25060.75,B,13780,13889,67.0,62.0
2025_11_07,13889,1762546400,25122.75,T,13820,13987,62.0,85.5
2025_11_07,13987,1762546890,25037.25,B,13889,13999,85.5,35.75
2025_11_07,13999,1762546950,25073.0,T,13987,14046,35.75,49.5
2025_11_07,14046,1762547185,25023.5,B,13999,14209,49.5,88.5
2025_11_07,14209,1762548000,25112.0,T,14046,14234,88.5,31.0
2025_11_07,14234,1762548125,25081.0,B,14209,14264,31.0,55.5
2025_11_07,14264,1762548275,25136.5,T,14234,14329,55.5,71.25
2025_11_09,8,1762729240,25334.25,B,1,21,57.25,40.5
2025_11_09,21,1762729305,25374.75,T,8,360,40.5,77.25
2025_11_10,76,1762733180,25269.0,B,0,286,68.0,66.75
2025_11_10,286,1762734240,25335.75,T,76,537,66.75,34.5
2025_11_10,537,1762735580,25301.25,B,286,2499,34.5,187.75
2025_11_10,2499,1762745730,25489.0,T,537,2984,187.75,33.75
2025_11_10,2984,1762748350,25455.25,B,2499,4526,33.75,48.25
2025_11_10,4526,1762757455,25503.5,T,2984,4670,48.25,40.25
2025_11_10,4670,1762758220,25463.25,B,4526,5174,40.25,36.25
2025_11_10,5174,1762760975,25499.5,T,4670,5476,36.25,42.5
2025_11_10,5476,1762762610,25457.0,B,5174,6209,42.5,112.5
2025_11_10,6209,1762766400,25569.5,T,5476,6407,112.5,40.0
2025_11_10,6407,1762767395,25529.5,B,6209,6573,40.0,30.0
2025_11_10,6573,1762768270,25559.5,T,6407,7678,30.0,55.5
2025_11_10,7678,1762774560,25504.0,B,6573,7967,55.5,47.5
2025_11_10,7967,1762776080,25551.5,T,7678,8269,47.5,38.5
2025_11_10,8269,1762777665,25513.0,B,7967,9048,38.5,45.5
2025_11_10,9048,1762781755,25558.5,T,8269,9196,45.5,30.0
2025_11_10,9196,1762782505,25528.5,B,9048,9308,30.0,30.5
2025_11_10,9308,1762783065,25559.0,T,9196,9563,30.5,37.5
2025_11_10,9563,1762784340,25521.5,B,9308,9636,37.5,35.75
2025_11_10,9636,1762784705,25557.25,T,9563,9698,35.75,32.0
2025_11_10,9698,1762785015,25525.25,B,9636,9899,32.0,121.75
2025_11_10,9899,1762786020,25647.0,T,9698,9977,121.75,58.5
2025_11_10,9977,1762786410,25588.5,B,9899,10046,58.5,68.75
2025_11_10,10046,1762786755,25657.25,T,9977,10085,68.75,36.75
2025_11_10,10085,1762786950,25620.5,B,10046,10204,36.75,40.75
2025_11_10,10204,1762787545,25661.25,T,10085,10290,40.75,50.0
2025_11_10,10290,1762787975,25611.25,B,10204,10362,50.0,55.25
2025_11_10,10362,1762788335,25666.5,T,10290,10839,55.25,195.5
2025_11_10,10839,1762790720,25471.0,B,10362,10925,195.5,66.75
2025_11_10,10925,1762791150,25537.75,T,10839,10989,66.75,43.5
2025_11_10,10989,1762791470,25494.25,B,10925,11025,43.5,31.5
2025_11_10,11025,1762791650,25525.75,T,10989,11050,31.5,48.75
2025_11_10,11050,1762791775,25477.0,B,11025,11183,48.75,40.25
2025_11_10,11183,1762792440,25517.25,T,11050,11263,40.25,65.25
2025_11_10,11263,1762792840,25452.0,B,11183,11378,65.25,47.0
2025_11_10,11378,1762793415,25499.0,T,11263,11409,47.0,35.0
2025_11_10,11409,1762793570,25464.0,B,11378,11576,35.0,111.5
2025_11_10,11576,1762794405,25575.5,T,11409,11676,111.5,68.0
2025_11_10,11676,1762794905,25507.5,B,11576,12438,68.0,151.5
2025_11_10,12438,1762798715,25659.0,T,11676,12571,151.5,30.25
2025_11_10,12571,1762799380,25628.75,B,12438,12816,30.25,53.75
2025_11_10,12816,1762800605,25682.5,T,12571,12968,53.75,40.0
2025_11_10,12968,1762801365,25642.5,B,12816,13819,40.0,85.75
2025_11_10,13819,1762805620,25728.25,T,12968,13924,85.75,31.5
2025_11_10,13924,1762806145,25696.75,B,13819,14305,31.5,63.75
2025_11_10,14305,1762808050,25760.5,T,13924,14393,63.75,53.5
2025_11_10,14393,1762808490,25707.0,B,14305,14568,53.5,39.25
2025_11_10,14568,1762809365,25746.25,T,14393,15126,39.25,45.25
2025_11_11,59,1762819495,25768.75,T,5,234,31.75,39.5
2025_11_11,234,1762820400,25729.25,B,59,880,39.5,39.0
2025_11_11,880,1762824010,25768.25,T,234,1416,39.0,48.0
2025_11_11,1416,1762826940,25720.25,B,880,1740,48.0,34.25
2025_11_11,1740,1762828805,25754.5,T,1416,3776,34.25,102.5
2025_11_11,3776,1762840800,25652.0,B,1740,4121,102.5,53.0
2025_11_11,4121,1762842735,25705.0,T,3776,5008,53.0,59.0
2025_11_11,5008,1762847675,25646.0,B,4121,5265,59.0,36.75
2025_11_11,5265,1762849035,25682.75,T,5008,5763,36.75,59.25
2025_11_11,5763,1762851660,25623.5,B,5265,5822,59.25,31.25
2025_11_11,5822,1762851960,25654.75,T,5763,6468,31.25,58.5
2025_11_11,6468,1762855310,25596.25,B,5822,7251,58.5,51.5
2025_11_11,7251,1762859685,25647.75,T,6468,7634,51.5,39.25
2025_11_11,7634,1762861820,25608.5,B,7251,7913,39.25,31.25
2025_11_11,7913,1762863345,25639.75,T,7634,8217,31.25,57.5
2025_11_11,8217,1762865000,25582.25,B,7913,8576,57.5,45.0
2025_11_11,8576,1762866850,25627.25,T,8217,8718,45.0,55.5
2025_11_11,8718,1762867560,25571.75,B,8576,9390,55.5,55.0
2025_11_11,9390,1762870980,25626.75,T,8718,9454,55.0,31.75
2025_11_11,9454,1762871300,25595.0,B,9390,9507,31.75,40.0
2025_11_11,9507,1762871565,25635.0,T,9454,9528,40.0,35.75
2025_11_11,9528,1762871670,25599.25,B,9507,9562,35.75,46.75
2025_11_11,9562,1762871840,25646.0,T,9528,9599,46.75,51.25
2025_11_11,9599,1762872025,25594.75,B,9562,9609,51.25,30.0
2025_11_11,9609,1762872075,25624.75,T,9599,9626,30.0,36.25
2025_11_11,9626,1762872160,25588.5,B,9609,9671,36.25,36.5
2025_11_11,9671,1762872385,25625.0,T,9626,9720,36.5,64.75
2025_11_11,9720,1762872630,25560.25,B,9671,9828,64.75,73.25
2025_11_11,9828,1762873170,25633.5,T,9720,9914,73.25,89.0
2025_11_11,9914,1762873600,25544.5,B,9828,9959,89.0,53.0
2025_11_11,9959,1762873825,25597.5,T,9914,10075,53.0,64.75
2025_11_11,10075,1762874405,25532.75,B,9959,10141,64.75,47.0
2025_11_11,10141,1762874735,25579.75,T,10075,10274,47.0,79.5
2025_11_11,10274,1762875400,25500.25,B,10141,10337,79.5,51.0
2025_11_11,10337,1762875715,25551.25,T,10274,10511,51.0,64.75
2025_11_11,10511,1762876585,25486.5,B,10337,10591,64.75,54.75
2025_11_11,10591,1762876985,25541.25,T,10511,10672,54.75,34.25
2025_11_11,10672,1762877390,25507.0,B,10591,10845,34.25,84.5
2025_11_11,10845,1762878255,25591.5,T,10672,10920,84.5,113.0
2025_11_11,10920,1762878630,25478.5,B,10845,10995,113.0,58.5
2025_11_11,10995,1762879005,25537.0,T,10920,11044,58.5,35.5
2025_11_11,11044,1762879250,25501.5,B,10995,11217,35.5,37.5
2025_11_11,11217,1762880115,25539.0,T,11044,11271,37.5,35.25
2025_11_11,11271,1762880385,25503.75,B,11217,11352,35.25,71.5
2025_11_11,11352,1762880790,25575.25,T,11271,11414,71.5,33.25
2025_11_11,11414,1762881100,25542.0,B,11352,11525,33.25,56.75
2025_11_11,11525,1762881655,25598.75,T,11414,11610,56.75,50.0
2025_11_11,11610,1762882080,25548.75,B,11525,12014,50.0,91.75
2025_11_11,12014,1762884100,25640.5,T,11610,12032,91.75,30.75
2025_11_11,12032,1762884190,25609.75,B,12014,12250,30.75,62.0
2025_11_11,12250,1762885280,25671.75,T,12032,12325,62.0,47.5
2025_11_11,12325,1762885655,25624.25,B,12250,12373,47.5,31.25
2025_11_11,12373,1762885895,25655.5,T,12325,12435,31.25,48.25
2025_11_11,12435,1762886205,25607.25,B,12373,12708,48.25,89.0
2025_11_11,12708,1762887570,25696.25,T,12435,12805,89.0,58.5
2025_11_11,12805,1762888055,25637.75,B,12708,12922,58.5,43.25
2025_11_11,12922,1762888640,25681.0,T,12805,13267,43.25,35.5
2025_11_11,13267,1762890365,25645.5,B,12922,13590,35.5,36.75
2025_11_11,13590,1762891980,25682.25,T,13267,13810,36.75,39.5
2025_11_11,13810,1762893080,25642.75,B,13590,14079,39.5,45.75
2025_11_11,14079,1762894425,25688.5,T,13810,14143,45.75,68.75
2025_11_11,14143,1762894745,25619.75,B,14079,14166,68.75,38.5
2025_11_11,14166,1762894860,25658.25,T,14143,14194,38.5,31.5
2025_11_11,14194,1762895000,25626.75,B,14166,14339,31.5,60.75
2025_11_11,14339,1762895725,25687.5,T,14194,14938,60.75,58.0
2025_11_12,1491,1762913755,25761.5,T,0,2983,112.25,67.25
2025_11_12,2983,1762922385,25694.25,B,1491,4748,67.25,118.75
2025_11_12,4748,1762933180,25813.0,T,2983,5018,118.75,49.0
2025_11_12,5018,1762934700,25764.0,B,4748,5530,49.0,46.75
2025_11_12,5530,1762937440,25810.75,T,5018,5776,46.75,40.25
2025_11_12,5776,1762938760,25770.5,B,5530,6329,40.25,59.5
2025_11_12,6329,1762941765,25830.0,T,5776,7257,59.5,100.5
2025_11_12,7257,1762947040,25729.5,B,6329,7333,100.5,37.0
2025_11_12,7333,1762947420,25766.5,T,7257,7605,37.0,45.5
2025_11_12,7605,1762948855,25721.0,B,7333,7654,45.5,70.0
2025_11_12,7654,1762949100,25791.0,T,7605,7654,70.0,34.75
2025_11_12,7654,1762949100,25756.25,B,7654,8011,34.75,47.25
2025_11_12,8011,1762950975,25803.5,T,7654,8116,47.25,34.25
2025_11_12,8116,1762951530,25769.25,B,8011,8373,34.25,43.25
2025_11_12,8373,1762952900,25812.5,T,8116,9384,43.25,140.0
2025_11_12,9384,1762958100,25672.5,B,8373,9392,140.0,32.5
2025_11_12,9392,1762958140,25705.0,T,9384,9570,32.5,137.75
2025_11_12,9570,1762959030,25567.25,B,9392,9610,137.75,49.25
2025_11_12,9610,1762959230,25616.5,T,9570,9658,49.25,55.0
2025_11_12,9658,1762959470,25561.5,B,9610,9734,55.0,74.25
2025_11_12,9734,1762959850,25635.75,T,9658,9753,74.25,41.25
2025_11_12,9753,1762959945,25594.5,B,9734,9817,41.25,65.5
2025_11_12,9817,1762960265,25660.0,T,9753,9867,65.5,78.25
2025_11_12,9867,1762960515,25581.75,B,9817,9893,78.25,32.0
2025_11_12,9893,1762960645,25613.75,T,9867,9928,32.0,38.75
2025_11_12,9928,1762960820,25575.0,B,9893,9949,38.75,46.0
2025_11_12,9949,1762960925,25621.0,T,9928,9994,46.0,31.0
2025_11_12,9994,1762961150,25590.0,B,9949,10038,31.0,38.25
2025_11_12,10038,1762961370,25628.25,T,9994,10125,38.25,99.75
2025_11_12,10125,1762961805,25528.5,B,10038,10230,99.75,82.0
2025_11_12,10230,1762962330,25610.5,T,10125,10318,82.0,74.5
2025_11_12,10318,1762962770,25536.0,B,10230,10370,74.5,44.0
2025_11_12,10370,1762963030,25580.0,T,10318,10390,44.0,43.0
2025_11_12,10390,1762963130,25537.0,B,10370,10439,43.0,32.0
2025_11_12,10439,1762963375,25569.0,T,10390,10474,32.0,37.5
2025_11_12,10474,1762963550,25531.5,B,10439,10482,37.5,30.0
2025_11_12,10482,1762963590,25561.5,T,10474,10575,30.0,64.5
2025_11_12,10575,1762964055,25497.0,B,10482,10792,64.5,111.5
2025_11_12,10792,1762965140,25608.5,T,10575,10819,111.5,39.0
2025_11_12,10819,1762965275,25569.5,B,10792,10854,39.0,33.5
2025_11_12,10854,1762965450,25603.0,T,10819,10995,33.5,114.25
2025_11_12,10995,1762966155,25488.75,B,10854,11035,114.25,57.5
2025_11_12,11035,1762966355,25546.25,T,10995,11060,57.5,31.75
2025_11_12,11060,1762966480,25514.5,B,11035,11096,31.75,45.25
2025_11_12,11096,1762966660,25559.75,T,11060,11109,45.25,43.5
2025_11_12,11109,1762966725,25516.25,B,11096,11207,43.5,49.5
2025_11_12,11207,1762967215,25565.75,T,11109,11246,49.5,47.75
2025_11_12,11246,1762967410,25518.0,B,11207,11315,47.75,58.25
2025_11_12,11315,1762967755,25576.25,T,11246,11350,58.25,55.75
2025_11_12,11350,1762967930,25520.5,B,11315,11618,55.75,108.5
2025_11_12,11618,1762969270,25629.0,T,11350,11729,108.5,77.75
2025_11_12,11729,1762969825,25551.25,B,11618,11830,77.75,66.0
2025_11_12,11830,1762970330,25617.25,T,11729,11986,66.0,34.5
2025_11_12,11986,1762971110,25582.75,B,11830,12055,34.5,44.75
2025_11_12,12055,1762971455,25627.5,T,11986,12190,44.75,35.5
2025_11_12,12190,1762972130,25592.0,B,12055,12326,35.5,45.25
2025_11_12,12326,1762972810,25637.25,T,12190,12413,45.25,50.0
2025_11_12,12413,1762973245,25587.25,B,12326,12611,50.0,37.25
2025_11_12,12611,1762974235,25624.5,T,12413,12965,37.25,72.25
2025_11_12,12965,1762976005,25552.25,B,12611,13240,72.25,49.25
2025_11_12,13240,1762977380,25601.5,T,12965,13363,49.25,56.5
2025_11_12,13363,1762977995,25545.0,B,13240,13686,56.5,94.25
2025_11_12,13686,1762979610,25639.25,T,13363,13750,94.25,39.75
2025_11_12,13750,1762979930,25599.5,B,13686,13907,39.75,52.0
2025_11_12,13907,1762980715,25651.5,T,13750,13991,52.0,58.5
2025_11_12,13991,1762981135,25593.0,B,13907,14161,58.5,61.5
2025_11_12,14161,1762981985,25654.5,T,13991,14721,61.5,127.0
2025_11_12,14721,1762988695,25527.5,B,14161,14841,127.0,42.25
2025_11_12,14841,1762989295,25569.75,T,14721,14939,42.25,34.5
2025_11_12,14939,1762989820,25535.25,B,14841,15029,34.5,31.25
2025_11_12,15029,1762990300,25566.5,T,14939,15264,31.25,65.0
2025_11_13,121,1762992620,25600.0,T,2,596,61.5,51.5
2025_11_13,596,1762995145,25548.5,B,121,803,51.5,152.0
2025_11_13,803,1762996200,25700.5,T,596,806,152.0,31.0
2025_11_13,806,1762996215,25669.5,B,803,824,31.0,50.5
2025_11_13,824,1762996305,25720.0,T,806,868,50.5,42.0
2025_11_13,868,1762996525,25678.0,B,824,902,42.0,34.25
2025_11_13,902,1762996695,25712.25,T,868,1028,34.25,53.5
2025_11_13,1028,1762997325,25658.75,B,902,1182,53.5,55.25
2025_11_13,1182,1762998105,25714.0,T,1028,1518,55.25,51.25
2025_11_13,1518,1762999890,25662.75,B,1182,1587,51.25,34.25
2025_11_13,1587,1763000245,25697.0,T,1518,2196,34.25,63.5
2025_11_13,2196,1763003760,25633.5,B,1587,2358,63.5,59.75
2025_11_13,2358,1763004665,25693.25,T,2196,2526,59.75,34.5
2025_11_13,2526,1763005585,25658.75,B,2358,4208,34.5,62.75
2025_11_13,4208,1763016330,25721.5,T,2526,5188,62.75,78.0
2025_11_13,5188,1763021870,25643.5,B,4208,5281,78.0,43.75
2025_11_13,5281,1763022355,25687.25,T,5188,5336,43.75,32.0
2025_11_13,5336,1763022655,25655.25,B,5281,5568,32.0,31.5
2025_11_13,5568,1763023960,25686.75,T,5336,6102,31.5,155.5
2025_11_13,6102,1763026720,25531.25,B,5568,6763,155.5,98.0
2025_11_13,6763,1763030175,25629.25,T,6102,6995,98.0,41.25
2025_11_13,6995,1763031440,25588.0,B,6763,7209,41.25,39.0
2025_11_13,7209,1763032590,25627.0,T,6995,7444,39.0,79.0
2025_11_13,7444,1763033800,25548.0,B,7209,7614,79.0,47.0
2025_11_13,7614,1763034685,25595.0,T,7444,7830,47.0,44.5
2025_11_13,7830,1763035790,25550.5,B,7614,8237,44.5,65.25
2025_11_13,8237,1763037960,25615.75,T,7830,8458,65.25,48.75
2025_11_13,8458,1763039095,25567.0,B,8237,8601,48.75,30.0
2025_11_13,8601,1763039835,25597.0,T,8458,8659,30.0,50.5
2025_11_13,8659,1763040125,25546.5,B,8601,8749,50.5,30.0
2025_11_13,8749,1763040615,25576.5,T,8659,8854,30.0,71.75
2025_11_13,8854,1763041145,25504.75,B,8749,9000,71.75,40.25
2025_11_13,9000,1763041875,25545.0,T,8854,9228,40.25,110.0
2025_11_13,9228,1763043015,25435.0,B,9000,9409,110.0,61.5
2025_11_13,9409,1763043920,25496.5,T,9228,9449,61.5,46.0
2025_11_13,9449,1763044120,25450.5,B,9409,9465,46.0,51.5
2025_11_13,9465,1763044200,25502.0,T,9449,9480,51.5,68.5
2025_11_13,9480,1763044275,25433.5,B,9465,9507,68.5,43.25
2025_11_13,9507,1763044410,25476.75,T,9480,9556,43.25,121.25
2025_11_13,9556,1763044655,25355.5,B,9507,9576,121.25,30.75
2025_11_13,9576,1763044755,25386.25,T,9556,9586,30.75,44.75
2025_11_13,9586,1763044805,25341.5,B,9576,9597,44.75,34.75
2025_11_13,9597,1763044860,25376.25,T,9586,9615,34.75,58.5
2025_11_13,9615,1763044950,25317.75,B,9597,9616,58.5,34.25
2025_11_13,9616,1763044955,25352.0,T,9615,9646,34.25,71.75
2025_11_13,9646,1763045105,25280.25,B,9616,9696,71.75,64.0
2025_11_13,9696,1763045355,25344.25,T,9646,9702,64.0,36.75
2025_11_13,9702,1763045385,25307.5,B,9696,9742,36.75,80.25
2025_11_13,9742,1763045585,25387.75,T,9702,9767,80.25,37.75
2025_11_13,9767,1763045710,25350.0,B,9742,9791,37.75,67.75
2025_11_13,9791,1763045830,25417.75,T,9767,9824,67.75,38.25
2025_11_13,9824,1763045995,25379.5,B,9791,9829,38.25,34.0
2025_11_13,9829,1763046020,25413.5,T,9824,9882,34.0,89.75
2025_11_13,9882,1763046285,25323.75,B,9829,10024,89.75,173.0
2025_11_13,10024,1763046995,25496.75,T,9882,10103,173.0,112.5
2025_11_13,10103,1763047390,25384.25,B,10024,10120,112.5,39.0
2025_11_13,10120,1763047475,25423.25,T,10103,10282,39.0,134.25
2025_11_13,10282,1763048285,25289.0,B,10120,10317,134.25,46.75
2025_11_13,10317,1763048460,25335.75,T,10282,10492,46.75,138.75
2025_11_13,10492,1763049335,25197.0,B,10317,10562,138.75,80.75
2025_11_13,10562,1763049685,25277.75,T,10492,10631,80.75,85.75
2025_11_13,10631,1763050030,25192.0,B,10562,10662,85.75,44.75
2025_11_13,10662,1763050185,25236.75,T,10631,10683,44.75,34.25
2025_11_13,10683,1763050290,25202.5,B,10662,10734,34.25,53.0
2025_11_13,10734,1763050545,25255.5,T,10683,10776,53.0,73.5
2025_11_13,10776,1763050755,25182.0,B,10734,10798,73.5,44.25
2025_11_13,10798,1763050865,25226.25,T,10776,10808,44.25,31.0
2025_11_13,10808,1763050915,25195.25,B,10798,10829,31.0,51.25
2025_11_13,10829,1763051020,25246.5,T,10808,10855,51.25,60.0
2025_11_13,10855,1763051150,25186.5,B,10829,10967,60.0,76.75
2025_11_13,10967,1763051710,25263.25,T,10855,11074,76.75,104.25
2025_11_13,11074,1763052245,25159.0,B,10967,11117,104.25,52.25
2025_11_13,11117,1763052460,25211.25,T,11074,11132,52.25,41.0
2025_11_13,11132,1763052535,25170.25,B,11117,11166,41.0,51.0
2025_11_13,11166,1763052705,25221.25,T,11132,11223,51.0,58.25
2025_11_13,11223,1763052990,25163.0,B,11166,11277,58.25,53.5
2025_11_13,11277,1763053260,25216.5,T,11223,11300,53.5,43.5
2025_11_13,11300,1763053375,25173.0,B,11277,11327,43.5,52.5
2025_11_13,11327,1763053510,25225.5,T,11300,11332,52.5,30.25
2025_11_13,11332,1763053535,25195.25,B,11327,11357,30.25,39.5
2025_11_13,11357,1763053660,25234.75,T,11332,11400,39.5,83.5
2025_11_13,11400,1763053875,25151.25,B,11357,11410,83.5,40.5
2025_11_13,11410,1763053925,25191.75,T,11400,11424,40.5,34.0
2025_11_13,11424,1763053995,25157.75,B,11410,11480,34.0,65.25
2025_11_13,11480,1763054275,25223.0,T,11424,11490,65.25,30.5
2025_11_13,11490,1763054325,25192.5,B,11480,11559,30.5,45.25
2025_11_13,11559,1763054670,25237.75,T,11490,11587,45.25,31.0
2025_11_13,11587,1763054810,25206.75,B,11559,11678,31.0,48.0
2025_11_13,11678,1763055265,25254.75,T,11587,11719,48.0,50.25
2025_11_13,11719,1763055470,25204.5,B,11678,11745,50.25,37.5
2025_11_13,11745,1763055600,25242.0,T,11719,11820,37.5,97.25
2025_11_13,11820,1763055975,25144.75,B,11745,11863,97.25,37.5
2025_11_13,11863,1763056190,25182.25,T,11820,12054,37.5,57.0
2025_11_13,12054,1763057145,25125.25,B,11863,12070,57.0,40.75
2025_11_13,12070,1763057225,25166.0,T,12054,12110,40.75,51.75
2025_11_13,12110,1763057425,25114.25,B,12070,12159,51.75,47.0
2025_11_13,12159,1763057670,25161.25,T,12110,12245,47.0,67.25
2025_11_13,12245,1763058100,25094.0,B,12159,12265,67.25,34.5
2025_11_13,12265,1763058200,25128.5,T,12245,12472,34.5,115.75
2025_11_13,12472,1763059235,25012.75,B,12265,12492,115.75,31.75
2025_11_13,12492,1763059335,25044.5,T,12472,12500,31.75,30.0
2025_11_13,12500,1763059375,25014.5,B,12492,12530,30.0,65.0
2025_11_13,12530,1763059525,25079.5,T,12500,12547,65.0,43.0
2025_11_13,12547,1763059610,25036.5,B,12530,12566,43.0,35.0
2025_11_13,12566,1763059705,25071.5,T,12547,12602,35.0,34.0
2025_11_13,12602,1763059885,25037.5,B,12566,12705,34.0,44.5
2025_11_13,12705,1763060400,25082.0,T,12602,12748,44.5,59.5
2025_11_13,12748,1763060615,25022.5,B,12705,12782,59.5,35.5
2025_11_13,12782,1763060785,25058.0,T,12748,12808,35.5,35.0
2025_11_13,12808,1763060915,25023.0,B,12782,12830,35.0,36.25
2025_11_13,12830,1763061025,25059.25,T,12808,12879,36.25,41.25
2025_11_13,12879,1763061270,25018.0,B,12830,13065,41.25,109.0
2025_11_13,13065,1763062200,25127.0,T,12879,13071,109.0,39.0
2025_11_13,13071,1763062230,25088.0,B,13065,13151,39.0,44.5
2025_11_13,13151,1763062630,25132.5,T,13071,13213,44.5,70.25
2025_11_13,13213,1763062940,25062.25,B,13151,13245,70.25,40.75
2025_11_13,13245,1763063100,25103.0,T,13213,13290,40.75,57.25
2025_11_13,13290,1763063325,25045.75,B,13245,13306,57.25,43.0
2025_11_13,13306,1763063405,25088.75,T,13290,13367,43.0,86.25
2025_11_13,13367,1763063710,25002.5,B,13306,13469,86.25,72.25
2025_11_13,13469,1763064220,25074.75,T,13367,13520,72.25,48.0
2025_11_13,13520,1763064475,25026.75,B,13469,13589,48.0,54.75
2025_11_13,13589,1763064820,25081.5,T,13520,13680,54.75,66.5
2025_11_13,13680,1763065275,25015.0,B,13589,13920,66.5,130.0
2025_11_13,13920,1763066475,25145.0,T,13680,13950,130.0,45.75
2025_11_13,13950,1763066625,25099.25,B,13920,13995,45.75,35.75
2025_11_13,13995,1763066850,25135.0,T,13950,14026,35.75,54.75
2025_11_13,14026,1763067005,25080.25,B,13995,14048,54.75,45.75
2025_11_13,14048,1763067115,25126.0,T,14026,14083,45.75,92.5
2025_11_13,14083,1763067290,25033.5,B,14048,14347,92.5,133.5
2025_11_13,14347,1763068610,25167.0,T,14083,14829,133.5,87.5
2025_11_13,14829,1763071080,25079.5,B,14347,14937,87.5,68.0
2025_11_13,14937,1763075220,25147.5,T,14829,15038,68.0,43.5
2025_11_13,15038,1763075755,25104.0,B,14937,15208,43.5,47.75
2025_11_14,420,1763080650,25143.75,T,76,583,48.75,42.75
2025_11_14,583,1763081515,25101.0,B,420,830,42.75,42.25
2025_11_14,830,1763082830,25143.25,T,583,999,42.25,39.75
2025_11_14,999,1763083710,25103.5,B,830,1090,39.75,45.75
2025_11_14,1090,1763084190,25149.25,T,999,1215,45.75,42.0
2025_11_14,1215,1763084850,25107.25,B,1090,1874,42.0,52.5
2025_11_14,1874,1763088690,25159.75,T,1215,2524,52.5,74.25
2025_11_14,2524,1763092480,25085.5,B,1874,2591,74.25,32.25
2025_11_14,2591,1763092830,25117.75,T,2524,2941,32.25,74.75
2025_11_14,2941,1763094635,25043.0,B,2591,3125,74.75,34.75
2025_11_14,3125,1763095570,25077.75,T,2941,3483,34.75,104.5
2025_11_14,3483,1763097385,24973.25,B,3125,3830,104.5,145.0
2025_11_14,3830,1763099130,25118.25,T,3483,4489,145.0,113.25
2025_11_14,4489,1763102535,25005.0,B,3830,4525,113.25,44.0
2025_11_14,4525,1763102715,25049.0,T,4489,4566,44.0,34.0
2025_11_14,4566,1763102920,25015.0,B,4525,4717,34.0,58.75
2025_11_14,4717,1763103700,25073.75,T,4566,4887,58.75,122.5
2025_11_14,4887,1763104550,24951.25,B,4717,4894,122.5,30.75
2025_11_14,4894,1763104585,24982.0,T,4887,4951,30.75,49.5
2025_11_14,4951,1763104870,24932.5,B,4894,5309,49.5,90.25
2025_11_14,5309,1763106700,25022.75,T,4951,5423,90.25,41.5
2025_11_14,5423,1763107270,24981.25,B,5309,5434,41.5,30.75
2025_11_14,5434,1763107325,25012.0,T,5423,5722,30.75,88.5
2025_11_14,5722,1763108770,24923.5,B,5434,5740,88.5,41.0
2025_11_14,5740,1763108860,24964.5,T,5722,5815,41.0,36.5
2025_11_14,5815,1763109235,24928.0,B,5740,5851,36.5,40.5
2025_11_14,5851,1763109415,24968.5,T,5815,5915,40.5,68.25
2025_11_14,5915,1763109735,24900.25,B,5851,5937,68.25,42.25
2025_11_14,5937,1763109845,24942.5,T,5915,5967,42.25,33.75
2025_11_14,5967,1763109995,24908.75,B,5937,6163,33.75,131.0
2025_11_14,6163,1763110975,25039.75,T,5967,6714,131.0,111.0
2025_11_14,6714,1763113765,24928.75,B,6163,6733,111.0,38.25
2025_11_14,6733,1763113860,24967.0,T,6714,6842,38.25,39.5
2025_11_14,6842,1763114435,24927.5,B,6733,6987,39.5,58.5
2025_11_14,6987,1763115165,24986.0,T,6842,7123,58.5,32.5
2025_11_14,7123,1763115875,24953.5,B,6987,7268,32.5,40.75
2025_11_14,7268,1763116685,24994.25,T,7123,7769,40.75,176.25
2025_11_14,7769,1763119325,24818.0,B,7268,7796,176.25,33.0
2025_11_14,7796,1763119460,24851.0,T,7769,8069,33.0,73.0
2025_11_14,8069,1763120835,24778.0,B,7796,8081,73.0,34.75
2025_11_14,8081,1763120895,24812.75,T,8069,8124,34.75,37.0
2025_11_14,8124,1763121110,24775.75,B,8081,8219,37.0,57.75
2025_11_14,8219,1763121585,24833.5,T,8124,8474,57.75,100.25
2025_11_14,8474,1763122860,24733.25,B,8219,8563,100.25,50.25
2025_11_14,8563,1763123305,24783.5,T,8474,8748,50.25,113.0
2025_11_14,8748,1763124230,24670.5,B,8563,8871,113.0,72.75
2025_11_14,8871,1763124845,24743.25,T,8748,8905,72.75,33.5
2025_11_14,8905,1763125015,24709.75,B,8871,9001,33.5,56.5
2025_11_14,9001,1763125495,24766.25,T,8905,9103,56.5,53.5
2025_11_14,9103,1763126005,24712.75,B,9001,9124,53.5,43.0
2025_11_14,9124,1763126110,24755.75,T,9103,9233,43.0,85.25
2025_11_14,9233,1763126655,24670.5,B,9124,9287,85.25,45.0
2025_11_14,9287,1763126925,24715.5,T,9233,9309,45.0,32.75
2025_11_14,9309,1763127035,24682.75,B,9287,9322,32.75,44.5
2025_11_14,9322,1763127100,24727.25,T,9309,9472,44.5,70.25
2025_11_14,9472,1763127850,24657.0,B,9322,9584,70.25,82.5
2025_11_14,9584,1763128410,24739.5,T,9472,9641,82.5,42.0
2025_11_14,9641,1763128695,24697.5,B,9584,9742,42.0,56.0
2025_11_14,9742,1763129200,24753.5,T,9641,9802,56.0,31.0
2025_11_14,9802,1763129500,24722.5,B,9742,9899,31.0,41.25
2025_11_14,9899,1763129985,24763.75,T,9802,9997,41.25,48.0
2025_11_14,9997,1763130475,24715.75,B,9899,10028,48.0,44.5
2025_11_14,10028,1763130630,24760.25,T,9997,10062,44.5,134.25
2025_11_14,10062,1763130800,24626.0,B,10028,10097,134.25,155.75
2025_11_14,10097,1763130975,24781.75,T,10062,10097,155.75,30.0
2025_11_14,10097,1763130975,24751.75,B,10097,10109,30.0,46.25
2025_11_14,10109,1763131035,24798.0,T,10097,10116,46.25,37.75
2025_11_14,10116,1763131070,24760.25,B,10109,10129,37.75,58.5
2025_11_14,10129,1763131135,24818.75,T,10116,10142,58.5,41.25
2025_11_14,10142,1763131200,24777.5,B,10129,10162,41.25,61.25
2025_11_14,10162,1763131300,24838.75,T,10142,10173,61.25,58.75
2025_11_14,10173,1763131355,24780.0,B,10162,10252,58.75,136.5
2025_11_14,10252,1763131750,24916.5,T,10173,10271,136.5,57.75
2025_11_14,10271,1763131845,24858.75,B,10252,10313,57.75,96.0
2025_11_14,10313,1763132055,24954.75,T,10271,10319,96.0,37.75
2025_11_14,10319,1763132085,24917.0,B,10313,10341,37.75,53.25
2025_11_14,10341,1763132195,24970.25,T,10319,10366,53.25,36.0
2025_11_14,10366,1763132320,24934.25,B,10341,10374,36.0,35.75
2025_11_14,10374,1763132360,24970.0,T,10366,10404,35.75,66.0
2025_11_14,10404,1763132510,24904.0,B,10374,10432,66.0,54.75
2025_11_14,10432,1763132650,24958.75,T,10404,10442,54.75,63.5
2025_11_14,10442,1763132700,24895.25,B,10432,10465,63.5,88.75
2025_11_14,10465,1763132815,24984.0,T,10442,10475,88.75,71.25
2025_11_14,10475,1763132865,24912.75,B,10465,10487,71.25,30.25
2025_11_14,10487,1763132925,24943.0,T,10475,10491,30.25,31.0
2025_11_14,10491,1763132945,24912.0,B,10487,10511,31.0,60.75
2025_11_14,10511,1763133045,24972.75,T,10491,10550,60.75,109.5
2025_11_14,10550,1763133240,24863.25,B,10511,10592,109.5,123.75
2025_11_14,10592,1763133450,24987.0,T,10550,10619,123.75,64.5
2025_11_14,10619,1763133585,24922.5,B,10592,10632,64.5,33.5
2025_11_14,10632,1763133650,24956.0,T,10619,10638,33.5,42.75
2025_11_14,10638,1763133680,24913.25,B,10632,10655,42.75,49.0
2025_11_14,10655,1763133765,24962.25,T,10638,10666,49.0,53.5
2025_11_14,10666,1763133820,24908.75,B,10655,10669,53.5,32.5
2025_11_14,10669,1763133835,24941.25,T,10666,10675,32.5,31.5
2025_11_14,10675,1763133865,24909.75,B,10669,10677,31.5,31.25
2025_11_14,10677,1763133875,24941.0,T,10675,10693,31.25,39.0
2025_11_14,10693,1763133955,24902.0,B,10677,10728,39.0,126.5
2025_11_14,10728,1763134130,25028.5,T,10693,10735,126.5,30.75
2025_11_14,10735,1763134165,24997.75,B,10728,10749,30.75,30.25
2025_11_14,10749,1763134235,25028.0,T,10735,10763,30.25,50.75
2025_11_14,10763,1763134305,24977.25,B,10749,10781,50.75,46.25
2025_11_14,10781,1763134395,25023.5,T,10763,10784,46.25,30.25
2025_11_14,10784,1763134410,24993.25,B,10781,10960,30.25,185.75
2025_11_14,10960,1763135290,25179.0,T,10784,11063,185.75,81.0
2025_11_14,11063,1763135805,25098.0,B,10960,11105,81.0,63.25
2025_11_14,11105,1763136015,25161.25,T,11063,11172,63.25,92.25
2025_11_14,11172,1763136350,25069.0,B,11105,11180,92.25,36.75
2025_11_14,11180,1763136390,25105.75,T,11172,11196,36.75,34.25
2025_11_14,11196,1763136470,25071.5,B,11180,11445,34.25,196.75
2025_11_14,11445,1763137715,25268.25,T,11196,11514,196.75,61.0
2025_11_14,11514,1763138060,25207.25,B,11445,11601,61.0,59.25
2025_11_14,11601,1763138495,25266.5,T,11514,11680,59.25,90.25
2025_11_14,11680,1763138890,25176.25,B,11601,11778,90.25,82.5
2025_11_14,11778,1763139380,25258.75,T,11680,11832,82.5,37.0
2025_11_14,11832,1763139650,25221.75,B,11778,11903,37.0,40.0
2025_11_14,11903,1763140005,25261.75,T,11832,11915,40.0,31.25
2025_11_14,11915,1763140065,25230.5,B,11903,11964,31.25,62.75
2025_11_14,11964,1763140310,25293.25,T,11915,12166,62.75,61.5
2025_11_14,12166,1763141320,25231.75,B,11964,12182,61.5,34.0
2025_11_14,12182,1763141400,25265.75,T,12166,12215,34.0,41.5
2025_11_14,12215,1763141565,25224.25,B,12182,12289,41.5,60.25
2025_11_14,12289,1763141935,25284.5,T,12215,12443,60.25,124.25
2025_11_14,12443,1763142705,25160.25,B,12289,12470,124.25,60.5
2025_11_14,12470,1763142840,25220.75,T,12443,12612,60.5,99.5
2025_11_14,12612,1763143550,25121.25,B,12470,12717,99.5,103.0
2025_11_14,12717,1763144075,25224.25,T,12612,12825,103.0,101.75
2025_11_14,12825,1763144615,25122.5,B,12717,12913,101.75,67.25
2025_11_14,12913,1763145055,25189.75,T,12825,12919,67.25,41.0
2025_11_14,12919,1763145085,25148.75,B,12913,12948,41.0,40.5
2025_11_14,12948,1763145230,25189.25,T,12919,13080,40.5,101.0
2025_11_14,13080,1763145890,25088.25,B,12948,13209,101.0,109.75
2025_11_14,13209,1763146535,25198.0,T,13080,13331,109.75,67.25
2025_11_14,13331,1763147145,25130.75,B,13209,13342,67.25,38.0
2025_11_14,13342,1763147200,25168.75,T,13331,13371,38.0,44.25
2025_11_14,13371,1763147345,25124.5,B,13342,13389,44.25,33.5
2025_11_14,13389,1763147435,25158.0,T,13371,13404,33.5,33.0
2025_11_14,13404,1763147510,25125.0,B,13389,13559,33.0,96.25
2025_11_14,13559,1763148285,25221.25,T,13404,13585,96.25,39.25
2025_11_14,13585,1763148415,25182.0,B,13559,13633,39.25,37.0
2025_11_14,13633,1763148655,25219.0,T,13585,13666,37.0,35.5
2025_11_14,13666,1763148820,25183.5,B,13633,13833,35.5,58.25
2025_11_14,13833,1763149655,25241.75,T,13666,13850,58.25,39.75
2025_11_14,13850,1763149740,25202.0,B,13833,13892,39.75,38.0
2025_11_14,13892,1763149950,25240.0,T,13850,13932,38.0,33.0
2025_11_14,13932,1763150150,25207.0,B,13892,14010,33.0,44.25
2025_11_14,14010,1763150540,25251.25,T,13932,14251,44.25,128.75
2025_11_14,14251,1763151745,25122.5,B,14010,14390,128.75,41.0
2025_11_14,14390,1763152440,25163.5,T,14251,14582,41.0,92.25
2025_11_14,14582,1763153400,25071.25,B,14390,14599,92.25,43.25
2025_11_14,14599,1763153485,25114.5,T,14582,14696,43.25,37.75
2025_11_14,14696,1763153970,25076.75,B,14599,14702,37.75,34.25
2025_11_14,14702,1763154000,25111.0,T,14696,14718,34.25,35.0
2025_11_14,14718,1763154080,25076.0,B,14702,14741,35.0,33.75
2025_11_14,14741,1763154195,25109.75,T,14718,14783,33.75,32.75
2025_11_14,14783,1763154405,25077.0,B,14741,14959,32.75,85.5
2025_11_16,6,1763334030,25078.0,B,2,6,66.5,30.0
2025_11_16,6,1763334030,25108.0,T,6,30,30.0,82.25
2025_11_16,30,1763334150,25025.75,B,6,49,82.25,33.5
2025_11_16,49,1763334245,25059.25,T,30,62,33.5,37.25
2025_11_16,62,1763334310,25022.0,B,49,106,37.25,66.5
2025_11_16,106,1763334530,25088.5,T,62,122,66.5,32.0
2025_11_17,116,1763338220,25125.0,B,41,137,59.5,34.0
2025_11_17,137,1763338325,25159.0,T,116,259,34.0,45.0
2025_11_17,259,1763338945,25114.0,B,137,575,45.0,129.5
2025_11_17,575,1763340570,25243.5,T,259,745,129.5,37.5
2025_11_17,745,1763341455,25206.0,B,575,959,37.5,51.5
2025_11_17,959,1763342525,25257.5,T,745,1349,51.5,59.75
2025_11_17,1349,1763344550,25197.75,B,959,1478,59.75,50.0
2025_11_17,1478,1763345235,25247.75,T,1349,1497,50.0,36.75
2025_11_17,1497,1763345330,25211.0,B,1478,1602,36.75,35.5
2025_11_17,1602,1763345880,25246.5,T,1497,1716,35.5,42.0
2025_11_17,1716,1763346515,25204.5,B,1602,2109,42.0,65.25
2025_11_17,2109,1763348655,25269.75,T,1716,2416,65.25,33.25
2025_11_17,2416,1763350375,25236.5,B,2109,3342,33.25,49.75
2025_11_17,3342,1763355955,25286.25,T,2416,4010,49.75,47.5
2025_11_17,4010,1763359860,25238.75,B,3342,4140,47.5,32.5
2025_11_17,4140,1763360590,25271.25,T,4010,4433,32.5,42.25
2025_11_17,4433,1763362270,25229.0,B,4140,5889,42.25,132.25
2025_11_17,5889,1763369835,25361.25,T,4433,5967,132.25,61.0
2025_11_17,5967,1763370225,25300.25,B,5889,6051,61.0,33.0
2025_11_17,6051,1763370665,25333.25,T,5967,6344,33.0,68.75
2025_11_17,6344,1763372220,25264.5,B,6051,6477,68.75,30.75
2025_11_17,6477,1763372920,25295.25,T,6344,6957,30.75,91.0
2025_11_17,6957,1763375480,25204.25,B,6477,7031,91.0,42.25
2025_11_17,7031,1763375870,25246.5,T,6957,7201,42.25,77.75
2025_11_17,7201,1763376740,25168.75,B,7031,7689,77.75,75.75
2025_11_17,7689,1763379280,25244.5,T,7201,7821,75.75,52.5
2025_11_17,7821,1763379980,25192.0,B,7689,7919,52.5,35.75
2025_11_17,7919,1763380510,25227.75,T,7821,8134,35.75,87.75
2025_11_17,8134,1763381615,25140.0,B,7919,8281,87.75,35.25
2025_11_17,8281,1763382370,25175.25,T,8134,8333,35.25,43.25
2025_11_17,8333,1763382635,25132.0,B,8281,8376,43.25,30.25
2025_11_17,8376,1763382855,25162.25,T,8333,8827,30.25,106.25
2025_11_17,8827,1763385145,25056.0,B,8376,8892,106.25,56.75
2025_11_17,8892,1763385470,25112.75,T,8827,9288,56.75,102.75
2025_11_17,9288,1763387450,25010.0,B,8892,9397,102.75,69.75
2025_11_17,9397,1763387995,25079.75,T,9288,9561,69.75,64.5
2025_11_17,9561,1763388815,25015.25,B,9397,9675,64.5,36.75
2025_11_17,9675,1763389385,25052.0,T,9561,9767,36.75,97.0
2025_11_17,9767,1763389845,24955.0,B,9675,9782,97.0,84.0
2025_11_17,9782,1763389920,25039.0,T,9767,9782,84.0,30.25
2025_11_17,9782,1763389920,25008.75,B,9782,9850,30.25,169.0
2025_11_17,9850,1763390260,25177.75,T,9782,9860,169.0,36.25
2025_11_17,9860,1763390310,25141.5,B,9850,9894,36.25,44.0
2025_11_17,9894,1763390480,25185.5,T,9860,9905,44.0,43.5
2025_11_17,9905,1763390535,25142.0,B,9894,9921,43.5,57.75
2025_11_17,9921,1763390615,25199.75,T,9905,9935,57.75,52.25
2025_11_17,9935,1763390685,25147.5,B,9921,10027,52.25,105.5
2025_11_17,10027,1763391145,25253.0,T,9935,10041,105.5,38.0
2025_11_17,10041,1763391215,25215.0,B,10027,10067,38.0,39.0
2025_11_17,10067,1763391345,25254.0,T,10041,10173,39.0,153.0
2025_11_17,10173,1763391875,25101.0,B,10067,10195,153.0,58.0
2025_11_17,10195,1763391985,25159.0,T,10173,10234,58.0,98.25
2025_11_17,10234,1763392180,25060.75,B,10195,10272,98.25,82.75
2025_11_17,10272,1763392370,25143.5,T,10234,10280,82.75,31.0
2025_11_17,10280,1763392410,25112.5,B,10272,10286,31.0,32.5
2025_11_17,10286,1763392440,25145.0,T,10280,10331,32.5,57.75
2025_11_17,10331,1763392665,25087.25,B,10286,10337,57.75,30.25
2025_11_17,10337,1763392695,25117.5,T,10331,10354,30.25,63.75
2025_11_17,10354,1763392780,25053.75,B,10337,10369,63.75,46.25
2025_11_17,10369,1763392855,25100.0,T,10354,10375,46.25,35.5
2025_11_17,10375,1763392885,25064.5,B,10369,10412,35.5,63.25
2025_11_17,10412,1763393070,25127.75,T,10375,10428,63.25,57.75
2025_11_17,10428,1763393150,25070.0,B,10412,10466,57.75,88.0
2025_11_17,10466,1763393340,25158.0,T,10428,10522,88.0,99.75
2025_11_17,10522,1763393620,25058.25,B,10466,10570,99.75,56.0
2025_11_17,10570,1763393860,25114.25,T,10522,10603,56.0,53.25
2025_11_17,10603,1763394025,25061.0,B,10570,10673,53.25,79.5
2025_11_17,10673,1763394375,25140.5,T,10603,10677,79.5,31.75
2025_11_17,10677,1763394395,25108.75,B,10673,10700,31.75,41.75
2025_11_17,10700,1763394510,25150.5,T,10677,10742,41.75,73.0
2025_11_17,10742,1763394720,25077.5,B,10700,10756,73.0,44.25
2025_11_17,10756,1763394790,25121.75,T,10742,10831,44.25,62.25
2025_11_17,10831,1763395165,25059.5,B,10756,10838,62.25,37.75
2025_11_17,10838,1763395200,25097.25,T,10831,10868,37.75,67.75
2025_11_17,10868,1763395350,25029.5,B,10838,10899,67.75,30.25
2025_11_17,10899,1763395505,25059.75,T,10868,10934,30.25,67.5
2025_11_17,10934,1763395680,24992.25,B,10899,10960,67.5,33.0
2025_11_17,10960,1763395810,25025.25,T,10934,11031,33.0,77.5
2025_11_17,11031,1763396165,24947.75,B,10960,11061,77.5,31.5
2025_11_17,11061,1763396315,24979.25,T,11031,11081,31.5,34.25
2025_11_17,11081,1763396415,24945.0,B,11061,11230,34.25,165.0
2025_11_17,11230,1763397160,25110.0,T,11081,11265,165.0,31.5
2025_11_17,11265,1763397335,25078.5,B,11230,11477,31.5,107.5
2025_11_17,11477,1763398395,25186.0,T,11265,11506,107.5,35.25
2025_11_17,11506,1763398540,25150.75,B,11477,11547,35.25,50.25
2025_11_17,11547,1763398745,25201.0,T,11506,11791,50.25,77.75
2025_11_17,11791,1763399965,25123.25,B,11547,11830,77.75,38.25
2025_11_17,11830,1763400160,25161.5,T,11791,11903,38.25,35.0
2025_11_17,11903,1763400525,25126.5,B,11830,11983,35.0,38.25
2025_11_17,11983,1763400925,25164.75,T,11903,12111,38.25,126.5
2025_11_17,12111,1763401565,25038.25,B,11983,12155,126.5,40.25
2025_11_17,12155,1763401785,25078.5,T,12111,12382,40.25,124.5
2025_11_17,12382,1763402920,24954.0,B,12155,12406,124.5,58.0
2025_11_17,12406,1763403040,25012.0,T,12382,12426,58.0,46.0
2025_11_17,12426,1763403140,24966.0,B,12406,12452,46.0,31.25
2025_11_17,12452,1763403270,24997.25,T,12426,12470,31.25,31.25
2025_11_17,12470,1763403360,24966.0,B,12452,12538,31.25,49.5
2025_11_17,12538,1763403700,25015.5,T,12470,12659,49.5,57.5
2025_11_17,12659,1763404305,24958.0,B,12538,12858,57.5,92.75
2025_11_17,12858,1763405300,25050.75,T,12659,13045,92.75,199.75
2025_11_17,13045,1763406235,24851.0,B,12858,13147,199.75,60.5
2025_11_17,13147,1763406745,24911.5,T,13045,13338,60.5,86.5
2025_11_17,13338,1763407700,24825.0,B,13147,13362,86.5,60.5
2025_11_17,13362,1763407820,24885.5,T,13338,13481,60.5,107.25
2025_11_17,13481,1763408415,24778.25,B,13362,13527,107.25,45.5
2025_11_17,13527,1763408645,24823.75,T,13481,13566,45.5,52.25
2025_11_17,13566,1763408840,24771.5,B,13527,13610,52.25,45.5
2025_11_17,13610,1763409060,24817.0,T,13566,13685,45.5,57.0
2025_11_17,13685,1763409435,24760.0,B,13610,13696,57.0,32.5
2025_11_17,13696,1763409490,24792.5,T,13685,13763,32.5,60.75
2025_11_17,13763,1763409825,24731.75,B,13696,13787,60.75,58.25
2025_11_17,13787,1763409945,24790.0,T,13763,13829,58.25,40.0
2025_11_17,13829,1763410155,24750.0,B,13787,13867,40.0,47.5
2025_11_17,13867,1763410345,24797.5,T,13829,13899,47.5,53.0
2025_11_17,13899,1763410505,24744.5,B,13867,13944,53.0,68.0
2025_11_17,13944,1763410730,24812.5,T,13899,13978,68.0,49.75
2025_11_17,13978,1763410900,24762.75,B,13944,14024,49.75,44.75
2025_11_17,14024,1763411130,24807.5,T,13978,14070,44.75,34.75
2025_11_17,14070,1763411360,24772.75,B,14024,14094,34.75,41.5
2025_11_17,14094,1763411480,24814.25,T,14070,14132,41.5,53.5
2025_11_17,14132,1763411670,24760.75,B,14094,14155,53.5,45.0
2025_11_17,14155,1763411785,24805.75,T,14132,14198,45.0,43.75
2025_11_17,14198,1763412000,24762.0,B,14155,14334,43.75,125.0
2025_11_17,14334,1763412680,24887.0,T,14198,14359,125.0,66.75
2025_11_17,14359,1763412805,24820.25,B,14334,14390,66.75,65.75
2025_11_17,14390,1763412960,24886.0,T,14359,14403,65.75,35.25
2025_11_17,14403,1763413025,24850.75,B,14390,14426,35.25,37.5
2025_11_17,14426,1763413140,24888.25,T,14403,14428,37.5,30.75
2025_11_17,14428,1763413150,24857.5,B,14426,14616,30.75,68.75
2025_11_17,14616,1763414090,24926.25,T,14428,14940,68.75,49.0
2025_11_17,14940,1763415775,24877.25,B,14616,15208,49.0,77.25
2025_11_17,15208,1763420765,24954.5,T,14940,15359,77.25,72.5
2025_11_17,15359,1763421560,24882.0,B,15208,15591,72.5,60.25
2025_11_18,215,1763425150,24864.0,B,28,260,74.0,32.0
2025_11_18,260,1763425375,24896.0,T,215,514,32.0,65.75
2025_11_18,514,1763426675,24830.25,B,260,606,65.75,61.25
2025_11_18,606,1763427135,24891.5,T,514,692,61.25,40.0
2025_11_18,692,1763427595,24851.5,B,606,712,40.0,34.5
2025_11_18,712,1763427695,24886.0,T,692,741,34.5,33.25
2025_11_18,741,1763427840,24852.75,B,712,974,33.25,104.25
2025_11_18,974,1763429035,24957.0,T,741,1042,104.25,49.25
2025_11_18,1042,1763429380,24907.75,B,974,1243,49.25,51.75
2025_11_18,1243,1763430405,24959.5,T,1042,1486,51.75,37.25
2025_11_18,1486,1763431720,24922.25,B,1243,1512,37.25,31.5
2025_11_18,1512,1763431850,24953.75,T,1486,1596,31.5,44.5
2025_11_18,1596,1763432305,24909.25,B,1512,1645,44.5,32.0
2025_11_18,1645,1763432565,24941.25,T,1596,2177,32.0,140.75
2025_11_18,2177,1763435315,24800.5,B,1645,2321,140.75,40.5
2025_11_18,2321,1763436035,24841.0,T,2177,2518,40.5,56.0
2025_11_18,2518,1763437040,24785.0,B,2321,2547,56.0,36.5
2025_11_18,2547,1763437185,24821.5,T,2518,2699,36.5,59.5
2025_11_18,2699,1763437955,24762.0,B,2547,2761,59.5,33.75
2025_11_18,2761,1763438265,24795.75,T,2699,3040,33.75,188.75
2025_11_18,3040,1763439660,24607.0,B,2761,3464,188.75,134.0
2025_11_18,3464,1763441790,24741.0,T,3040,3548,134.0,50.75
2025_11_18,3548,1763442210,24690.25,B,3464,3644,50.75,73.25
2025_11_18,3644,1763442690,24763.5,T,3548,3719,73.25,30.25
2025_11_18,3719,1763443080,24733.25,B,3644,3744,30.25,34.25
2025_11_18,3744,1763443205,24767.5,T,3719,3856,34.25,44.25
2025_11_18,3856,1763443785,24723.25,B,3744,4084,44.25,31.75
2025_11_18,4084,1763445015,24755.0,T,3856,4191,31.75,47.75
2025_11_18,4191,1763445570,24707.25,B,4084,4228,47.75,31.0
2025_11_18,4228,1763445760,24738.25,T,4191,4287,31.0,41.5
2025_11_18,4287,1763446065,24696.75,B,4228,4421,41.5,50.75
2025_11_18,4421,1763446755,24747.5,T,4287,4650,50.75,107.25
2025_11_18,4650,1763447965,24640.25,B,4421,4848,107.25,46.25
2025_11_18,4848,1763448985,24686.5,T,4650,4959,46.25,82.75
2025_11_18,4959,1763449560,24603.75,B,4848,4992,82.75,42.0
2025_11_18,4992,1763449725,24645.75,T,4959,5082,42.0,31.5
2025_11_18,5082,1763450190,24614.25,B,4992,5189,31.5,85.25
2025_11_18,5189,1763450725,24699.5,T,5082,5227,85.25,36.0
2025_11_18,5227,1763450915,24663.5,B,5189,5350,36.0,78.25
2025_11_18,5350,1763451535,24741.75,T,5227,5547,78.25,61.75
2025_11_18,5547,1763452525,24680.0,B,5350,5702,61.75,98.75
2025_11_18,5702,1763453310,24778.75,T,5547,5733,98.75,38.75
2025_11_18,5733,1763453465,24740.0,B,5702,5768,38.75,31.25
2025_11_18,5768,1763453640,24771.25,T,5733,5801,31.25,42.25
2025_11_18,5801,1763453805,24729.0,B,5768,5815,42.25,37.0
2025_11_18,5815,1763453875,24766.0,T,5801,5830,37.0,32.5
2025_11_18,5830,1763453950,24733.5,B,5815,6079,32.5,123.5
2025_11_18,6079,1763455215,24857.0,T,5830,6198,123.5,77.75
2025_11_18,6198,1763455810,24779.25,B,6079,6320,77.75,39.5
2025_11_18,6320,1763456420,24818.75,T,6198,6334,39.5,39.25
2025_11_18,6334,1763456490,24779.5,B,6320,6543,39.25,80.0
2025_11_18,6543,1763457550,24859.5,T,6334,6686,80.0,69.75
2025_11_18,6686,1763458285,24789.75,B,6543,6719,69.75,34.25
2025_11_18,6719,1763458450,24824.0,T,6686,6807,34.25,57.0
2025_11_18,6807,1763458890,24767.0,B,6719,6991,57.0,82.0
2025_11_18,6991,1763459835,24849.0,T,6807,7196,82.0,58.5
2025_11_18,7196,1763460900,24790.5,B,6991,7403,58.5,39.25
2025_11_18,7403,1763462000,24829.75,T,7196,7502,39.25,41.5
2025_11_18,7502,1763462505,24788.25,B,7403,7774,41.5,48.5
2025_11_18,7774,1763463990,24836.75,T,7502,7890,48.5,56.0
2025_11_18,7890,1763464575,24780.75,B,7774,7984,56.0,35.0
2025_11_18,7984,1763465075,24815.75,T,7890,8143,35.0,55.25
2025_11_18,8143,1763465910,24760.5,B,7984,8190,55.25,34.25
2025_11_18,8190,1763466145,24794.75,T,8143,8227,34.25,32.25
2025_11_18,8227,1763466330,24762.5,B,8190,8394,32.25,40.5
2025_11_18,8394,1763467195,24803.0,T,8227,8464,40.5,77.75
2025_11_18,8464,1763467545,24725.25,B,8394,8485,77.75,30.75
2025_11_18,8485,1763467650,24756.0,T,8464,8550,30.75,52.0
2025_11_18,8550,1763467975,24704.0,B,8485,8640,52.0,61.0
2025_11_18,8640,1763468425,24765.0,T,8550,8746,61.0,45.5
2025_11_18,8746,1763468955,24719.5,B,8640,8863,45.5,41.25
2025_11_18,8863,1763469550,24760.75,T,8746,8935,41.25,69.5
2025_11_18,8935,1763469910,24691.25,B,8863,8940,69.5,42.0
2025_11_18,8940,1763469935,24733.25,T,8935,9089,42.0,73.75
2025_11_18,9089,1763470690,24659.5,B,8940,9298,73.75,111.5
2025_11_18,9298,1763471745,24771.0,T,9089,9380,111.5,64.75
2025_11_18,9380,1763472155,24706.25,B,9298,9509,64.75,60.5
2025_11_18,9509,1763472800,24766.75,T,9380,9562,60.5,58.0
2025_11_18,9562,1763473065,24708.75,B,9509,9611,58.0,45.25
2025_11_18,9611,1763473310,24754.0,T,9562,9655,45.25,40.0
2025_11_18,9655,1763473530,24714.0,B,9611,9773,40.0,52.25
2025_11_18,9773,1763474120,24766.25,T,9655,9831,52.25,41.0
2025_11_18,9831,1763474410,24725.25,B,9773,9851,41.0,33.5
2025_11_18,9851,1763474510,24758.75,T,9831,10135,33.5,64.25
2025_11_18,10135,1763475930,24694.5,B,9851,10189,64.25,42.0
2025_11_18,10189,1763476200,24736.5,T,10135,10189,42.0,31.5
2025_11_18,10189,1763476200,24705.0,B,10189,10197,31.5,53.75
2025_11_18,10197,1763476240,24758.75,T,10189,10211,53.75,94.25
2025_11_18,10211,1763476310,24664.5,B,10197,10216,94.25,65.0
2025_11_18,10216,1763476335,24729.5,T,10211,10216,65.0,30.0
2025_11_18,10216,1763476335,24699.5,B,10216,10219,30.0,84.75
2025_11_18,10219,1763476350,24784.25,T,10216,10219,84.75,35.0
2025_11_18,10219,1763476350,24749.25,B,10219,10230,35.0,82.75
2025_11_18,10230,1763476405,24832.0,T,10219,10257,82.75,115.5
2025_11_18,10257,1763476540,24716.5,B,10230,10276,115.5,70.0
2025_11_18,10276,1763476635,24786.5,T,10257,10295,70.0,56.25
2025_11_18,10295,1763476730,24730.25,B,10276,10300,56.25,47.0
2025_11_18,10300,1763476755,24777.25,T,10295,10316,47.0,66.25
2025_11_18,10316,1763476835,24711.0,B,10300,10323,66.25,53.25
2025_11_18,10323,1763476870,24764.25,T,10316,10347,53.25,118.75
2025_11_18,10347,1763476990,24645.5,B,10323,10353,118.75,45.25
2025_11_18,10353,1763477020,24690.75,T,10347,10370,45.25,50.25
2025_11_18,10370,1763477105,24640.5,B,10353,10378,50.25,97.75
2025_11_18,10378,1763477145,24738.25,T,10370,10386,97.75,55.75
2025_11_18,10386,1763477185,24682.5,B,10378,10389,55.75,30.25
2025_11_18,10389,1763477200,24712.75,T,10386,10400,30.25,89.25
2025_11_18,10400,1763477255,24623.5,B,10389,10417,89.25,56.25
2025_11_18,10417,1763477340,24679.75,T,10400,10431,56.25,85.25
2025_11_18,10431,1763477410,24594.5,B,10417,10446,85.25,49.25
2025_11_18,10446,1763477485,24643.75,T,10431,10455,49.25,66.0
2025_11_18,10455,1763477530,24577.75,B,10446,10471,66.0,33.0
2025_11_18,10471,1763477610,24610.75,T,10455,10478,33.0,42.75
2025_11_18,10478,1763477645,24568.0,B,10471,10484,42.75,35.0
2025_11_18,10484,1763477675,24603.0,T,10478,10508,35.0,64.0
2025_11_18,10508,1763477795,24539.0,B,10484,10521,64.0,48.75
2025_11_18,10521,1763477860,24587.75,T,10508,10549,48.75,86.75
2025_11_18,10549,1763478000,24501.0,B,10521,10559,86.75,54.5
2025_11_18,10559,1763478050,24555.5,T,10549,10611,54.5,125.5
2025_11_18,10611,1763478310,24430.0,B,10559,10651,125.5,131.0
2025_11_18,10651,1763478510,24561.0,T,10611,10665,131.0,37.0
2025_11_18,10665,1763478580,24524.0,B,10651,10674,37.0,47.5
2025_11_18,10674,1763478625,24571.5,T,10665,10703,47.5,113.5
2025_11_18,10703,1763478770,24458.0,B,10674,10722,113.5,90.0
2025_11_18,10722,1763478865,24548.0,T,10703,10761,90.0,111.5
2025_11_18,10761,1763479060,24436.5,B,10722,10768,111.5,51.0
2025_11_18,10768,1763479095,24487.5,T,10761,10774,51.0,31.25
2025_11_18,10774,1763479125,24456.25,B,10768,10803,31.25,138.5
2025_11_18,10803,1763479270,24594.75,T,10774,10819,138.5,46.25
2025_11_18,10819,1763479350,24548.5,B,10803,10833,46.25,65.0
2025_11_18,10833,1763479420,24613.5,T,10819,10844,65.0,80.75
2025_11_18,10844,1763479475,24532.75,B,10833,10851,80.75,39.5
2025_11_18,10851,1763479510,24572.25,T,10844,10858,39.5,34.25
2025_11_18,10858,1763479545,24538.0,B,10851,10864,34.25,58.0
2025_11_18,10864,1763479575,24596.0,T,10858,10867,58.0,30.0
2025_11_18,10867,1763479590,24566.0,B,10864,10882,30.0,43.5
2025_11_18,10882,1763479665,24609.5,T,10867,10909,43.5,75.25
2025_11_18,10909,1763479800,24534.25,B,10882,10917,75.25,50.25
2025_11_18,10917,1763479840,24584.5,T,10909,10932,50.25,64.5
2025_11_18,10932,1763479915,24520.0,B,10917,10942,64.5,72.5
2025_11_18,10942,1763479965,24592.5,T,10932,10993,72.5,131.5
2025_11_18,10993,1763480220,24461.0,B,10942,10996,131.5,41.0
2025_11_18,10996,1763480235,24502.0,T,10993,11002,41.0,51.0
2025_11_18,11002,1763480265,24451.0,B,10996,11015,51.0,50.75
2025_11_18,11015,1763480330,24501.75,T,11002,11020,50.75,38.0
2025_11_18,11020,1763480355,24463.75,B,11015,11029,38.0,45.75
2025_11_18,11029,1763480400,24509.5,T,11020,11034,45.75,44.25
2025_11_18,11034,1763480425,24465.25,B,11029,11055,44.25,75.0
2025_11_18,11055,1763480530,24540.25,T,11034,11064,75.0,59.5
2025_11_18,11064,1763480575,24480.75,B,11055,11066,59.5,34.25
2025_11_18,11066,1763480585,24515.0,T,11064,11078,34.25,51.0
2025_11_18,11078,1763480645,24464.0,B,11066,11084,51.0,52.75
2025_11_18,11084,1763480675,24516.75,T,11078,11092,52.75,45.5
2025_11_18,11092,1763480715,24471.25,B,11084,11103,45.5,31.5
2025_11_18,11103,1763480770,24502.75,T,11092,11118,31.5,32.5
2025_11_18,11118,1763480845,24470.25,B,11103,11119,32.5,32.25
2025_11_18,11119,1763480850,24502.5,T,11118,11158,32.25,64.25
2025_11_18,11158,1763481045,24438.25,B,11119,11174,64.25,70.75
2025_11_18,11174,1763481125,24509.0,T,11158,11177,70.75,30.25
2025_11_18,11177,1763481140,24478.75,B,11174,11180,30.25,34.25
2025_11_18,11180,1763481155,24513.0,T,11177,11202,34.25,51.5
2025_11_18,11202,1763481265,24461.5,B,11180,11218,51.5,68.25
2025_11_18,11218,1763481345,24529.75,T,11202,11233,68.25,56.25
2025_11_18,11233,1763481420,24473.5,B,11218,11238,56.25,36.0
2025_11_18,11238,1763481445,24509.5,T,11233,11270,36.0,66.5
2025_11_18,11270,1763481605,24443.0,B,11238,11281,66.5,30.25
2025_11_18,11281,1763481660,24473.25,T,11270,11293,30.25,90.0
2025_11_18,11293,1763481720,24383.25,B,11281,11300,90.0,33.5
2025_11_18,11300,1763481755,24416.75,T,11293,11305,33.5,40.5
2025_11_18,11305,1763481780,24376.25,B,11300,11411,40.5,176.25
2025_11_18,11411,1763482310,24552.5,T,11305,11419,176.25,55.5
2025_11_18,11419,1763482350,24497.0,B,11411,11438,55.5,72.5
2025_11_18,11438,1763482445,24569.5,T,11419,11458,72.5,81.25
2025_11_18,11458,1763482545,24488.25,B,11438,11470,81.25,43.25
2025_11_18,11470,1763482605,24531.5,T,11458,11482,43.25,31.0
2025_11_18,11482,1763482665,24500.5,B,11470,11520,31.0,83.75
2025_11_18,11520,1763482855,24584.25,T,11482,11525,83.75,33.25
2025_11_18,11525,1763482880,24551.0,B,11520,11675,33.25,128.0
2025_11_18,11675,1763483630,24679.0,T,11525,11691,128.0,44.0
2025_11_18,11691,1763483710,24635.0,B,11675,11735,44.0,60.0
2025_11_18,11735,1763483930,24695.0,T,11691,11750,60.0,66.25
2025_11_18,11750,1763484005,24628.75,B,11735,11761,66.25,34.75
2025_11_18,11761,1763484060,24663.5,T,11750,11765,34.75,30.5
2025_11_18,11765,1763484080,24633.0,B,11761,11813,30.5,64.0
2025_11_18,11813,1763484320,24697.0,T,11765,11845,64.0,79.25
2025_11_18,11845,1763484480,24617.75,B,11813,11853,79.25,62.25
2025_11_18,11853,1763484520,24680.0,T,11845,11876,62.25,51.75
2025_11_18,11876,1763484635,24628.25,B,11853,11881,51.75,43.25
2025_11_18,11881,1763484660,24671.5,T,11876,11914,43.25,51.5
2025_11_18,11914,1763484825,24620.0,B,11881,11939,51.5,66.0
2025_11_18,11939,1763484950,24686.0,T,11914,11949,66.0,42.0
2025_11_18,11949,1763485000,24644.0,B,11939,11961,42.0,40.75
2025_11_18,11961,1763485060,24684.75,T,11949,11976,40.75,51.25
2025_11_18,11976,1763485135,24633.5,B,11961,12023,51.25,59.25
2025_11_18,12023,1763485370,24692.75,T,11976,12072,59.25,83.75
2025_11_18,12072,1763485615,24609.0,B,12023,12078,83.75,42.5
2025_11_18,12078,1763485645,24651.5,T,12072,12101,42.5,41.5
2025_11_18,12101,1763485760,24610.0,B,12078,12114,41.5,36.0
2025_11_18,12114,1763485825,24646.0,T,12101,12121,36.0,37.25
2025_11_18,12121,1763485860,24608.75,B,12114,12136,37.25,36.25
2025_11_18,12136,1763485935,24645.0,T,12121,12167,36.25,54.5
2025_11_18,12167,1763486090,24590.5,B,12136,12190,54.5,37.5
2025_11_18,12190,1763486205,24628.0,T,12167,12203,37.5,55.0
2025_11_18,12203,1763486270,24573.0,B,12190,12210,55.0,44.75
2025_11_18,12210,1763486305,24617.75,T,12203,12222,44.75,39.0
2025_11_18,12222,1763486365,24578.75,B,12210,12249,39.0,59.25
2025_11_18,12249,1763486500,24638.0,T,12222,12278,59.25,64.5
2025_11_18,12278,1763486645,24573.5,B,12249,12294,64.5,33.75
2025_11_18,12294,1763486725,24607.25,T,12278,12385,33.75,113.75
2025_11_18,12385,1763487180,24493.5,B,12294,12513,113.75,241.25
2025_11_18,12513,1763487820,24734.75,T,12385,12551,241.25,72.5
2025_11_18,12551,1763488010,24662.25,B,12513,12582,72.5,70.25
2025_11_18,12582,1763488165,24732.5,T,12551,12607,70.25,49.75
2025_11_18,12607,1763488290,24682.75,B,12582,12634,49.75,64.0
2025_11_18,12634,1763488425,24746.75,T,12607,12659,64.0,39.25
2025_11_18,12659,1763488550,24707.5,B,12634,12698,39.25,75.75
2025_11_18,12698,1763488745,24783.25,T,12659,12708,75.75,37.25
2025_11_18,12708,1763488795,24746.0,B,12698,12714,37.25,34.0
2025_11_18,12714,1763488825,24780.0,T,12708,12745,34.0,44.0
2025_11_18,12745,1763488980,24736.0,B,12714,12791,44.0,49.0
2025_11_18,12791,1763489210,24785.0,T,12745,12823,49.0,33.5
2025_11_18,12823,1763489370,24751.5,B,12791,12868,33.5,40.75
2025_11_18,12868,1763489595,24792.25,T,12823,12895,40.75,61.0
2025_11_18,12895,1763489730,24731.25,B,12868,12902,61.0,36.75
2025_11_18,12902,1763489765,24768.0,T,12895,12919,36.75,34.0
2025_11_18,12919,1763489850,24734.0,B,12902,12948,34.0,36.5
2025_11_18,12948,1763489995,24770.5,T,12919,12960,36.5,48.5
2025_11_18,12960,1763490055,24722.0,B,12948,13006,48.5,54.75
2025_11_18,13006,1763490285,24776.75,T,12960,13030,54.75,49.25
2025_11_18,13030,1763490405,24727.5,B,13006,13039,49.25,51.5
2025_11_18,13039,1763490450,24779.0,T,13030,13063,51.5,53.5
2025_11_18,13063,1763490570,24725.5,B,13039,13074,53.5,42.0
2025_11_18,13074,1763490625,24767.5,T,13063,13085,42.0,31.75
2025_11_18,13085,1763490680,24735.75,B,13074,13118,31.75,52.25
2025_11_18,13118,1763490845,24788.0,T,13085,13158,52.25,74.25
2025_11_18,13158,1763491045,24713.75,B,13118,13200,74.25,89.75
2025_11_18,13200,1763491255,24803.5,T,13158,13230,89.75,73.25
2025_11_18,13230,1763491405,24730.25,B,13200,13268,73.25,44.75
2025_11_18,13268,1763491595,24775.0,T,13230,13293,44.75,38.25
2025_11_18,13293,1763491720,24736.75,B,13268,13339,38.25,67.75
2025_11_18,13339,1763491950,24804.5,T,13293,13411,67.75,112.5
2025_11_18,13411,1763492310,24692.0,B,13339,13447,112.5,74.25
2025_11_18,13447,1763492490,24766.25,T,13411,13472,74.25,64.0
2025_11_18,13472,1763492615,24702.25,B,13447,13515,64.0,40.5
2025_11_18,13515,1763492830,24742.75,T,13472,13529,40.5,31.5
2025_11_18,13529,1763492900,24711.25,B,13515,13545,31.5,46.25
2025_11_18,13545,1763492980,24757.5,T,13529,13564,46.25,33.5
2025_11_18,13564,1763493075,24724.0,B,13545,13603,33.5,50.5
2025_11_18,13603,1763493270,24774.5,T,13564,13639,50.5,69.0
2025_11_18,13639,1763493450,24705.5,B,13603,13671,69.0,64.75
2025_11_18,13671,1763493610,24770.25,T,13639,13710,64.75,69.25
2025_11_18,13710,1763493805,24701.0,B,13671,13750,69.25,36.5
2025_11_18,13750,1763494005,24737.5,T,13710,13776,36.5,44.25
2025_11_18,13776,1763494135,24693.25,B,13750,13796,44.25,32.25
2025_11_18,13796,1763494235,24725.5,T,13776,13828,32.25,39.5
2025_11_18,13828,1763494395,24686.0,B,13796,13878,39.5,80.75
2025_11_18,13878,1763494645,24766.75,T,13828,13887,80.75,30.75
2025_11_18,13887,1763494690,24736.0,B,13878,13915,30.75,74.25
2025_11_18,13915,1763494830,24810.25,T,13887,13966,74.25,84.25
2025_11_18,13966,1763495085,24726.0,B,13915,14002,84.25,77.0
2025_11_18,14002,1763495265,24803.0,T,13966,14093,77.0,96.0
2025_11_18,14093,1763495720,24707.0,B,14002,14155,96.0,88.75
2025_11_18,14155,1763496030,24795.75,T,14093,14321,88.75,95.75
2025_11_18,14321,1763496860,24700.0,B,14155,14356,95.75,46.75
2025_11_18,14356,1763497035,24746.75,T,14321,14383,46.75,43.0
2025_11_18,14383,1763497170,24703.75,B,14356,14410,43.0,34.25
2025_11_18,14410,1763497305,24738.0,T,14383,14489,34.25,92.25
2025_11_18,14489,1763497700,24645.75,B,14410,14509,92.25,61.75
2025_11_18,14509,1763497800,24707.5,T,14489,14513,61.75,32.75
2025_11_18,14513,1763497820,24674.75,B,14509,14519,32.75,35.5
2025_11_18,14519,1763497850,24710.25,T,14513,14564,35.5,58.5
2025_11_18,14564,1763498075,24651.75,B,14519,14614,58.5,48.5
2025_11_18,14614,1763498325,24700.25,T,14564,14714,48.5,74.0
2025_11_18,14714,1763498825,24626.25,B,14614,14735,74.0,31.0
2025_11_18,14735,1763498930,24657.25,T,14714,14746,31.0,34.5
2025_11_18,14746,1763498985,24622.75,B,14735,14761,34.5,67.5
2025_11_18,14761,1763499060,24690.25,T,14746,14809,67.5,74.25
2025_11_18,14809,1763499300,24616.0,B,14761,14815,74.25,35.5
2025_11_18,14815,1763499330,24651.5,T,14809,14884,35.5,127.25
2025_11_18,14884,1763499675,24524.25,B,14815,14932,127.25,55.0
2025_11_18,14932,1763499915,24579.25,T,14884,15135,55.0,48.5
2025_11_18,15135,1763500935,24530.75,B,14932,15211,48.5,31.25
2025_11_18,15211,1763501315,24562.0,T,15135,15561,31.25,37.25
2025_11_18,15561,1763503105,24524.75,B,15211,15651,37.25,85.0
2025_11_18,15651,1763507155,24609.75,T,15561,15698,85.0,33.75
2025_11_18,15698,1763507395,24576.0,B,15651,15862,33.75,59.25
2025_11_19,26,1763510530,24552.25,B,12,50,49.25,36.0
2025_11_19,50,1763510650,24588.25,T,26,119,36.0,56.0
2025_11_19,119,1763511005,24532.25,B,50,146,56.0,36.25
2025_11_19,146,1763511140,24568.5,T,119,235,36.25,71.0
2025_11_19,235,1763511590,24497.5,B,146,309,71.0,49.75
2025_11_19,309,1763511960,24547.25,T,235,362,49.75,38.25
2025_11_19,362,1763512225,24509.0,B,309,523,38.25,74.75
2025_11_19,523,1763513040,24583.75,T,362,577,74.75,50.75
2025_11_19,577,1763513310,24533.0,B,523,632,50.75,39.0
2025_11_19,632,1763513585,24572.0,T,577,840,39.0,61.75
2025_11_19,840,1763514665,24510.25,B,632,989,61.75,117.75
2025_11_19,989,1763515420,24628.0,T,840,1135,117.75,58.25
2025_11_19,1135,1763516180,24569.75,B,989,1157,58.25,31.0
2025_11_19,1157,1763516295,24600.75,T,1135,1192,31.0,44.75
2025_11_19,1192,1763516480,24556.0,B,1157,1237,44.75,41.25
2025_11_19,1237,1763516725,24597.25,T,1192,1375,41.25,73.25
2025_11_19,1375,1763517465,24524.0,B,1237,1538,73.25,104.0
2025_11_19,1538,1763518300,24628.0,T,1375,1669,104.0,36.75
2025_11_19,1669,1763518985,24591.25,B,1538,2146,36.75,64.25
2025_11_19,2146,1763521475,24655.5,T,1669,2927,64.25,163.25
2025_11_19,2927,1763525625,24492.25,B,2146,3078,163.25,64.25
2025_11_19,3078,1763526435,24556.5,T,2927,3178,64.25,57.25
2025_11_19,3178,1763526965,24499.25,B,3078,3377,57.25,63.5
2025_11_19,3377,1763528035,24562.75,T,3178,3446,63.5,43.25
2025_11_19,3446,1763528385,24519.5,B,3377,3512,43.25,33.25
2025_11_19,3512,1763528730,24552.75,T,3446,3597,33.25,35.5
2025_11_19,3597,1763529205,24517.25,B,3512,3700,35.5,40.25
2025_11_19,3700,1763529775,24557.5,T,3597,3959,40.25,112.5
2025_11_19,3959,1763531185,24445.0,B,3700,4072,112.5,113.75
2025_11_19,4072,1763531755,24558.75,T,3959,4154,113.75,37.75
2025_11_19,4154,1763532180,24521.0,B,4072,4326,37.75,51.75
2025_11_19,4326,1763533165,24572.75,T,4154,4621,51.75,42.25
2025_11_19,4621,1763534890,24530.5,B,4326,4863,42.25,95.75
2025_11_19,4863,1763536345,24626.25,T,4621,5078,95.75,52.5
2025_11_19,5078,1763537540,24573.75,B,4863,5389,52.5,47.25
2025_11_19,5389,1763539290,24621.0,T,5078,5560,47.25,50.0
2025_11_19,5560,1763540180,24571.0,B,5389,5755,50.0,81.0
2025_11_19,5755,1763541185,24652.0,T,5560,6127,81.0,82.0
2025_11_19,6127,1763543170,24570.0,B,5755,6426,82.0,77.25
2025_11_19,6426,1763544715,24647.25,T,6127,6486,77.25,30.75
2025_11_19,6486,1763545050,24616.5,B,6426,7065,30.75,90.75
2025_11_19,7065,1763548150,24707.25,T,6486,7281,90.75,32.0
2025_11_19,7281,1763549330,24675.25,B,7065,7520,32.0,58.0
2025_11_19,7520,1763550665,24733.25,T,7281,7750,58.0,44.25
2025_11_19,7750,1763551885,24689.0,B,7520,7971,44.25,40.25
2025_11_19,7971,1763553050,24729.25,T,7750,8174,40.25,56.25
2025_11_19,8174,1763554085,24673.0,B,7971,8530,56.25,49.25
2025_11_19,8530,1763555925,24722.25,T,8174,8918,49.25,81.5
2025_11_19,8918,1763557920,24640.75,B,8530,8989,81.5,39.25
2025_11_19,8989,1763558280,24680.0,T,8918,9047,39.25,31.5
2025_11_19,9047,1763558575,24648.5,B,8989,9153,31.5,58.5
2025_11_19,9153,1763559110,24707.0,T,9047,9291,58.5,48.25
2025_11_19,9291,1763559800,24658.75,B,9153,9338,48.25,30.5
2025_11_19,9338,1763560035,24689.25,T,9291,9853,30.5,109.25
2025_11_19,9853,1763562620,24580.0,B,9338,9858,109.25,53.25
2025_11_19,9858,1763562645,24633.25,T,9853,9875,53.25,60.75
2025_11_19,9875,1763562730,24572.5,B,9858,9879,60.75,38.75
2025_11_19,9879,1763562750,24611.25,T,9875,9882,38.75,34.25
2025_11_19,9882,1763562765,24577.0,B,9879,9900,34.25,77.5
2025_11_19,9900,1763562855,24654.5,T,9882,9907,77.5,43.25
2025_11_19,9907,1763562890,24611.25,B,9900,9926,43.25,83.75
2025_11_19,9926,1763562985,24695.0,T,9907,9960,83.75,58.25
2025_11_19,9960,1763563155,24636.75,B,9926,9974,58.25,55.75
2025_11_19,9974,1763563225,24692.5,T,9960,9979,55.75,32.5
2025_11_19,9979,1763563250,24660.0,B,9974,10025,32.5,98.75
2025_11_19,10025,1763563480,24758.75,T,9979,10030,98.75,35.25
2025_11_19,10030,1763563505,24723.5,B,10025,10040,35.25,41.5
2025_11_19,10040,1763563555,24765.0,T,10030,10049,41.5,37.0
2025_11_19,10049,1763563600,24728.0,B,10040,10083,37.0,51.5
2025_11_19,10083,1763563770,24779.5,T,10049,10097,51.5,36.75
2025_11_19,10097,1763563840,24742.75,B,10083,10307,36.75,201.0
2025_11_19,10307,1763564890,24943.75,T,10097,10333,201.0,49.5
2025_11_19,10333,1763565020,24894.25,B,10307,10417,49.5,93.75
2025_11_19,10417,1763565440,24988.0,T,10333,10458,93.75,52.0
2025_11_19,10458,1763565645,24936.0,B,10417,10468,52.0,46.0
2025_11_19,10468,1763565695,24982.0,T,10458,10488,46.0,51.25
2025_11_19,10488,1763565795,24930.75,B,10468,10506,51.25,39.5
2025_11_19,10506,1763565885,24970.25,T,10488,10525,39.5,34.25
2025_11_19,10525,1763565980,24936.0,B,10506,10572,34.25,33.75
2025_11_19,10572,1763566215,24969.75,T,10525,10587,33.75,44.75
2025_11_19,10587,1763566290,24925.0,B,10572,10593,44.75,33.75
2025_11_19,10593,1763566320,24958.75,T,10587,10654,33.75,47.75
2025_11_19,10654,1763566625,24911.0,B,10593,10662,47.75,35.25
2025_11_19,10662,1763566665,24946.25,T,10654,10732,35.25,56.75
2025_11_19,10732,1763567015,24889.5,B,10662,10742,56.75,32.75
2025_11_19,10742,1763567065,24922.25,T,10732,10907,32.75,174.25
2025_11_19,10907,1763567890,24748.0,B,10742,10964,174.25,38.5
2025_11_19,10964,1763568175,24786.5,T,10907,11005,38.5,73.25
2025_11_19,11005,1763568380,24713.25,B,10964,11023,73.25,41.0
2025_11_19,11023,1763568470,24754.25,T,11005,11076,41.0,61.5
2025_11_19,11076,1763568735,24692.75,B,11023,11113,61.5,48.25
2025_11_19,11113,1763568920,24741.0,T,11076,11163,48.25,41.5
2025_11_19,11163,1763569170,24699.5,B,11113,11192,41.5,57.25
2025_11_19,11192,1763569315,24756.75,T,11163,11241,57.25,98.0
2025_11_19,11241,1763569560,24658.75,B,11192,11269,98.0,66.25
2025_11_19,11269,1763569700,24725.0,T,11241,11279,66.25,32.75
2025_11_19,11279,1763569750,24692.25,B,11269,11296,32.75,32.5
2025_11_19,11296,1763569835,24724.75,T,11279,11368,32.5,72.75
2025_11_19,11368,1763570195,24652.0,B,11296,11400,72.75,38.0
2025_11_19,11400,1763570355,24690.0,T,11368,11426,38.0,39.75
2025_11_19,11426,1763570485,24650.25,B,11400,11458,39.75,52.25
2025_11_19,11458,1763570645,24702.5,T,11426,11475,52.25,36.5
2025_11_19,11475,1763570730,24666.0,B,11458,11497,36.5,40.0
2025_11_19,11497,1763570840,24706.0,T,11475,11520,40.0,57.25
2025_11_19,11520,1763570955,24648.75,B,11497,11577,57.25,51.25
2025_11_19,11577,1763571240,24700.0,T,11520,11595,51.25,36.5
2025_11_19,11595,1763571330,24663.5,B,11577,11657,36.5,57.75
2025_11_19,11657,1763571640,24721.25,T,11595,11717,57.75,121.0
2025_11_19,11717,1763571940,24600.25,B,11657,11730,121.0,55.0
2025_11_19,11730,1763572005,24655.25,T,11717,11820,55.0,54.75
2025_11_19,11820,1763572455,24600.5,B,11730,11858,54.75,44.25
2025_11_19,11858,1763572645,24644.75,T,11820,11899,44.25,37.0
2025_11_19,11899,1763572850,24607.75,B,11858,11927,37.0,40.75
2025_11_19,11927,1763572990,24648.5,T,11899,11968,40.75,67.5
2025_11_19,11968,1763573195,24581.0,B,11927,11996,67.5,68.25
2025_11_19,11996,1763573335,24649.25,T,11968,12130,68.25,142.25
2025_11_19,12130,1763574005,24507.0,B,11996,12168,142.25,136.0
2025_11_19,12168,1763574195,24643.0,T,12130,12198,136.0,77.25
2025_11_19,12198,1763574345,24565.75,B,12168,12223,77.25,61.75
2025_11_19,12223,1763574470,24627.5,T,12198,12245,61.75,38.75
2025_11_19,12245,1763574580,24588.75,B,12223,12324,38.75,71.25
2025_11_19,12324,1763574975,24660.0,T,12245,12347,71.25,42.25
2025_11_19,12347,1763575090,24617.75,B,12324,12429,42.25,50.5
2025_11_19,12429,1763575500,24668.25,T,12347,12460,50.5,59.75
2025_11_19,12460,1763575655,24608.5,B,12429,12531,59.75,79.0
2025_11_19,12531,1763576010,24687.5,T,12460,12602,79.0,74.5
2025_11_19,12602,1763576365,24613.0,B,12531,12647,74.5,58.0
2025_11_19,12647,1763576590,24671.0,T,12602,12729,58.0,83.75
2025_11_19,12729,1763577000,24587.25,B,12647,12827,83.75,118.0
2025_11_19,12827,1763577490,24705.25,T,12729,12827,118.0,34.75
2025_11_19,12827,1763577490,24670.5,B,12827,12828,34.75,42.75
2025_11_19,12828,1763577495,24713.25,T,12827,12966,42.75,112.25
2025_11_19,12966,1763578185,24601.0,B,12828,13056,112.25,105.5
2025_11_19,13056,1763578635,24706.5,T,12966,13094,105.5,58.0
2025_11_19,13094,1763578825,24648.5,B,13056,13105,58.0,31.5
2025_11_19,13105,1763578880,24680.0,T,13094,13172,31.5,48.0
2025_11_19,13172,1763579215,24632.0,B,13105,13201,48.0,42.0
2025_11_19,13201,1763579360,24674.0,T,13172,13219,42.0,42.5
2025_11_19,13219,1763579450,24631.5,B,13201,13270,42.5,48.5
2025_11_19,13270,1763579705,24680.0,T,13219,13301,48.5,48.0
2025_11_19,13301,1763579860,24632.0,B,13270,13341,48.0,30.0
2025_11_19,13341,1763580060,24662.0,T,13301,13410,30.0,85.25
2025_11_19,13410,1763580405,24576.75,B,13341,13457,85.25,41.0
2025_11_19,13457,1763580640,24617.75,T,13410,13490,41.0,41.25
2025_11_19,13490,1763580805,24576.5,B,13457,13519,41.25,34.75
2025_11_19,13519,1763580950,24611.25,T,13490,13570,34.75,40.25
2025_11_19,13570,1763581205,24571.0,B,13519,13752,40.25,129.0
2025_11_19,13752,1763582115,24700.0,T,13570,13795,129.0,65.5
2025_11_19,13795,1763582330,24634.5,B,13752,13815,65.5,46.25
2025_11_19,13815,1763582430,24680.75,T,13795,13839,46.25,36.25
2025_11_19,13839,1763582550,24644.5,B,13815,14053,36.25,161.75
2025_11_19,14053,1763583620,24806.25,T,13839,14099,161.75,69.75
2025_11_19,14099,1763583850,24736.5,B,14053,14185,69.75,47.5
2025_11_19,14185,1763584280,24784.0,T,14099,14195,47.5,34.25
2025_11_19,14195,1763584330,24749.75,B,14185,14269,34.25,80.5
2025_11_19,14269,1763584700,24830.25,T,14195,14409,80.5,151.75
2025_11_19,14409,1763585400,24678.5,B,14269,14478,151.75,82.5
2025_11_19,14478,1763585745,24761.0,T,14409,14520,82.5,53.0
2025_11_19,14520,1763585955,24708.0,B,14478,14541,53.0,31.75
2025_11_19,14541,1763586060,24739.75,T,14520,14559,31.75,64.0
2025_11_19,14559,1763586150,24675.75,B,14541,14649,64.0,73.25
2025_11_19,14649,1763586600,24749.0,T,14559,14665,73.25,53.5
2025_11_19,14665,1763586680,24695.5,B,14649,14767,53.5,53.5
2025_11_19,14767,1763587190,24749.0,T,14665,14768,53.5,35.25
2025_11_19,14768,1763587195,24713.75,B,14767,14769,35.25,111.25
2025_11_19,14769,1763587200,24825.0,T,14768,14769,111.25,93.5
2025_11_19,14769,1763587200,24731.5,B,14769,14770,93.5,113.5
2025_11_19,14770,1763587205,24845.0,T,14769,14771,113.5,62.25
2025_11_19,14771,1763587210,24782.75,B,14770,14772,62.25,41.75
2025_11_19,14772,1763587215,24824.5,T,14771,14774,41.75,53.25
2025_11_19,14774,1763587225,24771.25,B,14772,14781,53.25,115.5
2025_11_19,14781,1763587260,24886.75,T,14774,14781,115.5,30.0
2025_11_19,14781,1763587260,24856.75,B,14781,14784,30.0,53.25
2025_11_19,14784,1763587275,24910.0,T,14781,14792,53.25,45.5
2025_11_19,14792,1763587315,24864.5,B,14784,14794,45.5,39.5
2025_11_19,14794,1763587325,24904.0,T,14792,14797,39.5,30.5
2025_11_19,14797,1763587340,24873.5,B,14794,14800,30.5,33.0
2025_11_19,14800,1763587355,24906.5,T,14797,14814,33.0,73.75
2025_11_19,14814,1763587425,24832.75,B,14800,14818,73.75,31.0
2025_11_19,14818,1763587445,24863.75,T,14814,14824,31.0,57.75
2025_11_19,14824,1763587475,24806.0,B,14818,14833,57.75,47.5
2025_11_19,14833,1763587520,24853.5,T,14824,14847,47.5,53.5
2025_11_19,14847,1763587590,24800.0,B,14833,14854,53.5,57.0
2025_11_19,14854,1763587625,24857.0,T,14847,14871,57.0,35.0
2025_11_19,14871,1763587710,24822.0,B,14854,14890,35.0,68.25
2025_11_19,14890,1763587805,24890.25,T,14871,14893,68.25,37.0
2025_11_19,14893,1763587820,24853.25,B,14890,14934,37.0,113.0
2025_11_19,14934,1763588025,24966.25,T,14893,14975,113.0,57.0
2025_11_19,14975,1763588230,24909.25,B,14934,14985,57.0,33.0
2025_11_19,14985,1763588280,24942.25,T,14975,15006,33.0,45.25
2025_11_19,15006,1763588385,24897.0,B,14985,15079,45.25,79.25
2025_11_19,15079,1763588750,24976.25,T,15006,15193,79.25,30.0
2025_11_19,15193,1763589320,24946.25,B,15079,15387,30.0,123.5
2025_11_19,15387,1763593890,25069.75,T,15193,15401,123.5,30.25
2025_11_19,15401,1763593960,25039.5,B,15387,15445,30.25,55.5
2025_11_19,15445,1763594180,25095.0,T,15401,15600,55.5,62.0
2025_11_20,133,1763597475,25087.25,B,46,537,30.75,74.75
2025_11_20,537,1763599505,25162.0,T,133,739,74.75,59.25
2025_11_20,739,1763600540,25102.75,B,537,1312,59.25,64.0
2025_11_20,1312,1763603635,25166.75,T,739,1345,64.0,33.5
2025_11_20,1345,1763603800,25133.25,B,1312,1412,33.5,37.5
2025_11_20,1412,1763604150,25170.75,T,1345,1710,37.5,41.75
2025_11_20,1710,1763605770,25129.0,B,1412,2286,41.75,67.0
2025_11_20,2286,1763609010,25196.0,T,1710,2537,67.0,57.0
2025_11_20,2537,1763610415,25139.0,B,2286,2591,57.0,48.25
2025_11_20,2591,1763610685,25187.25,T,2537,2864,48.25,36.0
2025_11_20,2864,1763612170,25151.25,B,2591,3377,36.0,57.75
2025_11_20,3377,1763615340,25209.0,T,2864,4186,57.75,76.0
2025_11_20,4186,1763620085,25133.0,B,3377,4894,76.0,74.0
2025_11_20,4894,1763623980,25207.0,T,4186,5211,74.0,86.25
2025_11_20,5211,1763625645,25120.75,B,4894,5327,86.25,48.0
2025_11_20,5327,1763626225,25168.75,T,5211,5583,48.0,35.0
2025_11_20,5583,1763627535,25133.75,B,5327,5766,35.0,51.25
2025_11_20,5766,1763628465,25185.0,T,5583,5954,51.25,78.0
2025_11_20,5954,1763629430,25107.0,B,5766,6047,78.0,35.0
2025_11_20,6047,1763629920,25142.0,T,5954,6470,35.0,96.25
2025_11_20,6470,1763632120,25045.75,B,6047,6522,96.25,30.25
2025_11_20,6522,1763632410,25076.0,T,6470,6706,30.25,53.75
2025_11_20,6706,1763633370,25022.25,B,6522,6830,53.75,66.0
2025_11_20,6830,1763634000,25088.25,T,6706,6874,66.0,30.5
2025_11_20,6874,1763634220,25057.75,B,6830,7279,30.5,68.5
2025_11_20,7279,1763636340,25126.25,T,6874,7365,68.5,65.5
2025_11_20,7365,1763636770,25060.75,B,7279,7440,65.5,41.5
2025_11_20,7440,1763637145,25102.25,T,7365,7592,41.5,55.0
2025_11_20,7592,1763637990,25047.25,B,7440,7781,55.0,84.75
2025_11_20,7781,1763638940,25132.0,T,7592,7890,84.75,66.0
2025_11_20,7890,1763639495,25066.0,B,7781,7993,66.0,34.0
2025_11_20,7993,1763640015,25100.0,T,7890,8061,34.0,39.25
2025_11_20,8061,1763640355,25060.75,B,7993,8735,39.25,120.25
2025_11_20,8735,1763643860,25181.0,T,8061,9026,120.25,60.25
2025_11_20,9026,1763645315,25120.75,B,8735,9057,60.25,103.0
2025_11_20,9057,1763645470,25223.75,T,9026,9057,103.0,36.0
2025_11_20,9057,1763645470,25187.75,B,9057,9063,36.0,56.25
2025_11_20,9063,1763645500,25244.0,T,9057,9122,56.25,71.5
2025_11_20,9122,1763645795,25172.5,B,9063,9151,71.5,32.75
2025_11_20,9151,1763645940,25205.25,T,9122,9176,32.75,37.5
2025_11_20,9176,1763646065,25167.75,B,9151,9308,37.5,97.0
2025_11_20,9308,1763646725,25264.75,T,9176,9571,97.0,65.25
2025_11_20,9571,1763648040,25199.5,B,9308,9645,65.25,39.75
2025_11_20,9645,1763648410,25239.25,T,9571,9758,39.75,36.0
2025_11_20,9758,1763648975,25203.25,B,9645,9763,36.0,45.75
2025_11_20,9763,1763649000,25249.0,T,9758,9772,45.75,93.25
2025_11_20,9772,1763649045,25155.75,B,9763,9788,93.25,64.0
2025_11_20,9788,1763649125,25219.75,T,9772,9795,64.0,57.0
2025_11_20,9795,1763649160,25162.75,B,9788,9798,57.0,39.75
2025_11_20,9798,1763649175,25202.5,T,9795,9809,39.75,51.25
2025_11_20,9809,1763649230,25151.25,B,9798,9827,51.25,76.0
2025_11_20,9827,1763649320,25227.25,T,9809,9838,76.0,55.5
2025_11_20,9838,1763649375,25171.75,B,9827,9849,55.5,56.0
2025_11_20,9849,1763649430,25227.75,T,9838,9866,56.0,41.25
2025_11_20,9866,1763649515,25186.5,B,9849,9871,41.25,33.0
2025_11_20,9871,1763649540,25219.5,T,9866,9878,33.0,34.75
2025_11_20,9878,1763649575,25184.75,B,9871,9887,34.75,45.25
2025_11_20,9887,1763649620,25230.0,T,9878,9894,45.25,54.0
2025_11_20,9894,1763649655,25176.0,B,9887,9896,54.0,30.0
2025_11_20,9896,1763649665,25206.0,T,9894,9903,30.0,60.0
2025_11_20,9903,1763649700,25146.0,B,9896,9913,60.0,53.0
2025_11_20,9913,1763649750,25199.0,T,9903,9918,53.0,34.25
2025_11_20,9918,1763649775,25164.75,B,9913,9930,34.25,72.5
2025_11_20,9930,1763649835,25237.25,T,9918,9951,72.5,67.5
2025_11_20,9951,1763649940,25169.75,B,9930,9979,67.5,98.25
2025_11_20,9979,1763650080,25268.0,T,9951,10001,98.25,69.25
2025_11_20,10001,1763650190,25198.75,B,9979,10008,69.25,46.5
2025_11_20,10008,1763650225,25245.25,T,10001,10010,46.5,31.0
2025_11_20,10010,1763650235,25214.25,B,10008,10022,31.0,40.75
2025_11_20,10022,1763650295,25255.0,T,10010,10035,40.75,37.25
2025_11_20,10035,1763650360,25217.75,B,10022,10084,37.25,73.75
2025_11_20,10084,1763650605,25291.5,T,10035,10095,73.75,41.25
2025_11_20,10095,1763650660,25250.25,B,10084,10124,41.25,49.5
2025_11_20,10124,1763650805,25299.75,T,10095,10163,49.5,46.25
2025_11_20,10163,1763651000,25253.5,B,10124,10178,46.25,34.25
2025_11_20,10178,1763651075,25287.75,T,10163,10188,34.25,56.0
2025_11_20,10188,1763651125,25231.75,B,10178,10188,56.0,33.25
2025_11_20,10188,1763651125,25265.0,T,10188,10244,33.25,83.5
2025_11_20,10244,1763651405,25181.5,B,10188,10248,83.5,38.75
2025_11_20,10248,1763651425,25220.25,T,10244,10297,38.75,60.5
2025_11_20,10297,1763651670,25159.75,B,10248,10301,60.5,30.5
2025_11_20,10301,1763651690,25190.25,T,10297,10322,30.5,33.5
2025_11_20,10322,1763651795,25156.75,B,10301,10345,33.5,79.75
2025_11_20,10345,1763651910,25236.5,T,10322,10367,79.75,35.5
2025_11_20,10367,1763652020,25201.0,B,10345,10373,35.5,32.0
2025_11_20,10373,1763652050,25233.0,T,10367,10383,32.0,39.5
2025_11_20,10383,1763652100,25193.5,B,10373,10417,39.5,67.5
2025_11_20,10417,1763652270,25261.0,T,10383,10426,67.5,32.75
2025_11_20,10426,1763652315,25228.25,B,10417,10513,32.75,53.0
2025_11_20,10513,1763652750,25281.25,T,10426,10526,53.0,42.25
2025_11_20,10526,1763652815,25239.0,B,10513,10579,42.25,71.0
2025_11_20,10579,1763653080,25310.0,T,10526,10612,71.0,43.0
2025_11_20,10612,1763653245,25267.0,B,10579,10658,43.0,38.75
2025_11_20,10658,1763653475,25305.75,T,10612,10803,38.75,140.5
2025_11_20,10803,1763654200,25165.25,B,10658,10817,140.5,40.75
2025_11_20,10817,1763654270,25206.0,T,10803,10905,40.75,138.75
2025_11_20,10905,1763654710,25067.25,B,10817,10919,138.75,45.25
2025_11_20,10919,1763654780,25112.5,T,10905,10998,45.25,101.75
2025_11_20,10998,1763655175,25010.75,B,10919,11005,101.75,37.25
2025_11_20,11005,1763655210,25048.0,T,10998,11037,37.25,95.25
2025_11_20,11037,1763655370,24952.75,B,11005,11041,95.25,31.75
2025_11_20,11041,1763655390,24984.5,T,11037,11049,31.75,44.5
2025_11_20,11049,1763655430,24940.0,B,11041,11058,44.5,50.25
2025_11_20,11058,1763655475,24990.25,T,11049,11076,50.25,71.0
2025_11_20,11076,1763655565,24919.25,B,11058,11093,71.0,55.5
2025_11_20,11093,1763655650,24974.75,T,11076,11113,55.5,82.25
2025_11_20,11113,1763655750,24892.5,B,11093,11129,82.25,40.75
2025_11_20,11129,1763655830,24933.25,T,11113,11146,40.75,47.0
2025_11_20,11146,1763655915,24886.25,B,11129,11156,47.0,59.25
2025_11_20,11156,1763655965,24945.5,T,11146,11165,59.25,34.75
2025_11_20,11165,1763656010,24910.75,B,11156,11188,34.75,66.25
2025_11_20,11188,1763656125,24977.0,T,11165,11205,66.25,95.25
2025_11_20,11205,1763656210,24881.75,B,11188,11215,95.25,46.25
2025_11_20,11215,1763656260,24928.0,T,11205,11221,46.25,72.5
2025_11_20,11221,1763656290,24855.5,B,11215,11221,72.5,33.25
2025_11_20,11221,1763656290,24888.75,T,11221,11223,33.25,35.25
2025_11_20,11223,1763656300,24853.5,B,11221,11231,35.25,40.25
2025_11_20,11231,1763656340,24893.75,T,11223,11277,40.25,61.0
2025_11_20,11277,1763656570,24832.75,B,11231,11280,61.0,33.25
2025_11_20,11280,1763656585,24866.0,T,11277,11308,33.25,100.5
2025_11_20,11308,1763656725,24765.5,B,11280,11319,100.5,59.75
2025_11_20,11319,1763656780,24825.25,T,11308,11349,59.75,89.25
2025_11_20,11349,1763656930,24736.0,B,11319,11364,89.25,62.25
2025_11_20,11364,1763657005,24798.25,T,11349,11366,62.25,38.0
2025_11_20,11366,1763657015,24760.25,B,11364,11369,38.0,35.5
2025_11_20,11369,1763657030,24795.75,T,11366,11385,35.5,85.25
2025_11_20,11385,1763657110,24710.5,B,11369,11388,85.25,58.25
2025_11_20,11388,1763657125,24768.75,T,11385,11408,58.25,68.25
2025_11_20,11408,1763657225,24700.5,B,11388,11432,68.25,90.75
2025_11_20,11432,1763657345,24791.25,T,11408,11439,90.75,64.5
2025_11_20,11439,1763657380,24726.75,B,11432,11453,64.5,42.5
2025_11_20,11453,1763657450,24769.25,T,11439,11455,42.5,34.75
2025_11_20,11455,1763657460,24734.5,B,11453,11467,34.75,68.5
2025_11_20,11467,1763657520,24803.0,T,11455,11479,68.5,81.0
2025_11_20,11479,1763657580,24722.0,B,11467,11480,81.0,45.75
2025_11_20,11480,1763657585,24767.75,T,11479,11493,45.75,100.75
2025_11_20,11493,1763657650,24667.0,B,11480,11493,100.75,61.0
2025_11_20,11493,1763657650,24728.0,T,11493,11518,61.0,132.5
2025_11_20,11518,1763657775,24595.5,B,11493,11520,132.5,35.75
2025_11_20,11520,1763657785,24631.25,T,11518,11534,35.75,57.5
2025_11_20,11534,1763657855,24573.75,B,11520,11538,57.5,36.0
2025_11_20,11538,1763657875,24609.75,T,11534,11547,36.0,81.0
2025_11_20,11547,1763657920,24528.75,B,11538,11550,81.0,44.25
2025_11_20,11550,1763657935,24573.0,T,11547,11557,44.25,61.0
2025_11_20,11557,1763657970,24512.0,B,11550,11561,61.0,53.25
2025_11_20,11561,1763657990,24565.25,T,11557,11563,53.25,45.25
2025_11_20,11563,1763658000,24520.0,B,11561,11565,45.25,77.0
2025_11_20,11565,1763658010,24597.0,T,11563,11565,77.0,39.0
2025_11_20,11565,1763658010,24558.0,B,11565,11569,39.0,59.25
2025_11_20,11569,1763658030,24617.25,T,11565,11578,59.25,58.75
2025_11_20,11578,1763658075,24558.5,B,11569,11587,58.75,83.0
2025_11_20,11587,1763658120,24641.5,T,11578,11598,83.0,59.25
2025_11_20,11598,1763658175,24582.25,B,11587,11602,59.25,42.75
2025_11_20,11602,1763658195,24625.0,T,11598,11609,42.75,72.5
2025_11_20,11609,1763658230,24552.5,B,11602,11620,72.5,58.25
2025_11_20,11620,1763658285,24610.75,T,11609,11635,58.25,69.75
2025_11_20,11635,1763658360,24541.0,B,11620,11639,69.75,32.5
2025_11_20,11639,1763658380,24573.5,T,11635,11648,32.5,105.25
2025_11_20,11648,1763658425,24468.25,B,11639,11648,105.25,50.75
2025_11_20,11648,1763658425,24519.0,T,11648,11649,50.75,32.75
2025_11_20,11649,1763658430,24486.25,B,11648,11661,32.75,51.75
2025_11_20,11661,1763658490,24538.0,T,11649,11661,51.75,31.75
2025_11_20,11661,1763658490,24506.25,B,11661,11664,31.75,76.0
2025_11_20,11664,1763658505,24582.25,T,11661,11665,76.0,30.75
2025_11_20,11665,1763658510,24551.5,B,11664,11669,30.75,37.0
2025_11_20,11669,1763658530,24588.5,T,11665,11685,37.0,85.25
2025_11_20,11685,1763658610,24503.25,B,11669,11687,85.25,35.25
2025_11_20,11687,1763658620,24538.5,T,11685,11692,35.25,47.75
2025_11_20,11692,1763658645,24490.75,B,11687,11695,47.75,30.0
2025_11_20,11695,1763658660,24520.75,T,11692,11697,30.0,30.5
2025_11_20,11697,1763658670,24490.25,B,11695,11700,30.5,31.25
2025_11_20,11700,1763658685,24521.5,T,11697,11703,31.25,58.25
2025_11_20,11703,1763658700,24463.25,B,11700,11703,58.25,32.0
2025_11_20,11703,1763658700,24495.25,T,11703,11710,32.0,64.25
2025_11_20,11710,1763658735,24431.0,B,11703,11718,64.25,45.25
2025_11_20,11718,1763658775,24476.25,T,11710,11727,45.25,47.75
2025_11_20,11727,1763658820,24428.5,B,11718,11738,47.75,87.5
2025_11_20,11738,1763658875,24516.0,T,11727,11751,87.5,81.0
2025_11_20,11751,1763658940,24435.0,B,11738,11755,81.0,32.5
2025_11_20,11755,1763658960,24467.5,T,11751,11766,32.5,73.5
2025_11_20,11766,1763659015,24394.0,B,11755,11768,73.5,30.25
2025_11_20,11768,1763659025,24424.25,T,11766,11784,30.25,39.25
2025_11_20,11784,1763659105,24385.0,B,11768,11788,39.25,43.0
2025_11_20,11788,1763659125,24428.0,T,11784,11793,43.0,32.0
2025_11_20,11793,1763659150,24396.0,B,11788,11797,32.0,48.5
2025_11_20,11797,1763659170,24444.5,T,11793,11804,48.5,42.75
2025_11_20,11804,1763659205,24401.75,B,11797,11806,42.75,38.25
2025_11_20,11806,1763659215,24440.0,T,11804,11810,38.25,77.0
2025_11_20,11810,1763659235,24363.0,B,11806,11810,77.0,40.75
2025_11_20,11810,1763659235,24403.75,T,11810,11811,40.75,50.0
2025_11_20,11811,1763659240,24353.75,B,11810,11828,50.0,126.75
2025_11_20,11828,1763659325,24480.5,T,11811,11832,126.75,67.5
2025_11_20,11832,1763659345,24413.0,B,11828,11835,67.5,38.0
2025_11_20,11835,1763659360,24451.0,T,11832,11837,38.0,31.5
2025_11_20,11837,1763659370,24419.5,B,11835,11852,31.5,64.25
2025_11_20,11852,1763659445,24483.75,T,11837,11863,64.25,83.75
2025_11_20,11863,1763659500,24400.0,B,11852,11863,83.75,32.25
2025_11_20,11863,1763659500,24432.25,T,11863,11872,32.25,52.0
2025_11_20,11872,1763659545,24380.25,B,11863,11891,52.0,111.75
2025_11_20,11891,1763659640,24492.0,T,11872,11895,111.75,45.5
2025_11_20,11895,1763659660,24446.5,B,11891,11901,45.5,39.0
2025_11_20,11901,1763659690,24485.5,T,11895,11917,39.0,53.25
2025_11_20,11917,1763659770,24432.25,B,11901,11924,53.25,56.75
2025_11_20,11924,1763659805,24489.0,T,11917,11924,56.75,30.25
2025_11_20,11924,1763659805,24458.75,B,11924,11925,30.25,41.5
2025_11_20,11925,1763659810,24500.25,T,11924,11946,41.5,82.0
2025_11_20,11946,1763659915,24418.25,B,11925,11947,82.0,38.75
2025_11_20,11947,1763659920,24457.0,T,11946,11998,38.75,148.5
2025_11_20,11998,1763660175,24308.5,B,11947,12008,148.5,60.0
2025_11_20,12008,1763660225,24368.5,T,11998,12012,60.0,33.5
2025_11_20,12012,1763660245,24335.0,B,12008,12043,33.5,121.25
2025_11_20,12043,1763660400,24456.25,T,12012,12052,121.25,56.5
2025_11_20,12052,1763660445,24399.75,B,12043,12058,56.5,52.25
2025_11_20,12058,1763660475,24452.0,T,12052,12121,52.25,143.5
2025_11_20,12121,1763660790,24308.5,B,12058,12129,143.5,62.5
2025_11_20,12129,1763660830,24371.0,T,12121,12135,62.5,52.25
2025_11_20,12135,1763660860,24318.75,B,12129,12141,52.25,46.75
2025_11_20,12141,1763660890,24365.5,T,12135,12152,46.75,50.5
2025_11_20,12152,1763660945,24315.0,B,12141,12163,50.5,48.5
2025_11_20,12163,1763661000,24363.5,T,12152,12163,48.5,35.5
2025_11_20,12163,1763661000,24328.0,B,12163,12165,35.5,49.75
2025_11_20,12165,1763661010,24377.75,T,12163,12169,49.75,55.75
2025_11_20,12169,1763661030,24322.0,B,12165,12189,55.75,99.0
2025_11_20,12189,1763661130,24421.0,T,12169,12216,99.0,103.0
2025_11_20,12216,1763661265,24318.0,B,12189,12235,103.0,67.75
2025_11_20,12235,1763661360,24385.75,T,12216,12239,67.75,30.5
2025_11_20,12239,1763661380,24355.25,B,12235,12249,30.5,49.75
2025_11_20,12249,1763661430,24405.0,T,12239,12255,49.75,52.0
2025_11_20,12255,1763661460,24353.0,B,12249,12274,52.0,75.0
2025_11_20,12274,1763661555,24428.0,T,12255,12284,75.0,64.0
2025_11_20,12284,1763661605,24364.0,B,12274,12301,64.0,60.5
2025_11_20,12301,1763661690,24424.5,T,12284,12307,60.5,42.0
2025_11_20,12307,1763661720,24382.5,B,12301,12315,42.0,57.5
2025_11_20,12315,1763661760,24440.0,T,12307,12317,57.5,33.0
2025_11_20,12317,1763661770,24407.0,B,12315,12326,33.0,56.25
2025_11_20,12326,1763661815,24463.25,T,12317,12338,56.25,38.0
2025_11_20,12338,1763661875,24425.25,B,12326,12347,38.0,43.0
2025_11_20,12347,1763661920,24468.25,T,12338,12348,43.0,30.5
2025_11_20,12348,1763661925,24437.75,B,12347,12367,30.5,58.25
2025_11_20,12367,1763662020,24496.0,T,12348,12376,58.25,44.25
2025_11_20,12376,1763662065,24451.75,B,12367,12403,44.25,71.25
2025_11_20,12403,1763662200,24523.0,T,12376,12408,71.25,39.0
2025_11_20,12408,1763662225,24484.0,B,12403,12443,39.0,94.0
2025_11_20,12443,1763662400,24578.0,T,12408,12447,94.0,31.75
2025_11_20,12447,1763662420,24546.25,B,12443,12463,31.75,52.5
2025_11_20,12463,1763662500,24598.75,T,12447,12481,52.5,78.0
2025_11_20,12481,1763662590,24520.75,B,12463,12481,78.0,32.5
2025_11_20,12481,1763662590,24553.25,T,12481,12486,32.5,46.0
2025_11_20,12486,1763662615,24507.25,B,12481,12489,46.0,36.0
2025_11_20,12489,1763662630,24543.25,T,12486,12508,36.0,77.5
2025_11_20,12508,1763662725,24465.75,B,12489,12538,77.5,86.25
2025_11_20,12538,1763662875,24552.0,T,12508,12542,86.25,71.0
2025_11_20,12542,1763662895,24481.0,B,12538,12558,71.0,37.75
2025_11_20,12558,1763662975,24518.75,T,12542,12562,37.75,32.0
2025_11_20,12562,1763662995,24486.75,B,12558,12571,32.0,41.5
2025_11_20,12571,1763663040,24528.25,T,12562,12583,41.5,60.5
2025_11_20,12583,1763663100,24467.75,B,12571,12601,60.5,39.0
2025_11_20,12601,1763663190,24506.75,T,12583,12614,39.0,38.0
2025_11_20,12614,1763663255,24468.75,B,12601,12616,38.0,30.5
2025_11_20,12616,1763663265,24499.25,T,12614,12619,30.5,35.0
2025_11_20,12619,1763663280,24464.25,B,12616,12637,35.0,57.25
2025_11_20,12637,1763663370,24521.5,T,12619,12650,57.25,43.75
2025_11_20,12650,1763663435,24477.75,B,12637,12669,43.75,44.25
2025_11_20,12669,1763663530,24522.0,T,12650,12680,44.25,89.75
2025_11_20,12680,1763663585,24432.25,B,12669,12680,89.75,32.25
2025_11_20,12680,1763663585,24464.5,T,12680,12694,32.25,59.5
2025_11_20,12694,1763663655,24405.0,B,12680,12703,59.5,59.75
2025_11_20,12703,1763663700,24464.75,T,12694,12782,59.75,120.75
2025_11_20,12782,1763664095,24344.0,B,12703,12792,120.75,40.0
2025_11_20,12792,1763664145,24384.0,T,12782,12840,40.0,78.75
2025_11_20,12840,1763664385,24305.25,B,12792,12851,78.75,43.5
2025_11_20,12851,1763664440,24348.75,T,12840,12886,43.5,95.5
2025_11_20,12886,1763664615,24253.25,B,12851,12902,95.5,33.0
2025_11_20,12902,1763664695,24286.25,T,12886,12912,33.0,36.75
2025_11_20,12912,1763664745,24249.5,B,12902,12922,36.75,33.5
2025_11_20,12922,1763664795,24283.0,T,12912,12952,33.5,43.25
2025_11_20,12952,1763664945,24239.75,B,12922,12968,43.25,33.5
2025_11_20,12968,1763665025,24273.25,T,12952,12977,33.5,37.75
2025_11_20,12977,1763665070,24235.5,B,12968,12993,37.75,83.5
2025_11_20,12993,1763665150,24319.0,T,12977,13016,83.5,53.0
2025_11_20,13016,1763665265,24266.0,B,12993,13021,53.0,33.75
2025_11_20,13021,1763665290,24299.75,T,13016,13066,33.75,76.75
2025_11_20,13066,1763665515,24223.0,B,13021,13069,76.75,35.75
2025_11_20,13069,1763665530,24258.75,T,13066,13104,35.75,53.75
2025_11_20,13104,1763665705,24205.0,B,13069,13124,53.75,81.75
2025_11_20,13124,1763665805,24286.75,T,13104,13129,81.75,42.0
2025_11_20,13129,1763665830,24244.75,B,13124,13136,42.0,51.75
2025_11_20,13136,1763665865,24296.5,T,13129,13154,51.75,71.25
2025_11_20,13154,1763665955,24225.25,B,13136,13181,71.25,57.0
2025_11_20,13181,1763666090,24282.25,T,13154,13208,57.0,38.75
2025_11_20,13208,1763666225,24243.5,B,13181,13225,38.75,85.0
2025_11_20,13225,1763666310,24328.5,T,13208,13238,85.0,60.0
2025_11_20,13238,1763666375,24268.5,B,13225,13264,60.0,57.75
2025_11_20,13264,1763666505,24326.25,T,13238,13276,57.75,44.25
2025_11_20,13276,1763666565,24282.0,B,13264,13285,44.25,30.0
2025_11_20,13285,1763666610,24312.0,T,13276,13303,30.0,53.0
2025_11_20,13303,1763666700,24259.0,B,13285,13356,53.0,113.0
2025_11_20,13356,1763666965,24372.0,T,13303,13394,113.0,105.25
2025_11_20,13394,1763667155,24266.75,B,13356,13403,105.25,33.25
2025_11_20,13403,1763667200,24300.0,T,13394,13417,33.25,39.75
2025_11_20,13417,1763667270,24260.25,B,13403,13431,39.75,52.25
2025_11_20,13431,1763667340,24312.5,T,13417,13436,52.25,32.5
2025_11_20,13436,1763667365,24280.0,B,13431,13451,32.5,42.25
2025_11_20,13451,1763667440,24322.25,T,13436,13492,42.25,58.75
2025_11_20,13492,1763667645,24263.5,B,13451,13519,58.75,69.5
2025_11_20,13519,1763667780,24333.0,T,13492,13529,69.5,55.75
2025_11_20,13529,1763667830,24277.25,B,13519,13545,55.75,57.5
2025_11_20,13545,1763667910,24334.75,T,13529,13567,57.5,68.25
2025_11_20,13567,1763668020,24266.5,B,13545,13590,68.25,36.25
2025_11_20,13590,1763668135,24302.75,T,13567,13599,36.25,30.25
2025_11_20,13599,1763668180,24272.5,B,13590,13613,30.25,42.5
2025_11_20,13613,1763668250,24315.0,T,13599,13622,42.5,33.5
2025_11_20,13622,1763668295,24281.5,B,13613,13674,33.5,88.75
2025_11_20,13674,1763668555,24370.25,T,13622,13684,88.75,44.0
2025_11_20,13684,1763668605,24326.25,B,13674,13721,44.0,75.75
2025_11_20,13721,1763668790,24402.0,T,13684,13756,75.75,116.0
2025_11_20,13756,1763668965,24286.0,B,13721,13772,116.0,38.75
2025_11_20,13772,1763669045,24324.75,T,13756,13783,38.75,38.25
2025_11_20,13783,1763669100,24286.5,B,13772,13805,38.25,58.75
2025_11_20,13805,1763669210,24345.25,T,13783,13881,58.75,79.5
2025_11_20,13881,1763669590,24265.75,B,13805,13915,79.5,67.75
2025_11_20,13915,1763669760,24333.5,T,13881,13938,67.75,37.5
2025_11_20,13938,1763669875,24296.0,B,13915,13943,37.5,33.75
2025_11_20,13943,1763669900,24329.75,T,13938,13969,33.75,36.5
2025_11_20,13969,1763670030,24293.25,B,13943,13987,36.5,54.75
2025_11_20,13987,1763670120,24348.0,T,13969,14046,54.75,108.5
2025_11_20,14046,1763670415,24239.5,B,13987,14100,108.5,72.0
2025_11_20,14100,1763670685,24311.5,T,14046,14113,72.0,51.0
2025_11_20,14113,1763670750,24260.5,B,14100,14120,51.0,34.5
2025_11_20,14120,1763670785,24295.0,T,14113,14225,34.5,150.75
2025_11_20,14225,1763671310,24144.25,B,14120,14235,150.75,34.75
2025_11_20,14235,1763671360,24179.0,T,14225,14322,34.75,81.0
2025_11_20,14322,1763671795,24098.0,B,14235,14327,81.0,84.25
2025_11_20,14327,1763671820,24182.25,T,14322,14379,84.25,56.25
2025_11_20,14379,1763672080,24126.0,B,14327,14389,56.25,62.5
2025_11_20,14389,1763672130,24188.5,T,14379,14407,62.5,56.25
2025_11_20,14407,1763672220,24132.25,B,14389,14411,56.25,30.75
2025_11_20,14411,1763672240,24163.0,T,14407,14436,30.75,54.0
2025_11_20,14436,1763672365,24109.0,B,14411,14442,54.0,37.25
2025_11_20,14442,1763672395,24146.25,T,14436,14446,37.25,54.75
2025_11_20,14446,1763672415,24091.5,B,14442,14454,54.75,46.75
2025_11_20,14454,1763672455,24138.25,T,14446,14469,46.75,49.5
2025_11_20,14469,1763672530,24088.75,B,14454,14539,49.5,47.75
2025_11_20,14539,1763672880,24136.5,T,14469,14714,47.75,56.5
2025_11_20,14714,1763673755,24080.0,B,14539,14771,56.5,43.0
2025_11_20,14771,1763674045,24123.0,T,14714,15158,43.0,50.0
2025_11_20,15158,1763679600,24073.0,B,14771,15161,50.0,58.75
2025_11_20,15161,1763679615,24131.75,T,15158,15185,58.75,72.5
2025_11_20,15185,1763679735,24059.25,B,15161,15188,72.5,30.5
2025_11_20,15188,1763679750,24089.75,T,15185,15199,30.5,43.75
2025_11_20,15199,1763679805,24046.0,B,15188,15216,43.75,46.75
2025_11_20,15216,1763679890,24092.75,T,15199,15287,46.75,74.75
2025_11_20,15287,1763680245,24018.0,B,15216,15563,74.75,129.5
2025_11_20,15563,1763681630,24147.5,T,15287,15598,129.5,48.75
2025_11_20,15598,1763681805,24098.75,B,15563,15722,48.75,67.5
2025_11_21,41,1763683405,24111.25,B,7,516,41.5,92.5
2025_11_21,516,1763685825,24203.75,T,41,547,92.5,39.25
2025_11_21,547,1763685980,24164.5,B,516,731,39.25,43.25
2025_11_21,731,1763686905,24207.75,T,547,773,43.25,42.5
2025_11_21,773,1763687115,24165.25,B,731,1028,42.5,68.75
2025_11_21,1028,1763688400,24234.0,T,773,1146,68.75,57.0
2025_11_21,1146,1763689000,24177.0,B,1028,1255,57.0,58.25
2025_11_21,1255,1763689545,24235.25,T,1146,1562,58.25,79.5
2025_11_21,1562,1763691155,24155.75,B,1255,1836,79.5,63.75
2025_11_21,1836,1763692570,24219.5,T,1562,1879,63.75,34.25
2025_11_21,1879,1763692785,24185.25,B,1836,1892,34.25,30.0
2025_11_21,1892,1763692850,24215.25,T,1879,2174,30.0,55.75
2025_11_21,2174,1763694320,24159.5,B,1892,2521,55.75,79.0
2025_11_21,2521,1763696215,24238.5,T,2174,2550,79.0,49.25
2025_11_21,2550,1763696360,24189.25,B,2521,2599,49.25,42.75
2025_11_21,2599,1763696615,24232.0,T,2550,3049,42.75,113.5
2025_11_21,3049,1763699070,24118.5,B,2599,3081,113.5,40.25
2025_11_21,3081,1763699230,24158.75,T,3049,3241,40.25,63.75
2025_11_21,3241,1763700070,24095.0,B,3081,3305,63.75,50.5
2025_11_21,3305,1763700390,24145.5,T,3241,3366,50.5,39.5
2025_11_21,3366,1763700710,24106.0,B,3305,3482,39.5,94.25
2025_11_21,3482,1763701305,24200.25,T,3366,3529,94.25,50.0
2025_11_21,3529,1763701550,24150.25,B,3482,3618,50.0,59.75
2025_11_21,3618,1763702045,24210.0,T,3529,4011,59.75,82.5
2025_11_21,4011,1763704170,24127.5,B,3618,4294,82.5,56.75
2025_11_21,4294,1763705795,24184.25,T,4011,4436,56.75,55.25
2025_11_21,4436,1763706600,24129.0,B,4294,4675,55.25,72.75
2025_11_21,4675,1763707940,24201.75,T,4436,4798,72.75,47.75
2025_11_21,4798,1763708600,24154.0,B,4675,5076,47.75,45.0
2025_11_21,5076,1763710215,24199.0,T,4798,5184,45.0,70.0
2025_11_21,5184,1763710780,24129.0,B,5076,5199,70.0,41.0
2025_11_21,5199,1763710855,24170.0,T,5184,5303,41.0,90.25
2025_11_21,5303,1763711375,24079.75,B,5199,5318,90.25,41.75
2025_11_21,5318,1763711450,24121.5,T,5303,5382,41.75,61.25
2025_11_21,5382,1763711775,24060.25,B,5318,5526,61.25,118.75
2025_11_21,5526,1763712495,24179.0,T,5382,5689,118.75,73.25
2025_11_21,5689,1763713310,24105.75,B,5526,5720,73.25,54.75
2025_11_21,5720,1763713465,24160.5,T,5689,5750,54.75,34.5
2025_11_21,5750,1763713615,24126.0,B,5720,5807,34.5,37.0
2025_11_21,5807,1763713910,24163.0,T,5750,5865,37.0,53.75
2025_11_21,5865,1763714225,24109.25,B,5807,5994,53.75,85.75
2025_11_21,5994,1763714875,24195.0,T,5865,6023,85.75,42.5
2025_11_21,6023,1763715020,24152.5,B,5994,6139,42.5,64.5
2025_11_21,6139,1763715605,24217.0,T,6023,6175,64.5,37.0
2025_11_21,6175,1763715785,24180.0,B,6139,6241,37.0,35.5
2025_11_21,6241,1763716115,24215.5,T,6175,6448,35.5,107.5
2025_11_21,6448,1763717160,24108.0,B,6241,6499,107.5,38.25
2025_11_21,6499,1763717415,24146.25,T,6448,6683,38.25,103.25
2025_11_21,6683,1763718345,24043.0,B,6499,6734,103.25,47.25
2025_11_21,6734,1763718600,24090.25,T,6683,6905,47.25,156.5
2025_11_21,6905,1763719460,23933.75,B,6734,6917,156.5,33.0
2025_11_21,6917,1763719520,23966.75,T,6905,6926,33.0,36.75
2025_11_21,6926,1763719565,23930.0,B,6917,6986,36.75,56.0
2025_11_21,6986,1763719865,23986.0,T,6926,6992,56.0,31.75
2025_11_21,6992,1763719895,23954.25,B,6986,7002,31.75,42.5
2025_11_21,7002,1763719945,23996.75,T,6992,7072,42.5,73.75
2025_11_21,7072,1763720295,23923.0,B,7002,7084,73.75,37.0
2025_11_21,7084,1763720355,23960.0,T,7072,7131,37.0,40.5
2025_11_21,7131,1763720590,23919.5,B,7084,7153,40.5,32.25
2025_11_21,7153,1763720700,23951.75,T,7131,7204,32.25,47.25
2025_11_21,7204,1763720955,23904.5,B,7153,7346,47.25,168.0
2025_11_21,7346,1763721665,24072.5,T,7204,7390,168.0,44.5
2025_11_21,7390,1763721885,24028.0,B,7346,7596,44.5,91.5
2025_11_21,7596,1763722920,24119.5,T,7390,7641,91.5,40.75
2025_11_21,7641,1763723145,24078.75,B,7596,7758,40.75,74.5
2025_11_21,7758,1763723730,24153.25,T,7641,7840,74.5,51.25
2025_11_21,7840,1763724140,24102.0,B,7758,7855,51.25,37.0
2025_11_21,7855,1763724215,24139.0,T,7840,8067,37.0,79.75
2025_11_21,8067,1763725275,24059.25,B,7855,8109,79.75,32.75
2025_11_21,8109,1763725485,24092.0,T,8067,8216,32.75,81.75
2025_11_21,8216,1763726025,24010.25,B,8109,8242,81.75,39.0
2025_11_21,8242,1763726155,24049.25,T,8216,8261,39.0,32.25
2025_11_21,8261,1763726250,24017.0,B,8242,8327,32.25,60.0
2025_11_21,8327,1763726580,24077.0,T,8261,8445,60.0,107.25
2025_11_21,8445,1763727170,23969.75,B,8327,8487,107.25,64.25
2025_11_21,8487,1763727380,24034.0,T,8445,8575,64.25,81.5
2025_11_21,8575,1763727820,23952.5,B,8487,8620,81.5,38.0
2025_11_21,8620,1763728045,23990.5,T,8575,8642,38.0,30.5
2025_11_21,8642,1763728155,23960.0,B,8620,8659,30.5,179.25
2025_11_21,8659,1763728240,24139.25,T,8642,8667,179.25,79.75
2025_11_21,8667,1763728280,24059.5,B,8659,8675,79.75,87.75
2025_11_21,8675,1763728320,24147.25,T,8667,8696,87.75,79.5
2025_11_21,8696,1763728425,24067.75,B,8675,8705,79.5,68.25
2025_11_21,8705,1763728470,24136.0,T,8696,8713,68.25,32.75
2025_11_21,8713,1763728510,24103.25,B,8705,8726,32.75,55.75
2025_11_21,8726,1763728575,24159.0,T,8713,8730,55.75,33.0
2025_11_21,8730,1763728595,24126.0,B,8726,8744,33.0,66.5
2025_11_21,8744,1763728665,24192.5,T,8730,8754,66.5,37.5
2025_11_21,8754,1763728715,24155.0,B,8744,8761,37.5,37.75
2025_11_21,8761,1763728750,24192.75,T,8754,8808,37.75,73.5
2025_11_21,8808,1763728985,24119.25,B,8761,8867,73.5,138.0
2025_11_21,8867,1763729280,24257.25,T,8808,8911,138.0,48.0
2025_11_21,8911,1763729500,24209.25,B,8867,8941,48.0,52.25
2025_11_21,8941,1763729650,24261.5,T,8911,9010,52.25,73.25
2025_11_21,9010,1763729995,24188.25,B,8941,9024,73.25,37.5
2025_11_21,9024,1763730065,24225.75,T,9010,9065,37.5,81.25
2025_11_21,9065,1763730270,24144.5,B,9024,9277,81.25,147.5
2025_11_21,9277,1763731330,24292.0,T,9065,9327,147.5,95.0
2025_11_21,9327,1763731580,24197.0,B,9277,9343,95.0,36.0
2025_11_21,9343,1763731660,24233.0,T,9327,9365,36.0,42.25
2025_11_21,9365,1763731770,24190.75,B,9343,9388,42.25,41.75
2025_11_21,9388,1763731885,24232.5,T,9365,9409,41.75,31.5
2025_11_21,9409,1763731990,24201.0,B,9388,9453,31.5,73.0
2025_11_21,9453,1763732210,24274.0,T,9409,9471,73.0,32.0
2025_11_21,9471,1763732300,24242.0,B,9453,9536,32.0,35.75
2025_11_21,9536,1763732625,24277.75,T,9471,9616,35.75,48.75
2025_11_21,9616,1763733025,24229.0,B,9536,9665,48.75,31.5
2025_11_21,9665,1763733270,24260.5,T,9616,9752,31.5,46.75
2025_11_21,9752,1763733705,24213.75,B,9665,9759,46.75,33.25
2025_11_21,9759,1763733740,24247.0,T,9752,9793,33.25,39.5
2025_11_21,9793,1763733910,24207.5,B,9759,9864,39.5,59.5
2025_11_21,9864,1763734265,24267.0,T,9793,10067,59.5,86.5
2025_11_21,10067,1763735280,24180.5,B,9864,10088,86.5,30.25
2025_11_21,10088,1763735385,24210.75,T,10067,10091,30.25,36.25
2025_11_21,10091,1763735400,24174.5,B,10088,10098,36.25,104.75
2025_11_21,10098,1763735435,24279.25,T,10091,10115,104.75,95.25
2025_11_21,10115,1763735520,24184.0,B,10098,10121,95.25,89.0
2025_11_21,10121,1763735550,24273.0,T,10115,10127,89.0,56.25
2025_11_21,10127,1763735580,24216.75,B,10121,10127,56.25,31.25
2025_11_21,10127,1763735580,24248.0,T,10127,10135,31.25,89.75
2025_11_21,10135,1763735620,24158.25,B,10127,10145,89.75,99.75
2025_11_21,10145,1763735670,24258.0,T,10135,10152,99.75,59.5
2025_11_21,10152,1763735705,24198.5,B,10145,10152,59.5,32.25
2025_11_21,10152,1763735705,24230.75,T,10152,10159,32.25,53.25
2025_11_21,10159,1763735740,24177.5,B,10152,10164,53.25,49.5
2025_11_21,10164,1763735765,24227.0,T,10159,10167,49.5,33.75
2025_11_21,10167,1763735780,24193.25,B,10164,10176,33.75,69.75
2025_11_21,10176,1763735825,24263.0,T,10167,10179,69.75,30.5
2025_11_21,10179,1763735840,24232.5,B,10176,10182,30.5,36.25
2025_11_21,10182,1763735855,24268.75,T,10179,10212,36.25,115.75
2025_11_21,10212,1763736005,24153.0,B,10182,10236,115.75,113.5
2025_11_21,10236,1763736125,24266.5,T,10212,10249,113.5,86.25
2025_11_21,10249,1763736190,24180.25,B,10236,10263,86.25,36.0
2025_11_21,10263,1763736260,24216.25,T,10249,10270,36.0,39.25
2025_11_21,10270,1763736295,24177.0,B,10263,10271,39.25,33.5
2025_11_21,10271,1763736300,24210.5,T,10270,10291,33.5,109.0
2025_11_21,10291,1763736400,24101.5,B,10271,10299,109.0,70.25
2025_11_21,10299,1763736440,24171.75,T,10291,10303,70.25,43.0
2025_11_21,10303,1763736460,24128.75,B,10299,10309,43.0,69.0
2025_11_21,10309,1763736490,24197.75,T,10303,10309,69.0,32.25
2025_11_21,10309,1763736490,24165.5,B,10309,10319,32.25,62.75
2025_11_21,10319,1763736540,24228.25,T,10309,10326,62.75,60.25
2025_11_21,10326,1763736575,24168.0,B,10319,10334,60.25,60.25
2025_11_21,10334,1763736615,24228.25,T,10326,10337,60.25,42.5
2025_11_21,10337,1763736630,24185.75,B,10334,10343,42.5,31.25
2025_11_21,10343,1763736660,24217.0,T,10337,10348,31.25,39.25
2025_11_21,10348,1763736685,24177.75,B,10343,10351,39.25,43.5
2025_11_21,10351,1763736700,24221.25,T,10348,10356,43.5,37.25
2025_11_21,10356,1763736725,24184.0,B,10351,10365,37.25,59.0
2025_11_21,10365,1763736770,24243.0,T,10356,10370,59.0,32.5
2025_11_21,10370,1763736795,24210.5,B,10365,10389,32.5,87.5
2025_11_21,10389,1763736890,24298.0,T,10370,10414,87.5,128.0
2025_11_21,10414,1763737015,24170.0,B,10389,10415,128.0,41.25
2025_11_21,10415,1763737020,24211.25,T,10414,10420,41.25,33.0
2025_11_21,10420,1763737045,24178.25,B,10415,10423,33.0,34.75
2025_11_21,10423,1763737060,24213.0,T,10420,10450,34.75,41.5
2025_11_21,10450,1763737195,24171.5,B,10423,10456,41.5,57.0
2025_11_21,10456,1763737225,24228.5,T,10450,10489,57.0,154.25
2025_11_21,10489,1763737390,24074.25,B,10456,10530,154.25,150.0
2025_11_21,10530,1763737595,24224.25,T,10489,10554,150.0,108.0
2025_11_21,10554,1763737715,24116.25,B,10530,10560,108.0,44.0
2025_11_21,10560,1763737745,24160.25,T,10554,10562,44.0,30.75
2025_11_21,10562,1763737755,24129.5,B,10560,10567,30.75,48.75
2025_11_21,10567,1763737780,24178.25,T,10562,10572,48.75,69.25
2025_11_21,10572,1763737805,24109.0,B,10567,10572,69.25,34.0
2025_11_21,10572,1763737805,24143.0,T,10572,10575,34.0,42.75
2025_11_21,10575,1763737820,24100.25,B,10572,10580,42.75,35.0
2025_11_21,10580,1763737845,24135.25,T,10575,10586,35.0,37.75
2025_11_21,10586,1763737875,24097.5,B,10580,10590,37.75,37.25
2025_11_21,10590,1763737895,24134.75,T,10586,10592,37.25,33.0
2025_11_21,10592,1763737905,24101.75,B,10590,10595,33.0,35.0
2025_11_21,10595,1763737920,24136.75,T,10592,10612,35.0,56.0
2025_11_21,10612,1763738005,24080.75,B,10595,10616,56.0,41.25
2025_11_21,10616,1763738025,24122.0,T,10612,10620,41.25,36.0
2025_11_21,10620,1763738045,24086.0,B,10616,10622,36.0,39.25
2025_11_21,10622,1763738055,24125.25,T,10620,10626,39.25,37.25
2025_11_21,10626,1763738075,24088.0,B,10622,10636,37.25,55.25
2025_11_21,10636,1763738125,24143.25,T,10626,10647,55.25,55.75
2025_11_21,10647,1763738180,24087.5,B,10636,10651,55.75,34.75
2025_11_21,10651,1763738200,24122.25,T,10647,10663,34.75,76.75
2025_11_21,10663,1763738260,24045.5,B,10651,10683,76.75,101.5
2025_11_21,10683,1763738360,24147.0,T,10663,10699,101.5,86.5
2025_11_21,10699,1763738440,24060.5,B,10683,10702,86.5,38.0
2025_11_21,10702,1763738455,24098.5,T,10699,10717,38.0,71.25
2025_11_21,10717,1763738530,24027.25,B,10702,10723,71.25,92.25
2025_11_21,10723,1763738560,24119.5,T,10717,10723,92.25,32.5
2025_11_21,10723,1763738560,24087.0,B,10723,10727,32.5,43.0
2025_11_21,10727,1763738580,24130.0,T,10723,10728,43.0,30.25
2025_11_21,10728,1763738585,24099.75,B,10727,10737,30.25,47.5
2025_11_21,10737,1763738630,24147.25,T,10728,10742,47.5,59.75
2025_11_21,10742,1763738655,24087.5,B,10737,10753,59.75,119.0
2025_11_21,10753,1763738710,24206.5,T,10742,10771,119.0,111.5
2025_11_21,10771,1763738800,24095.0,B,10753,10778,111.5,39.25
2025_11_21,10778,1763738835,24134.25,T,10771,10790,39.25,87.25
2025_11_21,10790,1763738895,24047.0,B,10778,10794,87.25,32.25
2025_11_21,10794,1763738915,24079.25,T,10790,10814,32.25,57.75
2025_11_21,10814,1763739015,24021.5,B,10794,10820,57.75,62.5
2025_11_21,10820,1763739045,24084.0,T,10814,10830,62.5,53.25
2025_11_21,10830,1763739095,24030.75,B,10820,10843,53.25,55.5
2025_11_21,10843,1763739160,24086.25,T,10830,10859,55.5,69.75
2025_11_21,10859,1763739240,24016.5,B,10843,10862,69.75,35.25
2025_11_21,10862,1763739255,24051.75,T,10859,10897,35.25,124.5
2025_11_21,10897,1763739430,23927.25,B,10862,10902,124.5,45.75
2025_11_21,10902,1763739455,23973.0,T,10897,10904,45.75,33.25
2025_11_21,10904,1763739465,23939.75,B,10902,10915,33.25,45.25
2025_11_21,10915,1763739520,23985.0,T,10904,10932,45.25,55.0
2025_11_21,10932,1763739605,23930.0,B,10915,10938,55.0,45.5
2025_11_21,10938,1763739635,23975.5,T,10932,10940,45.5,37.0
2025_11_21,10940,1763739645,23938.5,B,10938,10948,37.0,61.5
2025_11_21,10948,1763739685,24000.0,T,10940,10960,61.5,40.0
2025_11_21,10960,1763739745,23960.0,B,10948,10970,40.0,51.5
2025_11_21,10970,1763739795,24011.5,T,10960,10973,51.5,32.5
2025_11_21,10973,1763739810,23979.0,B,10970,10984,32.5,78.0
2025_11_21,10984,1763739865,24057.0,T,10973,10993,78.0,56.25
2025_11_21,10993,1763739910,24000.75,B,10984,10998,56.25,55.5
2025_11_21,10998,1763739935,24056.25,T,10993,11004,55.5,36.5
2025_11_21,11004,1763739965,24019.75,B,10998,11025,36.5,75.0
2025_11_21,11025,1763740070,24094.75,T,11004,11033,75.0,42.25
2025_11_21,11033,1763740110,24052.5,B,11025,11041,42.25,39.75
2025_11_21,11041,1763740150,24092.25,T,11033,11043,39.75,32.25
2025_11_21,11043,1763740160,24060.0,B,11041,11048,32.25,46.0
2025_11_21,11048,1763740185,24106.0,T,11043,11057,46.0,48.25
2025_11_21,11057,1763740230,24057.75,B,11048,11061,48.25,42.0
2025_11_21,11061,1763740250,24099.75,T,11057,11071,42.0,75.0
2025_11_21,11071,1763740300,24024.75,B,11061,11074,75.0,33.0
2025_11_21,11074,1763740315,24057.75,T,11071,11088,33.0,45.25
2025_11_21,11088,1763740385,24012.5,B,11074,11091,45.25,32.0
2025_11_21,11091,1763740400,24044.5,T,11088,11094,32.0,34.5
2025_11_21,11094,1763740415,24010.0,B,11091,11101,34.5,58.5
2025_11_21,11101,1763740450,24068.5,T,11094,11101,58.5,30.0
2025_11_21,11101,1763740450,24038.5,B,11101,11108,30.0,60.5
2025_11_21,11108,1763740485,24099.0,T,11101,11111,60.5,39.0
2025_11_21,11111,1763740500,24060.0,B,11108,11119,39.0,38.25
2025_11_21,11119,1763740540,24098.25,T,11111,11127,38.25,58.75
2025_11_21,11127,1763740580,24039.5,B,11119,11132,58.75,52.25
2025_11_21,11132,1763740605,24091.75,T,11127,11153,52.25,73.75
2025_11_21,11153,1763740710,24018.0,B,11132,11157,73.75,40.0
2025_11_21,11157,1763740730,24058.0,T,11153,11167,40.0,41.75
2025_11_21,11167,1763740780,24016.25,B,11157,11171,41.75,33.25
2025_11_21,11171,1763740800,24049.5,T,11167,11195,33.25,60.75
2025_11_21,11195,1763740920,23988.75,B,11171,11195,60.75,31.25
2025_11_21,11195,1763740920,24020.0,T,11195,11198,31.25,36.75
2025_11_21,11198,1763740935,23983.25,B,11195,11200,36.75,42.5
2025_11_21,11200,1763740945,24025.75,T,11198,11243,42.5,90.75
2025_11_21,11243,1763741160,23935.0,B,11200,11270,90.75,106.75
2025_11_21,11270,1763741295,24041.75,T,11243,11287,106.75,34.5
2025_11_21,11287,1763741380,24007.25,B,11270,11305,34.5,57.25
2025_11_21,11305,1763741470,24064.5,T,11287,11317,57.25,42.25
2025_11_21,11317,1763741530,24022.25,B,11305,11319,42.25,36.0
2025_11_21,11319,1763741540,24058.25,T,11317,11325,36.0,37.25
2025_11_21,11325,1763741570,24021.0,B,11319,11332,37.25,67.75
2025_11_21,11332,1763741605,24088.75,T,11325,11342,67.75,46.25
2025_11_21,11342,1763741655,24042.5,B,11332,11377,46.25,52.0
2025_11_21,11377,1763741830,24094.5,T,11342,11399,52.0,103.75
2025_11_21,11399,1763741940,23990.75,B,11377,11437,103.75,129.25
2025_11_21,11437,1763742130,24120.0,T,11399,11444,129.25,31.5
2025_11_21,11444,1763742165,24088.5,B,11437,11485,31.5,56.25
2025_11_21,11485,1763742370,24144.75,T,11444,11493,56.25,30.75
2025_11_21,11493,1763742410,24114.0,B,11485,11537,30.75,88.0
2025_11_21,11537,1763742630,24202.0,T,11493,11557,88.0,62.25
2025_11_21,11557,1763742730,24139.75,B,11537,11585,62.25,57.25
2025_11_21,11585,1763742870,24197.0,T,11557,11589,57.25,37.0
2025_11_21,11589,1763742890,24160.0,B,11585,11624,37.0,72.75
2025_11_21,11624,1763743065,24232.75,T,11589,11641,72.75,39.75
2025_11_21,11641,1763743150,24193.0,B,11624,11677,39.75,44.25
2025_11_21,11677,1763743330,24237.25,T,11641,11720,44.25,52.25
2025_11_21,11720,1763743545,24185.0,B,11677,11750,52.25,80.5
2025_11_21,11750,1763743695,24265.5,T,11720,11771,80.5,55.0
2025_11_21,11771,1763743800,24210.5,B,11750,11891,55.0,173.25
2025_11_21,11891,1763744400,24383.75,T,11771,11931,173.25,71.0
2025_11_21,11931,1763744600,24312.75,B,11891,11951,71.0,54.0
2025_11_21,11951,1763744700,24366.75,T,11931,11965,54.0,35.75
2025_11_21,11965,1763744770,24331.0,B,11951,12008,35.75,61.0
2025_11_21,12008,1763744985,24392.0,T,11965,12092,61.0,57.5
2025_11_21,12092,1763745405,24334.5,B,12008,12115,57.5,31.5
2025_11_21,12115,1763745520,24366.0,T,12092,12136,31.5,60.5
2025_11_21,12136,1763745625,24305.5,B,12115,12144,60.5,41.5
2025_11_21,12144,1763745665,24347.0,T,12136,12150,41.5,31.5
2025_11_21,12150,1763745695,24315.5,B,12144,12196,31.5,76.0
2025_11_21,12196,1763745925,24391.5,T,12150,12233,76.0,59.0
2025_11_21,12233,1763746110,24332.5,B,12196,12337,59.0,83.0
2025_11_21,12337,1763746630,24415.5,T,12233,12384,83.0,74.5
2025_11_21,12384,1763746865,24341.0,B,12337,12436,74.5,65.5
2025_11_21,12436,1763747125,24406.5,T,12384,12452,65.5,50.5
2025_11_21,12452,1763747205,24356.0,B,12436,12483,50.5,48.5
2025_11_21,12483,1763747360,24404.5,T,12452,12540,48.5,72.5
2025_11_21,12540,1763747645,24332.0,B,12483,12560,72.5,57.5
2025_11_21,12560,1763747745,24389.5,T,12540,12683,57.5,134.5
2025_11_21,12683,1763748360,24255.0,B,12560,12691,134.5,36.25
2025_11_21,12691,1763748400,24291.25,T,12683,12719,36.25,44.25
2025_11_21,12719,1763748540,24247.0,B,12691,12727,44.25,32.75
2025_11_21,12727,1763748580,24279.75,T,12719,12748,32.75,48.75
2025_11_21,12748,1763748685,24231.0,B,12727,12770,48.75,36.0
2025_11_21,12770,1763748795,24267.0,T,12748,12833,36.0,63.5
2025_11_21,12833,1763749110,24203.5,B,12770,12871,63.5,73.5
2025_11_21,12871,1763749300,24277.0,T,12833,12911,73.5,54.0
2025_11_21,12911,1763749500,24223.0,B,12871,12920,54.0,43.0
2025_11_21,12920,1763749545,24266.0,T,12911,12941,43.0,40.5
2025_11_21,12941,1763749650,24225.5,B,12920,13010,40.5,112.75
2025_11_21,13010,1763749995,24338.25,T,12941,13017,112.75,40.0
2025_11_21,13017,1763750030,24298.25,B,13010,13082,40.0,79.5
2025_11_21,13082,1763750355,24377.75,T,13017,13111,79.5,33.25
2025_11_21,13111,1763750500,24344.5,B,13082,13189,33.25,97.5
2025_11_21,13189,1763750890,24442.0,T,13111,13189,97.5,57.0
2025_11_21,13189,1763750890,24385.0,B,13189,13194,57.0,124.25
2025_11_21,13194,1763750915,24509.25,T,13189,13195,124.25,30.25
2025_11_21,13195,1763750920,24479.0,B,13194,13202,30.25,54.0
2025_11_21,13202,1763750955,24533.0,T,13195,13206,54.0,39.75
2025_11_21,13206,1763750975,24493.25,B,13202,13217,39.75,66.25
2025_11_21,13217,1763751030,24559.5,T,13206,13230,66.25,37.75
2025_11_21,13230,1763751095,24521.75,B,13217,13232,37.75,33.0
2025_11_21,13232,1763751105,24554.75,T,13230,13246,33.0,64.25
2025_11_21,13246,1763751175,24490.5,B,13232,13248,64.25,31.5
2025_11_21,13248,1763751185,24522.0,T,13246,13268,31.5,61.75
2025_11_21,13268,1763751285,24460.25,B,13248,13282,61.75,52.0
2025_11_21,13282,1763751355,24512.25,T,13268,13300,52.0,62.75
2025_11_21,13300,1763751445,24449.5,B,13282,13344,62.75,54.75
2025_11_21,13344,1763751665,24504.25,T,13300,13350,54.75,32.0
2025_11_21,13350,1763751695,24472.25,B,13344,13452,32.0,94.0
2025_11_21,13452,1763752205,24566.25,T,13350,13517,94.0,50.0
2025_11_21,13517,1763752530,24516.25,B,13452,13638,50.0,80.0
2025_11_21,13638,1763753135,24596.25,T,13517,13671,80.0,32.25
2025_11_21,13671,1763753300,24564.0,B,13638,13697,32.25,30.75
2025_11_21,13697,1763753430,24594.75,T,13671,13733,30.75,75.75
2025_11_21,13733,1763753610,24519.0,B,13697,13815,75.75,64.0
2025_11_21,13815,1763754020,24583.0,T,13733,13899,64.0,110.5
2025_11_21,13899,1763754440,24472.5,B,13815,13916,110.5,52.25
2025_11_21,13916,1763754525,24524.75,T,13899,13981,52.25,97.25
2025_11_21,13981,1763754850,24427.5,B,13916,13994,97.25,43.75
2025_11_21,13994,1763754915,24471.25,T,13981,14019,43.75,41.75
2025_11_21,14019,1763755040,24429.5,B,13994,14059,41.75,50.0
2025_11_21,14059,1763755240,24479.5,T,14019,14119,50.0,37.5
2025_11_21,14119,1763755540,24442.0,B,14059,14202,37.5,54.25
2025_11_21,14202,1763755955,24496.25,T,14119,14226,54.25,34.5
2025_11_21,14226,1763756075,24461.75,B,14202,14280,34.5,32.75
2025_11_21,14280,1763756345,24494.5,T,14226,14343,32.75,66.5
2025_11_21,14343,1763756660,24428.0,B,14280,14352,66.5,30.75
2025_11_21,14352,1763756705,24458.75,T,14343,14433,30.75,106.5
2025_11_21,14433,1763757110,24352.25,B,14352,14486,106.5,102.25
2025_11_21,14486,1763757375,24454.5,T,14433,14586,102.25,78.75
2025_11_21,14586,1763757875,24375.75,B,14486,14619,78.75,64.0
2025_11_21,14619,1763758040,24439.75,T,14586,14651,64.0,52.0
2025_11_21,14651,1763758200,24387.75,B,14619,14654,52.0,38.75
2025_11_21,14654,1763758215,24426.5,T,14651,14738,38.75,141.5
2025_11_21,14738,1763758635,24285.0,B,14654,14834,141.5,72.0
2025_11_21,14834,1763759115,24357.0,T,14738,14922,72.0,54.25
2025_11_21,14922,1763759555,24302.75,B,14834,15303,54.25,55.5
2025_11_21,15303,1763761505,24358.25,T,14922,15331,55.5,36.25
2025_11_23,1,1763938810,24543.5,T,0,4,87.75,42.0
2025_11_23,4,1763938825,24501.5,B,1,5,42.0,53.75
2025_11_23,5,1763938830,24555.25,T,4,108,53.75,79.5
2025_11_23,108,1763939345,24475.75,B,5,153,79.5,46.0
2025_11_23,153,1763939570,24521.75,T,108,207,46.0,55.75
2025_11_23,207,1763939840,24466.0,B,153,335,55.75,36.0
2025_11_23,335,1763940515,24502.0,T,207,437,36.0,46.75
2025_11_23,437,1763941090,24455.25,B,335,546,46.75,40.75
2025_11_24,251,1763943675,24404.0,B,0,469,66.25,71.0
2025_11_24,469,1763944795,24475.0,T,251,711,71.0,60.25
2025_11_24,711,1763946120,24414.75,B,469,1013,60.25,68.0
2025_11_24,1013,1763947720,24482.75,T,711,1188,68.0,55.75
2025_11_24,1188,1763948625,24427.0,B,1013,1446,55.75,41.0
2025_11_24,1446,1763950005,24468.0,T,1188,1479,41.0,34.5
2025_11_24,1479,1763950175,24433.5,B,1446,1691,34.5,58.5
2025_11_24,1691,1763951315,24492.0,T,1479,1762,58.5,32.0
2025_11_24,1762,1763951680,24460.0,B,1691,2304,32.0,62.75
2025_11_24,2304,1763954530,24522.75,T,1762,2980,62.75,91.0
2025_11_24,2980,1763958410,24431.75,B,2304,3278,91.0,44.25
2025_11_24,3278,1763960140,24476.0,T,2980,3339,44.25,31.0
2025_11_24,3339,1763960490,24445.0,B,3278,3626,31.0,66.0
2025_11_24,3626,1763962050,24511.0,T,3339,4527,66.0,60.5
2025_11_24,4527,1763967800,24450.5,B,3626,5008,60.5,74.5
2025_11_24,5008,1763970575,24525.0,T,4527,5202,74.5,68.75
2025_11_24,5202,1763971595,24456.25,B,5008,5454,68.75,100.0
2025_11_24,5454,1763972865,24556.25,T,5202,5549,100.0,32.25
2025_11_24,5549,1763973340,24524.0,B,5454,5806,32.25,39.25
2025_11_24,5806,1763974680,24563.25,T,5549,6154,39.25,196.25
2025_11_24,6154,1763976450,24367.0,B,5806,6166,196.25,31.5
2025_11_24,6166,1763976510,24398.5,T,6154,6184,31.5,33.5
2025_11_24,6184,1763976600,24365.0,B,6166,6235,33.5,65.0
2025_11_24,6235,1763976855,24430.0,T,6184,6243,65.0,30.75
2025_11_24,6243,1763976895,24399.25,B,6235,6268,30.75,48.25
2025_11_24,6268,1763977020,24447.5,T,6243,6322,48.25,62.25
2025_11_24,6322,1763977290,24385.25,B,6268,6379,62.25,57.25
2025_11_24,6379,1763977580,24442.5,T,6322,6441,57.25,32.75
2025_11_24,6441,1763977890,24409.75,B,6379,6461,32.75,32.0
2025_11_24,6461,1763977990,24441.75,T,6441,6704,32.0,54.0
2025_11_24,6704,1763979260,24387.75,B,6461,6789,54.0,42.5
2025_11_24,6789,1763979690,24430.25,T,6704,6946,42.5,68.5
2025_11_24,6946,1763980500,24361.75,B,6789,7130,68.5,63.75
2025_11_24,7130,1763981475,24425.5,T,6946,7160,63.75,31.5
2025_11_24,7160,1763981645,24394.0,B,7130,7211,31.5,33.25
2025_11_24,7211,1763981905,24427.25,T,7160,7332,33.25,49.25
2025_11_24,7332,1763982530,24378.0,B,7211,7476,49.25,50.0
2025_11_24,7476,1763983305,24428.0,T,7332,7691,50.0,34.25
2025_11_24,7691,1763984410,24393.75,B,7476,7838,34.25,68.75
2025_11_24,7838,1763985165,24462.5,T,7691,8154,68.75,39.5
2025_11_24,8154,1763986770,24423.0,B,7838,8305,39.5,75.75
2025_11_24,8305,1763987535,24498.75,T,8154,8427,75.75,34.75
2025_11_24,8427,1763988170,24464.0,B,8305,9010,34.75,100.0
2025_11_24,9010,1763991120,24564.0,T,8427,9339,100.0,73.0
2025_11_24,9339,1763992770,24491.0,B,9010,9515,73.0,83.5
2025_11_24,9515,1763993650,24574.5,T,9339,9694,83.5,57.0
2025_11_24,9694,1763994545,24517.5,B,9515,9706,57.0,35.5
2025_11_24,9706,1763994605,24553.0,T,9694,9708,35.5,36.25
2025_11_24,9708,1763994615,24516.75,B,9706,9772,36.25,206.0
2025_11_24,9772,1763994935,24722.75,T,9708,9781,206.0,38.5
2025_11_24,9781,1763994980,24684.25,B,9772,9790,38.5,31.25
2025_11_24,9790,1763995025,24715.5,T,9781,9802,31.25,48.0
2025_11_24,9802,1763995085,24667.5,B,9790,9807,48.0,31.0
2025_11_24,9807,1763995110,24698.5,T,9802,9837,31.0,80.5
2025_11_24,9837,1763995260,24618.0,B,9807,9855,80.5,73.75
2025_11_24,9855,1763995350,24691.75,T,9837,9864,73.75,64.0
2025_11_24,9864,1763995395,24627.75,B,9855,9871,64.0,41.0
2025_11_24,9871,1763995430,24668.75,T,9864,9881,41.0,59.25
2025_11_24,9881,1763995480,24609.5,B,9871,9889,59.25,54.25
2025_11_24,9889,1763995520,24663.75,T,9881,9904,54.25,43.25
2025_11_24,9904,1763995595,24620.5,B,9889,9925,43.25,69.0
2025_11_24,9925,1763995700,24689.5,T,9904,9954,69.0,110.5
2025_11_24,9954,1763995845,24579.0,B,9925,9959,110.5,49.25
2025_11_24,9959,1763995870,24628.25,T,9954,9964,49.25,44.25
2025_11_24,9964,1763995895,24584.0,B,9959,9995,44.25,97.25
2025_11_24,9995,1763996050,24681.25,T,9964,10005,97.25,56.0
2025_11_24,10005,1763996100,24625.25,B,9995,10048,56.0,49.75
2025_11_24,10048,1763996315,24675.0,T,10005,10053,49.75,34.75
2025_11_24,10053,1763996340,24640.25,B,10048,10137,34.75,129.5
2025_11_24,10137,1763996760,24769.75,T,10053,10145,129.5,39.25
2025_11_24,10145,1763996800,24730.5,B,10137,10149,39.25,32.0
2025_11_24,10149,1763996820,24762.5,T,10145,10197,32.0,85.0
2025_11_24,10197,1763997060,24677.5,B,10149,10197,85.0,30.25
2025_11_24,10197,1763997060,24707.75,T,10197,10213,30.25,43.75
2025_11_24,10213,1763997140,24664.0,B,10197,10248,43.75,87.75
2025_11_24,10248,1763997315,24751.75,T,10213,10261,87.75,42.75
2025_11_24,10261,1763997380,24709.0,B,10248,10270,42.75,37.0
2025_11_24,10270,1763997425,24746.0,T,10261,10303,37.0,50.5
2025_11_24,10303,1763997590,24695.5,B,10270,10343,50.5,53.5
2025_11_24,10343,1763997790,24749.0,T,10303,10369,53.5,67.75
2025_11_24,10369,1763997920,24681.25,B,10343,10409,67.75,70.75
2025_11_24,10409,1763998120,24752.0,T,10369,10432,70.75,41.25
2025_11_24,10432,1763998235,24710.75,B,10409,10501,41.25,70.25
2025_11_24,10501,1763998580,24781.0,T,10432,10522,70.25,32.75
2025_11_24,10522,1763998685,24748.25,B,10501,10613,32.75,69.0
2025_11_24,10613,1763999140,24817.25,T,10522,10737,69.0,55.25
2025_11_24,10737,1763999760,24762.0,B,10613,11117,55.25,120.0
2025_11_24,11117,1764001660,24882.0,T,10737,11187,120.0,42.0
2025_11_24,11187,1764002010,24840.0,B,11117,11333,42.0,49.75
2025_11_24,11333,1764002740,24889.75,T,11187,11491,49.75,55.75
2025_11_24,11491,1764003530,24834.0,B,11333,11524,55.75,32.75
2025_11_24,11524,1764003695,24866.75,T,11491,11665,32.75,37.75
2025_11_24,11665,1764004400,24829.0,B,11524,12389,37.75,124.75
2025_11_24,12389,1764008020,24953.75,T,11665,12594,124.75,39.75
2025_11_24,12594,1764009045,24914.0,B,12389,13048,39.75,47.0
2025_11_24,13048,1764011315,24961.0,T,12594,13381,47.0,59.0
2025_11_24,13381,1764012980,24902.0,B,13048,13437,59.0,36.5
2025_11_24,13437,1764013260,24938.5,T,13381,13587,36.5,45.5
2025_11_24,13587,1764014010,24893.0,B,13437,13874,45.5,70.0
2025_11_24,13874,1764015445,24963.0,T,13587,13984,70.0,38.0
2025_11_24,13984,1764015995,24925.0,B,13874,14210,38.0,43.5
2025_11_24,14210,1764017125,24968.5,T,13984,14298,43.5,40.25
2025_11_24,14298,1764017565,24928.25,B,14210,14328,40.25,65.25
2025_11_24,14328,1764017715,24993.5,T,14298,14385,65.25,68.0
2025_11_24,14385,1764018000,24925.5,B,14328,15085,68.0,57.25
2025_11_24,15085,1764025310,24982.75,T,14385,15246,57.25,32.0
2025_11_25,325,1764030495,24918.75,B,0,653,42.0,48.75
2025_11_25,653,1764032245,24967.5,T,325,1309,48.75,48.25
2025_11_25,1309,1764035940,24919.25,B,653,2085,48.25,39.75
2025_11_25,2085,1764040715,24959.0,T,1309,2445,39.75,43.75
2025_11_25,2445,1764042765,24915.25,B,2085,3156,43.75,40.0
2025_11_25,3156,1764047710,24955.25,T,2445,4335,40.0,74.5
2025_11_25,4335,1764054735,24880.75,B,3156,4663,74.5,55.25
2025_11_25,4663,1764056790,24936.0,T,4335,4708,55.25,31.0
2025_11_25,4708,1764057015,24905.0,B,4663,4738,31.0,32.75
2025_11_25,4738,1764057165,24937.75,T,4708,4984,32.75,52.25
2025_11_25,4984,1764058485,24885.5,B,4738,5090,52.25,41.75
2025_11_25,5090,1764059035,24927.25,T,4984,5446,41.75,70.75
2025_11_25,5446,1764060920,24856.5,B,5090,5578,70.75,42.75
2025_11_25,5578,1764061595,24899.25,T,5446,5889,42.75,77.25
2025_11_25,5889,1764063175,24822.0,B,5578,6354,77.25,53.25
2025_11_25,6354,1764065535,24875.25,T,5889,6567,53.25,39.5
2025_11_25,6567,1764066725,24835.75,B,6354,6984,39.5,62.0
2025_11_25,6984,1764068930,24897.75,T,6567,7461,62.0,53.0
2025_11_25,7461,1764071530,24844.75,B,6984,7714,53.0,89.5
2025_11_25,7714,1764072805,24934.25,T,7461,8010,89.5,53.0
2025_11_25,8010,1764074290,24881.25,B,7714,8082,53.0,94.0
2025_11_25,8082,1764074650,24975.25,T,8010,8154,94.0,80.0
2025_11_25,8154,1764075010,24895.25,B,8082,8317,80.0,41.5
2025_11_25,8317,1764075825,24936.75,T,8154,8400,41.5,34.25
2025_11_25,8400,1764076245,24902.5,B,8317,8633,34.25,57.5
2025_11_25,8633,1764077420,24960.0,T,8400,8810,57.5,86.5
2025_11_25,8810,1764078305,24873.5,B,8633,8875,86.5,40.25
2025_11_25,8875,1764078630,24913.75,T,8810,9324,40.25,71.75
2025_11_25,9324,1764080880,24842.0,B,8875,9349,71.75,37.5
2025_11_25,9349,1764081005,24879.5,T,9324,9358,37.5,63.25
2025_11_25,9358,1764081050,24816.25,B,9349,9421,63.25,62.25
2025_11_25,9421,1764081365,24878.5,T,9358,9516,62.25,159.5
2025_11_25,9516,1764081840,24719.0,B,9421,9517,159.5,32.5
2025_11_25,9517,1764081845,24751.5,T,9516,9547,32.5,80.25
2025_11_25,9547,1764081995,24671.25,B,9517,9555,80.25,35.0
2025_11_25,9555,1764082035,24706.25,T,9547,9589,35.0,104.25
2025_11_25,9589,1764082205,24602.0,B,9555,9623,104.25,127.5
2025_11_25,9623,1764082375,24729.5,T,9589,9631,127.5,31.5
2025_11_25,9631,1764082415,24698.0,B,9623,9654,31.5,78.5
2025_11_25,9654,1764082530,24776.5,T,9631,9663,78.5,41.5
2025_11_25,9663,1764082575,24735.0,B,9654,9698,41.5,93.0
2025_11_25,9698,1764082750,24828.0,T,9663,9726,93.0,74.5
2025_11_25,9726,1764082890,24753.5,B,9698,9732,74.5,30.25
2025_11_25,9732,1764082920,24783.75,T,9726,9759,30.25,128.25
2025_11_25,9759,1764083055,24655.5,B,9732,9778,128.25,89.25
2025_11_25,9778,1764083150,24744.75,T,9759,9787,89.25,39.75
2025_11_25,9787,1764083195,24705.0,B,9778,9812,39.75,88.75
2025_11_25,9812,1764083320,24793.75,T,9787,9822,88.75,41.25
2025_11_25,9822,1764083370,24752.5,B,9812,9830,41.25,41.0
2025_11_25,9830,1764083410,24793.5,T,9822,9846,41.0,89.75
2025_11_25,9846,1764083490,24703.75,B,9830,9872,89.75,75.75
2025_11_25,9872,1764083620,24779.5,T,9846,9900,75.75,59.0
2025_11_25,9900,1764083760,24720.5,B,9872,9906,59.0,49.0
2025_11_25,9906,1764083790,24769.5,T,9900,9912,49.0,35.25
2025_11_25,9912,1764083820,24734.25,B,9906,9919,35.25,41.25
2025_11_25,9919,1764083855,24775.5,T,9912,9924,41.25,42.5
2025_11_25,9924,1764083880,24733.0,B,9919,9949,42.5,48.75
2025_11_25,9949,1764084005,24781.75,T,9924,9970,48.75,44.75
2025_11_25,9970,1764084110,24737.0,B,9949,9972,44.75,36.25
2025_11_25,9972,1764084120,24773.25,T,9970,9986,36.25,72.5
2025_11_25,9986,1764084190,24700.75,B,9972,9994,72.5,44.0
2025_11_25,9994,1764084230,24744.75,T,9986,9998,44.0,37.75
2025_11_25,9998,1764084250,24707.0,B,9994,10014,37.75,42.75
2025_11_25,10014,1764084330,24749.75,T,9998,10020,42.75,35.5
2025_11_25,10020,1764084360,24714.25,B,10014,10026,35.5,44.75
2025_11_25,10026,1764084390,24759.0,T,10020,10040,44.75,46.25
2025_11_25,10040,1764084460,24712.75,B,10026,10096,46.25,115.25
2025_11_25,10096,1764084740,24828.0,T,10040,10140,115.25,65.25
2025_11_25,10140,1764084960,24762.75,B,10096,10200,65.25,51.75
2025_11_25,10200,1764085260,24814.5,T,10140,10224,51.75,31.5
2025_11_25,10224,1764085380,24783.0,B,10200,10260,31.5,90.0
2025_11_25,10260,1764085560,24873.0,T,10224,10329,90.0,111.75
2025_11_25,10329,1764085905,24761.25,B,10260,10340,111.75,44.25
2025_11_25,10340,1764085960,24805.5,T,10329,10358,44.25,32.0
2025_11_25,10358,1764086050,24773.5,B,10340,10364,32.0,31.5
2025_11_25,10364,1764086080,24805.0,T,10358,10389,31.5,33.5
2025_11_25,10389,1764086205,24771.5,B,10364,10415,33.5,68.0
2025_11_25,10415,1764086335,24839.5,T,10389,10467,68.0,61.5
2025_11_25,10467,1764086595,24778.0,B,10415,10484,61.5,44.25
2025_11_25,10484,1764086680,24822.25,T,10467,10502,44.25,46.5
2025_11_25,10502,1764086770,24775.75,B,10484,10517,46.5,45.25
2025_11_25,10517,1764086845,24821.0,T,10502,10557,45.25,46.5
2025_11_25,10557,1764087045,24774.5,B,10517,10593,46.5,34.75
2025_11_25,10593,1764087225,24809.25,T,10557,10609,34.75,35.75
2025_11_25,10609,1764087305,24773.5,B,10593,10696,35.75,109.75
2025_11_25,10696,1764087740,24883.25,T,10609,10745,109.75,56.75
2025_11_25,10745,1764087985,24826.5,B,10696,10950,56.75,62.5
2025_11_25,10950,1764089010,24889.0,T,10745,10975,62.5,49.25
2025_11_25,10975,1764089135,24839.75,B,10950,11151,49.25,84.0
2025_11_25,11151,1764090015,24923.75,T,10975,11172,84.0,30.0
2025_11_25,11172,1764090120,24893.75,B,11151,11448,30.0,123.25
2025_11_25,11448,1764091500,25017.0,T,11172,11502,123.25,32.75
2025_11_25,11502,1764091770,24984.25,B,11448,11602,32.75,76.5
2025_11_25,11602,1764092270,25060.75,T,11502,11862,76.5,84.0
2025_11_25,11862,1764093570,24976.75,B,11602,12454,84.0,72.75
2025_11_25,12454,1764096530,25049.5,T,11862,12817,72.75,94.5
2025_11_25,12817,1764098345,24955.0,B,12454,12855,94.5,35.75
2025_11_25,12855,1764098535,24990.75,T,12817,13080,35.75,52.75
2025_11_25,13080,1764099660,24938.0,B,12855,13908,52.75,185.5
2025_11_25,13908,1764103800,25123.5,T,13080,13908,185.5,31.25
2025_11_25,13908,1764103800,25092.25,B,13908,13958,31.25,43.0
2025_11_25,13958,1764104050,25135.25,T,13908,14485,43.0,75.75
2025_11_25,14485,1764106830,25059.5,B,13958,14756,75.75,34.5
2025_11_26,1966,1764126190,25196.5,T,74,2914,130.0,36.0
2025_11_26,2914,1764132130,25160.5,B,1966,4601,36.0,75.25
2025_11_26,4601,1764142860,25235.75,T,2914,4941,75.25,54.0
2025_11_26,4941,1764144660,25181.75,B,4601,5068,54.0,43.0
2025_11_26,5068,1764145320,25224.75,T,4941,5802,43.0,87.25
2025_11_26,5802,1764149260,25137.5,B,5068,5981,87.25,33.75
2025_11_26,5981,1764150215,25171.25,T,5802,6074,33.75,31.75
2025_11_26,6074,1764150720,25139.5,B,5981,7038,31.75,75.75
2025_11_26,7038,1764156340,25215.25,T,6074,7177,75.75,38.0
2025_11_26,7177,1764157085,25177.25,B,7038,7275,38.0,32.25
2025_11_26,7275,1764157620,25209.5,T,7177,7461,32.25,79.5
2025_11_26,7461,1764158580,25130.0,B,7275,7461,79.5,30.75
2025_11_26,7461,1764158580,25160.75,T,7461,7465,30.75,40.25
2025_11_26,7465,1764158600,25120.5,B,7461,7513,40.25,43.75
2025_11_26,7513,1764158840,25164.25,T,7465,7625,43.75,45.75
2025_11_26,7625,1764159400,25118.5,B,7513,8438,45.75,91.5
2025_11_26,8438,1764163560,25210.0,T,7625,8535,91.5,37.0
2025_11_26,8535,1764164045,25173.0,B,8438,8560,37.0,38.25
2025_11_26,8560,1764164170,25211.25,T,8535,8643,38.25,38.25
2025_11_26,8643,1764164585,25173.0,B,8560,8828,38.25,47.5
2025_11_26,8828,1764165510,25220.5,T,8643,8973,47.5,43.25
2025_11_26,8973,1764166240,25177.25,B,8828,9242,43.25,93.25
2025_11_26,9242,1764167590,25270.5,T,8973,9256,93.25,43.0
2025_11_26,9256,1764167660,25227.5,B,9242,9278,43.0,33.25
2025_11_26,9278,1764167770,25260.75,T,9256,9301,33.25,71.75
2025_11_26,9301,1764167885,25189.0,B,9278,9325,71.75,49.25
2025_11_26,9325,1764168005,25238.25,T,9301,9354,49.25,44.5
2025_11_26,9354,1764168150,25193.75,B,9325,9458,44.5,86.5
2025_11_26,9458,1764168670,25280.25,T,9354,9564,86.5,146.5
2025_11_26,9564,1764169200,25133.75,B,9458,9601,146.5,67.25
2025_11_26,9601,1764169385,25201.0,T,9564,9643,67.25,50.75
2025_11_26,9643,1764169595,25150.25,B,9601,9673,50.75,72.25
2025_11_26,9673,1764169745,25222.5,T,9643,9757,72.25,63.0
2025_11_26,9757,1764170165,25159.5,B,9673,9781,63.0,38.5
2025_11_26,9781,1764170285,25198.0,T,9757,9785,38.5,32.75
2025_11_26,9785,1764170305,25165.25,B,9781,9805,32.75,33.0
2025_11_26,9805,1764170405,25198.25,T,9785,9865,33.0,55.5
2025_11_26,9865,1764170705,25142.75,B,9805,10049,55.5,108.75
2025_11_26,10049,1764171625,25251.5,T,9865,10135,108.75,58.75
2025_11_26,10135,1764172055,25192.75,B,10049,10808,58.75,183.25
2025_11_26,10808,1764175420,25376.0,T,10135,11247,183.25,62.75
2025_11_26,11247,1764177615,25313.25,B,10808,11541,62.75,56.0
2025_11_26,11541,1764179085,25369.25,T,11247,11839,56.0,88.25
2025_11_26,11839,1764180575,25281.0,B,11541,11907,88.25,58.5
2025_11_26,11907,1764180915,25339.5,T,11839,11975,58.5,35.75
2025_11_26,11975,1764181255,25303.75,B,11907,12049,35.75,56.25
2025_11_26,12049,1764181625,25360.0,T,11975,12272,56.25,73.5
2025_11_26,12272,1764182740,25286.5,B,12049,12327,73.5,44.0
2025_11_26,12327,1764183015,25330.5,T,12272,12397,44.0,35.75
2025_11_26,12397,1764183365,25294.75,B,12327,12466,35.75,47.75
2025_11_26,12466,1764183710,25342.5,T,12397,12581,47.75,44.75
2025_11_26,12581,1764184285,25297.75,B,12466,12827,44.75,57.5
2025_11_26,12827,1764185515,25355.25,T,12581,13044,57.5,47.5
2025_11_26,13044,1764186600,25307.75,B,12827,13359,47.5,53.0
2025_11_26,13359,1764188175,25360.75,T,13044,13884,53.0,67.5
2025_11_26,13884,1764190800,25293.25,B,13359,13992,67.5,38.25
2025_11_26,13992,1764191340,25331.5,T,13884,14087,38.25,30.5
2025_11_27,610,1764206160,25304.0,B,494,992,35.25,34.5
2025_11_27,992,1764208815,25338.5,T,610,1478,34.5,33.5
2025_11_27,1478,1764213070,25305.0,B,992,2329,33.5,32.25
2025_11_27,2329,1764221910,25337.25,T,1478,3216,32.25,41.75
2025_11_27,3216,1764228950,25295.5,B,2329,3329,41.75,30.75
2025_11_27,3329,1764229785,25326.25,T,3216,3514,30.75,33.0
2025_11_27,3514,1764231025,25293.25,B,3329,3791,33.0,35.75
2025_11_27,3791,1764232725,25329.0,T,3514,3991,35.75,32.5
2025_11_27,3991,1764234010,25296.5,B,3791,4306,32.5,30.0
2025_11_27,4306,1764236250,25326.5,T,3991,7637,30.0,40.75
2025_11_28,642,1764293040,25368.0,T,9,807,43.25,36.25
2025_11_28,807,1764294180,25331.75,B,642,1081,36.25,61.5
2025_11_28,1081,1764336610,25393.25,T,807,1100,61.5,30.5
2025_11_28,1100,1764336715,25362.75,B,1081,1154,30.5,36.25
2025_11_28,1154,1764337000,25399.0,T,1100,1641,36.25,51.25
2025_11_28,1641,1764339870,25347.75,B,1154,1799,51.25,74.25
2025_11_28,1799,1764340665,25422.0,T,1641,1840,74.25,91.0
2025_11_28,1840,1764340870,25331.0,B,1799,1873,91.0,46.5
2025_11_28,1873,1764341035,25377.5,T,1840,1891,46.5,34.75
2025_11_28,1891,1764341125,25342.75,B,1873,1953,34.75,56.25
2025_11_28,1953,1764341435,25399.0,T,1891,2134,56.25,46.75
2025_11_28,2134,1764342340,25352.25,B,1953,2320,46.75,50.25
2025_11_28,2320,1764343270,25402.5,T,2134,2419,50.25,43.25
2025_11_28,2419,1764343765,25359.25,B,2320,2987,43.25,77.0
2025_11_28,2987,1764346605,25436.25,T,2419,3119,77.0,68.75
2025_11_28,3119,1764347265,25367.5,B,2987,3254,68.75,52.75
2025_11_28,3254,1764347940,25420.25,T,3119,3296,52.75,39.0
2025_11_28,3296,1764348150,25381.25,B,3254,3634,39.0,58.75
2025_11_28,3634,1764349840,25440.0,T,3296,4046,58.75,45.75
2025_11_28,4046,1764351900,25394.25,B,3634,4266,45.75,105.5
2025_11_30,60,1764543900,25469.75,B,0,288,76.25,54.5
2025_11_30,288,1764545110,25524.25,T,60,517,54.5,81.5
2025_12_01,301,1764548720,25357.0,B,2,358,114.0,39.0
2025_12_01,358,1764549005,25396.0,T,301,726,39.0,104.75
2025_12_01,726,1764550855,25291.25,B,358,782,104.75,32.75
2025_12_01,782,1764551135,25324.0,T,726,837,32.75,58.0
2025_12_01,837,1764551410,25266.0,B,782,987,58.0,61.0
2025_12_01,987,1764552165,25327.0,T,837,1181,61.0,30.5
2025_12_01,1181,1764553145,25296.5,B,987,1322,30.5,47.75
2025_12_01,1322,1764553860,25344.25,T,1181,1724,47.75,63.5
2025_12_01,1724,1764555945,25280.75,B,1322,1835,63.5,31.25
2025_12_01,1835,1764556560,25312.0,T,1724,1989,31.25,44.5
2025_12_01,1989,1764557335,25267.5,B,1835,2094,44.5,30.5
2025_12_01,2094,1764557865,25298.0,T,1989,2551,30.5,60.75
2025_12_01,2551,1764560340,25237.25,B,2094,2638,60.75,32.5
2025_12_01,2638,1764560790,25269.75,T,2551,3863,32.5,76.5
2025_12_01,3863,1764567480,25193.25,B,2638,4792,76.5,82.25
2025_12_01,4792,1764572555,25275.5,T,3863,4969,82.25,37.25
2025_12_01,4969,1764573535,25238.25,B,4792,5683,37.25,104.5
2025_12_01,5683,1764577390,25342.75,T,4969,6114,104.5,44.0
2025_12_01,6114,1764579750,25298.75,B,5683,6201,44.0,42.75
2025_12_01,6201,1764580200,25341.5,T,6114,6733,42.75,68.25
2025_12_01,6733,1764583020,25273.25,B,6201,7223,68.25,60.25
2025_12_01,7223,1764585910,25333.5,T,6733,7459,60.25,45.5
2025_12_01,7459,1764587255,25288.0,B,7223,7554,45.5,31.75
2025_12_01,7554,1764587765,25319.75,T,7459,8583,31.75,109.0
2025_12_01,8583,1764593385,25210.75,B,7554,9591,109.0,88.75
2025_12_01,9591,1764598500,25299.5,T,8583,9717,88.75,54.0
2025_12_01,9717,1764599130,25245.5,B,9591,9776,54.0,43.5
2025_12_01,9776,1764599425,25289.0,T,9717,9801,43.5,55.0
2025_12_01,9801,1764599550,25234.0,B,9776,9868,55.0,88.0
2025_12_01,9868,1764599885,25322.0,T,9801,9906,88.0,94.75
2025_12_01,9906,1764600075,25227.25,B,9868,9914,94.75,39.0
2025_12_01,9914,1764600115,25266.25,T,9906,9934,39.0,57.0
2025_12_01,9934,1764600215,25209.25,B,9914,9988,57.0,121.25
2025_12_01,9988,1764600485,25330.5,T,9934,9999,121.25,41.75
2025_12_01,9999,1764600540,25288.75,B,9988,10090,41.75,90.75
2025_12_01,10090,1764600995,25379.5,T,9999,10117,90.75,42.5
2025_12_01,10117,1764601130,25337.0,B,10090,10131,42.5,47.0
2025_12_01,10131,1764601200,25384.0,T,10117,10192,47.0,52.0
2025_12_01,10192,1764601505,25332.0,B,10131,10294,52.0,57.0
2025_12_01,10294,1764602015,25389.0,T,10192,10323,57.0,52.25
2025_12_01,10323,1764602160,25336.75,B,10294,10359,52.25,37.5
2025_12_01,10359,1764602340,25374.25,T,10323,10433,37.5,66.0
2025_12_01,10433,1764602710,25308.25,B,10359,10456,66.0,37.5
2025_12_01,10456,1764602825,25345.75,T,10433,10555,37.5,78.25
2025_12_01,10555,1764603320,25267.5,B,10456,10570,78.25,65.5
2025_12_01,10570,1764603395,25333.0,T,10555,10585,65.5,30.25
2025_12_01,10585,1764603470,25302.75,B,10570,10615,30.25,57.25
2025_12_01,10615,1764603620,25360.0,T,10585,10659,57.25,43.75
2025_12_01,10659,1764603840,25316.25,B,10615,10832,43.75,103.75
2025_12_01,10832,1764604705,25420.0,T,10659,10960,103.75,71.25
2025_12_01,10960,1764605345,25348.75,B,10832,10974,71.25,31.5
2025_12_01,10974,1764605415,25380.25,T,10960,11060,31.5,57.75
2025_12_01,11060,1764605845,25322.5,B,10974,11662,57.75,145.0
2025_12_01,11662,1764608855,25467.5,T,11060,11766,145.0,53.25
2025_12_01,11766,1764609375,25414.25,B,11662,12127,53.25,81.5
2025_12_01,12127,1764611180,25495.75,T,11766,12291,81.5,49.25
2025_12_01,12291,1764612000,25446.5,B,12127,12449,49.25,37.75
2025_12_01,12449,1764612790,25484.25,T,12291,12550,37.75,30.0
2025_12_01,12550,1764613295,25454.25,B,12449,12981,30.0,38.5
2025_12_01,12981,1764615450,25492.75,T,12550,13411,38.5,135.75
2025_12_01,13411,1764617600,25357.0,B,12981,13463,135.75,58.0
2025_12_01,13463,1764617860,25415.0,T,13411,13731,58.0,48.25
2025_12_01,13731,1764619200,25366.75,B,13463,14271,48.25,54.5
2025_12_01,14271,1764621900,25421.25,T,13731,14419,54.5,56.25
2025_12_01,14419,1764622640,25365.0,B,14271,14511,56.25,48.5
2025_12_01,14511,1764623100,25413.5,T,14419,14599,48.5,30.25
2025_12_01,14599,1764623540,25383.25,B,14511,15122,30.25,40.0
2025_12_01,15122,1764630190,25423.25,T,14599,15205,40.0,44.75
2025_12_02,773,1764638235,25445.0,T,15,1335,62.0,59.0
2025_12_02,1335,1764641620,25386.0,B,773,1718,59.0,46.25
2025_12_02,1718,1764644185,25432.25,T,1335,2071,46.25,84.0
2025_12_02,2071,1764646285,25348.25,B,1718,2363,84.0,59.5
2025_12_02,2363,1764647825,25407.75,T,2071,3646,59.5,73.5
2025_12_02,3646,1764656760,25334.25,B,2363,4220,73.5,53.75
2025_12_02,4220,1764660605,25388.0,T,3646,4613,53.75,63.25
2025_12_02,4613,1764663005,25324.75,B,4220,6808,63.25,184.0
2025_12_02,6808,1764675205,25508.75,T,4613,7499,184.0,50.75
2025_12_02,7499,1764679060,25458.0,B,6808,8212,50.75,56.75
2025_12_02,8212,1764682865,25514.75,T,7499,8322,56.75,34.25
2025_12_02,8322,1764683430,25480.5,B,8212,8496,34.25,42.25
2025_12_02,8496,1764684310,25522.75,T,8322,8801,42.25,51.5
2025_12_02,8801,1764685865,25471.25,B,8496,8909,51.5,141.75
2025_12_02,8909,1764686405,25613.0,T,8801,8982,141.75,44.25
2025_12_02,8982,1764686770,25568.75,B,8909,9004,44.25,31.25
2025_12_02,9004,1764686880,25600.0,T,8982,9019,31.25,33.25
2025_12_02,9019,1764686955,25566.75,B,9004,9051,33.25,43.0
2025_12_02,9051,1764687115,25609.75,T,9019,9070,43.0,47.75
2025_12_02,9070,1764687210,25562.0,B,9051,9256,47.75,92.75
2025_12_02,9256,1764688140,25654.75,T,9070,9284,92.75,51.25
2025_12_02,9284,1764688280,25603.5,B,9256,9333,51.25,41.0
2025_12_02,9333,1764688525,25644.5,T,9284,9399,41.0,38.75
2025_12_02,9399,1764688855,25605.75,B,9333,9450,38.75,41.5
2025_12_02,9450,1764689110,25647.25,T,9399,9509,41.5,107.5
2025_12_02,9509,1764689405,25539.75,B,9450,9509,107.5,30.75
2025_12_02,9509,1764689405,25570.5,T,9509,9510,30.75,30.5
2025_12_02,9510,1764689410,25540.0,B,9509,9529,30.5,41.0
2025_12_02,9529,1764689505,25581.0,T,9510,9556,41.0,50.0
2025_12_02,9556,1764689640,25531.0,B,9529,9768,50.0,139.0
2025_12_02,9768,1764690700,25670.0,T,9556,9869,139.0,50.0
2025_12_02,9869,1764691205,25620.0,B,9768,9917,50.0,43.5
2025_12_02,9917,1764691445,25663.5,T,9869,10168,43.5,210.25
2025_12_02,10168,1764692700,25453.25,B,9917,10172,210.25,31.0
2025_12_02,10172,1764692720,25484.25,T,10168,10213,31.0,41.25
2025_12_02,10213,1764692925,25443.0,B,10172,10229,41.25,37.75
2025_12_02,10229,1764693005,25480.75,T,10213,10257,37.75,66.25
2025_12_02,10257,1764693145,25414.5,B,10229,10366,66.25,110.5
2025_12_02,10366,1764693690,25525.0,T,10257,10462,110.5,47.25
2025_12_02,10462,1764694170,25477.75,B,10366,10536,47.25,56.5
2025_12_02,10536,1764694540,25534.25,T,10462,10582,56.5,32.25
2025_12_02,10582,1764694770,25502.0,B,10536,10619,32.25,52.25
2025_12_02,10619,1764694955,25554.25,T,10582,10708,52.25,39.5
2025_12_02,10708,1764695400,25514.75,B,10619,10973,39.5,107.5
2025_12_02,10973,1764696725,25622.25,T,10708,11308,107.5,125.75
2025_12_02,11308,1764698400,25496.5,B,10973,11396,125.75,81.75
2025_12_02,11396,1764698840,25578.25,T,11308,11444,81.75,39.0
2025_12_02,11444,1764699080,25539.25,B,11396,11584,39.0,46.75
2025_12_02,11584,1764699780,25586.0,T,11444,11624,46.75,41.5
2025_12_02,11624,1764699980,25544.5,B,11584,11689,41.5,32.25
2025_12_02,11689,1764700305,25576.75,T,11624,11800,32.25,46.75
2025_12_02,11800,1764700860,25530.0,B,11689,12222,46.75,80.25
2025_12_02,12222,1764702970,25610.25,T,11800,12319,80.25,47.0
2025_12_02,12319,1764703455,25563.25,B,12222,12454,47.0,47.75
2025_12_02,12454,1764704130,25611.0,T,12319,12555,47.75,32.5
2025_12_02,12555,1764704635,25578.5,B,12454,13122,32.5,68.25
2025_12_02,13122,1764707470,25646.75,T,12555,13230,68.25,40.75
2025_12_02,13230,1764708010,25606.0,B,13122,13315,40.75,30.0
2025_12_02,13315,1764708435,25636.0,T,13230,13528,30.0,49.5
2025_12_03,303,1764721705,25576.0,B,15,1580,62.25,97.75
2025_12_03,1580,1764728885,25673.75,T,303,1943,97.75,31.5
2025_12_03,1943,1764731135,25642.25,B,1580,3016,31.5,36.0
2025_12_03,3016,1764738955,25678.25,T,1943,3675,36.0,40.75
2025_12_03,3675,1764743740,25637.5,B,3016,4107,40.75,39.25
2025_12_03,4107,1764746710,25676.75,T,3675,4722,39.25,63.5
2025_12_03,4722,1764750455,25613.25,B,4107,5069,63.5,54.5
2025_12_03,5069,1764752285,25667.75,T,4722,5419,54.5,54.0
2025_12_03,5419,1764754240,25613.75,B,5069,5846,54.0,37.0
2025_12_03,5846,1764756735,25650.75,T,5419,6215,37.0,45.5
2025_12_03,6215,1764759020,25605.25,B,5846,6818,45.5,39.5
2025_12_03,6818,1764762790,25644.75,T,6215,6920,39.5,30.0
2025_12_03,6920,1764763355,25614.75,B,6818,7705,30.0,63.0
2025_12_03,7705,1764767700,25677.75,T,6920,7775,63.0,38.25
2025_12_03,7775,1764768050,25639.5,B,7705,8161,38.25,32.25
2025_12_03,8161,1764770010,25671.75,T,7775,8275,32.25,126.25
2025_12_03,8275,1764770580,25545.5,B,8161,8280,126.25,33.5
2025_12_03,8280,1764770605,25579.0,T,8275,8307,33.5,87.25
2025_12_03,8307,1764770740,25491.75,B,8280,8319,87.25,44.5
2025_12_03,8319,1764770800,25536.25,T,8307,8351,44.5,112.0
2025_12_03,8351,1764770960,25424.25,B,8319,8355,112.0,31.75
2025_12_03,8355,1764770980,25456.0,T,8351,8359,31.75,31.75
2025_12_03,8359,1764771000,25424.25,B,8355,8362,31.75,48.25
2025_12_03,8362,1764771015,25472.5,T,8359,8372,48.25,34.0
2025_12_03,8372,1764771065,25438.5,B,8362,8377,34.0,35.5
2025_12_03,8377,1764771090,25474.0,T,8372,8409,35.5,52.5
2025_12_03,8409,1764771250,25421.5,B,8377,8456,52.5,61.5
2025_12_03,8456,1764771485,25483.0,T,8409,8479,61.5,37.5
2025_12_03,8479,1764771600,25445.5,B,8456,8599,37.5,62.0
2025_12_03,8599,1764772200,25507.5,T,8479,8606,62.0,49.75
2025_12_03,8606,1764772235,25457.75,B,8599,8620,49.75,69.75
2025_12_03,8620,1764772305,25527.5,T,8606,8623,69.75,52.75
2025_12_03,8623,1764772320,25474.75,B,8620,8637,52.75,63.25
2025_12_03,8637,1764772390,25538.0,T,8623,8659,63.25,72.0
2025_12_03,8659,1764772500,25466.0,B,8637,8665,72.0,39.75
2025_12_03,8665,1764772530,25505.75,T,8659,8672,39.75,30.75
2025_12_03,8672,1764772565,25475.0,B,8665,8683,30.75,45.0
2025_12_03,8683,1764772620,25520.0,T,8672,8716,45.0,67.0
2025_12_03,8716,1764772785,25453.0,B,8683,8734,67.0,64.0
2025_12_03,8734,1764772875,25517.0,T,8716,8772,64.0,52.0
2025_12_03,8772,1764773065,25465.0,B,8734,8793,52.0,39.5
2025_12_03,8793,1764773170,25504.5,T,8772,8853,39.5,46.5
2025_12_03,8853,1764773470,25458.0,B,8793,8859,46.5,31.75
2025_12_03,8859,1764773500,25489.75,T,8853,8883,31.75,59.75
2025_12_03,8883,1764773620,25430.0,B,8859,8960,59.75,100.0
2025_12_03,8960,1764774005,25530.0,T,8883,8960,100.0,31.25
2025_12_03,8960,1764774005,25498.75,B,8960,9022,31.25,75.75
2025_12_03,9022,1764774315,25574.5,T,8960,9079,75.75,71.0
2025_12_03,9079,1764774600,25503.5,B,9022,9100,71.0,37.25
2025_12_03,9100,1764774705,25540.75,T,9079,9106,37.25,42.5
2025_12_03,9106,1764774735,25498.25,B,9100,9186,42.5,65.25
2025_12_03,9186,1764775135,25563.5,T,9106,9227,65.25,63.5
2025_12_03,9227,1764775340,25500.0,B,9186,9296,63.5,55.25
2025_12_03,9296,1764775685,25555.25,T,9227,9345,55.25,54.75
2025_12_03,9345,1764775930,25500.5,B,9296,9359,54.75,82.25
2025_12_03,9359,1764776000,25582.75,T,9345,9363,82.25,33.25
2025_12_03,9363,1764776020,25549.5,B,9359,9418,33.25,52.75
2025_12_03,9418,1764776295,25602.25,T,9363,9427,52.75,47.25
2025_12_03,9427,1764776340,25555.0,B,9418,9518,47.25,50.5
2025_12_03,9518,1764776795,25605.5,T,9427,9636,50.5,54.75
2025_12_03,9636,1764777385,25550.75,B,9518,9736,54.75,48.5
2025_12_03,9736,1764777885,25599.25,T,9636,9826,48.5,77.5
2025_12_03,9826,1764778335,25521.75,B,9736,9932,77.5,64.75
2025_12_03,9932,1764778865,25586.5,T,9826,9967,64.75,49.25
2025_12_03,9967,1764779040,25537.25,B,9932,10144,49.25,84.25
2025_12_03,10144,1764779925,25621.5,T,9967,10374,84.25,91.5
2025_12_03,10374,1764781075,25530.0,B,10144,10465,91.5,67.75
2025_12_03,10465,1764781530,25597.75,T,10374,10489,67.75,42.75
2025_12_03,10489,1764781650,25555.0,B,10465,10676,42.75,78.5
2025_12_03,10676,1764782585,25633.5,T,10489,10822,78.5,35.25
2025_12_03,10822,1764783315,25598.25,B,10676,11158,35.25,40.0
2025_12_03,11158,1764784995,25638.25,T,10822,11366,40.0,30.0
2025_12_03,11366,1764786035,25608.25,B,11158,11659,30.0,46.5
2025_12_03,11659,1764787500,25654.75,T,11366,11826,46.5,32.5
2025_12_03,11826,1764788335,25622.25,B,11659,12758,32.5,63.0
2025_12_04,469,1764809715,25622.0,B,113,644,44.0,40.75
2025_12_04,644,1764810680,25662.75,T,469,1306,40.75,43.5
2025_12_04,1306,1764814830,25619.25,B,644,1601,43.5,38.25
2025_12_04,1601,1764816980,25657.5,T,1306,1952,38.25,44.25
2025_12_04,1952,1764819335,25613.25,B,1601,3654,44.25,56.5
2025_12_04,3654,1764832040,25669.75,T,1952,4387,56.5,66.5
2025_12_04,4387,1764836840,25603.25,B,3654,4804,66.5,49.0
2025_12_04,4804,1764839040,25652.25,T,4387,4930,49.0,40.75
2025_12_04,4930,1764839800,25611.5,B,4804,5192,40.75,81.0
2025_12_04,5192,1764841265,25692.5,T,4930,6193,81.0,66.25
2025_12_04,6193,1764847155,25626.25,B,5192,7159,66.25,48.25
2025_12_04,7159,1764852765,25674.5,T,6193,7401,48.25,38.75
2025_12_04,7401,1764854115,25635.75,B,7159,7558,38.75,30.75
2025_12_04,7558,1764855005,25666.5,T,7401,7816,30.75,48.25
2025_12_04,7816,1764856330,25618.25,B,7558,8055,48.25,114.25
2025_12_04,8055,1764857550,25732.5,T,7816,8290,114.25,95.0
2025_12_04,8290,1764858725,25637.5,B,8055,8302,95.0,30.25
2025_12_04,8302,1764858785,25667.75,T,8290,8325,30.25,117.0
2025_12_04,8325,1764858900,25550.75,B,8302,8347,117.0,86.25
2025_12_04,8347,1764859010,25637.0,T,8325,8365,86.25,48.25
2025_12_04,8365,1764859100,25588.75,B,8347,8396,48.25,54.0
2025_12_04,8396,1764859255,25642.75,T,8365,8413,54.0,59.5
2025_12_04,8413,1764859340,25583.25,B,8396,8413,59.5,36.25
2025_12_04,8413,1764859340,25619.5,T,8413,8425,36.25,42.0
2025_12_04,8425,1764859400,25577.5,B,8413,8433,42.0,34.5
2025_12_04,8433,1764859440,25612.0,T,8425,8475,34.5,42.0
2025_12_04,8475,1764859650,25570.0,B,8433,8514,42.0,34.75
2025_12_04,8514,1764859845,25604.75,T,8475,8535,34.75,43.25
2025_12_04,8535,1764859950,25561.5,B,8514,8581,43.25,42.25
2025_12_04,8581,1764860180,25603.75,T,8535,8601,42.25,63.5
2025_12_04,8601,1764860280,25540.25,B,8581,8735,63.5,51.75
2025_12_04,8735,1764860950,25592.0,T,8601,8785,51.75,46.75
2025_12_04,8785,1764861200,25545.25,B,8735,8799,46.75,33.0
2025_12_04,8799,1764861270,25578.25,T,8785,8809,33.0,30.0
2025_12_04,8809,1764861320,25548.25,B,8799,8901,30.0,49.25
2025_12_04,8901,1764861780,25597.5,T,8809,8933,49.25,77.0
2025_12_04,8933,1764861940,25520.5,B,8901,9134,77.0,118.75
2025_12_04,9134,1764862945,25639.25,T,8933,9251,118.75,73.25
2025_12_04,9251,1764863530,25566.0,B,9134,9274,73.25,31.75
2025_12_04,9274,1764863645,25597.75,T,9251,9417,31.75,92.75
2025_12_04,9417,1764864360,25505.0,B,9274,9467,92.75,51.75
2025_12_04,9467,1764864610,25556.75,T,9417,9484,51.75,34.75
2025_12_04,9484,1764864695,25522.0,B,9467,9637,34.75,75.25
2025_12_04,9637,1764865460,25597.25,T,9484,9673,75.25,32.25
2025_12_04,9673,1764865640,25565.0,B,9637,9743,32.25,35.5
2025_12_04,9743,1764865990,25600.5,T,9673,9875,35.5,36.0
2025_12_04,9875,1764866650,25564.5,B,9743,10078,36.0,88.75
2025_12_04,10078,1764867665,25653.25,T,9875,10211,88.75,53.25
2025_12_04,10211,1764868330,25600.0,B,10078,10245,53.25,34.75
2025_12_04,10245,1764868500,25634.75,T,10211,10461,34.75,49.0
2025_12_04,10461,1764869580,25585.75,B,10245,10521,49.0,39.75
2025_12_04,10521,1764869880,25625.5,T,10461,10557,39.75,33.25
2025_12_04,10557,1764870060,25592.25,B,10521,10771,33.25,30.25
2025_12_04,10771,1764871130,25622.5,T,10557,10880,30.25,47.75
2025_12_04,10880,1764871675,25574.75,B,10771,11177,47.75,57.75
2025_12_04,11177,1764873160,25632.5,T,10880,11783,57.75,143.75
2025_12_04,11783,1764876190,25488.75,B,11177,11961,143.75,122.75
2025_12_04,11961,1764877080,25611.5,T,11783,12009,122.75,35.5
2025_12_04,12009,1764877320,25576.0,B,11961,12087,35.5,32.0
2025_12_04,12087,1764877710,25608.0,T,12009,12312,32.0,56.25
2025_12_04,12312,1764878835,25551.75,B,12087,12395,56.25,42.0
2025_12_04,12395,1764879250,25593.75,T,12312,12585,42.0,33.25
2025_12_04,12585,1764880200,25560.5,B,12395,13612,33.25,88.25
2025_12_05,1489,1764901775,25713.25,T,82,1761,102.25,31.0
2025_12_05,1761,1764903460,25682.25,B,1489,4640,31.0,73.5
2025_12_05,4640,1764922880,25755.75,T,1761,5497,73.5,49.5
2025_12_05,5497,1764927800,25706.25,B,4640,5754,49.5,30.5
2025_12_05,5754,1764929555,25736.75,T,5497,6143,30.5,32.5
2025_12_05,6143,1764932450,25704.25,B,5754,6670,32.5,31.75
2025_12_05,6670,1764936135,25736.0,T,6143,7866,31.75,156.25
2025_12_05,7866,1764942660,25579.75,B,6670,8376,156.25,195.75
2025_12_05,8376,1764945220,25775.5,T,7866,8407,195.75,35.25
2025_12_05,8407,1764945375,25740.25,B,8376,8422,35.25,37.0
2025_12_05,8422,1764945450,25777.25,T,8407,8473,37.0,103.75
2025_12_05,8473,1764945705,25673.5,B,8422,8488,103.75,45.75
2025_12_05,8488,1764945780,25719.25,T,8473,8501,45.75,32.0
2025_12_05,8501,1764945845,25687.25,B,8488,8625,32.0,116.0
2025_12_05,8625,1764946465,25803.25,T,8501,8659,116.0,35.5
2025_12_05,8659,1764946635,25767.75,B,8625,8692,35.5,46.25
2025_12_05,8692,1764946800,25814.0,T,8659,8708,46.25,48.75
2025_12_05,8708,1764946880,25765.25,B,8692,8907,48.75,102.75
2025_12_05,8907,1764947875,25868.0,T,8708,8936,102.75,40.0
2025_12_05,8936,1764948020,25828.0,B,8907,8974,40.0,31.0
2025_12_05,8974,1764948210,25859.0,T,8936,9043,31.0,31.5
2025_12_05,9043,1764948555,25827.5,B,8974,9080,31.5,33.75
2025_12_05,9080,1764948740,25861.25,T,9043,9246,33.75,67.5
2025_12_05,9246,1764949570,25793.75,B,9080,9280,67.5,38.75
2025_12_05,9280,1764949740,25832.5,T,9246,9377,38.75,116.25
2025_12_05,9377,1764950225,25716.25,B,9280,9415,116.25,50.75
2025_12_05,9415,1764950415,25767.0,T,9377,9645,50.75,83.75
2025_12_05,9645,1764951565,25683.25,B,9415,9689,83.75,51.0
2025_12_05,9689,1764951785,25734.25,T,9645,9701,51.0,30.25
2025_12_05,9701,1764951845,25704.0,B,9689,9725,30.25,37.0
2025_12_05,9725,1764951965,25741.0,T,9701,9799,37.0,89.75
2025_12_05,9799,1764952335,25651.25,B,9725,9964,89.75,58.5
2025_12_05,9964,1764953160,25709.75,T,9799,9982,58.5,30.75
2025_12_05,9982,1764953250,25679.0,B,9964,10119,30.75,82.5
2025_12_05,10119,1764953935,25761.5,T,9982,10158,82.5,57.5
2025_12_05,10158,1764954130,25704.0,B,10119,10184,57.5,34.25
2025_12_05,10184,1764954260,25738.25,T,10158,10576,34.25,73.5
2025_12_05,10576,1764956220,25664.75,B,10184,10764,73.5,76.0
2025_12_05,10764,1764957160,25740.75,T,10576,11119,76.0,40.75
2025_12_05,11119,1764958935,25700.0,B,10764,11267,40.75,58.5
2025_12_05,11267,1764959675,25758.5,T,11119,12129,58.5,56.0
2025_12_05,12129,1764963985,25702.5,B,11267,12274,56.0,41.25
2025_12_05,12274,1764964710,25743.75,T,12129,12915,41.25,66.0
2025_12_08,137,1765152715,25700.25,B,0,3517,46.75,111.25
2025_12_08,3517,1765175840,25811.5,T,137,3692,111.25,36.25
2025_12_08,3692,1765177210,25775.25,B,3517,4075,36.25,46.0
2025_12_08,4075,1765179620,25821.25,T,3692,5530,46.0,58.75
2025_12_08,5530,1765188315,25762.5,B,4075,5820,58.75,36.5
2025_12_08,5820,1765190115,25799.0,T,5530,6649,36.5,34.25
2025_12_08,6649,1765195280,25764.75,B,5820,7450,34.25,68.25
2025_12_08,7450,1765200080,25833.0,T,6649,7582,68.25,48.5
2025_12_08,7582,1765200745,25784.5,B,7450,7965,48.5,39.5
2025_12_08,7965,1765202700,25824.0,T,7582,8262,39.5,45.25
2025_12_08,8262,1765204200,25778.75,B,7965,8277,45.25,73.0
2025_12_08,8277,1765204275,25851.75,T,8262,8287,73.0,31.5
2025_12_08,8287,1765204325,25820.25,B,8277,8302,31.5,40.5
2025_12_08,8302,1765204400,25860.75,T,8287,8419,40.5,89.25
2025_12_08,8419,1765204985,25771.5,B,8302,8422,89.25,44.0
2025_12_08,8422,1765205000,25815.5,T,8419,8493,44.0,94.0
2025_12_08,8493,1765205355,25721.5,B,8422,8511,94.0,59.5
2025_12_08,8511,1765205445,25781.0,T,8493,8610,59.5,47.0
2025_12_08,8610,1765205940,25734.0,B,8511,8726,47.0,44.0
2025_12_08,8726,1765206520,25778.0,T,8610,8942,44.0,121.0
2025_12_08,8942,1765207600,25657.0,B,8726,9030,121.0,66.75
2025_12_08,9030,1765208040,25723.75,T,8942,9302,66.75,74.0
2025_12_08,9302,1765209400,25649.75,B,9030,9315,74.0,34.75
2025_12_08,9315,1765209465,25684.5,T,9302,9424,34.75,57.0
2025_12_08,9424,1765210010,25627.5,B,9315,9465,57.0,38.5
2025_12_08,9465,1765210215,25666.0,T,9424,9572,38.5,39.75
2025_12_08,9572,1765210750,25626.25,B,9465,9632,39.75,45.25
2025_12_08,9632,1765211050,25671.5,T,9572,9668,45.25,32.75
2025_12_08,9668,1765211230,25638.75,B,9632,9710,32.75,31.5
2025_12_08,9710,1765211440,25670.25,T,9668,10099,31.5,68.25
2025_12_08,10099,1765213385,25602.0,B,9710,10169,68.25,45.0
2025_12_08,10169,1765213735,25647.0,T,10099,10381,45.0,53.25
2025_12_08,10381,1765214795,25593.75,B,10169,10764,53.25,96.25
2025_12_08,10764,1765216710,25690.0,T,10381,10776,96.25,30.25
2025_12_08,10776,1765216770,25659.75,B,10764,10788,30.25,36.5
2025_12_08,10788,1765216830,25696.25,T,10776,10830,36.5,39.25
2025_12_08,10830,1765217040,25657.0,B,10788,10903,39.25,34.75
2025_12_08,10903,1765217405,25691.75,T,10830,11207,34.75,89.5
2025_12_08,11207,1765218925,25602.25,B,10903,11250,89.5,39.5
2025_12_08,11250,1765219140,25641.75,T,11207,11485,39.5,77.0
2025_12_08,11485,1765220315,25564.75,B,11250,12151,77.0,57.5
2025_12_08,12151,1765223645,25622.25,T,11485,12296,57.5,39.75
2025_12_08,12296,1765224370,25582.5,B,12151,13686,39.75,142.25
2025_12_08,13686,1765235045,25724.75,T,12296,14002,142.25,32.75
2025_12_09,1301,1765246380,25675.25,B,777,1408,54.25,33.25
2025_12_09,1408,1765247005,25708.5,T,1301,3349,33.25,61.75
2025_12_09,3349,1765261315,25646.75,B,1408,4409,61.75,65.75
2025_12_09,4409,1765268680,25712.5,T,3349,5165,65.75,62.5
2025_12_09,5165,1765273225,25650.0,B,4409,5629,62.5,42.5
2025_12_09,5629,1765276050,25692.5,T,5165,5738,42.5,69.5
2025_12_09,5738,1765276760,25623.0,B,5629,5738,69.5,36.75
2025_12_09,5738,1765276760,25659.75,T,5738,5740,36.75,39.5
2025_12_09,5740,1765276770,25620.25,B,5738,5742,39.5,31.5
2025_12_09,5742,1765276780,25651.75,T,5740,5743,31.5,50.75
2025_12_09,5743,1765276785,25601.0,B,5742,5934,50.75,74.5
2025_12_09,5934,1765277740,25675.5,T,5743,6162,74.5,44.75
2025_12_09,6162,1765279010,25630.75,B,5934,6429,44.75,51.0
2025_12_09,6429,1765280560,25681.75,T,6162,7566,51.0,74.75
2025_12_09,7566,1765287395,25607.0,B,6429,7667,74.75,32.25
2025_12_09,7667,1765287930,25639.25,T,7566,8154,32.25,50.75
2025_12_09,8154,1765290420,25588.5,B,7667,8193,50.75,50.5
2025_12_09,8193,1765290615,25639.0,T,8154,8227,50.5,79.0
2025_12_09,8227,1765290785,25560.0,B,8193,8241,79.0,41.0
2025_12_09,8241,1765290855,25601.0,T,8227,8245,41.0,30.25
2025_12_09,8245,1765290875,25570.75,B,8241,8312,30.25,82.75
2025_12_09,8312,1765291210,25653.5,T,8245,8377,82.75,49.5
2025_12_09,8377,1765291535,25604.0,B,8312,8394,49.5,31.0
2025_12_09,8394,1765291620,25635.0,T,8377,8413,31.0,39.0
2025_12_09,8413,1765291715,25596.0,B,8394,8443,39.0,36.25
2025_12_09,8443,1765291865,25632.25,T,8413,8479,36.25,32.5
2025_12_09,8479,1765292045,25599.75,B,8443,8586,32.5,70.25
2025_12_09,8586,1765292580,25670.0,T,8479,8657,70.25,51.75
2025_12_09,8657,1765292935,25618.25,B,8586,8929,51.75,49.0
2025_12_09,8929,1765294295,25667.25,T,8657,8942,49.0,30.0
2025_12_09,8942,1765294360,25637.25,B,8929,9090,30.0,45.75
2025_12_09,9090,1765295100,25683.0,T,8942,9136,45.75,47.5
2025_12_09,9136,1765295330,25635.5,B,9090,9697,47.5,77.75
2025_12_09,9697,1765298135,25713.25,T,9136,9805,77.75,45.0
2025_12_09,9805,1765298675,25668.25,B,9697,10062,45.0,64.75
2025_12_09,10062,1765299960,25733.0,T,9805,10582,64.75,43.75
2025_12_09,10582,1765302560,25689.25,B,10062,10927,43.75,43.0
2025_12_09,10927,1765304285,25732.25,T,10582,11261,43.0,41.5
2025_12_09,11261,1765305955,25690.75,B,10927,11367,41.5,45.0
2025_12_09,11367,1765306485,25735.75,T,11261,11963,45.0,52.75
2025_12_09,11963,1765309465,25683.0,B,11367,12749,52.75,39.0
2025_12_10,680,1765329040,25639.25,B,137,2432,54.5,70.75
2025_12_10,2432,1765341485,25710.0,T,680,2722,70.75,41.75
2025_12_10,2722,1765343485,25668.25,B,2432,4251,41.75,77.5
2025_12_10,4251,1765354205,25745.75,T,2722,4930,77.5,42.0
2025_12_10,4930,1765358185,25703.75,B,4251,5320,42.0,30.25
2025_12_10,5320,1765360890,25734.0,T,4930,5611,30.25,118.0
2025_12_10,5611,1765362605,25616.0,B,5320,5952,118.0,65.25
2025_12_10,5952,1765364415,25681.25,T,5611,5952,65.25,31.0
2025_12_10,5952,1765364415,25650.25,B,5952,5953,31.0,44.5
2025_12_10,5953,1765364420,25694.75,T,5952,5993,44.5,56.25
2025_12_10,5993,1765364620,25638.5,B,5953,6140,56.25,38.75
2025_12_10,6140,1765365420,25677.25,T,5993,6945,38.75,50.0
2025_12_10,6945,1765370420,25627.25,B,6140,7474,50.0,92.75
2025_12_10,7474,1765373400,25720.0,T,6945,8243,92.75,153.0
2025_12_10,8243,1765377390,25567.0,B,7474,8265,153.0,77.0
2025_12_10,8265,1765377500,25644.0,T,8243,8286,77.0,40.5
2025_12_10,8286,1765377605,25603.5,B,8265,8375,40.5,68.75
2025_12_10,8375,1765378050,25672.25,T,8286,8477,68.75,84.75
2025_12_10,8477,1765378560,25587.5,B,8375,8523,84.75,51.75
2025_12_10,8523,1765378790,25639.25,T,8477,8537,51.75,35.5
2025_12_10,8537,1765378860,25603.75,B,8523,8609,35.5,48.25
2025_12_10,8609,1765379220,25652.0,T,8537,8707,48.25,34.5
2025_12_10,8707,1765379710,25617.5,B,8609,8798,34.5,39.0
2025_12_10,8798,1765380165,25656.5,T,8707,9009,39.0,92.25
2025_12_10,9009,1765381220,25564.25,B,8798,9124,92.25,62.75
2025_12_10,9124,1765381795,25627.0,T,9009,9284,62.75,98.25
2025_12_10,9284,1765382595,25528.75,B,9124,9605,98.25,125.25
2025_12_10,9605,1765384200,25654.0,T,9284,9795,125.25,44.0
2025_12_10,9795,1765385150,25610.0,B,9605,9938,44.0,48.25
2025_12_10,9938,1765385865,25658.25,T,9795,10218,48.25,42.5
2025_12_10,10218,1765387265,25615.75,B,9938,10637,42.5,66.5
2025_12_10,10637,1765389360,25682.25,T,10218,11051,66.5,87.25
2025_12_10,11051,1765391430,25595.0,B,10637,11279,87.25,37.25
2025_12_10,11279,1765392570,25632.25,T,11051,11369,37.25,33.25
2025_12_10,11369,1765393020,25599.0,B,11279,11411,33.25,103.75
2025_12_10,11411,1765393230,25702.75,T,11369,11411,103.75,35.25
2025_12_10,11411,1765393230,25667.5,B,11411,11414,35.25,57.5
2025_12_10,11414,1765393245,25725.0,T,11411,11430,57.5,69.0
2025_12_10,11430,1765393325,25656.0,B,11414,11433,69.0,30.0
2025_12_10,11433,1765393340,25686.0,T,11430,11441,30.0,51.75
2025_12_10,11441,1765393380,25634.25,B,11433,11492,51.75,103.25
2025_12_10,11492,1765393635,25737.5,T,11441,11519,103.25,34.0
2025_12_10,11519,1765393770,25703.5,B,11492,11525,34.0,37.5
2025_12_10,11525,1765393800,25741.0,T,11519,11566,37.5,54.75
2025_12_10,11566,1765394005,25686.25,B,11525,11609,54.75,50.0
2025_12_10,11609,1765394220,25736.25,T,11566,11743,50.0,108.75
2025_12_10,11743,1765394890,25627.5,B,11609,11773,108.75,63.25
2025_12_10,11773,1765395040,25690.75,T,11743,11781,63.25,36.0
2025_12_10,11781,1765395080,25654.75,B,11773,11821,36.0,102.5
2025_12_10,11821,1765395280,25757.25,T,11781,11825,102.5,33.75
2025_12_10,11825,1765395300,25723.5,B,11821,11835,33.75,55.25
2025_12_10,11835,1765395350,25778.75,T,11825,11838,55.25,44.75
2025_12_10,11838,1765395365,25734.0,B,11835,11838,44.75,45.5
2025_12_10,11838,1765395365,25779.5,T,11838,11839,45.5,61.5
2025_12_10,11839,1765395370,25718.0,B,11838,11840,61.5,30.25
2025_12_10,11840,1765395375,25748.25,T,11839,11849,30.25,55.5
2025_12_10,11849,1765395420,25692.75,B,11840,11851,55.5,34.75
2025_12_10,11851,1765395430,25727.5,T,11849,11860,34.75,32.5
2025_12_10,11860,1765395475,25695.0,B,11851,11882,32.5,56.5
2025_12_10,11882,1765395585,25751.5,T,11860,11886,56.5,72.0
2025_12_10,11886,1765395605,25679.5,B,11882,11890,72.0,54.5
2025_12_10,11890,1765395625,25734.0,T,11886,11895,54.5,83.0
2025_12_10,11895,1765395650,25651.0,B,11890,11895,83.0,45.75
2025_12_10,11895,1765395650,25696.75,T,11895,11904,45.75,67.0
2025_12_10,11904,1765395695,25629.75,B,11895,11906,67.0,30.25
2025_12_10,11906,1765395705,25660.0,T,11904,11913,30.25,49.0
2025_12_10,11913,1765395740,25611.0,B,11906,11921,49.0,70.0
2025_12_10,11921,1765395780,25681.0,T,11913,11934,70.0,50.5
2025_12_10,11934,1765395845,25630.5,B,11921,11954,50.5,89.0
2025_12_10,11954,1765395945,25719.5,T,11934,11956,89.0,30.25
2025_12_10,11956,1765395955,25689.25,B,11954,11966,30.25,42.75
2025_12_10,11966,1765396005,25732.0,T,11956,11969,42.75,39.5
2025_12_10,11969,1765396020,25692.5,B,11966,11976,39.5,37.0
2025_12_10,11976,1765396055,25729.5,T,11969,11989,37.0,40.25
2025_12_10,11989,1765396120,25689.25,B,11976,12003,40.25,37.25
2025_12_10,12003,1765396190,25726.5,T,11989,12008,37.25,32.0
2025_12_10,12008,1765396215,25694.5,B,12003,12125,32.0,145.75
2025_12_10,12125,1765396800,25840.25,T,12008,12151,145.75,52.25
2025_12_10,12151,1765396930,25788.0,B,12125,12180,52.25,60.0
2025_12_10,12180,1765397075,25848.0,T,12151,12215,60.0,37.5
2025_12_10,12215,1765397250,25810.5,B,12180,12372,37.5,60.25
2025_12_10,12372,1765398035,25870.75,T,12215,12427,60.25,44.25
2025_12_10,12427,1765398310,25826.5,B,12372,12443,44.25,34.25
2025_12_10,12443,1765398390,25860.75,T,12427,12486,34.25,32.25
2025_12_10,12486,1765398605,25828.5,B,12443,12533,32.25,35.0
2025_12_10,12533,1765398840,25863.5,T,12486,12946,35.0,104.75
2025_12_10,12946,1765400905,25758.75,B,12533,13398,104.75,52.5
2025_12_10,13398,1765403215,25811.25,T,12946,13531,52.5,45.25
2025_12_10,13531,1765407600,25766.0,B,13398,13544,45.25,30.0
2025_12_11,1990,1765422175,25468.5,B,266,1990,265.5,35.0
2025_12_11,1990,1765422175,25503.5,T,1990,2044,35.0,87.25
2025_12_11,2044,1765422445,25416.25,B,1990,2044,87.25,42.5
2025_12_11,2044,1765422445,25458.75,T,2044,2073,42.5,75.75
2025_12_11,2073,1765422590,25383.0,B,2044,2266,75.75,95.0
2025_12_11,2266,1765423555,25478.0,T,2073,2379,95.0,43.5
2025_12_11,2379,1765424120,25434.5,B,2266,2541,43.5,63.25
2025_12_11,2541,1765424955,25497.75,T,2379,2611,63.25,31.5
2025_12_11,2611,1765425310,25466.25,B,2541,2818,31.5,67.75
2025_12_11,2818,1765426355,25534.0,T,2611,3076,67.75,39.75
2025_12_11,3076,1765427780,25494.25,B,2818,3141,39.75,31.5
2025_12_11,3141,1765428115,25525.75,T,3076,3683,31.5,42.25
2025_12_11,3683,1765431290,25483.5,B,3141,3936,42.25,40.0
2025_12_11,3936,1765432875,25523.5,T,3683,4211,40.0,52.75
2025_12_11,4211,1765434580,25470.75,B,3936,4502,52.75,44.0
2025_12_11,4502,1765436285,25514.75,T,4211,4595,44.0,39.75
2025_12_11,4595,1765436785,25475.0,B,4502,5165,39.75,68.0
2025_12_11,5165,1765440000,25543.0,T,4595,5577,68.0,68.75
2025_12_11,5577,1765442110,25474.25,B,5165,6494,68.75,149.5
2025_12_11,6494,1765446840,25623.75,T,5577,6692,149.5,43.75
2025_12_11,6692,1765447875,25580.0,B,6494,8200,43.75,121.0
2025_12_11,8200,1765456505,25701.0,T,6692,8984,121.0,69.0
2025_12_11,8984,1765460555,25632.0,B,8200,9455,69.0,49.0
2025_12_11,9455,1765462935,25681.0,T,8984,9566,49.0,105.0
2025_12_11,9566,1765463490,25576.0,B,9455,9575,105.0,43.0
2025_12_11,9575,1765463535,25619.0,T,9566,9606,43.0,55.5
2025_12_11,9606,1765463690,25563.5,B,9575,9620,55.5,48.75
2025_12_11,9620,1765463760,25612.25,T,9606,9636,48.75,30.5
2025_12_11,9636,1765463840,25581.75,B,9620,9645,30.5,49.0
2025_12_11,9645,1765463885,25630.75,T,9636,9694,49.0,74.75
2025_12_11,9694,1765464130,25556.0,B,9645,9704,74.75,49.25
2025_12_11,9704,1765464180,25605.25,T,9694,9799,49.25,147.5
2025_12_11,9799,1765464655,25457.75,B,9704,9814,147.5,44.5
2025_12_11,9814,1765464730,25502.25,T,9799,9849,44.5,74.75
2025_12_11,9849,1765464905,25427.5,B,9814,9855,74.75,35.25
2025_12_11,9855,1765464935,25462.75,T,9849,9875,35.25,59.0
2025_12_11,9875,1765465035,25403.75,B,9855,9885,59.0,34.0
2025_12_11,9885,1765465085,25437.75,T,9875,9909,34.0,47.5
2025_12_11,9909,1765465205,25390.25,B,9885,10028,47.5,152.5
2025_12_11,10028,1765465800,25542.75,T,9909,10040,152.5,32.5
2025_12_11,10040,1765465860,25510.25,B,10028,10065,32.5,57.0
2025_12_11,10065,1765465985,25567.25,T,10040,10104,57.0,33.75
2025_12_11,10104,1765466180,25533.5,B,10065,10245,33.75,95.75
2025_12_11,10245,1765466885,25629.25,T,10104,10356,95.75,83.25
2025_12_11,10356,1765467440,25546.0,B,10245,10386,83.25,39.75
2025_12_11,10386,1765467590,25585.75,T,10356,10439,39.75,62.75
2025_12_11,10439,1765467855,25523.0,B,10386,10460,62.75,40.0
2025_12_11,10460,1765467960,25563.0,T,10439,10527,40.0,107.5
2025_12_11,10527,1765468295,25455.5,B,10460,10628,107.5,99.5
2025_12_11,10628,1765468800,25555.0,T,10527,10636,99.5,50.0
2025_12_11,10636,1765468840,25505.0,B,10628,10679,50.0,57.25
2025_12_11,10679,1765469055,25562.25,T,10636,10780,57.25,71.25
2025_12_11,10780,1765469560,25491.0,B,10679,10805,71.25,31.0
2025_12_11,10805,1765469685,25522.0,T,10780,10877,31.0,47.75
2025_12_11,10877,1765470045,25474.25,B,10805,10928,47.75,50.5
2025_12_11,10928,1765470300,25524.75,T,10877,10977,50.5,68.5
2025_12_11,10977,1765470545,25456.25,B,10928,11006,68.5,44.5
2025_12_11,11006,1765470690,25500.75,T,10977,11012,44.5,32.0
2025_12_11,11012,1765470720,25468.75,B,11006,11195,32.0,120.5
2025_12_11,11195,1765471635,25589.25,T,11012,11320,120.5,123.0
2025_12_11,11320,1765472260,25466.25,B,11195,11653,123.0,170.75
2025_12_11,11653,1765473925,25637.0,T,11320,11683,170.75,37.0
2025_12_11,11683,1765474075,25600.0,B,11653,11853,37.0,47.5
2025_12_11,11853,1765474925,25647.5,T,11683,12059,47.5,68.5
2025_12_11,12059,1765475955,25579.0,B,11853,12332,68.5,65.5
2025_12_11,12332,1765477320,25644.5,T,12059,12392,65.5,35.5
2025_12_11,12392,1765477620,25609.0,B,12332,12632,35.5,78.0
2025_12_11,12632,1765478820,25687.0,T,12392,12768,78.0,57.0
2025_12_11,12768,1765479500,25630.0,B,12632,13391,57.0,92.75
2025_12_11,13391,1765482615,25722.75,T,12768,13952,92.75,62.25
2025_12_11,13952,1765485420,25660.5,B,13391,14137,62.25,58.5
2025_12_11,14137,1765486345,25719.0,T,13952,14191,58.5,37.0
2025_12_11,14191,1765486615,25682.0,B,14137,14407,37.0,114.0
2025_12_11,14407,1765487700,25796.0,T,14191,14407,114.0,51.75
2025_12_11,14407,1765487700,25744.25,B,14407,14410,51.75,71.0
2025_12_11,14410,1765487715,25815.25,T,14407,14410,71.0,35.25
2025_12_11,14410,1765487715,25780.0,B,14410,14412,35.25,42.0
2025_12_11,14412,1765487725,25822.0,T,14410,14415,42.0,47.5
2025_12_11,14415,1765487740,25774.5,B,14412,14421,47.5,60.0
2025_12_11,14421,1765487770,25834.5,T,14415,14482,60.0,44.5
2025_12_11,14482,1765488075,25790.0,B,14421,14573,44.5,35.0
2025_12_11,14573,1765488535,25825.0,T,14482,14748,35.0,39.0
2025_12_11,14748,1765489430,25786.0,B,14573,14865,39.0,75.5
2025_12_11,14865,1765490025,25861.5,T,14748,14939,75.5,165.75
2025_12_11,14939,1765494000,25695.75,B,14865,14956,165.75,37.5
2025_12_11,14956,1765494085,25733.25,T,14939,15130,37.5,84.5
2025_12_12,134,1765498300,25640.75,B,32,374,34.0,45.5
2025_12_12,374,1765499640,25686.25,T,134,630,45.5,43.75
2025_12_12,630,1765501141,25642.5,B,374,1322,43.75,61.25
2025_12_12,1322,1765505715,25703.75,T,630,2556,61.25,50.0
2025_12_12,2556,1765515325,25653.75,B,1322,3322,50.0,50.5
2025_12_12,3322,1765520940,25704.25,T,2556,4092,50.5,52.0
2025_12_12,4092,1765526490,25652.25,B,3322,4193,52.0,30.5
2025_12_12,4193,1765527025,25682.75,T,4092,5215,30.5,120.75
2025_12_12,5215,1765532780,25562.0,B,4193,5526,120.75,60.0
2025_12_12,5526,1765534467,25622.0,T,5215,6561,60.0,89.5
2025_12_12,6561,1765540325,25532.5,B,5526,6936,89.5,51.0
2025_12_12,6936,1765542385,25583.5,T,6561,7138,51.0,32.75
2025_12_12,7138,1765543626,25550.75,B,6936,7222,32.75,45.25
2025_12_12,7222,1765544135,25596.0,T,7138,7276,45.25,37.5
2025_12_12,7276,1765544405,25558.5,B,7222,7958,37.5,73.75
2025_12_12,7958,1765548010,25632.25,T,7276,8328,73.75,103.75
2025_12_12,8328,1765549860,25528.5,B,7958,8334,103.75,53.0
2025_12_12,8334,1765549890,25581.5,T,8328,8343,53.0,36.5
2025_12_12,8343,1765549935,25545.0,B,8334,8430,36.5,74.5
2025_12_12,8430,1765550370,25619.5,T,8343,8556,74.5,118.0
2025_12_12,8556,1765551000,25501.5,B,8430,8613,118.0,68.5
2025_12_12,8613,1765551285,25570.0,T,8556,8636,68.5,30.5
2025_12_12,8636,1765551400,25539.5,B,8613,8648,30.5,30.5
2025_12_12,8648,1765551460,25570.0,T,8636,8791,30.5,159.75
2025_12_12,8791,1765552175,25410.25,B,8648,8812,159.75,62.25
2025_12_12,8812,1765552280,25472.5,T,8791,8869,62.25,60.0
2025_12_12,8869,1765552565,25412.5,B,8812,8894,60.0,42.0
2025_12_12,8894,1765552690,25454.5,T,8869,9036,42.0,159.25
2025_12_12,9036,1765553400,25295.25,B,8894,9036,159.25,30.75
2025_12_12,9036,1765553400,25326.0,T,9036,9037,30.75,30.25
2025_12_12,9037,1765553405,25295.75,B,9036,9082,30.25,78.75
2025_12_12,9082,1765553630,25374.5,T,9037,9108,78.75,52.75
2025_12_12,9108,1765553760,25321.75,B,9082,9123,52.75,56.75
2025_12_12,9123,1765553835,25378.5,T,9108,9140,56.75,33.0
2025_12_12,9140,1765553920,25345.5,B,9123,9150,33.0,34.0
2025_12_12,9150,1765553970,25379.5,T,9140,9159,34.0,43.5
2025_12_12,9159,1765554015,25336.0,B,9150,9232,43.5,63.25
2025_12_12,9232,1765554380,25399.25,T,9159,9242,63.25,32.25
2025_12_12,9242,1765554430,25367.0,B,9232,9260,32.25,35.0
2025_12_12,9260,1765554520,25402.0,T,9242,9372,35.0,125.5
2025_12_12,9372,1765555080,25276.5,B,9260,9372,125.5,39.5
2025_12_12,9372,1765555080,25316.0,T,9372,9378,39.5,102.75
2025_12_12,9378,1765555110,25213.25,B,9372,9382,102.75,33.75
2025_12_12,9382,1765555130,25247.0,T,9378,9387,33.75,31.0
2025_12_12,9387,1765555155,25216.0,B,9382,9392,31.0,43.5
2025_12_12,9392,1765555180,25259.5,T,9387,9396,43.5,36.25
2025_12_12,9396,1765555200,25223.25,B,9392,9400,36.25,54.0
2025_12_12,9400,1765555220,25277.25,T,9396,9456,54.0,110.75
2025_12_12,9456,1765555500,25166.5,B,9400,9492,110.75,75.0
2025_12_12,9492,1765555680,25241.5,T,9456,9535,75.0,88.5
2025_12_12,9535,1765555895,25153.0,B,9492,9554,88.5,66.5
2025_12_12,9554,1765555990,25219.5,T,9535,9576,66.5,37.5
2025_12_12,9576,1765556100,25182.0,B,9554,9588,37.5,46.0
2025_12_12,9588,1765556160,25228.0,T,9576,9626,46.0,56.25
2025_12_12,9626,1765556350,25171.75,B,9588,9636,56.25,33.5
2025_12_12,9636,1765556400,25205.25,T,9626,9659,33.5,71.25
2025_12_12,9659,1765556515,25134.0,B,9636,9663,71.25,33.0
2025_12_12,9663,1765556535,25167.0,T,9659,9672,33.0,30.0
2025_12_12,9672,1765556580,25137.0,B,9663,9715,30.0,72.5
2025_12_12,9715,1765556795,25209.5,T,9672,9731,72.5,34.25
2025_12_12,9731,1765556875,25175.25,B,9715,9755,34.25,52.75
2025_12_12,9755,1765556995,25228.0,T,9731,9857,52.75,110.0
2025_12_12,9857,1765557505,25118.0,B,9755,9901,110.0,60.75
2025_12_12,9901,1765557725,25178.75,T,9857,9913,60.75,42.5
2025_12_12,9913,1765557785,25136.25,B,9901,9925,42.5,51.75
2025_12_12,9925,1765557845,25188.0,T,9913,9963,51.75,35.75
2025_12_12,9963,1765558035,25152.25,B,9925,9982,35.75,35.75
2025_12_12,9982,1765558130,25188.0,T,9963,10067,35.75,52.5
2025_12_12,10067,1765558555,25135.5,B,9982,10214,52.5,124.5
2025_12_12,10214,1765559290,25260.0,T,10067,10236,124.5,30.0
2025_12_12,10236,1765559400,25230.0,B,10214,10356,30.0,69.75
2025_12_12,10356,1765560000,25299.75,T,10236,10500,69.75,107.0
2025_12_12,10500,1765560720,25192.75,B,10356,10527,107.0,49.25
2025_12_12,10527,1765560855,25242.0,T,10500,10541,49.25,32.0
2025_12_12,10541,1765560925,25210.0,B,10527,10678,32.0,101.5
2025_12_12,10678,1765561610,25311.5,T,10541,10856,101.5,48.75
2025_12_12,10856,1765562500,25262.75,B,10678,10980,48.75,65.5
2025_12_12,10980,1765563120,25328.25,T,10856,10980,65.5,36.75
2025_12_12,10980,1765563120,25291.5,B,10980,10989,36.75,68.25
2025_12_12,10989,1765563165,25359.75,T,10980,11012,68.25,34.25
2025_12_12,11012,1765563280,25325.5,B,10989,11040,34.25,47.0
2025_12_12,11040,1765563420,25372.5,T,11012,11129,47.0,65.0
2025_12_12,11129,1765563865,25307.5,B,11040,11197,65.0,34.75
2025_12_12,11197,1765564205,25342.25,T,11129,11284,34.75,36.25
2025_12_12,11284,1765564640,25306.0,B,11197,11325,36.25,38.5
2025_12_12,11325,1765564845,25344.5,T,11284,11400,38.5,51.25
2025_12_12,11400,1765565220,25293.25,B,11325,11453,51.25,32.75
2025_12_12,11453,1765565485,25326.0,T,11400,11893,32.75,110.75
2025_12_12,11893,1765567685,25215.25,B,11453,12057,110.75,50.75
2025_12_12,12057,1765568505,25266.0,T,11893,12315,50.75,42.25
2025_12_12,12315,1765569795,25223.75,B,12057,12401,42.25,39.0
2025_12_12,12401,1765570225,25262.75,T,12315,12666,39.0,96.5
2025_12_12,12666,1765571550,25166.25,B,12401,12696,96.5,37.5
2025_12_12,12696,1765571700,25203.75,T,12666,12734,37.5,58.25
2025_12_12,12734,1765571890,25145.5,B,12696,12847,58.25,77.5
2025_12_12,12847,1765572455,25223.0,T,12734,12929,77.5,52.75
2025_12_15,1525,1765766055,25284.25,T,32,2403,96.25,51.0
2025_12_15,2403,1765772410,25233.25,B,1525,3079,51.0,49.25
2025_12_15,3079,1765778220,25282.5,T,2403,3175,49.25,33.25
2025_12_15,3175,1765778955,25249.25,B,3079,3524,33.25,33.0
2025_12_15,3524,1765782076,25282.25,T,3175,4137,33.0,52.0
2025_12_15,4137,1765786472,25230.25,B,3524,5874,52.0,127.25
2025_12_15,5874,1765799427,25357.5,T,4137,6068,127.25,33.5
2025_12_15,6068,1765800816,25324.0,B,5874,7425,33.5,86.0
2025_12_15,7425,1765809000,25410.0,T,6068,7427,86.0,42.5
2025_12_15,7427,1765809010,25367.5,B,7425,7431,42.5,33.75
2025_12_15,7431,1765809030,25401.25,T,7427,7484,33.75,86.75
2025_12_15,7484,1765809295,25314.5,B,7431,7508,86.75,54.5
2025_12_15,7508,1765809415,25369.0,T,7484,7545,54.5,85.5
2025_12_15,7545,1765809600,25283.5,B,7508,7574,85.5,52.75
2025_12_15,7574,1765809745,25336.25,T,7545,7618,52.75,79.25
2025_12_15,7618,1765809965,25257.0,B,7574,7665,79.25,53.0
2025_12_15,7665,1765810200,25310.0,T,7618,7794,53.0,127.25
2025_12_15,7794,1765810845,25182.75,B,7665,7806,127.25,37.0
2025_12_15,7806,1765810905,25219.75,T,7794,7836,37.0,53.0
2025_12_15,7836,1765811055,25166.75,B,7806,7857,53.0,69.0
2025_12_15,7857,1765811160,25235.75,T,7836,7869,69.0,38.0
2025_12_15,7869,1765811220,25197.75,B,7857,7874,38.0,30.25
2025_12_15,7874,1765811245,25228.0,T,7869,8025,30.25,108.5
2025_12_15,8025,1765812000,25119.5,B,7874,8038,108.5,53.0
2025_12_15,8038,1765812065,25172.5,T,8025,8102,53.0,121.0
2025_12_15,8102,1765812385,25051.5,B,8038,8114,121.0,33.75
2025_12_15,8114,1765812445,25085.25,T,8102,8135,33.75,52.0
2025_12_15,8135,1765812550,25033.25,B,8114,8176,52.0,91.75
2025_12_15,8176,1765812755,25125.0,T,8135,8181,91.75,34.0
2025_12_15,8181,1765812780,25091.0,B,8176,8209,34.0,46.75
2025_12_15,8209,1765812920,25137.75,T,8181,8229,46.75,56.0
2025_12_15,8229,1765813020,25081.75,B,8209,8247,56.0,46.25
2025_12_15,8247,1765813110,25128.0,T,8229,8271,46.25,51.0
2025_12_15,8271,1765813230,25077.0,B,8247,8331,51.0,119.25
2025_12_15,8331,1765813530,25196.25,T,8271,8433,119.25,77.75
2025_12_15,8433,1765814040,25118.5,B,8331,8454,77.75,36.0
2025_12_15,8454,1765814145,25154.5,T,8433,8476,36.0,31.0
2025_12_15,8476,1765814255,25123.5,B,8454,8509,31.0,37.5
2025_12_15,8509,1765814420,25161.0,T,8476,8553,37.5,39.75
2025_12_15,8553,1765814640,25121.25,B,8509,8570,39.75,58.75
2025_12_15,8570,1765814725,25180.0,T,8553,8577,58.75,31.25
2025_12_15,8577,1765814760,25148.75,B,8570,8626,31.25,45.75
2025_12_15,8626,1765815005,25194.5,T,8577,8662,45.75,51.25
2025_12_15,8662,1765815185,25143.25,B,8626,8855,51.25,123.5
2025_12_15,8855,1765816150,25266.75,T,8662,9075,123.5,147.75
2025_12_15,9075,1765817250,25119.0,B,8855,9175,147.75,75.25
2025_12_15,9175,1765817750,25194.25,T,9075,9189,75.25,52.25
2025_12_15,9189,1765817820,25142.0,B,9175,9232,52.25,36.25
2025_12_15,9232,1765818035,25178.25,T,9189,9264,36.25,32.75
2025_12_15,9264,1765818196,25145.5,B,9232,9353,32.75,31.75
2025_12_15,9353,1765818640,25177.25,T,9264,9417,31.75,48.25
2025_12_15,9417,1765818965,25129.0,B,9353,9588,48.25,38.0
2025_12_15,9588,1765819820,25167.0,T,9417,9627,38.0,42.25
2025_12_15,9627,1765820015,25124.75,B,9588,9738,42.25,63.0
2025_12_15,9738,1765820575,25187.75,T,9627,9857,63.0,103.5
2025_12_15,9857,1765821170,25084.25,B,9738,9942,103.5,49.75
2025_12_15,9942,1765821595,25134.0,T,9857,9968,49.75,32.25
2025_12_15,9968,1765821725,25101.75,B,9942,10129,32.25,62.0
2025_12_15,10129,1765822530,25163.75,T,9968,10315,62.0,83.5
2025_12_15,10315,1765823460,25080.25,B,10129,10355,83.5,39.5
2025_12_15,10355,1765823660,25119.75,T,10315,10367,39.5,31.5
2025_12_15,10367,1765823720,25088.25,B,10355,10753,31.5,93.25
2025_12_15,10753,1765825655,25181.5,T,10367,10874,93.25,57.5
2025_12_15,10874,1765826260,25124.0,B,10753,10908,57.5,34.0
2025_12_15,10908,1765826430,25158.0,T,10874,11219,34.0,51.75
2025_12_15,11219,1765827986,25106.25,B,10908,11377,51.75,48.25
2025_12_15,11377,1765828775,25154.5,T,11219,11407,48.25,45.5
2025_12_15,11407,1765828925,25109.0,B,11377,11520,45.5,48.25
2025_12_15,11520,1765829495,25157.25,T,11407,11764,48.25,63.25
2025_12_15,11764,1765830720,25094.0,B,11520,11864,63.25,32.75
2025_12_15,11864,1765831220,25126.75,T,11764,11911,32.75,34.25
2025_12_15,11911,1765831455,25092.5,B,11864,11989,34.25,32.25
2025_12_15,11989,1765831845,25124.75,T,11911,12144,32.25,47.75
2025_12_15,12144,1765832620,25077.0,B,11989,12631,47.75,45.0
2025_12_16,159,1765844171,24993.0,B,8,312,75.25,53.5
2025_12_16,312,1765845165,25046.5,T,159,539,53.5,64.0
2025_12_16,539,1765846861,24982.5,B,312,637,64.0,31.5
2025_12_16,637,1765847482,25014.0,T,539,875,31.5,149.25
2025_12_16,875,1765849215,24864.75,B,637,885,149.25,34.75
2025_12_16,885,1765849265,24899.5,T,875,916,34.75,34.25
2025_12_16,916,1765849420,24865.25,B,885,1031,34.25,54.25
2025_12_16,1031,1765850026,24919.5,T,916,1137,54.25,41.25
2025_12_16,1137,1765850630,24878.25,B,1031,1336,41.25,58.75
2025_12_16,1336,1765852035,24937.0,T,1137,1437,58.75,46.0
2025_12_16,1437,1765852825,24891.0,B,1336,1488,46.0,34.0
2025_12_16,1488,1765853165,24925.0,T,1437,1827,34.0,69.25
2025_12_16,1827,1765856036,24855.75,B,1488,1971,69.25,66.0
2025_12_16,1971,1765857251,24921.75,T,1827,2065,66.0,47.5
2025_12_16,2065,1765858147,24874.25,B,1971,2252,47.5,53.25
2025_12_16,2252,1765860490,24927.5,T,2065,2619,53.25,69.75
2025_12_16,2619,1765864925,24857.75,B,2252,2899,69.75,41.25
2025_12_16,2899,1765868520,24899.0,T,2619,3104,41.25,71.0
2025_12_16,3104,1765871085,24828.0,B,2899,3777,71.0,156.25
2025_12_16,3777,1765876522,24984.25,T,3104,4020,156.25,64.75
2025_12_16,4020,1765878965,24919.5,B,3777,4326,64.75,105.75
2025_12_16,4326,1765881927,25025.25,T,4020,4492,105.75,36.5
2025_12_16,4492,1765884139,24988.75,B,4326,5028,36.5,86.25
2025_12_16,5028,1765888895,25075.0,T,4492,5305,86.25,60.25
2025_12_16,5305,1765891115,25014.75,B,5028,5403,60.25,95.25
2025_12_16,5403,1765891801,25110.0,T,5305,5403,95.25,73.0
2025_12_16,5403,1765891801,25037.0,B,5403,5431,73.0,98.25
2025_12_16,5431,1765891940,25135.25,T,5403,5509,98.25,105.25
2025_12_16,5509,1765892347,25030.0,B,5431,5564,105.25,40.75
2025_12_16,5564,1765892630,25070.75,T,5509,5578,40.75,42.5
2025_12_16,5578,1765892700,25028.25,B,5564,5603,42.5,36.75
2025_12_16,5603,1765892832,25065.0,T,5578,5670,36.75,70.5
2025_12_16,5670,1765893226,24994.5,B,5603,5700,70.5,31.75
2025_12_16,5700,1765893381,25026.25,T,5670,5750,31.75,46.25
2025_12_16,5750,1765893680,24980.0,B,5700,5911,46.25,66.25
2025_12_16,5911,1765894580,25046.25,T,5750,6069,66.25,78.75
2025_12_16,6069,1765895400,24967.5,B,5911,6078,78.75,94.5
2025_12_16,6078,1765895445,25062.0,T,6069,6085,94.5,40.75
2025_12_16,6085,1765895480,25021.25,B,6078,6092,40.75,53.75
2025_12_16,6092,1765895515,25075.0,T,6085,6106,53.75,52.0
2025_12_16,6106,1765895585,25023.0,B,6092,6110,52.0,31.5
2025_12_16,6110,1765895605,25054.5,T,6106,6113,31.5,37.75
2025_12_16,6113,1765895620,25016.75,B,6110,6117,37.75,41.75
2025_12_16,6117,1765895640,25058.5,T,6113,6142,41.75,41.5
2025_12_16,6142,1765895765,25017.0,B,6117,6154,41.5,89.75
2025_12_16,6154,1765895825,25106.75,T,6142,6158,89.75,44.5
2025_12_16,6158,1765895845,25062.25,B,6154,6163,44.5,30.5
2025_12_16,6163,1765895870,25092.75,T,6158,6236,30.5,100.5
2025_12_16,6236,1765896240,24992.25,B,6163,6248,100.5,46.75
2025_12_16,6248,1765896300,25039.0,T,6236,6260,46.75,78.0
2025_12_16,6260,1765896360,24961.0,B,6248,6317,78.0,156.75
2025_12_16,6317,1765896645,25117.75,T,6260,6317,156.75,38.0
2025_12_16,6317,1765896645,25079.75,B,6317,6329,38.0,67.25
2025_12_16,6329,1765896705,25147.0,T,6317,6357,67.25,71.5
2025_12_16,6357,1765896845,25075.5,B,6329,6428,71.5,89.0
2025_12_16,6428,1765897200,25164.5,T,6357,6476,89.0,92.0
2025_12_16,6476,1765897440,25072.5,B,6428,6500,92.0,61.0
2025_12_16,6500,1765897560,25133.5,T,6476,6502,61.0,33.5
2025_12_16,6502,1765897570,25100.0,B,6500,6524,33.5,58.5
2025_12_16,6524,1765897680,25158.5,T,6502,6560,58.5,97.0
2025_12_16,6560,1765897860,25061.5,B,6524,6572,97.0,39.5
2025_12_16,6572,1765897920,25101.0,T,6560,6576,39.5,37.5
2025_12_16,6576,1765897940,25063.5,B,6572,6587,37.5,30.75
2025_12_16,6587,1765897995,25094.25,T,6576,6757,30.75,157.0
2025_12_16,6757,1765898845,24937.25,B,6587,6815,157.0,109.75
2025_12_16,6815,1765899135,25047.0,T,6757,6894,109.75,87.0
2025_12_16,6894,1765899530,24960.0,B,6815,6908,87.0,38.25
2025_12_16,6908,1765899600,24998.25,T,6894,6932,38.25,45.25
2025_12_16,6932,1765899720,24953.0,B,6908,6996,45.25,107.25
2025_12_16,6996,1765900040,25060.25,T,6932,7037,107.25,71.25
2025_12_16,7037,1765900245,24989.0,B,6996,7103,71.25,107.25
2025_12_16,7103,1765900575,25096.25,T,7037,7126,107.25,45.0
2025_12_16,7126,1765900690,25051.25,B,7103,7156,45.0,49.5
2025_12_16,7156,1765900840,25100.75,T,7126,7355,49.5,127.0
2025_12_16,7355,1765901846,24973.75,B,7156,7383,127.0,49.75
2025_12_16,7383,1765901985,25023.5,T,7355,7483,49.75,52.5
2025_12_16,7483,1765902485,24971.0,B,7383,7574,52.5,59.5
2025_12_16,7574,1765902940,25030.5,T,7483,7604,59.5,58.0
2025_12_16,7604,1765903090,24972.5,B,7574,7617,58.0,41.0
2025_12_16,7617,1765903155,25013.5,T,7604,7643,41.0,34.5
2025_12_16,7643,1765903285,24979.0,B,7617,7698,34.5,63.25
2025_12_16,7698,1765903570,25042.25,T,7643,7713,63.25,35.0
2025_12_16,7713,1765903645,25007.25,B,7698,7758,35.0,73.25
2025_12_16,7758,1765903870,25080.5,T,7713,7794,73.25,48.25
2025_12_16,7794,1765904055,25032.25,B,7758,7898,48.25,76.0
2025_12_16,7898,1765904580,25108.25,T,7794,7986,76.0,72.25
2025_12_16,7986,1765905030,25036.0,B,7898,8049,72.25,75.25
2025_12_16,8049,1765905345,25111.25,T,7986,8188,75.25,95.0
2025_12_16,8188,1765906095,25016.25,B,8049,8279,95.0,60.75
2025_12_16,8279,1765906565,25077.0,T,8188,8375,60.75,83.75
2025_12_16,8375,1765907065,24993.25,B,8279,8417,83.75,33.0
2025_12_16,8417,1765907280,25026.25,T,8375,8585,33.0,93.25
2025_12_16,8585,1765908210,24933.0,B,8417,8603,93.25,52.25
2025_12_16,8603,1765908300,24985.25,T,8585,8623,52.25,48.0
2025_12_16,8623,1765908400,24937.25,B,8603,8671,48.0,48.0
2025_12_16,8671,1765908656,24985.25,T,8623,8692,48.0,38.5
2025_12_16,8692,1765908770,24946.75,B,8671,8725,38.5,41.25
2025_12_16,8725,1765908951,24988.0,T,8692,8773,41.25,37.75
2025_12_16,8773,1765909269,24950.25,B,8725,8808,37.75,42.75
2025_12_16,8808,1765909510,24993.0,T,8773,8850,42.75,37.75
2025_12_16,8850,1765909735,24955.25,B,8808,9047,37.75,144.0
2025_12_16,9047,1765910785,25099.25,T,8850,9053,144.0,33.75
2025_12_16,9053,1765910820,25065.5,B,9047,9101,33.75,40.0
2025_12_16,9101,1765911070,25105.5,T,9053,9429,40.0,120.0
2025_12_16,9429,1765912800,24985.5,B,9101,9491,120.0,42.75
2025_12_16,9491,1765913125,25028.25,T,9429,9494,42.75,36.75
2025_12_16,9494,1765913140,24991.5,B,9491,9605,36.75,87.0
2025_12_16,9605,1765913750,25078.5,T,9494,9648,87.0,32.5
2025_12_16,9648,1765914015,25046.0,B,9605,9767,32.5,63.25
2025_12_16,9767,1765914736,25109.25,T,9648,9856,63.25,37.25
2025_12_16,9856,1765915200,25072.0,B,9767,9980,37.25,56.5
2025_12_16,9980,1765915860,25128.5,T,9856,10053,56.5,38.0
2025_12_16,10053,1765916292,25090.5,B,9980,10280,38.0,107.5
2025_12_16,10280,1765917501,25198.0,T,10053,10394,107.5,44.0
2025_12_16,10394,1765918105,25154.0,B,10280,10454,44.0,48.5
2025_12_16,10454,1765918411,25202.5,T,10394,10754,48.5,133.25
2025_12_16,10754,1765920192,25069.25,B,10454,10983,133.25,44.75
2025_12_16,10983,1765926008,25114.0,T,10754,11019,44.75,55.0
2025_12_16,11019,1765926408,25059.0,B,10983,11149,55.0,61.25
2025_12_17,52,1765930081,25026.25,B,0,82,46.75,42.0
2025_12_17,82,1765930372,25068.25,T,52,93,42.0,30.75
2025_12_17,93,1765930456,25037.5,B,82,115,30.75,36.0
2025_12_17,115,1765930693,25073.5,T,93,137,36.0,34.0
2025_12_17,137,1765931036,25039.5,B,115,289,34.0,47.5
2025_12_17,289,1765932794,25087.0,T,137,301,47.5,31.5
2025_12_17,301,1765932963,25055.5,B,289,360,31.5,55.25
2025_12_17,360,1765933563,25110.75,T,301,409,55.25,35.75
2025_12_17,409,1765934150,25075.0,B,360,467,35.75,31.25
2025_12_17,467,1765934758,25106.25,T,409,540,31.25,36.25
2025_12_17,540,1765935597,25070.0,B,467,560,36.25,39.0
2025_12_17,560,1765935835,25109.0,T,540,592,39.0,33.5
2025_12_17,592,1765936440,25075.5,B,560,1087,33.5,63.5
2025_12_17,1087,1765941353,25139.0,T,592,1543,63.5,84.0
2025_12_17,1543,1765947749,25055.0,B,1087,1923,84.0,120.75
2025_12_17,1923,1765953101,25175.75,T,1543,1993,120.75,33.0
2025_12_17,1993,1765954828,25142.75,B,1923,2046,33.0,49.5
2025_12_17,2046,1765955658,25192.25,T,1993,2105,49.5,34.75
2025_12_17,2105,1765956374,25157.5,B,2046,2180,34.75,31.5
2025_12_17,2180,1765958300,25189.0,T,2105,2205,31.5,39.25
2025_12_17,2205,1765958633,25149.75,B,2180,2373,39.25,45.5
2025_12_17,2373,1765961340,25195.25,T,2205,2394,45.5,36.0
2025_12_17,2394,1765961744,25159.25,B,2373,2835,36.0,96.25
2025_12_17,2835,1765969800,25255.5,T,2394,2876,96.25,31.25
2025_12_17,2876,1765970403,25224.25,B,2835,3199,31.25,41.75
2025_12_17,3199,1765975851,25266.0,T,2876,3260,41.75,65.5
2025_12_17,3260,1765977260,25200.5,B,3199,3260,65.5,30.75
2025_12_17,3260,1765977260,25231.25,T,3260,3265,30.75,31.5
2025_12_17,3265,1765977285,25199.75,B,3260,3281,31.5,33.0
2025_12_17,3281,1765977371,25232.75,T,3265,3299,33.0,71.75
2025_12_17,3299,1765977470,25161.0,B,3281,3317,71.75,60.25
2025_12_17,3317,1765977570,25221.25,T,3299,3325,60.25,69.25
2025_12_17,3325,1765977610,25152.0,B,3317,3606,69.25,99.0
2025_12_17,3606,1765979935,25251.0,T,3325,3828,99.0,94.75
2025_12_17,3828,1765981845,25156.25,B,3606,3840,94.75,48.75
2025_12_17,3840,1765981905,25205.0,T,3828,3846,48.75,49.25
2025_12_17,3846,1765981935,25155.75,B,3840,3864,49.25,39.25
2025_12_17,3864,1765982025,25195.0,T,3846,3898,39.25,101.0
2025_12_17,3898,1765982195,25094.0,B,3864,3906,101.0,34.0
2025_12_17,3906,1765982235,25128.0,T,3898,3941,34.0,56.75
2025_12_17,3941,1765982410,25071.25,B,3906,3951,56.75,42.75
2025_12_17,3951,1765982460,25114.0,T,3941,3968,42.75,54.25
2025_12_17,3968,1765982545,25059.75,B,3951,4000,54.25,39.75
2025_12_17,4000,1765982705,25099.5,T,3968,4017,39.75,88.0
2025_12_17,4017,1765982790,25011.5,B,4000,4049,88.0,43.25
2025_12_17,4049,1765982950,25054.75,T,4017,4049,43.25,31.5
2025_12_17,4049,1765982950,25023.25,B,4049,4065,31.5,57.5
2025_12_17,4065,1765983030,25080.75,T,4049,4119,57.5,52.0
2025_12_17,4119,1765983305,25028.75,B,4065,4156,52.0,85.5
2025_12_17,4156,1765983490,25114.25,T,4119,4202,85.5,64.25
2025_12_17,4202,1765983725,25050.0,B,4156,4222,64.25,54.75
2025_12_17,4222,1765983825,25104.75,T,4202,4237,54.75,38.0
2025_12_17,4237,1765983901,25066.75,B,4222,4253,38.0,42.0
2025_12_17,4253,1765983981,25108.75,T,4237,4328,42.0,62.0
2025_12_17,4328,1765984375,25046.75,B,4253,4353,62.0,44.5
2025_12_17,4353,1765984511,25091.25,T,4328,4396,44.5,45.0
2025_12_17,4396,1765984735,25046.25,B,4353,4462,45.0,65.75
2025_12_17,4462,1765985075,25112.0,T,4396,4492,65.75,65.5
2025_12_17,4492,1765985225,25046.5,B,4462,4521,65.5,57.75
2025_12_17,4521,1765985380,25104.25,T,4492,4604,57.75,138.25
2025_12_17,4604,1765985805,24966.0,B,4521,4613,138.25,36.75
2025_12_17,4613,1765985850,25002.75,T,4604,4707,36.75,131.5
2025_12_17,4707,1765986325,24871.25,B,4613,4749,131.5,57.75
2025_12_17,4749,1765986535,24929.0,T,4707,4796,57.75,100.0
2025_12_17,4796,1765986770,24829.0,B,4749,4822,100.0,34.5
2025_12_17,4822,1765986900,24863.5,T,4796,4825,34.5,43.5
2025_12_17,4825,1765986915,24820.0,B,4822,4843,43.5,35.0
2025_12_17,4843,1765987005,24855.0,T,4825,4861,35.0,47.5
2025_12_17,4861,1765987095,24807.5,B,4843,4885,47.5,43.0
2025_12_17,4885,1765987215,24850.5,T,4861,4900,43.0,30.5
2025_12_17,4900,1765987290,24820.0,B,4885,4966,30.5,71.75
2025_12_17,4966,1765987625,24891.75,T,4900,4981,71.75,36.75
2025_12_17,4981,1765987700,24855.0,B,4966,5002,36.75,38.5
2025_12_17,5002,1765987805,24893.5,T,4981,5067,38.5,112.75
2025_12_17,5067,1765988140,24780.75,B,5002,5114,112.75,60.5
2025_12_17,5114,1765988385,24841.25,T,5067,5118,60.5,43.0
2025_12_17,5118,1765988405,24798.25,B,5114,5210,43.0,72.0
2025_12_17,5210,1765988881,24870.25,T,5118,5299,72.0,99.0
2025_12_17,5299,1765989345,24771.25,B,5210,5319,99.0,66.25
2025_12_17,5319,1765989445,24837.5,T,5299,5330,66.25,50.75
2025_12_17,5330,1765989501,24786.75,B,5319,5386,50.75,45.25
2025_12_17,5386,1765989780,24832.0,T,5330,5448,45.25,55.0
2025_12_17,5448,1765990091,24777.0,B,5386,5471,55.0,35.0
2025_12_17,5471,1765990205,24812.0,T,5448,5492,35.0,53.25
2025_12_17,5492,1765990310,24758.75,B,5471,5519,53.25,50.5
2025_12_17,5519,1765990445,24809.25,T,5492,5547,50.5,47.25
2025_12_17,5547,1765990585,24762.0,B,5519,5605,47.25,64.5
2025_12_17,5605,1765990875,24826.5,T,5547,5644,64.5,70.25
2025_12_17,5644,1765991070,24756.25,B,5605,5689,70.25,55.0
2025_12_17,5689,1765991295,24811.25,T,5644,5713,55.0,46.5
2025_12_17,5713,1765991415,24764.75,B,5689,5735,46.5,47.75
2025_12_17,5735,1765991525,24812.5,T,5713,5783,47.75,50.5
2025_12_17,5783,1765991786,24762.0,B,5735,5884,50.5,89.0
2025_12_17,5884,1765992290,24851.0,T,5783,5938,89.0,42.75
2025_12_17,5938,1765992562,24808.25,B,5884,5989,42.75,47.75
2025_12_17,5989,1765992815,24856.0,T,5938,6063,47.75,66.25
2025_12_17,6063,1765993200,24789.75,B,5989,6101,66.25,31.0
2025_12_17,6101,1765993390,24820.75,T,6063,6136,31.0,63.25
2025_12_17,6136,1765993565,24757.5,B,6101,6222,63.25,54.5
2025_12_17,6222,1765994007,24812.0,T,6136,6237,54.5,33.0
2025_12_17,6237,1765994086,24779.0,B,6222,6370,33.0,70.75
2025_12_17,6370,1765994801,24849.75,T,6237,6526,70.75,85.25
2025_12_17,6526,1765995615,24764.5,B,6370,6576,85.25,36.0
2025_12_17,6576,1765995956,24800.5,T,6526,6728,36.0,88.75
2025_12_17,6728,1765996870,24711.75,B,6576,6752,88.75,42.25
2025_12_17,6752,1765996990,24754.0,T,6728,6845,42.25,48.25
2025_12_17,6845,1765997480,24705.75,B,6752,6929,48.25,38.0
2025_12_17,6929,1765998026,24743.75,T,6845,6958,38.0,35.25
2025_12_17,6958,1765998195,24708.5,B,6929,7070,35.25,32.5
2025_12_17,7070,1765998977,24741.0,T,6958,7110,32.5,32.0
2025_12_17,7110,1765999260,24709.0,B,7070,7133,32.0,31.0
2025_12_17,7133,1765999401,24740.0,T,7110,7227,31.0,44.25
2025_12_17,7227,1766000035,24695.75,B,7133,7438,44.25,63.25
2025_12_17,7438,1766001242,24759.0,T,7227,7623,63.25,42.0
2025_12_17,7623,1766002310,24717.0,B,7438,7667,42.0,33.0
2025_12_17,7667,1766002625,24750.0,T,7623,7805,33.0,46.0
2025_12_17,7805,1766003530,24704.0,B,7667,7948,46.0,40.75
2025_12_17,7948,1766004245,24744.75,T,7805,8084,40.75,90.25
2025_12_17,8084,1766004925,24654.5,B,7948,8290,90.25,109.0
2025_12_17,8290,1766006075,24763.5,T,8084,8440,109.0,55.0
2025_12_17,8440,1766007447,24708.5,B,8290,8552,55.0,59.5
2025_12_17,8552,1766012406,24768.0,T,8440,8644,59.5,58.75
2025_12_17,8644,1766013950,24709.25,B,8552,8686,58.75,39.5
2025_12_18,37,1766016372,24675.5,B,3,124,40.0,79.5
2025_12_18,124,1766017160,24755.0,T,37,194,79.5,39.0
2025_12_18,194,1766018236,24716.0,B,124,255,39.0,52.75
2025_12_18,255,1766019182,24768.75,T,194,333,52.75,37.0
2025_12_18,333,1766020325,24731.75,B,255,478,37.0,36.75
2025_12_18,478,1766022460,24768.5,T,333,511,36.75,45.75
2025_12_18,511,1766022872,24722.75,B,478,637,45.75,60.5
2025_12_18,637,1766024286,24783.25,T,511,877,60.5,106.25
2025_12_18,877,1766027885,24677.0,B,637,1207,106.25,88.75
2025_12_18,1207,1766034469,24765.75,T,877,1364,88.75,39.5
2025_12_18,1364,1766040935,24726.25,B,1207,1635,39.5,92.75
2025_12_18,1635,1766046226,24819.0,T,1364,1653,92.75,38.25
2025_12_18,1653,1766046532,24780.75,B,1635,1721,38.25,63.75
2025_12_18,1721,1766047751,24844.5,T,1653,1769,63.75,40.25
2025_12_18,1769,1766048633,24804.25,B,1721,2177,40.25,81.75
2025_12_18,2177,1766059736,24886.0,T,1769,2362,81.75,48.75
2025_12_18,2362,1766063263,24837.25,B,2177,2452,48.75,112.0
2025_12_18,2452,1766064600,24949.25,T,2362,2452,112.0,72.75
2025_12_18,2452,1766064600,24876.5,B,2452,2454,72.75,90.5
2025_12_18,2454,1766064611,24967.0,T,2452,2455,90.5,58.75
2025_12_18,2455,1766064615,24908.25,B,2454,2484,58.75,51.75
2025_12_18,2484,1766064777,24960.0,T,2455,2514,51.75,32.0
2025_12_18,2514,1766064955,24928.0,B,2484,2644,32.0,105.0
2025_12_18,2644,1766065655,25033.0,T,2514,2753,105.0,49.25
2025_12_18,2753,1766066276,24983.75,B,2644,3028,49.25,112.25
2025_12_18,3028,1766068270,25096.0,T,2753,3138,112.25,149.0
2025_12_18,3138,1766068820,24947.0,B,3028,3145,149.0,46.5
2025_12_18,3145,1766068855,24993.5,T,3138,3156,46.5,53.75
2025_12_18,3156,1766068910,24939.75,B,3145,3201,53.75,45.75
2025_12_18,3201,1766069136,24985.5,T,3156,3210,45.75,37.75
2025_12_18,3210,1766069180,24947.75,B,3201,3219,37.75,57.75
2025_12_18,3219,1766069225,25005.5,T,3210,3244,57.75,76.0
2025_12_18,3244,1766069350,24929.5,B,3219,3258,76.0,40.5
2025_12_18,3258,1766069420,24970.0,T,3244,3267,40.5,33.0
2025_12_18,3267,1766069465,24937.0,B,3258,3384,33.0,127.75
2025_12_18,3384,1766070060,25064.75,T,3267,3544,127.75,121.5
2025_12_18,3544,1766070860,24943.25,B,3384,3561,121.5,40.25
2025_12_18,3561,1766070945,24983.5,T,3544,3589,40.25,39.25
2025_12_18,3589,1766071085,24944.25,B,3561,3839,39.25,227.5
2025_12_18,3839,1766072340,25171.75,T,3589,4125,227.5,54.5
2025_12_18,4125,1766073805,25117.25,B,3839,4230,54.5,60.75
2025_12_18,4230,1766074345,25178.0,T,4125,4422,60.75,69.0
2025_12_18,4422,1766075341,25109.0,B,4230,4706,69.0,67.25
2025_12_18,4706,1766076860,25176.25,T,4422,4906,67.25,183.0
2025_12_18,4906,1766077885,24993.25,B,4706,4921,183.0,33.25
2025_12_18,4921,1766077960,25026.5,T,4906,4984,33.25,73.5
2025_12_18,4984,1766078275,24953.0,B,4921,5035,73.5,62.5
2025_12_18,5035,1766078530,25015.5,T,4984,5063,62.5,60.0
2025_12_18,5063,1766078670,24955.5,B,5035,5328,60.0,171.0
2025_12_18,5328,1766080005,25126.5,T,5063,5382,171.0,58.0
2025_12_18,5382,1766080275,25068.5,B,5328,5484,58.0,52.5
2025_12_18,5484,1766080800,25121.0,T,5382,5521,52.5,37.25
2025_12_18,5521,1766081000,25083.75,B,5484,5911,37.25,84.25
2025_12_18,5911,1766083135,25168.0,T,5521,6209,84.25,143.25
2025_12_18,6209,1766084730,25024.75,B,5911,6270,143.25,74.75
2025_12_18,6270,1766085035,25099.5,T,6209,6614,74.75,93.25
2025_12_18,6614,1766086860,25006.25,B,6270,6624,93.25,31.75
2025_12_18,6624,1766086920,25038.0,T,6614,6668,31.75,40.75
2025_12_18,6668,1766087160,24997.25,B,6624,6721,40.75,51.5
2025_12_18,6721,1766087466,25048.75,T,6668,6831,51.5,88.0
2025_12_18,6831,1766088015,24960.75,B,6721,7016,88.0,105.75
2025_12_18,7016,1766088960,25066.5,T,6831,7032,105.75,34.0
2025_12_18,7032,1766089040,25032.5,B,7016,7234,34.0,61.0
2025_12_18,7234,1766090110,25093.5,T,7032,7292,61.0,30.75
2025_12_18,7292,1766090405,25062.75,B,7234,7365,30.75,44.25
2025_12_18,7365,1766090780,25107.0,T,7292,7736,44.25,142.25
2025_12_18,7736,1766094307,24964.75,B,7365,7774,142.25,49.5
2025_12_18,7774,1766098910,25014.25,T,7736,7790,49.5,36.75
2025_12_18,7790,1766099243,24977.5,B,7774,7802,36.75,36.25
2025_12_18,7802,1766099790,25013.75,T,7790,7807,36.25,30.0
2025_12_19,16,1766102580,25032.5,T,8,148,30.0,50.25
2025_12_19,148,1766106224,24982.25,B,16,222,50.25,66.75
2025_12_19,222,1766111513,25049.0,T,148,250,66.75,37.75
2025_12_19,250,1766113516,25011.25,B,222,313,37.75,72.0
2025_12_19,313,1766116559,25083.25,T,250,366,72.0,38.0
2025_12_19,366,1766121373,25045.25,B,313,372,38.0,30.5
2025_12_19,372,1766122832,25075.75,T,366,410,30.5,43.5
2025_12_19,410,1766126782,25032.25,B,372,447,43.5,101.5
2025_12_19,447,1766128446,25133.75,T,410,483,101.5,43.75
2025_12_19,483,1766130384,25090.0,B,447,513,43.75,53.5
2025_12_19,513,1766132280,25143.5,T,483,527,53.5,33.5
2025_12_19,527,1766132995,25110.0,B,513,546,33.5,43.25
2025_12_19,546,1766134435,25153.25,T,527,560,43.25,30.25
2025_12_19,560,1766135020,25123.0,B,546,604,30.25,37.0
2025_12_19,604,1766136727,25160.0,T,560,692,37.0,69.75
2025_12_19,692,1766142584,25090.25,B,604,719,69.75,43.25
2025_12_19,719,1766144144,25133.5,T,692,857,43.25,88.0
2025_12_19,857,1766149402,25045.5,B,719,898,88.0,60.75
2025_12_19,898,1766151562,25106.25,T,857,934,60.75,40.25
2025_12_19,934,1766152994,25066.0,B,898,1023,40.25,77.25
2025_12_19,1023,1766154196,25143.25,T,934,1044,77.25,48.25
2026_01_02,5164,1767345111,25740.5,T,85,6032,266.75,33.0
2026_01_02,6032,1767350085,25707.5,B,5164,6307,33.0,35.25
2026_01_02,6307,1767351775,25742.75,T,6032,8447,35.25,80.5
2026_01_02,8447,1767363760,25662.25,B,6307,8536,80.5,57.5
2026_01_02,8536,1767364205,25719.75,T,8447,8536,57.5,33.25
2026_01_02,8536,1767364205,25686.5,B,8536,8552,33.25,47.0
2026_01_02,8552,1767364285,25733.5,T,8536,8582,47.0,79.25
2026_01_02,8582,1767364435,25654.25,B,8552,8590,79.25,35.0
2026_01_02,8590,1767364475,25689.25,T,8582,8608,35.0,38.5
2026_01_02,8608,1767364565,25650.75,B,8590,8621,38.5,53.5
2026_01_02,8621,1767364630,25704.25,T,8608,8628,53.5,36.75
2026_01_02,8628,1767364665,25667.5,B,8621,8634,36.75,31.0
2026_01_02,8634,1767364695,25698.5,T,8628,8668,31.0,60.25
2026_01_02,8668,1767364865,25638.25,B,8634,8759,60.25,137.0
2026_01_02,8759,1767365320,25775.25,T,8668,8773,137.0,30.0
2026_01_02,8773,1767365390,25745.25,B,8759,8783,30.0,58.5
2026_01_02,8783,1767365440,25803.75,T,8773,8893,58.5,75.75
2026_01_02,8893,1767365990,25728.0,B,8783,8913,75.75,52.0
2026_01_02,8913,1767366090,25780.0,T,8893,9049,52.0,162.25
2026_01_02,9049,1767366770,25617.75,B,8913,9049,162.25,40.25
2026_01_02,9049,1767366770,25658.0,T,9049,9092,40.25,91.25
2026_01_02,9092,1767366985,25566.75,B,9049,9102,91.25,39.75
2026_01_02,9102,1767367035,25606.5,T,9092,9205,39.75,149.25
2026_01_02,9205,1767367550,25457.25,B,9102,9220,149.25,50.75
2026_01_02,9220,1767367625,25508.0,T,9205,9243,50.75,40.5
2026_01_02,9243,1767367740,25467.5,B,9220,9252,40.5,30.5
2026_01_02,9252,1767367785,25498.0,T,9243,9260,30.5,30.0
2026_01_02,9260,1767367825,25468.0,B,9252,9329,30.0,94.75
2026_01_02,9329,1767368170,25562.75,T,9260,9361,94.75,44.5
2026_01_02,9361,1767368330,25518.25,B,9329,9414,44.5,86.25
2026_01_02,9414,1767368595,25604.5,T,9361,9521,86.25,162.25
2026_01_02,9521,1767369130,25442.25,B,9414,9559,162.25,51.5
2026_01_02,9559,1767369320,25493.75,T,9521,9579,51.5,86.0
2026_01_02,9579,1767369420,25407.75,B,9559,9579,86.0,37.75
2026_01_02,9579,1767369420,25445.5,T,9579,9640,37.75,112.5
2026_01_02,9640,1767369725,25333.0,B,9579,9665,112.5,42.5
2026_01_02,9665,1767369850,25375.5,T,9640,9678,42.5,53.25
2026_01_02,9678,1767369915,25322.25,B,9665,9745,53.25,53.25
2026_01_02,9745,1767370250,25375.5,T,9678,9760,53.25,81.75
2026_01_02,9760,1767370325,25293.75,B,9745,9804,81.75,111.75
2026_01_02,9804,1767370545,25405.5,T,9760,9863,111.75,77.25
2026_01_02,9863,1767370840,25328.25,B,9804,9965,77.25,78.0
2026_01_02,9965,1767371350,25406.25,T,9863,9976,78.0,41.0
2026_01_02,9976,1767371405,25365.25,B,9965,10028,41.0,62.0
2026_01_02,10028,1767371665,25427.25,T,9976,10037,62.0,36.75
2026_01_02,10037,1767371710,25390.5,B,10028,10065,36.75,36.0
2026_01_02,10065,1767371850,25426.5,T,10037,10269,36.0,123.0
2026_01_02,10269,1767372870,25303.5,B,10065,10339,123.0,45.0
2026_01_02,10339,1767373220,25348.5,T,10269,10378,45.0,33.25
2026_01_02,10378,1767373415,25315.25,B,10339,10563,33.25,90.25
2026_01_02,10563,1767374340,25405.5,T,10378,10665,90.25,43.75
2026_01_02,10665,1767374850,25361.75,B,10563,10700,43.75,39.0
2026_01_02,10700,1767375025,25400.75,T,10665,10948,39.0,82.25
2026_01_02,10948,1767376265,25318.5,B,10700,11008,82.25,30.25
2026_01_02,11008,1767376565,25348.75,T,10948,11045,30.25,38.0
2026_01_02,11045,1767376750,25310.75,B,11008,11101,38.0,41.5
2026_01_02,11101,1767377030,25352.25,T,11045,11243,41.5,47.0
2026_01_02,11243,1767377740,25305.25,B,11101,11320,47.0,58.5
2026_01_02,11320,1767378125,25363.75,T,11243,11457,58.5,48.25
2026_01_02,11457,1767378810,25315.5,B,11320,11600,48.25,36.25
2026_01_02,11600,1767379525,25351.75,T,11457,11658,36.25,86.5
2026_01_02,11658,1767379815,25265.25,B,11600,11959,86.5,129.75
2026_01_02,11959,1767381320,25395.0,T,11658,12025,129.75,31.0
2026_01_02,12025,1767381650,25364.0,B,11959,12261,31.0,93.0
2026_01_02,12261,1767382830,25457.0,T,12025,12483,93.0,69.75
2026_01_02,12483,1767383940,25387.25,B,12261,12751,69.75,63.25
2026_01_02,12751,1767385280,25450.5,T,12483,13085,63.25,81.0
2026_01_02,13085,1767386950,25369.5,B,12751,13104,81.0,34.5
2026_01_02,13104,1767387045,25404.0,T,13085,13166,34.5,42.0
2026_01_02,13166,1767387355,25362.0,B,13104,13245,42.0,53.0
2026_01_04,16,1767567680,25455.75,T,2,93,37.5,49.25
2026_01_04,93,1767568065,25406.5,B,16,313,49.25,56.75
2026_01_04,313,1767569245,25463.25,T,93,515,56.75,45.75
2026_01_05,172,1767572081,25448.25,B,68,252,30.25,31.25
2026_01_05,252,1767572495,25479.5,T,172,436,31.25,44.75
2026_01_05,436,1767573520,25434.75,B,252,704,44.75,52.75
2026_01_05,704,1767574960,25487.5,T,436,923,52.75,37.5
2026_01_05,923,1767576115,25450.0,B,704,1106,37.5,36.0
2026_01_05,1106,1767577135,25486.0,T,923,1238,36.0,34.0
2026_01_05,1238,1767577855,25452.0,B,1106,1364,34.0,31.25
2026_01_05,1364,1767578570,25483.25,T,1238,1724,31.25,31.0
2026_01_05,1724,1767580900,25452.25,B,1364,3596,31.0,52.0
2026_01_05,3596,1767594120,25504.25,T,1724,3702,52.0,35.5
2026_01_05,3702,1767594751,25468.75,B,3596,4006,35.5,40.25
2026_01_05,4006,1767596765,25509.0,T,3702,4395,40.25,54.0
2026_01_05,4395,1767599175,25455.0,B,4006,4789,54.0,101.75
2026_01_05,4789,1767601366,25556.75,T,4395,5506,101.75,61.0
2026_01_05,5506,1767605245,25495.75,B,4789,7054,61.0,92.5
2026_01_05,7054,1767614460,25588.25,T,5506,7931,92.5,68.0
2026_01_05,7931,1767619370,25520.25,B,7054,8733,68.0,152.25
2026_01_05,8733,1767623420,25672.5,T,7931,8762,152.25,85.5
2026_01_05,8762,1767623565,25587.0,B,8733,8769,85.5,44.25
2026_01_05,8769,1767623600,25631.25,T,8762,8805,44.25,80.75
2026_01_05,8805,1767623780,25550.5,B,8769,8813,80.75,57.0
2026_01_05,8813,1767623820,25607.5,T,8805,8862,57.0,69.0
2026_01_05,8862,1767624065,25538.5,B,8813,8922,69.0,94.0
2026_01_05,8922,1767624365,25632.5,T,8862,8959,94.0,72.75
2026_01_05,8959,1767624550,25559.75,B,8922,8971,72.75,44.0
2026_01_05,8971,1767624610,25603.75,T,8959,8981,44.0,30.25
2026_01_05,8981,1767624660,25573.5,B,8971,9006,30.25,51.25
2026_01_05,9006,1767624785,25624.75,T,8981,9057,51.25,57.0
2026_01_05,9057,1767625040,25567.75,B,9006,9089,57.0,60.5
2026_01_05,9089,1767625200,25628.25,T,9057,9089,60.5,39.25
2026_01_05,9089,1767625200,25589.0,B,9089,9092,39.25,30.5
2026_01_05,9092,1767625215,25619.5,T,9089,9107,30.5,53.5
2026_01_05,9107,1767625290,25566.0,B,9092,9198,53.5,88.75
2026_01_05,9198,1767625745,25654.75,T,9107,9240,88.75,30.25
2026_01_05,9240,1767625955,25624.5,B,9198,9272,30.25,31.25
2026_01_05,9272,1767626115,25655.75,T,9240,9276,31.25,30.0
2026_01_05,9276,1767626135,25625.75,B,9272,9329,30.0,38.25
2026_01_05,9329,1767626400,25664.0,T,9276,9398,38.25,30.0
2026_01_05,9398,1767626745,25634.0,B,9329,9495,30.0,56.5
2026_01_05,9495,1767627230,25690.5,T,9398,9626,56.5,53.5
2026_01_05,9626,1767627885,25637.0,B,9495,9946,53.5,59.75
2026_01_05,9946,1767629485,25696.75,T,9626,10315,59.75,34.0
2026_01_05,10315,1767631330,25662.75,B,9946,10409,34.0,45.25
2026_01_05,10409,1767631800,25708.0,T,10315,11477,45.25,151.0
2026_01_05,11477,1767637140,25557.0,B,10409,11804,151.0,68.5
2026_01_05,11804,1767638775,25625.5,T,11477,12481,68.5,76.0
2026_01_05,12481,1767642160,25549.5,B,11804,13241,76.0,63.5
2026_01_05,13241,1767645960,25613.0,T,12481,13364,63.5,47.0
2026_01_05,13364,1767646575,25566.0,B,13241,14033,47.0,32.75
2026_01_06,437,1767660170,25552.25,B,58,3467,30.0,122.0
2026_01_06,3467,1767681295,25674.25,T,437,4475,122.0,146.75
2026_01_06,4475,1767688315,25527.5,B,3467,5355,146.75,80.5
2026_01_06,5355,1767693260,25608.0,T,4475,5627,80.5,36.25
2026_01_06,5627,1767694940,25571.75,B,5355,7098,36.25,78.75
2026_01_06,7098,1767704645,25650.5,T,5627,7618,78.75,60.0
2026_01_06,7618,1767707440,25590.5,B,7098,7704,60.0,35.0
2026_01_06,7704,1767707881,25625.5,T,7618,7755,35.0,33.0
2026_01_06,7755,1767708135,25592.5,B,7704,8089,33.0,83.5
2026_01_06,8089,1767709840,25676.0,T,7755,8096,83.5,31.75
2026_01_06,8096,1767709875,25644.25,B,8089,8105,31.75,30.25
2026_01_06,8105,1767709920,25674.5,T,8096,8145,30.25,47.5
2026_01_06,8145,1767710120,25627.0,B,8105,8163,47.5,50.75
2026_01_06,8163,1767710210,25677.75,T,8145,8231,50.75,69.75
2026_01_06,8231,1767710550,25608.0,B,8163,8296,69.75,110.75
2026_01_06,8296,1767710875,25718.75,T,8231,8310,110.75,33.5
2026_01_06,8310,1767710945,25685.25,B,8296,8340,33.5,63.75
2026_01_06,8340,1767711095,25749.0,T,8310,8351,63.75,35.0
2026_01_06,8351,1767711150,25714.0,B,8340,8456,35.0,58.75
2026_01_06,8456,1767711675,25772.75,T,8351,8576,58.75,46.25
2026_01_06,8576,1767712275,25726.5,B,8456,8651,46.25,41.0
2026_01_06,8651,1767712650,25767.5,T,8576,8696,41.0,34.25
2026_01_06,8696,1767712875,25733.25,B,8651,8757,34.25,45.75
2026_01_06,8757,1767713180,25779.0,T,8696,9250,45.75,139.75
2026_01_06,9250,1767715645,25639.25,B,8757,9451,139.75,68.5
2026_01_06,9451,1767716650,25707.75,T,9250,9691,68.5,49.0
2026_01_06,9691,1767717850,25658.75,B,9451,9790,49.0,42.25
2026_01_06,9790,1767718345,25701.0,T,9691,9829,42.25,33.5
2026_01_06,9829,1767718540,25667.5,B,9790,10350,33.5,118.0
2026_01_06,10350,1767721145,25785.5,T,9829,10692,118.0,40.5
2026_01_06,10692,1767722855,25745.0,B,10350,10827,40.5,35.75
2026_01_06,10827,1767723530,25780.75,T,10692,11016,35.75,30.75
2026_01_07,5277,1767777705,25727.0,B,62,5782,115.25,35.0
2026_01_07,5782,1767780825,25762.0,T,5277,6096,35.0,34.25
2026_01_07,6096,1767782790,25727.75,B,5782,7939,34.25,66.0
2026_01_07,7939,1767793420,25793.75,T,6096,8211,66.0,32.25
2026_01_07,8211,1767794800,25761.5,B,7939,8495,32.25,49.25
2026_01_07,8495,1767796220,25810.75,T,8211,8505,49.25,39.75
2026_01_07,8505,1767796270,25771.0,B,8495,8564,39.75,61.75
2026_01_07,8564,1767796565,25832.75,T,8505,8572,61.75,34.75
2026_01_07,8572,1767796605,25798.0,B,8564,8804,34.75,82.0
2026_01_07,8804,1767797765,25880.0,T,8572,8875,82.0,67.75
2026_01_07,8875,1767798120,25812.25,B,8804,9001,67.75,58.25
2026_01_07,9001,1767798750,25870.5,T,8875,9065,58.25,48.0
2026_01_07,9065,1767799070,25822.5,B,9001,9286,48.0,79.75
2026_01_07,9286,1767800175,25902.25,T,9065,9318,79.75,71.25
2026_01_07,9318,1767800335,25831.0,B,9286,9318,71.25,30.25
2026_01_07,9318,1767800335,25861.25,T,9318,9319,30.25,50.5
2026_01_07,9319,1767800340,25810.75,B,9318,9344,50.5,63.25
2026_01_07,9344,1767800465,25874.0,T,9319,9380,63.25,36.5
2026_01_07,9380,1767800645,25837.5,B,9344,9762,36.5,91.75
2026_01_07,9762,1767802555,25929.25,T,9380,9919,91.75,50.0
2026_01_07,9919,1767803340,25879.25,B,9762,10824,50.0,117.0
2026_01_07,10824,1767807865,25996.25,T,9919,11365,117.0,70.25
2026_01_07,11365,1767810570,25926.0,B,10824,11641,70.25,53.0
2026_01_07,11641,1767811950,25979.0,T,11365,11932,53.0,89.0
2026_01_07,11932,1767813405,25890.0,B,11641,12209,89.0,31.25
2026_01_07,12209,1767814790,25921.25,T,11932,12633,31.25,64.0
2026_01_07,12633,1767816910,25857.25,B,12209,12692,64.0,30.25
2026_01_07,12692,1767817205,25887.5,T,12633,12931,30.25,73.0
2026_01_07,12931,1767818400,25814.5,B,12692,13839,73.0,35.25
2026_01_08,605,1767834000,25844.5,T,270,3711,38.75,174.5
2026_01_08,3711,1767853730,25670.0,B,605,4302,174.5,114.5
2026_01_08,4302,1767857015,25784.5,T,3711,4302,114.5,56.25
2026_01_08,4302,1767857015,25728.25,B,4302,4308,56.25,77.0
2026_01_08,4308,1767857045,25805.25,T,4302,4391,77.0,63.5
2026_01_08,4391,1767857460,25741.75,B,4308,4470,63.5,37.75
2026_01_08,4470,1767857875,25779.5,T,4391,4697,37.75,32.0
2026_01_08,4697,1767859196,25747.5,B,4470,5191,32.0,56.0
2026_01_08,5191,1767861785,25803.5,T,4697,6082,56.0,59.5
2026_01_08,6082,1767867125,25744.0,B,5191,6792,59.5,41.75
2026_01_08,6792,1767871631,25785.75,T,6082,6839,41.75,47.0
2026_01_08,6839,1767871880,25738.75,B,6792,6850,47.0,47.25
2026_01_08,6850,1767871935,25786.0,T,6839,7188,47.25,39.5
2026_01_08,7188,1767873855,25746.5,B,6850,8123,39.5,71.5
2026_01_08,8123,1767879025,25818.0,T,7188,8480,71.5,37.0
2026_01_08,8480,1767880855,25781.0,B,8123,8605,37.0,30.0
2026_01_08,8605,1767881480,25811.0,T,8480,8842,30.0,76.75
2026_01_08,8842,1767882675,25734.25,B,8605,8856,76.75,31.25
2026_01_08,8856,1767882745,25765.5,T,8842,8860,31.25,36.0
2026_01_08,8860,1767882765,25729.5,B,8856,8867,36.0,30.75
2026_01_08,8867,1767882800,25760.25,T,8860,8884,30.75,67.75
2026_01_08,8884,1767882885,25692.5,B,8867,8916,67.75,37.75
2026_01_08,8916,1767883045,25730.25,T,8884,8948,37.75,64.25
2026_01_08,8948,1767883205,25666.0,B,8916,8963,64.25,35.0
2026_01_08,8963,1767883280,25701.0,T,8948,8982,35.0,74.5
2026_01_08,8982,1767883375,25626.5,B,8963,8982,74.5,44.75
2026_01_08,8982,1767883375,25671.25,T,8982,9015,44.75,74.0
2026_01_08,9015,1767883540,25597.25,B,8982,9033,74.0,79.0
2026_01_08,9033,1767883630,25676.25,T,9015,9084,79.0,57.0
2026_01_08,9084,1767883885,25619.25,B,9033,9100,57.0,48.5
2026_01_08,9100,1767883965,25667.75,T,9084,9113,48.5,31.0
2026_01_08,9113,1767884030,25636.75,B,9100,9120,31.0,34.5
2026_01_08,9120,1767884065,25671.25,T,9113,9158,34.5,67.25
2026_01_08,9158,1767884255,25604.0,B,9120,9168,67.25,33.25
2026_01_08,9168,1767884305,25637.25,T,9158,9230,33.25,68.25
2026_01_08,9230,1767884615,25569.0,B,9168,9527,68.25,144.5
2026_01_08,9527,1767886100,25713.5,T,9230,9639,144.5,88.5
2026_01_08,9639,1767886660,25625.0,B,9527,9691,88.5,73.75
2026_01_08,9691,1767886920,25698.75,T,9639,9864,73.75,87.75
2026_01_08,9864,1767887785,25611.0,B,9691,9907,87.75,75.5
2026_01_08,9907,1767888000,25686.5,T,9864,10034,75.5,59.0
2026_01_08,10034,1767888635,25627.5,B,9907,10064,59.0,37.0
2026_01_08,10064,1767888785,25664.5,T,10034,10108,37.0,50.25
2026_01_08,10108,1767889005,25614.25,B,10064,10160,50.25,55.5
2026_01_08,10160,1767889265,25669.75,T,10108,10211,55.5,47.5
2026_01_08,10211,1767889520,25622.25,B,10160,10224,47.5,31.25
2026_01_08,10224,1767889585,25653.5,T,10211,10344,31.25,69.75
2026_01_08,10344,1767890185,25583.75,B,10224,10462,69.75,95.75
2026_01_08,10462,1767890775,25679.5,T,10344,10544,95.75,47.0
2026_01_08,10544,1767891185,25632.5,B,10462,10628,47.0,42.0
2026_01_08,10628,1767891605,25674.5,T,10544,10781,42.0,39.5
2026_01_08,10781,1767892370,25635.0,B,10628,10896,39.5,45.0
2026_01_08,10896,1767892945,25680.0,T,10781,10952,45.0,53.0
2026_01_08,10952,1767893225,25627.0,B,10896,11261,53.0,76.75
2026_01_08,11261,1767894770,25703.75,T,10952,11528,76.75,84.5
2026_01_08,11528,1767896105,25619.25,B,11261,11929,84.5,57.0
2026_01_08,11929,1767898110,25676.25,T,11528,12055,57.0,51.75
2026_01_08,12055,1767898740,25624.5,B,11929,12114,51.75,33.25
2026_01_08,12114,1767899035,25657.75,T,12055,12266,33.25,62.75
2026_01_08,12266,1767899795,25595.0,B,12114,12319,62.75,53.25
2026_01_08,12319,1767900060,25648.25,T,12266,12591,53.25,35.25
2026_01_08,12591,1767901420,25613.0,B,12319,13221,35.25,86.25
2026_01_08,13221,1767904570,25699.25,T,12591,13313,86.25,32.5
2026_01_08,13313,1767905030,25666.75,B,13221,14006,32.5,75.0
2026_01_09,1010,1767922625,25627.5,B,215,1723,67.5,66.5
2026_01_09,1723,1767926777,25694.0,T,1010,2519,66.5,37.0
2026_01_09,2519,1767932560,25657.0,B,1723,3290,37.0,45.5
2026_01_09,3290,1767938425,25702.5,T,2519,3983,45.5,50.25
2026_01_09,3983,1767943827,25652.25,B,3290,4448,50.25,49.5
2026_01_09,4448,1767946657,25701.75,T,3983,4935,49.5,39.0
2026_01_09,4935,1767949451,25662.75,B,4448,6459,39.0,104.5
2026_01_09,6459,1767958960,25767.25,T,4935,7037,104.5,55.25
2026_01_09,7037,1767962266,25712.0,B,6459,7619,55.25,83.5
2026_01_09,7619,1767965400,25795.5,T,7037,7619,83.5,55.5
2026_01_09,7619,1767965400,25740.0,B,7619,7620,55.5,43.25
2026_01_09,7620,1767965405,25783.25,T,7619,7648,43.25,46.75
2026_01_09,7648,1767965545,25736.5,B,7620,8016,46.75,88.25
2026_01_09,8016,1767967390,25824.75,T,7648,8248,88.25,124.75
2026_01_09,8248,1767968550,25700.0,B,8016,8282,124.75,32.75
2026_01_09,8282,1767968720,25732.75,T,8248,8366,32.75,84.25
2026_01_09,8366,1767969140,25648.5,B,8282,8381,84.25,46.25
2026_01_09,8381,1767969215,25694.75,T,8366,8390,46.25,32.75
2026_01_09,8390,1767969260,25662.0,B,8381,8401,32.75,49.5
2026_01_09,8401,1767969315,25711.5,T,8390,8408,49.5,36.25
2026_01_09,8408,1767969350,25675.25,B,8401,8442,36.25,115.0
2026_01_09,8442,1767969520,25790.25,T,8408,8464,115.0,54.0
2026_01_09,8464,1767969630,25736.25,B,8442,8476,54.0,41.0
2026_01_09,8476,1767969690,25777.25,T,8464,8486,41.0,31.75
2026_01_09,8486,1767969740,25745.5,B,8476,8495,31.75,30.75
2026_01_09,8495,1767969785,25776.25,T,8486,8513,30.75,44.75
2026_01_09,8513,1767969875,25731.5,B,8495,8518,44.75,34.5
2026_01_09,8518,1767969900,25766.0,T,8513,8521,34.5,31.25
2026_01_09,8521,1767969915,25734.75,B,8518,8550,31.25,35.0
2026_01_09,8550,1767970060,25769.75,T,8521,8561,35.0,80.0
2026_01_09,8561,1767970115,25689.75,B,8550,8561,80.0,31.0
2026_01_09,8561,1767970115,25720.75,T,8561,8566,31.0,49.5
2026_01_09,8566,1767970140,25671.25,B,8561,8591,49.5,68.75
2026_01_09,8591,1767970265,25740.0,T,8566,8611,68.75,54.75
2026_01_09,8611,1767970365,25685.25,B,8591,8627,54.75,72.5
2026_01_09,8627,1767970445,25757.75,T,8611,8655,72.5,66.25
2026_01_09,8655,1767970585,25691.5,B,8627,8702,66.25,72.25
2026_01_09,8702,1767970820,25763.75,T,8655,8719,72.25,63.25
2026_01_09,8719,1767970905,25700.5,B,8702,8735,63.25,58.75
2026_01_09,8735,1767970985,25759.25,T,8719,8803,58.75,143.75
2026_01_09,8803,1767971325,25615.5,B,8735,8891,143.75,154.5
2026_01_09,8891,1767971765,25770.0,T,8803,8903,154.5,37.75
2026_01_09,8903,1767971825,25732.25,B,8891,9058,37.75,129.75
2026_01_09,9058,1767972600,25862.0,T,8903,9064,129.75,31.0
2026_01_09,9064,1767972630,25831.0,B,9058,9110,31.0,48.0
2026_01_09,9110,1767972860,25879.0,T,9064,9239,48.0,117.75
2026_01_09,9239,1767973505,25761.25,B,9110,9273,117.75,38.75
2026_01_09,9273,1767973675,25800.0,T,9239,9284,38.75,34.5
2026_01_09,9284,1767973730,25765.5,B,9273,9326,34.5,42.75
2026_01_09,9326,1767973940,25808.25,T,9284,9367,42.75,44.75
2026_01_09,9367,1767974145,25763.5,B,9326,9588,44.75,138.0
2026_01_09,9588,1767975250,25901.5,T,9367,9844,138.0,56.5
2026_01_09,9844,1767976530,25845.0,B,9588,10187,56.5,81.25
2026_01_09,10187,1767978245,25926.25,T,9844,10372,81.25,40.75
2026_01_09,10372,1767979170,25885.5,B,10187,10843,40.75,50.5
2026_01_09,10843,1767981525,25936.0,T,10372,11175,50.5,54.0
2026_01_09,11175,1767983186,25882.0,B,10843,12605,54.0,103.5
2026_01_11,17,1768172485,25870.0,B,0,114,90.0,52.75
2026_01_11,114,1768172975,25922.75,T,17,213,52.75,43.0
2026_01_12,453,1768178345,25772.5,B,46,510,130.25,43.25
2026_01_12,510,1768178631,25815.75,T,453,1120,43.25,92.5
2026_01_12,1120,1768181705,25723.25,B,510,1290,92.5,61.75
2026_01_12,1290,1768182560,25785.0,T,1120,1730,61.75,53.5
2026_01_12,1730,1768184820,25731.5,B,1290,2005,53.5,32.75
2026_01_12,2005,1768186275,25764.25,T,1730,2575,32.75,54.0
2026_01_12,2575,1768189680,25710.25,B,2005,3355,54.0,32.25
2026_01_12,3355,1768194640,25742.5,T,2575,3783,32.25,66.25
2026_01_12,3783,1768196995,25676.25,B,3355,5114,66.25,73.75
2026_01_12,5114,1768204975,25750.0,T,3783,5594,73.75,117.25
2026_01_12,5594,1768207410,25632.75,B,5114,5993,117.25,68.25
2026_01_12,5993,1768209437,25701.0,T,5594,6181,68.25,35.0
2026_01_12,6181,1768210460,25666.0,B,5993,8361,35.0,96.0
2026_01_12,8361,1768223232,25762.0,T,6181,8395,96.0,33.75
2026_01_12,8395,1768223400,25728.25,B,8361,8530,33.75,34.75
2026_01_12,8530,1768224090,25763.0,T,8395,9303,34.75,43.25
2026_01_12,9303,1768228045,25719.75,B,8530,9334,43.25,63.75
2026_01_12,9334,1768228200,25783.5,T,9303,9334,63.75,40.0
2026_01_12,9334,1768228200,25743.5,B,9334,9362,40.0,111.5
2026_01_12,9362,1768228340,25855.0,T,9334,9370,111.5,31.75
2026_01_12,9370,1768228380,25823.25,B,9362,9411,31.75,61.75
2026_01_12,9411,1768228585,25885.0,T,9370,9421,61.75,31.75
2026_01_12,9421,1768228635,25853.25,B,9411,9444,31.75,36.25
2026_01_12,9444,1768228750,25889.5,T,9421,9466,36.25,40.25
2026_01_12,9466,1768228860,25849.25,B,9444,9498,40.25,43.5
2026_01_12,9498,1768229020,25892.75,T,9466,9522,43.5,58.75
2026_01_12,9522,1768229140,25834.0,B,9498,9589,58.75,90.0
2026_01_12,9589,1768229475,25924.0,T,9522,9770,90.0,56.5
2026_01_12,9770,1768230380,25867.5,B,9589,10004,56.5,66.0
2026_01_12,10004,1768231550,25933.5,T,9770,10102,66.0,56.0
2026_01_12,10102,1768232040,25877.5,B,10004,10125,56.0,33.5
2026_01_12,10125,1768232155,25911.0,T,10102,10239,33.5,47.25
2026_01_12,10239,1768232725,25863.75,B,10125,10622,47.25,96.25
2026_01_12,10622,1768234640,25960.0,T,10239,10990,96.25,38.0
2026_01_12,10990,1768236480,25922.0,B,10622,11274,38.0,52.0
2026_01_12,11274,1768237900,25974.0,T,10990,11618,52.0,35.75
2026_01_12,11618,1768239620,25938.25,B,11274,12127,35.75,59.25
2026_01_12,12127,1768242165,25997.5,T,11618,12639,59.25,35.5
2026_01_12,12639,1768244725,25962.0,B,12127,13318,35.5,58.5
2026_01_13,1094,1768268745,25845.75,B,29,1324,52.5,52.0
2026_01_13,1324,1768269920,25897.75,T,1094,2222,52.0,36.25
2026_01_13,2222,1768275705,25861.5,B,1324,3895,36.25,71.25
2026_01_13,3895,1768287175,25932.75,T,2222,4835,71.25,37.25
2026_01_13,4835,1768293420,25895.5,B,3895,5237,37.25,41.25
2026_01_13,5237,1768295910,25936.75,T,4835,6538,41.25,66.25
2026_01_13,6538,1768304032,25870.5,B,5237,7224,66.25,48.25
2026_01_13,7224,1768308100,25918.75,T,6538,7672,48.25,31.75
2026_01_13,7672,1768310515,25887.0,B,7224,7772,31.75,96.25
2026_01_13,7772,1768311015,25983.25,T,7672,7772,96.25,32.5
2026_01_13,7772,1768311015,25950.75,B,7772,7794,32.5,94.75
2026_01_13,7794,1768311125,26045.5,T,7772,7820,94.75,43.5
2026_01_13,7820,1768311255,26002.0,B,7794,7840,43.5,33.0
2026_01_13,7840,1768311355,26035.0,T,7820,7880,33.0,68.75
2026_01_13,7880,1768311555,25966.25,B,7840,7939,68.75,37.25
2026_01_13,7939,1768311850,26003.5,T,7880,8037,37.25,59.25
2026_01_13,8037,1768312340,25944.25,B,7939,8428,59.25,56.25
2026_01_13,8428,1768314305,26000.5,T,8037,8492,56.25,69.75
2026_01_13,8492,1768314625,25930.75,B,8428,8496,69.75,47.0
2026_01_13,8496,1768314645,25977.75,T,8492,8520,47.0,42.25
2026_01_13,8520,1768314765,25935.5,B,8496,8571,42.25,60.75
2026_01_13,8571,1768315020,25996.25,T,8520,8581,60.75,30.0
2026_01_13,8581,1768315070,25966.25,B,8571,8631,30.0,76.5
2026_01_13,8631,1768315320,26042.75,T,8581,8648,76.5,78.5
2026_01_13,8648,1768315405,25964.25,B,8631,8648,78.5,42.75
2026_01_13,8648,1768315405,26007.0,T,8648,8650,42.75,47.0
2026_01_13,8650,1768315415,25960.0,B,8648,8662,47.0,48.5
2026_01_13,8662,1768315475,26008.5,T,8650,8718,48.5,51.0
2026_01_13,8718,1768315755,25957.5,B,8662,8728,51.0,37.5
2026_01_13,8728,1768315805,25995.0,T,8718,8749,37.5,53.75
2026_01_13,8749,1768315910,25941.25,B,8728,8773,53.75,50.75
2026_01_13,8773,1768316030,25992.0,T,8749,8889,50.75,99.25
2026_01_13,8889,1768316610,25892.75,B,8773,8916,99.25,65.0
2026_01_13,8916,1768316745,25957.75,T,8889,9182,65.0,145.75
2026_01_13,9182,1768318075,25812.0,B,8916,9291,145.75,69.25
2026_01_13,9291,1768318620,25881.25,T,9182,9354,69.25,62.0
2026_01_13,9354,1768318935,25819.25,B,9291,9415,62.0,31.5
2026_01_13,9415,1768319240,25850.75,T,9354,9440,31.5,41.5
2026_01_13,9440,1768319365,25809.25,B,9415,9772,41.5,115.25
2026_01_13,9772,1768321025,25924.5,T,9440,9893,115.25,77.25
2026_01_13,9893,1768321630,25847.25,B,9772,9893,77.25,49.75
2026_01_13,9893,1768321630,25897.0,T,9893,9894,49.75,46.5
2026_01_13,9894,1768321635,25850.5,B,9893,10246,46.5,175.25
2026_01_13,10246,1768323395,26025.75,T,9894,10499,175.25,81.75
2026_01_13,10499,1768324660,25944.0,B,10246,10579,81.75,41.75
2026_01_13,10579,1768325060,25985.75,T,10499,10662,41.75,71.25
2026_01_13,10662,1768325475,25914.5,B,10579,10662,71.25,61.0
2026_01_13,10662,1768325475,25975.5,T,10662,10663,61.0,51.75
2026_01_13,10663,1768325480,25923.75,B,10662,10713,51.75,50.75
2026_01_13,10713,1768325730,25974.5,T,10663,11049,50.75,123.0
2026_01_13,11049,1768327410,25851.5,B,10713,11196,123.0,59.25
2026_01_13,11196,1768328145,25910.75,T,11049,11316,59.25,45.5
2026_01_13,11316,1768328745,25865.25,B,11196,11442,45.5,38.75
2026_01_13,11442,1768329375,25904.0,T,11316,11847,38.75,82.75
2026_01_13,11847,1768331400,25821.25,B,11442,11992,82.75,50.0
2026_01_13,11992,1768332125,25871.25,T,11847,12043,50.0,31.0
2026_01_13,12043,1768332380,25840.25,B,11992,12412,31.0,45.0
2026_01_13,12412,1768334225,25885.25,T,12043,12855,45.0,82.0
2026_01_13,12855,1768336440,25803.25,B,12412,13211,82.0,123.25
2026_01_14,315,1768350606,25924.75,T,2,1277,42.25,48.75
2026_01_14,1277,1768356615,25876.0,B,315,1988,48.75,49.75
2026_01_14,1988,1768362110,25925.75,T,1277,3584,49.75,90.25
2026_01_14,3584,1768372685,25835.5,B,1988,4313,90.25,40.5
2026_01_14,4313,1768377705,25876.0,T,3584,4709,40.5,35.75
2026_01_14,4709,1768380130,25840.25,B,4313,4991,35.75,38.75
2026_01_14,4991,1768381860,25879.0,T,4709,6063,38.75,166.75
2026_01_14,6063,1768387985,25712.25,B,4991,6125,166.75,33.5
2026_01_14,6125,1768388300,25745.75,T,6063,6224,33.5,31.5
2026_01_14,6224,1768388802,25714.25,B,6125,6502,31.5,55.0
2026_01_14,6502,1768390230,25769.25,T,6224,6845,55.0,68.0
2026_01_14,6845,1768392120,25701.25,B,6502,7702,68.0,85.0
2026_01_14,7702,1768396700,25786.25,T,6845,7739,85.0,34.25
2026_01_14,7739,1768396890,25752.0,B,7702,7839,34.25,53.5
2026_01_14,7839,1768397400,25805.5,T,7739,8021,53.5,73.0
2026_01_14,8021,1768398310,25732.5,B,7839,8212,73.0,38.0
2026_01_14,8212,1768399270,25770.5,T,8021,8345,38.0,36.25
2026_01_14,8345,1768399935,25734.25,B,8212,8514,36.25,38.5
2026_01_14,8514,1768400795,25772.75,T,8345,8555,38.5,59.25
2026_01_14,8555,1768401000,25713.5,B,8514,8558,59.25,34.75
2026_01_14,8558,1768401015,25748.25,T,8555,8584,34.75,80.0
2026_01_14,8584,1768401145,25668.25,B,8558,8596,80.0,77.75
2026_01_14,8596,1768401205,25746.0,T,8584,8599,77.75,31.75
2026_01_14,8599,1768401220,25714.25,B,8596,8617,31.75,76.0
2026_01_14,8617,1768401310,25790.25,T,8599,8651,76.0,95.25
2026_01_14,8651,1768401480,25695.0,B,8617,8660,95.25,30.25
2026_01_14,8660,1768401525,25725.25,T,8651,8676,30.25,45.0
2026_01_14,8676,1768401605,25680.25,B,8660,8690,45.0,32.5
2026_01_14,8690,1768401675,25712.75,T,8676,8729,32.5,92.0
2026_01_14,8729,1768401870,25620.75,B,8690,8736,92.0,33.75
2026_01_14,8736,1768401905,25654.5,T,8729,8743,33.75,40.5
2026_01_14,8743,1768401940,25614.0,B,8736,8784,40.5,60.5
2026_01_14,8784,1768402145,25674.5,T,8743,8837,60.5,63.5
2026_01_14,8837,1768402410,25611.0,B,8784,8849,63.5,45.25
2026_01_14,8849,1768402470,25656.25,T,8837,8865,45.25,53.25
2026_01_14,8865,1768402550,25603.0,B,8849,8875,53.25,30.5
2026_01_14,8875,1768402600,25633.5,T,8865,8915,30.5,100.5
2026_01_14,8915,1768402800,25533.0,B,8875,8915,100.5,54.5
2026_01_14,8915,1768402800,25587.5,T,8915,8916,54.5,48.5
2026_01_14,8916,1768402805,25539.0,B,8915,8917,48.5,46.0
2026_01_14,8917,1768402810,25585.0,T,8916,8925,46.0,54.5
2026_01_14,8925,1768402850,25530.5,B,8917,8997,54.5,61.0
2026_01_14,8997,1768403210,25591.5,T,8925,9010,61.0,38.5
2026_01_14,9010,1768403275,25553.0,B,8997,9032,38.5,39.5
2026_01_14,9032,1768403385,25592.5,T,9010,9049,39.5,30.25
2026_01_14,9049,1768403470,25562.25,B,9032,9056,30.25,79.25
2026_01_14,9056,1768403505,25641.5,T,9049,9057,79.25,45.5
2026_01_14,9057,1768403510,25596.0,B,9056,9065,45.5,64.0
2026_01_14,9065,1768403550,25660.0,T,9057,9072,64.0,38.0
2026_01_14,9072,1768403585,25622.0,B,9065,9095,38.0,70.5
2026_01_14,9095,1768403700,25692.5,T,9072,9118,70.5,36.0
2026_01_14,9118,1768403815,25656.5,B,9095,9142,36.0,37.0
2026_01_14,9142,1768403935,25693.5,T,9118,9157,37.0,52.5
2026_01_14,9157,1768404010,25641.0,B,9142,9191,52.5,48.0
2026_01_14,9191,1768404180,25689.0,T,9157,9291,48.0,115.25
2026_01_14,9291,1768404680,25573.75,B,9191,9313,115.25,41.25
2026_01_14,9313,1768404790,25615.0,T,9291,9340,41.25,33.75
2026_01_14,9340,1768404925,25581.25,B,9313,9407,33.75,53.0
2026_01_14,9407,1768405260,25634.25,T,9340,9538,53.0,164.75
2026_01_14,9538,1768405915,25469.5,B,9407,9577,164.75,44.5
2026_01_14,9577,1768406110,25514.0,T,9538,9618,44.5,30.0
2026_01_14,9618,1768406315,25484.0,B,9577,9698,30.0,52.5
2026_01_14,9698,1768406715,25536.5,T,9618,9860,52.5,46.25
2026_01_14,9860,1768407525,25490.25,B,9698,9999,46.25,102.0
2026_01_14,9999,1768408220,25592.25,T,9860,10072,102.0,72.5
2026_01_14,10072,1768408585,25519.75,B,9999,10093,72.5,36.25
2026_01_14,10093,1768408690,25556.0,T,10072,10301,36.25,116.0
2026_01_14,10301,1768409730,25440.0,B,10093,10404,116.0,44.5
2026_01_14,10404,1768410245,25484.5,T,10301,10416,44.5,32.25
2026_01_14,10416,1768410305,25452.25,B,10404,10511,32.25,53.5
2026_01_14,10511,1768410780,25505.75,T,10416,10572,53.5,70.25
2026_01_14,10572,1768411085,25435.5,B,10511,10698,70.25,65.25
2026_01_14,10698,1768411715,25500.75,T,10572,10773,65.25,54.25
2026_01_14,10773,1768412090,25446.5,B,10698,10916,54.25,62.5
2026_01_14,10916,1768412805,25509.0,T,10773,11056,62.5,75.75
2026_01_14,11056,1768413505,25433.25,B,10916,11291,75.75,61.5
2026_01_14,11291,1768414680,25494.75,T,11056,11390,61.5,31.75
2026_01_14,11390,1768415175,25463.0,B,11291,11438,31.75,44.5
2026_01_14,11438,1768415415,25507.5,T,11390,11535,44.5,86.75
2026_01_14,11535,1768415900,25420.75,B,11438,11786,86.75,105.25
2026_01_14,11786,1768417155,25526.0,T,11535,11860,105.25,40.0
2026_01_14,11860,1768417525,25486.0,B,11786,12400,40.0,48.0
2026_01_14,12400,1768420225,25534.0,T,11860,12534,48.0,73.5
2026_01_14,12534,1768420895,25460.5,B,12400,12541,73.5,80.75
2026_01_14,12541,1768420930,25541.25,T,12534,12541,80.75,47.0
2026_01_14,12541,1768420930,25494.25,B,12541,12542,47.0,42.75
2026_01_14,12542,1768420935,25537.0,T,12541,12543,42.75,33.75
2026_01_14,12543,1768420940,25503.25,B,12542,12614,33.75,90.75
2026_01_14,12614,1768421295,25594.0,T,12543,12726,90.75,74.0
2026_01_14,12726,1768421855,25520.0,B,12614,13004,74.0,115.75
2026_01_14,13004,1768423245,25635.75,T,12726,13147,115.75,70.5
2026_01_14,13147,1768423960,25565.25,B,13004,13291,70.5,93.75
2026_01_14,13291,1768424680,25659.0,T,13147,13851,93.75,105.75
2026_01_14,13851,1768427670,25553.25,B,13291,13967,105.75,62.0
2026_01_14,13967,1768431855,25615.25,T,13851,14176,62.0,51.75
2026_01_15,605,1768439105,25643.0,T,489,922,57.0,80.5
2026_01_15,922,1768440835,25562.5,B,605,1358,80.5,71.75
2026_01_15,1358,1768443355,25634.25,T,922,1604,71.75,38.5
2026_01_15,1604,1768444790,25595.75,B,1358,1874,38.5,31.5
2026_01_15,1874,1768446690,25627.25,T,1604,2861,31.5,57.75
2026_01_15,2861,1768452840,25569.5,B,1874,3469,57.75,78.0
2026_01_15,3469,1768456077,25647.5,T,2861,3623,78.0,36.25
2026_01_15,3623,1768456895,25611.25,B,3469,3898,36.25,108.0
2026_01_15,3898,1768458320,25719.25,T,3623,4035,108.0,33.75
2026_01_15,4035,1768459036,25685.5,B,3898,4112,33.75,37.5
2026_01_15,4112,1768459460,25723.0,T,4035,4954,37.5,49.25
2026_01_15,4954,1768464255,25673.75,B,4112,5048,49.25,73.5
2026_01_15,5048,1768464735,25747.25,T,4954,5139,73.5,43.0
2026_01_15,5139,1768465190,25704.25,B,5048,6079,43.0,128.5
2026_01_15,6079,1768470077,25832.75,T,5139,6562,128.5,32.75
2026_01_15,6562,1768472640,25800.0,B,6079,7496,32.75,55.75
2026_01_15,7496,1768477942,25855.75,T,6562,8004,55.75,44.5
2026_01_15,8004,1768480715,25811.25,B,7496,9299,44.5,139.75
2026_01_15,9299,1768487280,25951.0,T,8004,9332,139.75,57.25
2026_01_15,9332,1768487445,25893.75,B,9299,9335,57.25,38.5
2026_01_15,9335,1768487460,25932.25,T,9332,9340,38.5,32.75
2026_01_15,9340,1768487485,25899.5,B,9335,9360,32.75,30.5
2026_01_15,9360,1768487585,25930.0,T,9340,9389,30.5,64.75
2026_01_15,9389,1768487730,25865.25,B,9360,9399,64.75,30.5
2026_01_15,9399,1768487780,25895.75,T,9389,9432,30.5,42.25
2026_01_15,9432,1768487945,25853.5,B,9399,9444,42.25,57.25
2026_01_15,9444,1768488005,25910.75,T,9432,9459,57.25,50.5
2026_01_15,9459,1768488080,25860.25,B,9444,9506,50.5,92.5
2026_01_15,9506,1768488315,25952.75,T,9459,9584,92.5,109.75
2026_01_15,9584,1768488705,25843.0,B,9506,9627,109.75,75.0
2026_01_15,9627,1768488920,25918.0,T,9584,9684,75.0,62.5
2026_01_15,9684,1768489205,25855.5,B,9627,9737,62.5,32.0
2026_01_15,9737,1768489470,25887.5,T,9684,9778,32.0,46.0
2026_01_15,9778,1768489675,25841.5,B,9737,9807,46.0,42.5
2026_01_15,9807,1768489820,25884.0,T,9778,9816,42.5,31.5
2026_01_15,9816,1768489865,25852.5,B,9807,9854,31.5,40.0
2026_01_15,9854,1768490055,25892.5,T,9816,9869,40.0,35.0
2026_01_15,9869,1768490130,25857.5,B,9854,9914,35.0,37.75
2026_01_15,9914,1768490355,25895.25,T,9869,9932,37.75,32.25
2026_01_15,9932,1768490445,25863.0,B,9914,9975,32.25,52.75
2026_01_15,9975,1768490660,25915.75,T,9932,10027,52.75,72.5
2026_01_15,10027,1768490920,25843.25,B,9975,10136,72.5,82.5
2026_01_15,10136,1768491465,25925.75,T,10027,10244,82.5,106.75
2026_01_15,10244,1768492005,25819.0,B,10136,10259,106.75,31.0
2026_01_15,10259,1768492080,25850.0,T,10244,10316,31.0,46.75
2026_01_15,10316,1768492365,25803.25,B,10259,10335,46.75,37.25
2026_01_15,10335,1768492460,25840.5,T,10316,10355,37.25,35.75
2026_01_15,10355,1768492560,25804.75,B,10335,10374,35.75,81.5
2026_01_15,10374,1768492655,25886.25,T,10355,10374,81.5,44.25
2026_01_15,10374,1768492655,25842.0,B,10374,10474,44.25,73.75
2026_01_15,10474,1768493155,25915.75,T,10374,10552,73.75,32.75
2026_01_15,10552,1768493545,25883.0,B,10474,10686,32.75,49.0
2026_01_15,10686,1768494215,25932.0,T,10552,10825,49.0,50.0
2026_01_15,10825,1768494910,25882.0,B,10686,11023,50.0,55.25
2026_01_15,11023,1768495900,25937.25,T,10825,11071,55.25,32.5
2026_01_15,11071,1768496140,25904.75,B,11023,11233,32.5,33.25
2026_01_15,11233,1768496950,25938.0,T,11071,11545,33.25,78.0
2026_01_15,11545,1768498510,25860.0,B,11233,11687,78.0,34.75
2026_01_15,11687,1768499220,25894.75,T,11545,11843,34.75,46.0
2026_01_15,11843,1768500000,25848.75,B,11687,12272,46.0,62.25
2026_01_15,12272,1768502145,25911.0,T,11843,12628,62.25,89.75
2026_01_15,12628,1768503925,25821.25,B,12272,12686,89.75,39.5
2026_01_15,12686,1768504215,25860.75,T,12628,12947,39.5,107.5
2026_01_15,12947,1768505520,25753.25,B,12686,13060,107.5,51.5
2026_01_15,13060,1768506085,25804.75,T,12947,13284,51.5,73.75
2026_01_15,13284,1768507205,25731.0,B,13060,13349,73.75,40.75
2026_01_15,13349,1768507530,25771.75,T,13284,13539,40.75,81.25
2026_01_15,13539,1768508480,25690.5,B,13349,13564,81.25,37.0
2026_01_15,13564,1768508605,25727.5,T,13539,13608,37.0,35.75
2026_01_15,13608,1768508825,25691.75,B,13564,13639,35.75,32.25
2026_01_15,13639,1768508980,25724.0,T,13608,13664,32.25,30.0
2026_01_15,13664,1768509105,25694.0,B,13639,13719,30.0,32.25
2026_01_15,13719,1768509380,25726.25,T,13664,13757,32.25,39.25
2026_01_15,13757,1768509570,25687.0,B,13719,13848,39.25,36.0
2026_01_15,13848,1768510025,25723.0,T,13757,13883,36.0,46.5
2026_01_15,13883,1768510200,25676.5,B,13848,14010,46.5,50.75
2026_01_15,14010,1768510835,25727.25,T,13883,14241,50.75,33.5
2026_01_16,4272,1768550550,25845.25,T,85,4679,114.25,49.75
2026_01_16,4679,1768552875,25795.5,B,4272,4953,49.75,44.5
2026_01_16,4953,1768554350,25840.0,T,4679,5111,44.5,30.0
2026_01_16,5111,1768555260,25810.0,B,4953,5211,30.0,32.5
2026_01_16,5211,1768555830,25842.5,T,5111,5570,32.5,32.25
2026_01_16,5570,1768558142,25810.25,B,5211,6329,32.25,63.0
2026_01_16,6329,1768562520,25873.25,T,5570,6993,63.0,52.5
2026_01_16,6993,1768566270,25820.75,B,6329,7227,52.5,32.25
2026_01_16,7227,1768567581,25853.0,T,6993,7671,32.25,51.0
2026_01_16,7671,1768569885,25802.0,B,7227,8351,51.0,56.25
2026_01_16,8351,1768573325,25858.25,T,7671,8386,56.25,32.0
2026_01_16,8386,1768573505,25826.25,B,8351,8422,32.0,51.75
2026_01_16,8422,1768573685,25878.0,T,8386,8445,51.75,37.25
2026_01_16,8445,1768573800,25840.75,B,8422,8464,37.25,50.25
2026_01_16,8464,1768573895,25891.0,T,8445,8486,50.25,56.25
2026_01_16,8486,1768574005,25834.75,B,8464,8527,56.25,45.75
2026_01_16,8527,1768574210,25880.5,T,8486,8537,45.75,33.75
2026_01_16,8537,1768574260,25846.75,B,8527,8556,33.75,32.25
2026_01_16,8556,1768574355,25879.0,T,8537,8632,32.25,65.75
2026_01_16,8632,1768574735,25813.25,B,8556,8640,65.75,30.75
2026_01_16,8640,1768574775,25844.0,T,8632,8824,30.75,133.0
2026_01_16,8824,1768575695,25711.0,B,8640,8890,133.0,54.5
2026_01_16,8890,1768576025,25765.5,T,8824,9043,54.5,98.25
2026_01_16,9043,1768576790,25667.25,B,8890,9093,98.25,62.0
2026_01_16,9093,1768577040,25729.25,T,9043,9320,62.0,137.75
2026_01_16,9320,1768578175,25591.5,B,9093,9529,137.75,100.75
2026_01_16,9529,1768579220,25692.25,T,9320,9586,100.75,31.25
2026_01_16,9586,1768579505,25661.0,B,9529,10072,31.25,91.75
2026_01_16,10072,1768581935,25752.75,T,9586,10207,91.75,66.25
2026_01_16,10207,1768582610,25686.5,B,10072,10224,66.25,36.25
2026_01_16,10224,1768582695,25722.75,T,10207,10618,36.25,46.75
2026_01_16,10618,1768584665,25676.0,B,10224,10686,46.75,37.5
2026_01_16,10686,1768585005,25713.5,T,10618,10965,37.5,59.5
2026_01_16,10965,1768586400,25654.0,B,10686,11766,59.5,94.0
2026_01_16,11766,1768590410,25748.0,T,10965,11912,94.0,75.25
2026_01_16,11912,1768591140,25672.75,B,11766,12679,75.25,56.75
2026_01_16,12679,1768594975,25729.5,T,11912,13006,56.75,48.0
2026_01_16,13006,1768596610,25681.5,B,12679,13026,48.0,34.5
2026_01_18,1,1768777210,25396.0,B,0,2,76.0,54.0
2026_01_18,2,1768777215,25450.0,T,1,4,54.0,37.75
2026_01_18,4,1768777225,25412.25,B,2,7,37.75,59.5
2026_01_18,7,1768777240,25471.75,T,4,33,59.5,54.25
2026_01_18,33,1768777370,25417.5,B,7,70,54.25,47.5
2026_01_18,70,1768777555,25465.0,T,33,125,47.5,41.5
2026_01_18,125,1768777830,25423.5,B,70,137,41.5,31.75
2026_01_18,137,1768777890,25455.25,T,125,217,31.75,51.0
2026_01_18,217,1768778295,25404.25,B,137,238,51.0,37.25
2026_01_18,238,1768778400,25441.5,T,217,269,37.25,33.5
2026_01_18,269,1768778555,25408.0,B,238,393,33.5,47.0
2026_01_18,393,1768779180,25455.0,T,269,593,47.0,33.25
2026_01_19,199,1768781825,25378.75,B,3,218,91.25,40.0
2026_01_19,218,1768781920,25418.75,T,199,348,40.0,45.5
2026_01_19,348,1768782605,25373.25,B,218,575,45.5,75.5
2026_01_19,575,1768783800,25448.75,T,348,745,75.5,41.75
2026_01_19,745,1768784716,25407.0,B,575,894,41.75,45.0
2026_01_19,894,1768785485,25452.0,T,745,1321,45.0,65.5
2026_01_19,1321,1768787785,25386.5,B,894,1373,65.5,38.25
2026_01_19,1373,1768788057,25424.75,T,1321,2422,38.25,61.75
2026_01_19,2422,1768794698,25363.0,B,1373,3264,61.75,56.0
2026_01_19,3264,1768800645,25419.0,T,2422,4136,56.0,69.0
2026_01_19,4136,1768806605,25350.0,B,3264,4195,69.0,35.25
2026_01_19,4195,1768806900,25385.25,T,4136,4530,35.25,59.5
2026_01_19,4530,1768808685,25325.75,B,4195,4735,59.5,54.25
2026_01_19,4735,1768809765,25380.0,T,4530,4809,54.25,32.0
2026_01_19,4809,1768810140,25348.0,B,4735,5163,32.0,62.75
2026_01_19,5163,1768811985,25410.75,T,4809,5580,62.75,90.0
2026_01_19,5580,1768814370,25320.75,B,5163,5610,90.0,31.25
2026_01_19,5610,1768814531,25352.0,T,5580,5654,31.25,52.5
2026_01_19,5654,1768814760,25299.5,B,5610,5680,52.5,37.75
2026_01_19,5680,1768814891,25337.25,T,5654,5859,37.75,65.25
2026_01_19,5859,1768815790,25272.0,B,5680,5957,65.25,35.75
2026_01_19,5957,1768816300,25307.75,T,5859,6086,35.75,50.0
2026_01_19,6086,1768816955,25257.75,B,5957,6361,50.0,54.75
2026_01_19,6361,1768818452,25312.5,T,6086,6849,54.75,48.0
2026_01_19,6849,1768821130,25264.5,B,6361,7058,48.0,53.25
2026_01_19,7058,1768822256,25317.75,T,6849,7412,53.25,46.75
2026_01_19,7412,1768824340,25271.0,B,7058,7833,46.75,77.5
2026_01_19,7833,1768826770,25348.5,T,7412,8210,77.5,64.75
2026_01_19,8210,1768828865,25283.75,B,7833,8671,64.75,64.0
2026_01_19,8671,1768831320,25347.75,T,8210,9192,64.0,111.25
2026_01_19,9192,1768833950,25236.5,B,8671,9440,111.25,107.5
2026_01_19,9440,1768835190,25344.0,T,9192,9640,107.5,57.0
2026_01_19,9640,1768836195,25287.0,B,9440,9780,57.0,47.25
2026_01_19,9780,1768836900,25334.25,T,9640,9816,47.25,35.25
2026_01_19,9816,1768837080,25299.0,B,9780,9962,35.25,33.5
2026_01_19,9962,1768837810,25332.5,T,9816,10020,33.5,31.0
2026_01_19,10020,1768838100,25301.5,B,9962,10262,31.0,82.0
2026_01_19,10262,1768839310,25383.5,T,10020,10433,82.0,58.0
2026_01_19,10433,1768840165,25325.5,B,10262,11316,58.0,91.75
2026_01_19,11316,1768844710,25417.25,T,10433,11663,91.75,50.0
2026_01_20,315,1768868880,25323.75,B,0,509,57.5,80.5
2026_01_20,509,1768869865,25404.25,T,315,669,80.5,53.75
2026_01_20,669,1768870770,25350.5,B,509,746,53.75,48.0
2026_01_20,746,1768871170,25398.5,T,669,815,48.0,33.0
2026_01_20,815,1768871526,25365.5,B,746,1388,33.0,70.0
2026_01_20,1388,1768874580,25435.5,T,815,1621,70.0,44.0
2026_01_20,1621,1768875845,25391.5,B,1388,1897,44.0,48.25
2026_01_20,1897,1768877320,25439.75,T,1621,3085,48.25,72.5
2026_01_20,3085,1768885301,25367.25,B,1897,3398,72.5,45.25
2026_01_20,3398,1768887091,25412.5,T,3085,4217,45.25,152.5
2026_01_20,4217,1768891690,25260.0,B,3398,4370,152.5,60.5
2026_01_20,4370,1768892460,25320.5,T,4217,4448,60.5,31.75
2026_01_20,4448,1768892860,25288.75,B,4370,4477,31.75,30.0
2026_01_20,4477,1768893005,25318.75,T,4448,4599,30.0,62.0
2026_01_20,4599,1768893642,25256.75,B,4477,4689,62.0,44.5
2026_01_20,4689,1768894136,25301.25,T,4599,4886,44.5,44.0
2026_01_20,4886,1768895200,25257.25,B,4689,4990,44.0,37.5
2026_01_20,4990,1768895755,25294.75,T,4886,5120,37.5,66.75
2026_01_20,5120,1768896415,25228.0,B,4990,5189,66.75,51.25
2026_01_20,5189,1768896760,25279.25,T,5120,5297,51.25,54.0
2026_01_20,5297,1768897315,25225.25,B,5189,5322,54.0,32.25
2026_01_20,5322,1768897440,25257.5,T,5297,5507,32.25,90.75
2026_01_20,5507,1768898365,25166.75,B,5322,5707,90.75,60.0
2026_01_20,5707,1768899370,25226.75,T,5507,5847,60.0,59.75
2026_01_20,5847,1768900070,25167.0,B,5707,5875,59.75,31.25
2026_01_20,5875,1768900210,25198.25,T,5847,6017,31.25,53.75
2026_01_20,6017,1768900920,25144.5,B,5875,6033,53.75,37.5
2026_01_20,6033,1768901000,25182.0,T,6017,6154,37.5,80.25
2026_01_20,6154,1768901605,25101.75,B,6033,6164,80.25,32.75
2026_01_20,6164,1768901655,25134.5,T,6154,6203,32.75,33.25
2026_01_20,6203,1768901850,25101.25,B,6164,6301,33.25,33.25
2026_01_20,6301,1768902345,25134.5,T,6203,6352,33.25,39.25
2026_01_20,6352,1768902600,25095.25,B,6301,6474,39.25,47.0
2026_01_20,6474,1768903215,25142.25,T,6352,6532,47.0,32.75
2026_01_20,6532,1768903516,25109.5,B,6474,6794,32.75,98.0
2026_01_20,6794,1768904835,25207.5,T,6532,6958,98.0,41.25
2026_01_20,6958,1768905675,25166.25,B,6794,7208,41.25,44.25
2026_01_20,7208,1768906975,25210.5,T,6958,7414,44.25,36.0
2026_01_20,7414,1768908035,25174.5,B,7208,7488,36.0,53.5
2026_01_20,7488,1768908405,25228.0,T,7414,7657,53.5,52.75
2026_01_20,7657,1768909285,25175.25,B,7488,8070,52.75,80.25
2026_01_20,8070,1768911405,25255.5,T,7657,8107,80.25,42.25
2026_01_20,8107,1768911590,25213.25,B,8070,8461,42.25,70.5
2026_01_20,8461,1768913380,25283.75,T,8107,8753,70.5,60.75
2026_01_20,8753,1768914850,25223.0,B,8461,8862,60.75,54.25
2026_01_20,8862,1768915395,25277.25,T,8753,8986,54.25,83.25
2026_01_20,8986,1768916020,25194.0,B,8862,8987,83.25,43.75
2026_01_20,8987,1768916025,25237.75,T,8986,8993,43.75,55.5
2026_01_20,8993,1768916055,25182.25,B,8987,9001,55.5,43.5
2026_01_20,9001,1768916095,25225.75,T,8993,9007,43.5,39.0
2026_01_20,9007,1768916125,25186.75,B,9001,9016,39.0,37.5
2026_01_20,9016,1768916170,25224.25,T,9007,9044,37.5,43.25
2026_01_20,9044,1768916310,25181.0,B,9016,9330,43.25,63.0
2026_01_20,9330,1768917740,25244.0,T,9044,9634,63.0,42.5
2026_01_20,9634,1768919266,25201.5,B,9330,9661,42.5,90.25
2026_01_20,9661,1768919400,25291.75,T,9634,9661,90.25,49.75
2026_01_20,9661,1768919400,25242.0,B,9661,9664,49.75,74.5
2026_01_20,9664,1768919415,25316.5,T,9661,9680,74.5,82.75
2026_01_20,9680,1768919495,25233.75,B,9664,9689,82.75,46.0
2026_01_20,9689,1768919540,25279.75,T,9680,9697,46.0,32.75
2026_01_20,9697,1768919580,25247.0,B,9689,9724,32.75,110.25
2026_01_20,9724,1768919715,25357.25,T,9697,9741,110.25,81.0
2026_01_20,9741,1768919800,25276.25,B,9724,9753,81.0,40.0
2026_01_20,9753,1768919860,25316.25,T,9741,9757,40.0,34.25
2026_01_20,9757,1768919880,25282.0,B,9753,9771,34.25,54.25
2026_01_20,9771,1768919950,25336.25,T,9757,9796,54.25,91.5
2026_01_20,9796,1768920075,25244.75,B,9771,9838,91.5,96.5
2026_01_20,9838,1768920285,25341.25,T,9796,9875,96.5,74.0
2026_01_20,9875,1768920470,25267.25,B,9838,9922,74.0,101.25
2026_01_20,9922,1768920705,25368.5,T,9875,9968,101.25,55.25
2026_01_20,9968,1768920935,25313.25,B,9922,9973,55.25,31.75
2026_01_20,9973,1768920960,25345.0,T,9968,9988,31.75,48.0
2026_01_20,9988,1768921035,25297.0,B,9973,10004,48.0,69.0
2026_01_20,10004,1768921115,25366.0,T,9988,10021,69.0,63.75
2026_01_20,10021,1768921200,25302.25,B,10004,10025,63.75,30.75
2026_01_20,10025,1768921220,25333.0,T,10021,10046,30.75,52.25
2026_01_20,10046,1768921325,25280.75,B,10025,10051,52.25,31.25
2026_01_20,10051,1768921350,25312.0,T,10046,10063,31.25,37.0
2026_01_20,10063,1768921410,25275.0,B,10051,10104,37.0,49.0
2026_01_20,10104,1768921615,25324.0,T,10063,10134,49.0,63.75
2026_01_20,10134,1768921765,25260.25,B,10104,10172,63.75,39.75
2026_01_20,10172,1768921955,25300.0,T,10134,10230,39.75,35.25
2026_01_20,10230,1768922245,25264.75,B,10172,10237,35.25,38.5
2026_01_20,10237,1768922280,25303.25,T,10230,10261,38.5,48.5
2026_01_20,10261,1768922400,25254.75,B,10237,10300,48.5,95.75
2026_01_20,10300,1768922595,25350.5,T,10261,10319,95.75,31.75
2026_01_20,10319,1768922690,25318.75,B,10300,10445,31.75,74.25
2026_01_20,10445,1768923320,25393.0,T,10319,10475,74.25,35.0
2026_01_20,10475,1768923470,25358.0,B,10445,10529,35.0,59.0
2026_01_20,10529,1768923740,25417.0,T,10475,10638,59.0,98.25
2026_01_20,10638,1768924285,25318.75,B,10529,10671,98.25,33.25
2026_01_20,10671,1768924450,25352.0,T,10638,10702,33.25,38.75
2026_01_20,10702,1768924605,25313.25,B,10671,10769,38.75,93.0
2026_01_20,10769,1768924940,25406.25,T,10702,10819,93.0,45.0
2026_01_20,10819,1768925190,25361.25,B,10769,10874,45.0,67.0
2026_01_20,10874,1768925465,25428.25,T,10819,11056,67.0,94.5
2026_01_20,11056,1768926375,25333.75,B,10874,11094,94.5,73.25
2026_01_20,11094,1768926565,25407.0,T,11056,11114,73.25,36.0
2026_01_20,11114,1768926665,25371.0,B,11094,11221,36.0,58.75
2026_01_20,11221,1768927200,25429.75,T,11114,11294,58.75,87.5
2026_01_20,11294,1768927565,25342.25,B,11221,11353,87.5,56.0
2026_01_20,11353,1768927860,25398.25,T,11294,11390,56.0,62.5
2026_01_20,11390,1768928045,25335.75,B,11353,11445,62.5,78.0
2026_01_20,11445,1768928320,25413.75,T,11390,11591,78.0,68.5
2026_01_20,11591,1768929050,25345.25,B,11445,11621,68.5,32.75
2026_01_20,11621,1768929200,25378.0,T,11591,11916,32.75,82.75
2026_01_20,11916,1768930676,25295.25,B,11621,11959,82.75,41.25
2026_01_20,11959,1768930890,25336.5,T,11916,12086,41.25,79.0
2026_01_20,12086,1768931525,25257.5,B,11959,12213,79.0,53.75
2026_01_20,12213,1768932160,25311.25,T,12086,12835,53.75,140.75
2026_01_20,12835,1768935270,25170.5,B,12213,12906,140.75,54.5
2026_01_20,12906,1768935625,25225.0,T,12835,13343,54.5,97.0
2026_01_20,13343,1768937810,25128.0,B,12906,13398,97.0,51.25
2026_01_20,13398,1768938085,25179.25,T,13343,13443,51.25,37.75
2026_01_20,13443,1768938310,25141.5,B,13398,13561,37.75,35.75
2026_01_20,13561,1768938900,25177.25,T,13443,13800,35.75,59.5
2026_01_20,13800,1768940095,25117.75,B,13561,13841,59.5,52.0
2026_01_20,13841,1768940300,25169.75,T,13800,13885,52.0,53.75
2026_01_20,13885,1768940520,25116.0,B,13841,13970,53.75,30.0
2026_01_20,13970,1768940945,25146.0,T,13885,14144,30.0,42.0
2026_01_20,14144,1768941815,25104.0,B,13970,14195,42.0,30.75
2026_01_20,14195,1768942070,25134.75,T,14144,14274,30.75,36.75
2026_01_20,14274,1768942465,25098.0,B,14195,14304,36.75,45.75
2026_01_20,14304,1768942615,25143.75,T,14274,14334,45.75,34.5
2026_01_20,14334,1768942765,25109.25,B,14304,14519,34.5,58.0
2026_01_20,14519,1768943690,25167.25,T,14334,14787,58.0,44.75
2026_01_20,14787,1768945095,25122.5,B,14519,15065,44.75,52.75
2026_01_21,1155,1768959765,25218.75,T,0,1708,102.5,50.75
2026_01_21,1708,1768962900,25168.0,B,1155,2180,50.75,59.5
2026_01_21,2180,1768965550,25227.5,T,1708,2789,59.5,44.5
2026_01_21,2789,1768968941,25183.0,B,2180,4144,44.5,48.5
2026_01_21,4144,1768977196,25231.5,T,2789,4324,48.5,39.75
2026_01_21,4324,1768978260,25191.75,B,4144,4685,39.75,54.75
2026_01_21,4685,1768980230,25246.5,T,4324,5213,54.75,52.25
2026_01_21,5213,1768983245,25194.25,B,4685,5378,52.25,39.75
2026_01_21,5378,1768984095,25234.0,T,5213,6407,39.75,112.25
2026_01_21,6407,1768989675,25121.75,B,5378,6855,112.25,66.5
2026_01_21,6855,1768992061,25188.25,T,6407,7748,66.5,163.25
2026_01_21,7748,1768996805,25025.0,B,6855,8041,163.25,64.25
2026_01_21,8041,1768998275,25089.25,T,7748,8306,64.25,56.5
2026_01_21,8306,1768999640,25032.75,B,8041,8597,56.5,80.5
2026_01_21,8597,1769001110,25113.25,T,8306,8968,80.5,72.25
2026_01_21,8968,1769002975,25041.0,B,8597,9126,72.25,84.5
2026_01_21,9126,1769003765,25125.5,T,8968,9173,84.5,53.25
2026_01_21,9173,1769004000,25072.25,B,9126,9184,53.25,33.25
2026_01_21,9184,1769004055,25105.5,T,9173,9215,33.25,32.25
2026_01_21,9215,1769004210,25073.25,B,9184,9229,32.25,84.5
2026_01_21,9229,1769004280,25157.75,T,9215,9231,84.5,55.0
2026_01_21,9231,1769004290,25102.75,B,9229,9244,55.0,61.25
2026_01_21,9244,1769004355,25164.0,T,9231,9294,61.25,55.5
2026_01_21,9294,1769004605,25108.5,B,9244,9297,55.5,76.25
2026_01_21,9297,1769004620,25184.75,T,9294,9297,76.25,39.25
2026_01_21,9297,1769004620,25145.5,B,9297,9338,39.25,67.5
2026_01_21,9338,1769004825,25213.0,T,9297,9369,67.5,31.5
2026_01_21,9369,1769004980,25181.5,B,9338,9392,31.5,45.0
2026_01_21,9392,1769005095,25226.5,T,9369,9417,45.0,59.75
2026_01_21,9417,1769005220,25166.75,B,9392,9480,59.75,91.25
2026_01_21,9480,1769005535,25258.0,T,9417,9536,91.25,94.0
2026_01_21,9536,1769005815,25164.0,B,9480,9545,94.0,59.25
2026_01_21,9545,1769005860,25223.25,T,9536,9555,59.25,73.0
2026_01_21,9555,1769005910,25150.25,B,9545,9558,73.0,36.5
2026_01_21,9558,1769005925,25186.75,T,9555,9571,36.5,35.5
2026_01_21,9571,1769005990,25151.25,B,9558,9574,35.5,38.0
2026_01_21,9574,1769006005,25189.25,T,9571,9580,38.0,31.25
2026_01_21,9580,1769006035,25158.0,B,9574,9586,31.25,37.25
2026_01_21,9586,1769006065,25195.25,T,9580,9612,37.25,53.5
2026_01_21,9612,1769006195,25141.75,B,9586,9633,53.5,78.0
2026_01_21,9633,1769006300,25219.75,T,9612,9642,78.0,47.5
2026_01_21,9642,1769006345,25172.25,B,9633,9649,47.5,38.0
2026_01_21,9649,1769006380,25210.25,T,9642,9667,38.0,82.75
2026_01_21,9667,1769006470,25127.5,B,9649,9897,82.75,214.75
2026_01_21,9897,1769007620,25342.25,T,9667,10021,214.75,47.5
2026_01_21,10021,1769008240,25294.75,B,9897,10094,47.5,82.25
2026_01_21,10094,1769008605,25377.0,T,10021,10160,82.25,59.0
2026_01_21,10160,1769008935,25318.0,B,10094,10553,59.0,170.0
2026_01_21,10553,1769010900,25488.0,T,10160,10680,170.0,41.0
2026_01_21,10680,1769011535,25447.0,B,10553,10693,41.0,32.5
2026_01_21,10693,1769011600,25479.5,T,10680,10736,32.5,30.0
2026_01_21,10736,1769011815,25449.5,B,10693,10765,30.0,44.75
2026_01_21,10765,1769011960,25494.25,T,10736,10946,44.75,51.5
2026_01_21,10946,1769012865,25442.75,B,10765,10955,51.5,35.25
2026_01_21,10955,1769012910,25478.0,T,10946,11119,35.25,169.75
2026_01_21,11119,1769013730,25308.25,B,10955,11125,169.75,38.5
2026_01_21,11125,1769013760,25346.75,T,11119,11178,38.5,77.75
2026_01_21,11178,1769014025,25269.0,B,11125,11205,77.75,42.25
2026_01_21,11205,1769014160,25311.25,T,11178,11325,42.25,90.75
2026_01_21,11325,1769014760,25220.5,B,11205,11349,90.75,42.25
2026_01_21,11349,1769014880,25262.75,T,11325,11518,42.25,120.75
2026_01_21,11518,1769015725,25142.0,B,11349,11568,120.75,71.25
2026_01_21,11568,1769015975,25213.25,T,11518,11599,71.25,37.5
2026_01_21,11599,1769016130,25175.75,B,11568,11639,37.5,56.0
2026_01_21,11639,1769016330,25231.75,T,11599,11733,56.0,55.75
2026_01_21,11733,1769016800,25176.0,B,11639,11768,55.75,40.0
2026_01_21,11768,1769016975,25216.0,T,11733,11785,40.0,44.25
2026_01_21,11785,1769017060,25171.75,B,11768,11819,44.25,46.5
2026_01_21,11819,1769017230,25218.25,T,11785,11885,46.5,51.5
2026_01_21,11885,1769017560,25166.75,B,11819,12034,51.5,94.0
2026_01_21,12034,1769018305,25260.75,T,11885,12099,94.0,110.0
2026_01_21,12099,1769018630,25150.75,B,12034,12209,110.0,99.5
2026_01_21,12209,1769019180,25250.25,T,12099,12352,99.5,66.75
2026_01_21,12352,1769019895,25183.5,B,12209,12473,66.75,74.25
2026_01_21,12473,1769020500,25257.75,T,12352,12513,74.25,52.0
2026_01_21,12513,1769020700,25205.75,B,12473,12550,52.0,33.75
2026_01_21,12550,1769020885,25239.5,T,12513,12601,33.75,35.5
2026_01_21,12601,1769021140,25204.0,B,12550,12673,35.5,90.75
2026_01_21,12673,1769021500,25294.75,T,12601,12741,90.75,39.0
2026_01_21,12741,1769021840,25255.75,B,12673,12796,39.0,41.25
2026_01_21,12796,1769022115,25297.0,T,12741,12853,41.25,64.25
2026_01_21,12853,1769022400,25232.75,B,12796,12894,64.25,35.75
2026_01_21,12894,1769022605,25268.5,T,12853,12965,35.75,35.25
2026_01_21,12965,1769022960,25233.25,B,12894,13068,35.25,44.25
2026_01_21,13068,1769023475,25277.5,T,12965,13099,44.25,31.0
2026_01_21,13099,1769023630,25246.5,B,13068,13105,31.0,121.25
2026_01_21,13105,1769023660,25367.75,T,13099,13105,121.25,42.5
2026_01_21,13105,1769023660,25325.25,B,13105,13108,42.5,64.25
2026_01_21,13108,1769023675,25389.5,T,13105,13109,64.25,32.5
2026_01_21,13109,1769023680,25357.0,B,13108,13128,32.5,100.0
2026_01_21,13128,1769023775,25457.0,T,13109,13132,100.0,30.5
2026_01_21,13132,1769023795,25426.5,B,13128,13145,30.5,59.0
2026_01_21,13145,1769023860,25485.5,T,13132,13156,59.0,43.0
2026_01_21,13156,1769023915,25442.5,B,13145,13159,43.0,30.0
2026_01_21,13159,1769023930,25472.5,T,13156,13172,30.0,51.5
2026_01_21,13172,1769023995,25421.0,B,13159,13246,51.5,101.0
2026_01_21,13246,1769024365,25522.0,T,13172,13258,101.0,30.0
2026_01_21,13258,1769024425,25492.0,B,13246,13297,30.0,80.75
2026_01_21,13297,1769024620,25572.75,T,13258,13303,80.75,32.25
2026_01_21,13303,1769024650,25540.5,B,13297,13351,32.25,81.5
2026_01_21,13351,1769024890,25622.0,T,13303,13361,81.5,33.5
2026_01_21,13361,1769024940,25588.5,B,13351,13378,33.5,59.75
2026_01_21,13378,1769025025,25648.25,T,13361,13397,59.75,79.25
2026_01_21,13397,1769025120,25569.0,B,13378,13494,79.25,84.5
2026_01_21,13494,1769025605,25653.5,T,13397,13510,84.5,60.5
2026_01_21,13510,1769025685,25593.0,B,13494,13534,60.5,34.25
2026_01_21,13534,1769025805,25627.25,T,13510,13591,34.25,54.0
2026_01_21,13591,1769026090,25573.25,B,13534,13617,54.0,36.5
2026_01_21,13617,1769026220,25609.75,T,13591,13870,36.5,162.5
2026_01_21,13870,1769027485,25447.25,B,13617,13963,162.5,68.5
2026_01_21,13963,1769027950,25515.75,T,13870,14096,68.5,69.75
2026_01_21,14096,1769028615,25446.0,B,13963,14461,69.75,84.75
2026_01_21,14461,1769030447,25530.75,T,14096,14794,84.75,30.75
2026_01_21,14794,1769032275,25500.0,B,14461,14974,30.75,69.25
2026_01_21,14974,1769036830,25569.25,T,14794,15262,69.25,46.0
2026_01_22,221,1769041165,25583.25,T,47,441,44.75,36.75
2026_01_22,441,1769042340,25546.5,B,221,1425,36.75,56.0
2026_01_22,1425,1769047899,25602.5,T,441,1760,56.0,37.5
2026_01_22,1760,1769049871,25565.0,B,1425,2000,37.5,30.0
2026_01_22,2000,1769051335,25595.0,T,1760,3746,30.0,111.25
2026_01_22,3746,1769063155,25483.75,B,2000,4123,111.25,66.5
2026_01_22,4123,1769065290,25550.25,T,3746,4255,66.5,51.25
2026_01_22,4255,1769066001,25499.0,B,4123,4588,51.25,94.5
2026_01_22,4588,1769067840,25593.5,T,4255,4646,94.5,30.75
2026_01_22,4646,1769068145,25562.75,B,4588,5384,30.75,144.5
2026_01_22,5384,1769071975,25707.25,T,4646,5475,144.5,35.0
2026_01_22,5475,1769072435,25672.25,B,5384,5679,35.0,43.5
2026_01_22,5679,1769073510,25715.75,T,5475,6349,43.5,45.25
2026_01_22,6349,1769077180,25670.5,B,5679,6889,45.25,43.5
2026_01_22,6889,1769080250,25714.0,T,6349,6951,43.5,47.0
2026_01_22,6951,1769080570,25667.0,B,6889,7121,47.0,36.0
2026_01_22,7121,1769081460,25703.0,T,6951,7469,36.0,44.0
2026_01_22,7469,1769083395,25659.0,B,7121,8127,44.0,49.5
2026_01_22,8127,1769087040,25708.5,T,7469,8226,49.5,30.75
2026_01_22,8226,1769087542,25677.75,B,8127,8444,30.75,34.0
2026_01_22,8444,1769088640,25711.75,T,8226,8460,34.0,33.5
2026_01_22,8460,1769088720,25678.25,B,8444,8785,33.5,61.5
2026_01_22,8785,1769090355,25739.75,T,8460,8873,61.5,35.25
2026_01_22,8873,1769090795,25704.5,B,8785,9128,35.25,34.0
2026_01_22,9128,1769092080,25738.5,T,8873,9161,34.0,64.75
2026_01_22,9161,1769092245,25673.75,B,9128,9167,64.75,32.0
2026_01_22,9167,1769092275,25705.75,T,9161,9180,32.0,41.0
2026_01_22,9180,1769092340,25664.75,B,9167,9188,41.0,33.25
2026_01_22,9188,1769092380,25698.0,T,9180,9219,33.25,64.75
2026_01_22,9219,1769092535,25633.25,B,9188,9264,64.75,61.75
2026_01_22,9264,1769092760,25695.0,T,9219,9311,61.75,82.5
2026_01_22,9311,1769092995,25612.5,B,9264,9311,82.5,43.25
2026_01_22,9311,1769092995,25655.75,T,9311,9312,43.25,40.75
2026_01_22,9312,1769093000,25615.0,B,9311,9341,40.75,42.0
2026_01_22,9341,1769093145,25657.0,T,9312,9394,42.0,102.75
2026_01_22,9394,1769093410,25554.25,B,9341,9452,102.75,75.5
2026_01_22,9452,1769093700,25629.75,T,9394,9489,75.5,70.5
2026_01_22,9489,1769093885,25559.25,B,9452,9506,70.5,32.0
2026_01_22,9506,1769093970,25591.25,T,9489,9513,32.0,52.25
2026_01_22,9513,1769094005,25539.0,B,9506,9516,52.25,43.75
2026_01_22,9516,1769094020,25582.75,T,9513,9591,43.75,46.0
2026_01_22,9591,1769094395,25536.75,B,9516,9681,46.0,42.75
2026_01_22,9681,1769094845,25579.5,T,9591,9688,42.75,35.5
2026_01_22,9688,1769094880,25544.0,B,9681,9708,35.5,47.0
2026_01_22,9708,1769094980,25591.0,T,9688,9727,47.0,53.75
2026_01_22,9727,1769095075,25537.25,B,9708,9790,53.75,72.75
2026_01_22,9790,1769095390,25610.0,T,9727,9813,72.75,68.0
2026_01_22,9813,1769095505,25542.0,B,9790,10084,68.0,116.75
2026_01_22,10084,1769096860,25658.75,T,9813,10216,116.75,56.75
2026_01_22,10216,1769097520,25602.0,B,10084,10858,56.75,98.0
2026_01_22,10858,1769100730,25700.0,T,10216,10964,98.0,47.5
2026_01_22,10964,1769101260,25652.5,B,10858,11092,47.5,41.5
2026_01_22,11092,1769101900,25694.0,T,10964,11221,41.5,37.25
2026_01_22,11221,1769102545,25656.75,B,11092,11657,37.25,65.25
2026_01_22,11657,1769104725,25722.0,T,11221,11708,65.25,31.0
2026_01_22,11708,1769104980,25691.0,B,11657,11709,31.0,32.5
2026_01_22,11709,1769104985,25723.5,T,11708,12378,32.5,56.5
2026_01_22,12378,1769108330,25667.0,B,11709,12737,56.5,48.25
2026_01_22,12737,1769110125,25715.25,T,12378,13112,48.25,84.25
2026_01_22,13112,1769112000,25631.0,B,12737,13296,84.25,33.0
2026_01_22,13296,1769112920,25664.0,T,13112,13557,33.0,79.25
2026_01_22,13557,1769114225,25584.75,B,13296,13832,79.25,91.75
2026_01_22,13832,1769115600,25676.5,T,13557,13844,91.75,49.0
2026_01_22,13844,1769115660,25627.5,B,13832,13925,49.0,37.0
2026_01_22,13925,1769116065,25664.5,T,13844,14494,37.0,89.0
2026_01_23,3364,1769148330,25731.5,T,35,5054,134.0,150.5
2026_01_23,5054,1769158560,25581.0,B,3364,5175,150.5,48.5
2026_01_23,5175,1769159165,25629.5,T,5054,5261,48.5,37.0
2026_01_23,5261,1769159605,25592.5,B,5175,5365,37.0,30.5
2026_01_23,5365,1769160135,25623.0,T,5261,5642,30.5,82.75
2026_01_23,5642,1769161590,25540.25,B,5365,6828,82.75,117.75
2026_01_23,6828,1769168075,25658.0,T,5642,7102,117.75,61.75
2026_01_23,7102,1769169541,25596.25,B,6828,7217,61.75,31.25
2026_01_23,7217,1769170130,25627.5,T,7102,7506,31.25,43.5
2026_01_23,7506,1769171650,25584.0,B,7217,7861,43.5,51.5
2026_01_23,7861,1769173560,25635.5,T,7506,8136,51.5,64.25
2026_01_23,8136,1769175005,25571.25,B,7861,8280,64.25,33.75
2026_01_23,8280,1769175730,25605.0,T,8136,8513,33.75,48.25
2026_01_23,8513,1769176905,25556.75,B,8280,8870,48.25,95.75
2026_01_23,8870,1769178710,25652.5,T,8513,8920,95.75,72.75
2026_01_23,8920,1769178960,25579.75,B,8870,8930,72.75,43.75
2026_01_23,8930,1769179010,25623.5,T,8920,8941,43.75,61.0
2026_01_23,8941,1769179065,25562.5,B,8930,8992,61.0,77.0
2026_01_23,8992,1769179320,25639.5,T,8941,9021,77.0,40.0
2026_01_23,9021,1769179465,25599.5,B,8992,9028,40.0,40.5
2026_01_23,9028,1769179500,25640.0,T,9021,9028,40.5,36.5
2026_01_23,9028,1769179500,25603.5,B,9028,9043,36.5,32.5
2026_01_23,9043,1769179575,25636.0,T,9028,9059,32.5,56.75
2026_01_23,9059,1769179655,25579.25,B,9043,9164,56.75,79.25
2026_01_23,9164,1769180180,25658.5,T,9059,9174,79.25,39.75
2026_01_23,9174,1769180230,25618.75,B,9164,9261,39.75,100.75
2026_01_23,9261,1769180665,25719.5,T,9174,9373,100.75,43.25
2026_01_23,9373,1769181225,25676.25,B,9261,9398,43.25,33.25
2026_01_23,9398,1769181350,25709.5,T,9373,9448,33.25,35.75
2026_01_23,9448,1769181600,25673.75,B,9398,9983,35.75,172.0
2026_01_23,9983,1769184275,25845.75,T,9448,10324,172.0,84.75
2026_01_23,10324,1769185980,25761.0,B,9983,10436,84.75,65.0
2026_01_23,10436,1769186540,25826.0,T,10324,10476,65.0,32.25
2026_01_23,10476,1769186740,25793.75,B,10436,10518,32.25,34.75
2026_01_23,10518,1769186950,25828.5,T,10476,10653,34.75,62.0
2026_01_23,10653,1769187625,25766.5,B,10518,10828,62.0,41.5
2026_01_23,10828,1769188500,25808.0,T,10653,11207,41.5,100.25
2026_01_23,11207,1769190395,25707.75,B,10828,11227,100.25,33.75
2026_01_23,11227,1769190495,25741.5,T,11207,11299,33.75,55.5
2026_01_23,11299,1769190855,25686.0,B,11227,11324,55.5,30.0
2026_01_23,11324,1769190980,25716.0,T,11299,11357,30.0,33.0
2026_01_23,11357,1769191145,25683.0,B,11324,11489,33.0,76.0
2026_01_23,11489,1769191805,25759.0,T,11357,11542,76.0,33.0
2026_01_23,11542,1769192070,25726.0,B,11489,11599,33.0,37.5
2026_01_23,11599,1769192355,25763.5,T,11542,11611,37.5,31.5
2026_01_23,11611,1769192415,25732.0,B,11599,11672,31.5,32.25
2026_01_23,11672,1769192720,25764.25,T,11611,11777,32.25,39.0
2026_01_23,11777,1769193245,25725.25,B,11672,11837,39.0,34.0
2026_01_23,11837,1769193545,25759.25,T,11777,11912,34.0,45.0
2026_01_23,11912,1769193920,25714.25,B,11837,12351,45.0,60.5
2026_01_23,12351,1769196115,25774.75,T,11912,12587,60.5,55.25
2026_01_23,12587,1769197295,25719.5,B,12351,12791,55.25,35.0
2026_01_23,12791,1769198315,25754.5,T,12587,12944,35.0,63.25
2026_01_23,12944,1769199080,25691.25,B,12791,13034,63.25,53.25
2026_01_23,13034,1769199530,25744.5,T,12944,13190,53.25,48.5
2026_01_23,13190,1769200310,25696.0,B,13034,13517,48.5,59.75
2026_01_25,2,1769382021,25405.0,B,0,2,180.5,45.0
2026_01_25,2,1769382021,25450.0,T,2,3,45.0,84.75
2026_01_25,3,1769382031,25365.25,B,2,5,84.75,88.75
2026_01_25,5,1769382045,25454.0,T,3,5,88.75,68.0
2026_01_25,5,1769382045,25386.0,B,5,8,68.0,95.25
2026_01_25,8,1769382060,25481.25,T,5,9,95.25,56.0
2026_01_25,9,1769382065,25425.25,B,8,22,56.0,66.0
2026_01_25,22,1769382130,25491.25,T,9,22,66.0,49.25
2026_01_25,22,1769382130,25442.0,B,22,28,49.25,38.0
2026_01_25,28,1769382160,25480.0,T,22,48,38.0,32.0
2026_01_25,48,1769382260,25448.0,B,28,260,32.0,94.25
2026_01_25,260,1769383340,25542.25,T,48,289,94.25,38.0
2026_01_25,289,1769383485,25504.25,B,260,364,38.0,40.5
2026_01_25,364,1769383870,25544.75,T,289,506,40.5,52.25
2026_01_25,506,1769384595,25492.5,B,364,599,52.25,60.0
2026_01_25,599,1769385065,25552.5,T,506,614,60.0,31.25
2026_01_26,16,1769385680,25544.75,B,8,366,31.0,73.5
2026_01_26,366,1769387460,25618.25,T,16,627,73.5,55.5
2026_01_26,627,1769388841,25562.75,B,366,764,55.5,82.25
2026_01_26,764,1769389545,25645.0,T,627,873,82.25,41.5
2026_01_26,873,1769390090,25603.5,B,764,1004,41.5,58.25
2026_01_26,1004,1769390750,25661.75,T,873,1160,58.25,31.0
2026_01_26,1160,1769391565,25630.75,B,1004,1324,31.0,38.0
2026_01_26,1324,1769392416,25668.75,T,1160,1925,38.0,73.5
2026_01_26,1925,1769395690,25595.25,B,1324,2124,73.5,62.25
2026_01_26,2124,1769396787,25657.5,T,1925,2322,62.25,35.5
2026_01_26,2322,1769397847,25622.0,B,2124,2966,35.5,37.0
2026_01_26,2966,1769401865,25659.0,T,2322,3098,37.0,36.25
2026_01_26,3098,1769402641,25622.75,B,2966,4069,36.25,79.25
2026_01_26,4069,1769408825,25702.0,T,3098,4407,79.25,36.25
2026_01_26,4407,1769410765,25665.75,B,4069,5249,36.25,76.25
2026_01_26,5249,1769415915,25742.0,T,4407,6230,76.25,160.0
2026_01_26,6230,1769421255,25582.0,B,5249,6718,160.0,92.5
2026_01_26,6718,1769423880,25674.5,T,6230,7092,92.5,32.75
2026_01_26,7092,1769426018,25641.75,B,6718,7659,32.75,72.75
2026_01_26,7659,1769429490,25714.5,T,7092,8043,72.75,39.0
2026_01_26,8043,1769431720,25675.5,B,7659,8383,39.0,31.75
2026_01_26,8383,1769433526,25707.25,T,8043,8652,31.75,49.25
2026_01_26,8652,1769434915,25658.0,B,8383,9222,49.25,102.5
2026_01_26,9222,1769437800,25760.5,T,8652,9231,102.5,56.25
2026_01_26,9231,1769437845,25704.25,B,9222,9255,56.25,63.25
2026_01_26,9255,1769437965,25767.5,T,9231,9265,63.25,35.0
2026_01_26,9265,1769438015,25732.5,B,9255,9361,35.0,94.5
2026_01_26,9361,1769438495,25827.0,T,9265,9368,94.5,49.5
2026_01_26,9368,1769438530,25777.5,B,9361,9410,49.5,56.5
2026_01_26,9410,1769438740,25834.0,T,9368,9461,56.5,31.0
2026_01_26,9461,1769438995,25803.0,B,9410,9558,31.0,50.5
2026_01_26,9558,1769439480,25853.5,T,9461,9735,50.5,50.5
2026_01_26,9735,1769440365,25803.0,B,9558,9841,50.5,83.5
2026_01_26,9841,1769440895,25886.5,T,9735,9943,83.5,47.25
2026_01_26,9943,1769441405,25839.25,B,9841,10026,47.25,38.75
2026_01_26,10026,1769441820,25878.0,T,9943,10114,38.75,44.0
2026_01_26,10114,1769442260,25834.0,B,10026,10248,44.0,64.5
2026_01_26,10248,1769442930,25898.5,T,10114,10554,64.5,47.75
2026_01_26,10554,1769444460,25850.75,B,10248,10688,47.75,77.75
2026_01_26,10688,1769445130,25928.5,T,10554,10889,77.75,40.5
2026_01_26,10889,1769446135,25888.0,B,10688,11076,40.5,48.5
2026_01_26,11076,1769447070,25936.5,T,10889,11858,48.5,63.0
2026_01_26,11858,1769450980,25873.5,B,11076,12126,63.0,58.75
2026_01_26,12126,1769452320,25932.25,T,11858,13933,58.75,98.25
2026_01_26,13933,1769461355,25834.0,B,12126,14222,98.25,37.0
2026_01_26,14222,1769462840,25871.0,T,13933,14619,37.0,32.5
2026_01_27,2427,1769487085,26002.75,T,64,2886,127.75,30.75
2026_01_27,2886,1769490426,25972.0,B,2427,3435,30.75,56.25
2026_01_27,3435,1769493965,26028.25,T,2886,4971,56.25,61.25
2026_01_27,4971,1769503183,25967.0,B,3435,6893,61.25,76.0
2026_01_27,6893,1769514750,26043.0,T,4971,8677,76.0,87.75
2026_01_27,8677,1769524235,25955.25,B,6893,8698,87.75,57.25
2026_01_27,8698,1769524340,26012.5,T,8677,8771,57.25,95.25
2026_01_27,8771,1769524705,25917.25,B,8698,8816,95.25,66.5
2026_01_27,8816,1769524930,25983.75,T,8771,8844,66.5,39.75
2026_01_27,8844,1769525070,25944.0,B,8816,9081,39.75,121.0
2026_01_27,9081,1769526255,26065.0,T,8844,9106,121.0,43.5
2026_01_27,9106,1769526380,26021.5,B,9081,9281,43.5,53.25
2026_01_27,9281,1769527255,26074.75,T,9106,9335,53.25,36.75
2026_01_27,9335,1769527525,26038.0,B,9281,9591,36.75,60.5
2026_01_27,9591,1769528805,26098.5,T,9335,9665,60.5,35.0
2026_01_27,9665,1769529175,26063.5,B,9591,9983,35.0,43.25
2026_01_27,9983,1769530765,26106.75,T,9665,10700,43.25,56.5
2026_01_27,10700,1769534350,26050.25,B,9983,10976,56.5,41.75
2026_01_27,10976,1769535730,26092.0,T,10700,11216,41.75,54.0
2026_01_27,11216,1769536930,26038.0,B,10976,12846,54.0,76.25
2026_01_27,12846,1769545080,26114.25,T,11216,13365,76.25,55.5
2026_01_28,806,1769562710,26228.25,T,10,2309,92.75,35.75
2026_01_28,2309,1769571960,26192.5,B,806,3540,35.75,104.5
2026_01_28,3540,1769580000,26297.0,T,2309,3540,104.5,51.0
2026_01_28,3540,1769580000,26246.0,B,3540,3930,51.0,103.0
2026_01_28,3930,1769581970,26349.0,T,3540,4264,103.0,57.0
2026_01_28,4264,1769583680,26292.0,B,3930,4410,57.0,32.0
2026_01_28,4410,1769584426,26324.0,T,4264,4634,32.0,35.0
2026_01_28,4634,1769585770,26289.0,B,4410,4941,35.0,42.5
2026_01_28,4941,1769587375,26331.5,T,4634,5148,42.5,54.75
2026_01_28,5148,1769588465,26276.75,B,4941,5189,54.75,42.0
2026_01_28,5189,1769588670,26318.75,T,5148,5964,42.0,66.25
2026_01_28,5964,1769592740,26252.5,B,5189,6895,66.25,68.25
2026_01_28,6895,1769597936,26320.75,T,5964,7121,68.25,33.25
2026_01_28,7121,1769599265,26287.5,B,6895,7445,33.25,39.25
2026_01_28,7445,1769601225,26326.75,T,7121,7660,39.25,61.75
2026_01_28,7660,1769602345,26265.0,B,7445,7666,61.75,39.0
2026_01_28,7666,1769602375,26304.0,T,7660,7798,39.0,39.25
2026_01_28,7798,1769603040,26264.75,B,7666,8240,39.25,41.25
2026_01_28,8240,1769605330,26306.0,T,7798,8700,41.25,50.75
2026_01_28,8700,1769607690,26255.25,B,8240,8834,50.75,30.0
2026_01_28,8834,1769608365,26285.25,T,8700,9281,30.0,55.25
2026_01_28,9281,1769610600,26230.0,B,8834,9317,55.25,58.0
2026_01_28,9317,1769610780,26288.0,T,9281,9358,58.0,74.25
2026_01_28,9358,1769610985,26213.75,B,9317,9462,74.25,87.25
2026_01_28,9462,1769611505,26301.0,T,9358,9499,87.25,70.5
2026_01_28,9499,1769611690,26230.5,B,9462,9577,70.5,60.0
2026_01_28,9577,1769612080,26290.5,T,9499,9821,60.0,85.5
2026_01_28,9821,1769613300,26205.0,B,9577,9837,85.5,49.0
2026_01_28,9837,1769613380,26254.0,T,9821,10061,49.0,63.75
2026_01_28,10061,1769614500,26190.25,B,9837,10109,63.75,38.0
2026_01_28,10109,1769614740,26228.25,T,10061,10343,38.0,68.75
2026_01_28,10343,1769615910,26159.5,B,10109,10501,68.75,39.0
2026_01_28,10501,1769616700,26198.5,T,10343,10642,39.0,49.0
2026_01_28,10642,1769617405,26149.5,B,10501,10719,49.0,34.75
2026_01_28,10719,1769617790,26184.25,T,10642,11015,34.75,83.5
2026_01_28,11015,1769619270,26100.75,B,10719,11326,83.5,62.75
2026_01_28,11326,1769620825,26163.5,T,11015,11497,62.75,53.0
2026_01_28,11497,1769621680,26110.5,B,11326,11737,53.0,55.0
2026_01_28,11737,1769622880,26165.5,T,11497,11823,55.0,43.5
2026_01_28,11823,1769623310,26122.0,B,11737,12490,43.5,58.0
2026_01_28,12490,1769626645,26180.0,T,11823,12521,58.0,30.0
2026_01_28,12521,1769626800,26150.0,B,12490,12531,30.0,45.5
2026_01_28,12531,1769626850,26195.5,T,12521,12548,45.5,79.5
2026_01_28,12548,1769626935,26116.0,B,12531,12574,79.5,46.75
2026_01_28,12574,1769627065,26162.75,T,12548,12590,46.75,31.25
2026_01_28,12590,1769627145,26131.5,B,12574,12667,31.25,34.25
2026_01_28,12667,1769627530,26165.75,T,12590,12738,34.25,37.25
2026_01_28,12738,1769627885,26128.5,B,12667,12834,37.25,43.25
2026_01_28,12834,1769628365,26171.75,T,12738,12881,43.25,59.0
2026_01_28,12881,1769628600,26112.75,B,12834,12899,59.0,61.5
2026_01_28,12899,1769628690,26174.25,T,12881,12906,61.5,58.25
2026_01_28,12906,1769628725,26116.0,B,12899,12970,58.25,63.0
2026_01_28,12970,1769629045,26179.0,T,12906,13020,63.0,53.75
2026_01_28,13020,1769629295,26125.25,B,12970,13152,53.75,85.0
2026_01_28,13152,1769629955,26210.25,T,13020,13241,85.0,56.75
2026_01_28,13241,1769630400,26153.5,B,13152,13380,56.75,58.75
2026_01_28,13380,1769631095,26212.25,T,13241,13841,58.75,81.0
2026_01_28,13841,1769633400,26131.25,B,13380,13890,81.0,57.25
2026_01_28,13890,1769633645,26188.5,T,13841,13960,57.25,52.25
2026_01_28,13960,1769633995,26136.25,B,13890,13961,52.25,31.25
2026_01_28,13961,1769634000,26167.5,T,13960,13969,31.25,100.75
2026_01_28,13969,1769634040,26066.75,B,13961,13969,100.75,53.5
2026_01_28,13969,1769634040,26120.25,T,13969,13971,53.5,46.5
2026_01_28,13971,1769634050,26073.75,B,13969,13976,46.5,47.25
2026_01_28,13976,1769634075,26121.0,T,13971,13977,47.25,49.5
2026_01_28,13977,1769634080,26071.5,B,13976,13981,49.5,41.0
2026_01_28,13981,1769634100,26112.5,T,13977,13984,41.0,59.75
2026_01_28,13984,1769634115,26052.75,B,13981,13985,59.75,33.25
2026_01_28,13985,1769634120,26086.0,T,13984,13994,33.25,63.0
2026_01_28,13994,1769634165,26023.0,B,13985,13994,63.0,32.75
2026_01_28,13994,1769634165,26055.75,T,13994,14009,32.75,62.5
2026_01_28,14009,1769634240,25993.25,B,13994,14015,62.5,62.25
2026_01_28,14015,1769634270,26055.5,T,14009,14025,62.25,30.75
2026_01_28,14025,1769634320,26024.75,B,14015,14529,30.75,263.0
2026_01_28,14529,1769636845,26287.75,T,14025,14612,263.0,43.75
2026_01_28,14612,1769637260,26244.0,B,14529,14707,43.75,52.0
2026_01_28,14707,1769641340,26296.0,T,14612,14858,52.0,135.5
2026_01_28,14858,1769642100,26160.5,B,14707,14949,135.5,83.5
2026_01_28,14949,1769642562,26244.0,T,14858,15020,83.5,57.75
2026_01_28,15020,1769642925,26186.25,B,14949,15028,57.75,31.0
2026_01_28,15028,1769642965,26217.25,T,15020,15155,31.0,41.0
2026_01_28,15155,1769643655,26176.25,B,15028,15330,41.0,41.0
2026_01_29,50,1769645051,26104.25,B,1,132,76.25,67.0
2026_01_29,132,1769645460,26171.25,T,50,222,67.0,42.25
2026_01_29,222,1769645915,26129.0,B,132,356,42.25,42.0
2026_01_29,356,1769646598,26171.0,T,222,422,42.0,44.5
2026_01_29,422,1769646935,26126.5,B,356,701,44.5,41.75
2026_01_29,701,1769648480,26168.25,T,422,989,41.75,82.75
2026_01_29,989,1769650020,26085.5,B,701,1029,82.75,38.75
2026_01_29,1029,1769650220,26124.25,T,989,1119,38.75,32.75
2026_01_29,1119,1769650676,26091.5,B,1029,3869,32.75,177.0
2026_01_29,3869,1769667435,26268.5,T,1119,4502,177.0,37.0
2026_01_29,4502,1769671469,26231.5,B,3869,4702,37.0,45.0
2026_01_29,4702,1769672665,26276.5,T,4502,4904,45.0,50.0
2026_01_29,4904,1769673815,26226.5,B,4702,5087,50.0,54.0
2026_01_29,5087,1769674742,26280.5,T,4904,5485,54.0,47.25
2026_01_29,5485,1769676837,26233.25,B,5087,5682,47.25,40.0
2026_01_29,5682,1769677885,26273.25,T,5485,6358,40.0,75.75
2026_01_29,6358,1769681630,26197.5,B,5682,6494,75.75,39.5
2026_01_29,6494,1769682390,26237.0,T,6358,6859,39.5,61.75
2026_01_29,6859,1769684580,26175.25,B,6494,7647,61.75,46.5
2026_01_29,7647,1769688807,26221.75,T,6859,8105,46.5,65.25
2026_01_29,8105,1769691268,26156.5,B,7647,8275,65.25,31.75
2026_01_29,8275,1769692141,26188.25,T,8105,8397,31.75,37.75
2026_01_29,8397,1769692770,26150.5,B,8275,8683,37.75,53.0
2026_01_29,8683,1769694225,26203.5,T,8397,9233,53.0,81.0
2026_01_29,9233,1769697000,26122.5,B,8683,9233,81.0,49.5
2026_01_29,9233,1769697000,26172.0,T,9233,9244,49.5,32.75
2026_01_29,9244,1769697055,26139.25,B,9233,9248,32.75,35.75
2026_01_29,9248,1769697075,26175.0,T,9244,9322,35.75,171.0
2026_01_29,9322,1769697445,26004.0,B,9248,9330,171.0,46.0
2026_01_29,9330,1769697485,26050.0,T,9322,9385,46.0,77.5
2026_01_29,9385,1769697760,25972.5,B,9330,9390,77.5,39.25
2026_01_29,9390,1769697785,26011.75,T,9385,9432,39.25,101.25
2026_01_29,9432,1769697995,25910.5,B,9390,9469,101.25,97.75
2026_01_29,9469,1769698180,26008.25,T,9432,9477,97.75,55.25
2026_01_29,9477,1769698220,25953.0,B,9469,9482,55.25,35.25
2026_01_29,9482,1769698245,25988.25,T,9477,9521,35.25,83.75
2026_01_29,9521,1769698440,25904.5,B,9482,9545,83.75,48.0
2026_01_29,9545,1769698560,25952.5,T,9521,9599,48.0,138.5
2026_01_29,9599,1769698830,25814.0,B,9545,9599,138.5,34.75
2026_01_29,9599,1769698830,25848.75,T,9599,9600,34.75,55.75
2026_01_29,9600,1769698835,25793.0,B,9599,9606,55.75,31.5
2026_01_29,9606,1769698865,25824.5,T,9600,9646,31.5,71.25
2026_01_29,9646,1769699065,25753.25,B,9606,9659,71.25,72.0
2026_01_29,9659,1769699130,25825.25,T,9646,9669,72.0,42.0
2026_01_29,9669,1769699180,25783.25,B,9659,9695,42.0,38.75
2026_01_29,9695,1769699310,25822.0,T,9669,9716,38.75,60.0
2026_01_29,9716,1769699415,25762.0,B,9695,9736,60.0,64.0
2026_01_29,9736,1769699515,25826.0,T,9716,9761,64.0,100.5
2026_01_29,9761,1769699640,25725.5,B,9736,9761,100.5,35.5
2026_01_29,9761,1769699640,25761.0,T,9761,9772,35.5,42.75
2026_01_29,9772,1769699695,25718.25,B,9761,9783,42.75,36.0
2026_01_29,9783,1769699750,25754.25,T,9772,9790,36.0,31.25
2026_01_29,9790,1769699785,25723.0,B,9783,9824,31.25,63.5
2026_01_29,9824,1769699955,25786.5,T,9790,9834,63.5,41.25
2026_01_29,9834,1769700005,25745.25,B,9824,9848,41.25,71.0
2026_01_29,9848,1769700075,25816.25,T,9834,9859,71.0,32.0
2026_01_29,9859,1769700130,25784.25,B,9848,9874,32.0,35.5
2026_01_29,9874,1769700205,25819.75,T,9859,9886,35.5,47.0
2026_01_29,9886,1769700265,25772.75,B,9874,9907,47.0,50.0
2026_01_29,9907,1769700370,25822.75,T,9886,9956,50.0,106.5
2026_01_29,9956,1769700615,25716.25,B,9907,9970,106.5,37.0
2026_01_29,9970,1769700685,25753.25,T,9956,10031,37.0,90.5
2026_01_29,10031,1769700990,25662.75,B,9970,10044,90.5,33.75
2026_01_29,10044,1769701055,25696.5,T,10031,10129,33.75,86.75
2026_01_29,10129,1769701480,25609.75,B,10044,10171,86.75,33.5
2026_01_29,10171,1769701690,25643.25,T,10129,10253,33.5,107.25
2026_01_29,10253,1769702100,25536.0,B,10171,10286,107.25,83.75
2026_01_29,10286,1769702265,25619.75,T,10253,10318,83.75,59.25
2026_01_29,10318,1769702425,25560.5,B,10286,10325,59.25,35.5
2026_01_29,10325,1769702460,25596.0,T,10318,10355,35.5,42.0
2026_01_29,10355,1769702610,25554.0,B,10325,10365,42.0,43.5
2026_01_29,10365,1769702660,25597.5,T,10355,10373,43.5,48.5
2026_01_29,10373,1769702700,25549.0,B,10365,10381,48.5,34.5
2026_01_29,10381,1769702740,25583.5,T,10373,10410,34.5,45.5
2026_01_29,10410,1769702885,25538.0,B,10381,10520,45.5,146.25
2026_01_29,10520,1769703435,25684.25,T,10410,10525,146.25,32.25
2026_01_29,10525,1769703460,25652.0,B,10520,10577,32.25,62.25
2026_01_29,10577,1769703720,25714.25,T,10525,10590,62.25,54.0
2026_01_29,10590,1769703785,25660.25,B,10577,10622,54.0,50.0
2026_01_29,10622,1769703945,25710.25,T,10590,10657,50.0,52.75
2026_01_29,10657,1769704120,25657.5,B,10622,10676,52.75,54.25
2026_01_29,10676,1769704215,25711.75,T,10657,10739,54.25,44.25
2026_01_29,10739,1769704530,25667.5,B,10676,10747,44.25,36.5
2026_01_29,10747,1769704570,25704.0,T,10739,10757,36.5,32.5
2026_01_29,10757,1769704620,25671.5,B,10747,10832,32.5,61.75
2026_01_29,10832,1769704995,25733.25,T,10757,10854,61.75,32.25
2026_01_29,10854,1769705105,25701.0,B,10832,10889,32.25,38.75
2026_01_29,10889,1769705280,25739.75,T,10854,11013,38.75,55.5
2026_01_29,11013,1769705900,25684.25,B,10889,11076,55.5,79.75
2026_01_29,11076,1769706215,25764.0,T,11013,11104,79.75,31.0
2026_01_29,11104,1769706355,25733.0,B,11076,11324,31.0,119.25
2026_01_29,11324,1769707455,25852.25,T,11104,11355,119.25,34.5
2026_01_29,11355,1769707610,25817.75,B,11324,11496,34.5,61.0
2026_01_29,11496,1769708315,25878.75,T,11355,11608,61.0,90.25
2026_01_29,11608,1769708875,25788.5,B,11496,11623,90.25,33.0
2026_01_29,11623,1769708950,25821.5,T,11608,11752,33.0,72.5
2026_01_29,11752,1769709595,25749.0,B,11623,11832,72.5,99.25
2026_01_29,11832,1769709995,25848.25,T,11752,11862,99.25,45.25
2026_01_29,11862,1769710145,25803.0,B,11832,11928,45.25,58.25
2026_01_29,11928,1769710475,25861.25,T,11862,12012,58.25,47.25
2026_01_29,12012,1769710895,25814.0,B,11928,12104,47.25,39.75
2026_01_29,12104,1769711355,25853.75,T,12012,12119,39.75,33.0
2026_01_29,12119,1769711430,25820.75,B,12104,12235,33.0,70.75
2026_01_29,12235,1769712010,25891.5,T,12119,12311,70.75,44.75
2026_01_29,12311,1769712390,25846.75,B,12235,12357,44.75,32.0
2026_01_29,12357,1769712620,25878.75,T,12311,12490,32.0,58.75
2026_01_29,12490,1769713285,25820.0,B,12357,12694,58.75,78.5
2026_01_29,12694,1769714305,25898.5,T,12490,13069,78.5,64.5
2026_01_29,13069,1769716180,25834.0,B,12694,13142,64.5,37.75
2026_01_29,13142,1769716545,25871.75,T,13069,13195,37.75,30.25
2026_01_29,13195,1769716810,25841.5,B,13142,13315,30.25,39.75
2026_01_29,13315,1769717410,25881.25,T,13195,13583,39.75,34.75
2026_01_29,13583,1769718750,25846.5,B,13315,13897,34.75,173.5
2026_01_29,13897,1769720320,26020.0,T,13583,13912,173.5,47.75
2026_01_29,13912,1769720395,25972.25,B,13897,13915,47.75,47.75
2026_01_29,13915,1769720410,26020.0,T,13912,13996,47.75,52.25
2026_01_29,13996,1769720816,25967.75,B,13915,14021,52.25,33.0
2026_01_29,14021,1769720940,26000.75,T,13996,14250,33.0,49.75
2026_01_29,14250,1769722150,25951.0,B,14021,14258,49.75,64.0
2026_01_29,14258,1769722190,26015.0,T,14250,14259,64.0,48.75
2026_01_29,14259,1769722195,25966.25,B,14258,14260,48.75,83.75
2026_01_29,14260,1769722200,26050.0,T,14259,14260,83.75,84.75
2026_01_29,14260,1769722200,25965.25,B,14260,14261,84.75,59.0
2026_01_29,14261,1769722205,26024.25,T,14260,14262,59.0,46.0
2026_01_29,14262,1769722210,25978.25,B,14261,14263,46.0,46.25
2026_01_29,14263,1769722215,26024.5,T,14262,14266,46.25,30.5
2026_01_29,14266,1769722230,25994.0,B,14263,14292,30.5,45.5
2026_01_29,14292,1769722360,26039.5,T,14266,14317,45.5,75.75
2026_01_29,14317,1769722485,25963.75,B,14292,14394,75.75,41.5
2026_01_29,14394,1769722870,26005.25,T,14317,14424,41.5,34.75
2026_01_29,14424,1769723020,25970.5,B,14394,14618,34.75,40.0
2026_01_29,14618,1769727600,26010.5,T,14424,14671,40.0,61.5
2026_01_29,14671,1769727870,25949.0,B,14618,14691,61.5,46.75
2026_01_29,14691,1769727970,25995.75,T,14671,14790,46.75,94.75
2026_01_29,14790,1769728485,25901.0,B,14691,14936,94.75,82.0
2026_01_29,14936,1769729240,25983.0,T,14790,14961,82.0,78.0
2026_01_29,14961,1769729370,25905.0,B,14936,14961,78.0,32.0
2026_01_29,14961,1769729370,25937.0,T,14961,14962,32.0,54.25
2026_01_29,14962,1769729375,25882.75,B,14961,15065,54.25,137.25
2026_01_30,145,1769731980,25938.0,B,57,177,53.25,33.25
2026_01_30,177,1769732140,25971.25,T,145,318,33.25,64.0
2026_01_30,318,1769732865,25907.25,B,177,384,64.0,82.25
2026_01_30,384,1769733200,25989.5,T,318,384,82.25,40.5
2026_01_30,384,1769733200,25949.0,B,384,385,40.5,44.75
2026_01_30,385,1769733205,25993.75,T,384,414,44.75,79.0
2026_01_30,414,1769733350,25914.75,B,385,635,79.0,33.75
2026_01_30,635,1769734631,25948.5,T,414,1181,33.75,151.75
2026_01_30,1181,1769737450,25796.75,B,635,1312,151.75,69.75
2026_01_30,1312,1769738105,25866.5,T,1181,1443,69.75,41.75
2026_01_30,1443,1769738760,25824.75,B,1312,1473,41.75,41.5
2026_01_30,1473,1769738910,25866.25,T,1443,1576,41.5,57.75
2026_01_30,1576,1769739430,25808.5,B,1473,1588,57.75,33.75
2026_01_30,1588,1769739490,25842.25,T,1576,1626,33.75,78.5
2026_01_30,1626,1769739680,25763.75,B,1588,1638,78.5,37.25
2026_01_30,1638,1769739740,25801.0,T,1626,1745,37.25,65.0
2026_01_30,1745,1769740275,25736.0,B,1638,2191,65.0,152.0
2026_01_30,2191,1769742555,25888.0,T,1745,2363,152.0,60.25
2026_01_30,2363,1769743445,25827.75,B,2191,2460,60.25,51.75
2026_01_30,2460,1769743960,25879.5,T,2363,2548,51.75,36.25
2026_01_30,2548,1769744430,25843.25,B,2460,2677,36.25,31.25
2026_01_30,2677,1769745126,25874.5,T,2548,2761,31.25,31.25
2026_01_30,2761,1769745600,25843.25,B,2677,2973,31.25,52.75
2026_01_30,2973,1769746800,25896.0,T,2761,3048,52.75,33.25
2026_01_30,3048,1769747225,25862.75,B,2973,3138,33.25,33.25
2026_01_30,3138,1769747801,25896.0,T,3048,3337,33.25,44.25
2026_01_30,3337,1769749087,25851.75,B,3138,3445,44.25,35.25
2026_01_30,3445,1769749740,25887.0,T,3337,4264,35.25,130.25
2026_01_30,4264,1769754505,25756.75,B,3445,4388,130.25,57.25
2026_01_30,4388,1769755137,25814.0,T,4264,4588,57.25,77.0
2026_01_30,4588,1769756250,25737.0,B,4388,4753,77.0,67.0
2026_01_30,4753,1769757105,25804.0,T,4588,5108,67.0,96.75
2026_01_30,5108,1769758980,25707.25,B,4753,5193,96.75,39.5
2026_01_30,5193,1769759415,25746.75,T,5108,5321,39.5,60.5
2026_01_30,5321,1769760095,25686.25,B,5193,5363,60.5,48.0
2026_01_30,5363,1769760305,25734.25,T,5321,5418,48.0,52.25
2026_01_30,5418,1769760580,25682.0,B,5363,5504,52.25,72.75
2026_01_30,5504,1769761021,25754.75,T,5418,5522,72.75,32.25
2026_01_30,5522,1769761110,25722.5,B,5504,5613,32.25,48.5
2026_01_30,5613,1769761566,25771.0,T,5522,5715,48.5,79.25
2026_01_30,5715,1769762081,25691.75,B,5613,5986,79.25,100.75
2026_01_30,5986,1769763450,25792.5,T,5715,6052,100.75,43.5
2026_01_30,6052,1769763780,25749.0,B,5986,6091,43.5,37.75
2026_01_30,6091,1769763980,25786.75,T,6052,6320,37.75,98.0
2026_01_30,6320,1769765160,25688.75,B,6091,6458,98.0,42.25
2026_01_30,6458,1769765855,25731.0,T,6320,6615,42.25,81.25
2026_01_30,6615,1769766676,25649.75,B,6458,6752,81.25,90.75
2026_01_30,6752,1769767360,25740.5,T,6615,6840,90.75,32.75
2026_01_30,6840,1769767831,25707.75,B,6752,6995,32.75,41.75
2026_01_30,6995,1769768683,25749.5,T,6840,7030,41.75,33.0
2026_01_30,7030,1769768855,25716.5,B,6995,7147,33.0,68.5
2026_01_30,7147,1769769470,25785.0,T,7030,7202,68.5,31.25
2026_01_30,7202,1769769766,25753.75,B,7147,7322,31.25,36.25
2026_01_30,7322,1769770400,25790.0,T,7202,7387,36.25,33.5
2026_01_30,7387,1769770735,25756.5,B,7322,7797,33.5,88.75
2026_01_30,7797,1769772875,25845.25,T,7387,7972,88.75,57.25
2026_01_30,7972,1769773780,25788.0,B,7797,8134,57.25,117.25
2026_01_30,8134,1769774590,25905.25,T,7972,8341,117.25,50.75
2026_01_30,8341,1769775645,25854.5,B,8134,8521,50.75,40.25
2026_01_30,8521,1769776590,25894.75,T,8341,8721,40.25,73.0
2026_01_30,8721,1769777630,25821.75,B,8521,8982,73.0,65.0
2026_01_30,8982,1769778945,25886.75,T,8721,9097,65.0,59.0
2026_01_30,9097,1769779550,25827.75,B,8982,9144,59.0,60.25
2026_01_30,9144,1769779790,25888.0,T,9097,9145,60.25,52.5
2026_01_30,9145,1769779795,25835.5,B,9144,9145,52.5,40.0
2026_01_30,9145,1769779795,25875.5,T,9145,9147,40.0,123.0
2026_01_30,9147,1769779806,25752.5,B,9145,9147,123.0,87.0
2026_01_30,9147,1769779806,25839.5,T,9147,9148,87.0,55.75
2026_01_30,9148,1769779810,25783.75,B,9147,9156,55.75,43.0
2026_01_30,9156,1769779850,25826.75,T,9148,9168,43.0,44.5
2026_01_30,9168,1769779910,25782.25,B,9156,9211,44.5,47.75
2026_01_30,9211,1769780125,25830.0,T,9168,9238,47.75,38.0
2026_01_30,9238,1769780260,25792.0,B,9211,9354,38.0,61.25
2026_01_30,9354,1769780840,25853.25,T,9238,9431,61.25,41.5
2026_01_30,9431,1769781225,25811.75,B,9354,9526,41.5,38.25
2026_01_30,9526,1769781700,25850.0,T,9431,9561,38.25,41.5
2026_01_30,9561,1769781875,25808.5,B,9526,9577,41.5,37.25
2026_01_30,9577,1769781955,25845.75,T,9561,9638,37.25,30.0
2026_01_30,9638,1769782260,25815.75,B,9577,9708,30.0,31.5
2026_01_30,9708,1769782610,25847.25,T,9638,9842,31.5,41.75
2026_01_30,9842,1769783280,25805.5,B,9708,9866,41.75,66.5
2026_01_30,9866,1769783400,25872.0,T,9842,9866,66.5,49.0
2026_01_30,9866,1769783400,25823.0,B,9866,9873,49.0,86.5
2026_01_30,9873,1769783435,25909.5,T,9866,9873,86.5,30.0
2026_01_30,9873,1769783435,25879.5,B,9873,9874,30.0,38.75
2026_01_30,9874,1769783440,25918.25,T,9873,9890,38.75,104.75
2026_01_30,9890,1769783520,25813.5,B,9874,9899,104.75,50.0
2026_01_30,9899,1769783565,25863.5,T,9890,9906,50.0,44.25
2026_01_30,9906,1769783600,25819.25,B,9899,9919,44.25,84.25
2026_01_30,9919,1769783665,25903.5,T,9906,9927,84.25,36.5
2026_01_30,9927,1769783705,25867.0,B,9919,9939,36.5,33.25
2026_01_30,9939,1769783765,25900.25,T,9927,9954,33.25,65.75
2026_01_30,9954,1769783840,25834.5,B,9939,9996,65.75,105.5
2026_01_30,9996,1769784050,25940.0,T,9954,10064,105.5,101.75
2026_01_30,10064,1769784390,25838.25,B,9996,10078,101.75,50.75
2026_01_30,10078,1769784460,25889.0,T,10064,10090,50.75,31.75
2026_01_30,10090,1769784520,25857.25,B,10078,10112,31.75,72.75
2026_01_30,10112,1769784630,25930.0,T,10090,10161,72.75,73.0
2026_01_30,10161,1769784875,25857.0,B,10112,10176,73.0,41.5
2026_01_30,10176,1769784950,25898.5,T,10161,10183,41.5,34.25
2026_01_30,10183,1769784985,25864.25,B,10176,10188,34.25,43.75
2026_01_30,10188,1769785010,25908.0,T,10183,10224,43.75,101.75
2026_01_30,10224,1769785190,25806.25,B,10188,10226,101.75,44.0
2026_01_30,10226,1769785200,25850.25,T,10224,10239,44.0,30.25
2026_01_30,10239,1769785265,25820.0,B,10226,10251,30.25,54.25
2026_01_30,10251,1769785325,25874.25,T,10239,10262,54.25,60.5
2026_01_30,10262,1769785380,25813.75,B,10251,10268,60.5,30.5
2026_01_30,10268,1769785410,25844.25,T,10262,10283,30.5,34.0
2026_01_30,10283,1769785485,25810.25,B,10268,10310,34.0,95.75
2026_01_30,10310,1769785620,25906.0,T,10283,10359,95.75,49.5
2026_01_30,10359,1769785865,25856.5,B,10310,10376,49.5,69.0
2026_01_30,10376,1769785950,25925.5,T,10359,10398,69.0,48.75
2026_01_30,10398,1769786060,25876.75,B,10376,10431,48.75,42.5
2026_01_30,10431,1769786225,25919.25,T,10398,10467,42.5,42.25
2026_01_30,10467,1769786405,25877.0,B,10431,10475,42.25,34.5
2026_01_30,10475,1769786445,25911.5,T,10467,10548,34.5,92.5
2026_01_30,10548,1769786810,25819.0,B,10475,10560,92.5,31.75
2026_01_30,10560,1769786870,25850.75,T,10548,10591,31.75,80.0
2026_01_30,10591,1769787025,25770.75,B,10560,10603,80.0,39.0
2026_01_30,10603,1769787085,25809.75,T,10591,10631,39.0,30.25
2026_01_30,10631,1769787225,25779.5,B,10603,10658,30.25,112.0
2026_01_30,10658,1769787360,25891.5,T,10631,10669,112.0,58.75
2026_01_30,10669,1769787415,25832.75,B,10658,10794,58.75,101.25
2026_01_30,10794,1769788040,25934.0,T,10669,10877,101.25,92.0
2026_01_30,10877,1769788455,25842.0,B,10794,10895,92.0,31.25
2026_01_30,10895,1769788545,25873.25,T,10877,10914,31.25,49.0
2026_01_30,10914,1769788640,25824.25,B,10895,10928,49.0,37.0
2026_01_30,10928,1769788710,25861.25,T,10914,11017,37.0,39.0
2026_01_30,11017,1769789155,25822.25,B,10928,11030,39.0,46.75
2026_01_30,11030,1769789220,25869.0,T,11017,11073,46.75,55.0
2026_01_30,11073,1769789435,25814.0,B,11030,11095,55.0,36.75
2026_01_30,11095,1769789545,25850.75,T,11073,11214,36.75,97.5
2026_01_30,11214,1769790140,25753.25,B,11095,11298,97.5,67.25
2026_01_30,11298,1769790560,25820.5,T,11214,11307,67.25,32.25
2026_01_30,11307,1769790605,25788.25,B,11298,11318,32.25,31.75
2026_01_30,11318,1769790660,25820.0,T,11307,11332,31.75,36.0
2026_01_30,11332,1769790730,25784.0,B,11318,11345,36.0,45.5
2026_01_30,11345,1769790795,25829.5,T,11332,11368,45.5,45.5
2026_01_30,11368,1769790910,25784.0,B,11345,11409,45.5,53.25
2026_01_30,11409,1769791115,25837.25,T,11368,11426,53.25,30.5
2026_01_30,11426,1769791200,25806.75,B,11409,11480,30.5,53.25
2026_01_30,11480,1769791470,25860.0,T,11426,11571,53.25,93.5
2026_01_30,11571,1769791925,25766.5,B,11480,11585,93.5,41.5
2026_01_30,11585,1769791995,25808.0,T,11571,11766,41.5,122.0
2026_01_30,11766,1769792900,25686.0,B,11585,11803,122.0,38.0
2026_01_30,11803,1769793085,25724.0,T,11766,11870,38.0,35.75
2026_01_30,11870,1769793420,25688.25,B,11803,11989,35.75,101.0
2026_01_30,11989,1769794015,25789.25,T,11870,11994,101.0,33.5
2026_01_30,11994,1769794040,25755.75,B,11989,12038,33.5,40.0
2026_01_30,12038,1769794260,25795.75,T,11994,12090,40.0,95.5
2026_01_30,12090,1769794520,25700.25,B,12038,12123,95.5,62.75
2026_01_30,12123,1769794685,25763.0,T,12090,12186,62.75,55.5
2026_01_30,12186,1769795000,25707.5,B,12123,12226,55.5,66.25
2026_01_30,12226,1769795200,25773.75,T,12186,12262,66.25,54.5
2026_01_30,12262,1769795380,25719.25,B,12226,12290,54.5,32.0
2026_01_30,12290,1769795520,25751.25,T,12262,12318,32.0,45.25
2026_01_30,12318,1769795660,25706.0,B,12290,12343,45.25,30.0
2026_01_30,12343,1769795785,25736.0,T,12318,12386,30.0,71.0
2026_01_30,12386,1769796000,25665.0,B,12343,12463,71.0,50.25
2026_01_30,12463,1769796385,25715.25,T,12386,12662,50.25,146.5
2026_01_30,12662,1769797380,25568.75,B,12463,12746,146.5,114.0
2026_01_30,12746,1769797800,25682.75,T,12662,12796,114.0,85.5
2026_01_30,12796,1769798050,25597.25,B,12746,12843,85.5,44.5
2026_01_30,12843,1769798285,25641.75,T,12796,12856,44.5,33.0
2026_01_30,12856,1769798350,25608.75,B,12843,12999,33.0,102.0
2026_01_30,12999,1769799065,25710.75,T,12856,13025,102.0,40.0
2026_01_30,13025,1769799195,25670.75,B,12999,13095,40.0,101.0
2026_01_30,13095,1769799545,25771.75,T,13025,13145,101.0,42.25
2026_01_30,13145,1769799795,25729.5,B,13095,13184,42.25,52.0
2026_01_30,13184,1769799990,25781.5,T,13145,13316,52.0,57.0
2026_01_30,13316,1769800650,25724.5,B,13184,13454,57.0,38.5
2026_01_30,13454,1769801340,25763.0,T,13316,13478,38.5,90.5
2026_01_30,13478,1769801460,25672.5,B,13454,13520,90.5,65.5
2026_01_30,13520,1769801670,25738.0,T,13478,13701,65.5,76.25
2026_01_30,13701,1769802575,25661.75,B,13520,13773,76.25,62.75
2026_01_30,13773,1769802935,25724.5,T,13701,13825,62.75,72.5
2026_01_30,13825,1769803195,25652.0,B,13773,13847,72.5,30.75
2026_01_30,13847,1769803305,25682.75,T,13825,13925,30.75,67.0
2026_01_30,13925,1769803695,25615.75,B,13847,13959,67.0,30.5
2026_01_30,13959,1769803865,25646.25,T,13925,14090,30.5,74.75
2026_01_30,14090,1769804520,25571.5,B,13959,14129,74.75,40.0
2026_01_30,14129,1769804715,25611.5,T,14090,14164,40.0,40.25
2026_01_30,14164,1769804890,25571.25,B,14129,14266,40.25,76.25
2026_01_30,14266,1769805400,25647.5,T,14164,14280,76.25,48.5
2026_01_30,14280,1769805470,25599.0,B,14266,14426,48.5,132.75
2026_01_30,14426,1769806200,25731.75,T,14280,14486,132.75,106.75
2026_01_30,14486,1769806500,25625.0,B,14426,14548,106.75,82.0
2026_01_30,14548,1769806810,25707.0,T,14486,14650,82.0,81.5
2026_01_30,14650,1769807320,25625.5,B,14548,14846,81.5,51.0
2026_02_01,10,1769986850,25537.25,T,0,25,37.25,105.75
2026_02_01,25,1769986925,25431.5,B,10,59,105.75,66.0
2026_02_01,59,1769987095,25497.5,T,25,87,66.0,57.0
2026_02_01,87,1769987235,25440.5,B,59,98,57.0,33.5
2026_02_01,98,1769987290,25474.0,T,87,136,33.5,72.75
2026_02_01,136,1769987480,25401.25,B,98,185,72.75,63.75
2026_02_01,185,1769987725,25465.0,T,136,275,63.75,57.25
2026_02_01,275,1769988190,25407.75,B,185,306,57.25,37.25
2026_02_01,306,1769988345,25445.0,T,275,335,37.25,71.25
2026_02_01,335,1769988490,25373.75,B,306,560,71.25,198.0
2026_02_01,560,1769989630,25571.75,T,335,617,198.0,43.75
2026_02_01,617,1769989915,25528.0,B,560,644,43.75,32.0
2026_02_02,21,1769990505,25492.0,B,0,31,44.75,32.25
2026_02_02,31,1769990555,25524.25,T,21,45,32.25,37.25
2026_02_02,45,1769990625,25487.0,B,31,328,37.25,147.25
2026_02_02,328,1769992045,25634.25,T,45,398,147.25,43.25
2026_02_02,398,1769992405,25591.0,B,328,460,43.25,54.75
2026_02_02,460,1769992715,25645.75,T,398,672,54.75,51.0
2026_02_02,672,1769993810,25594.75,B,460,740,51.0,42.25
2026_02_02,740,1769994190,25637.0,T,672,867,42.25,160.0
2026_02_02,867,1769994840,25477.0,B,740,889,160.0,40.25
2026_02_02,889,1769994950,25517.25,T,867,896,40.25,36.5
2026_02_02,896,1769994985,25480.75,B,889,920,36.5,50.75
2026_02_02,920,1769995105,25531.5,T,896,963,50.75,35.5
2026_02_02,963,1769995320,25496.0,B,920,1013,35.5,51.0
2026_02_02,1013,1769995570,25547.0,T,963,1094,51.0,92.25
2026_02_02,1094,1769995986,25454.75,B,1013,1163,92.25,50.0
2026_02_02,1163,1769996330,25504.75,T,1094,1280,50.0,94.25
2026_02_02,1280,1769996915,25410.5,B,1163,1359,94.25,44.75
2026_02_02,1359,1769997310,25455.25,T,1280,1398,44.75,55.25
2026_02_02,1398,1769997505,25400.0,B,1359,1458,55.25,49.75
2026_02_02,1458,1769997805,25449.75,T,1398,1551,49.75,63.5
2026_02_02,1551,1769998275,25386.25,B,1458,1614,63.5,56.75
2026_02_02,1614,1769998590,25443.0,T,1551,1647,56.75,46.75
2026_02_02,1647,1769998755,25396.25,B,1614,1798,46.75,52.5
2026_02_02,1798,1769999530,25448.75,T,1647,1832,52.5,51.25
2026_02_02,1832,1769999700,25397.5,B,1798,1893,51.25,48.5
2026_02_02,1893,1770000020,25446.0,T,1832,2039,48.5,88.75
2026_02_02,2039,1770000785,25357.25,B,1893,2073,88.75,32.75
2026_02_02,2073,1770000955,25390.0,T,2039,2294,32.75,75.0
2026_02_02,2294,1770002070,25315.0,B,2073,2429,75.0,52.0
2026_02_02,2429,1770002750,25367.0,T,2294,2521,52.0,58.25
2026_02_02,2521,1770003210,25308.75,B,2429,2527,58.25,30.5
2026_02_02,2527,1770003240,25339.25,T,2521,2677,30.5,62.25
2026_02_02,2677,1770003990,25277.0,B,2527,2718,62.25,49.0
2026_02_02,2718,1770004195,25326.0,T,2677,2761,49.0,45.0
2026_02_02,2761,1770004410,25281.0,B,2718,2791,45.0,30.0
2026_02_02,2791,1770004560,25311.0,T,2761,2930,30.0,94.75
2026_02_02,2930,1770005255,25216.25,B,2791,2959,94.75,40.75
2026_02_02,2959,1770005400,25257.0,T,2930,2991,40.75,39.25
2026_02_02,2991,1770005560,25217.75,B,2959,3366,39.25,158.25
2026_02_02,3366,1770007465,25376.0,T,2991,3700,158.25,89.5
2026_02_02,3700,1770009161,25286.5,B,3366,3730,89.5,35.5
2026_02_02,3730,1770009315,25322.0,T,3700,3952,35.5,76.0
2026_02_02,3952,1770010470,25246.0,B,3730,4048,76.0,33.75
2026_02_02,4048,1770010960,25279.75,T,3952,4108,33.75,44.0
2026_02_02,4108,1770011260,25235.75,B,4048,4146,44.0,47.0
2026_02_02,4146,1770011456,25282.75,T,4108,4223,47.0,45.5
2026_02_02,4223,1770011842,25237.25,B,4146,4264,45.5,36.75
2026_02_02,4264,1770012050,25274.0,T,4223,4437,36.75,77.5
2026_02_02,4437,1770012940,25196.5,B,4264,4443,77.5,36.5
2026_02_02,4443,1770012970,25233.0,T,4437,4474,36.5,47.25
2026_02_02,4474,1770013125,25185.75,B,4443,4622,47.25,71.25
2026_02_02,4622,1770013875,25257.0,T,4474,4705,71.25,76.75
2026_02_02,4705,1770014291,25180.25,B,4622,4757,76.75,57.25
2026_02_02,4757,1770014555,25237.5,T,4705,4875,57.25,50.0
2026_02_02,4875,1770015160,25187.5,B,4757,4985,50.0,78.0
2026_02_02,4985,1770015740,25265.5,T,4875,5027,78.0,32.0
2026_02_02,5027,1770015956,25233.5,B,4985,5076,32.0,73.5
2026_02_02,5076,1770016200,25307.0,T,5027,5165,73.5,52.0
2026_02_02,5165,1770016660,25255.0,B,5076,5323,52.0,54.75
2026_02_02,5323,1770017475,25309.75,T,5165,5379,54.75,33.5
2026_02_02,5379,1770017755,25276.25,B,5323,5427,33.5,45.5
2026_02_02,5427,1770017995,25321.75,T,5379,5470,45.5,35.25
2026_02_02,5470,1770018221,25286.5,B,5427,5732,35.25,107.5
2026_02_02,5732,1770019555,25394.0,T,5470,5867,107.5,32.25
2026_02_02,5867,1770020230,25361.75,B,5732,6291,32.25,64.25
2026_02_02,6291,1770022412,25426.0,T,5867,6467,64.25,70.25
2026_02_02,6467,1770023305,25355.75,B,6291,7086,70.25,117.75
2026_02_02,7086,1770026531,25473.5,T,6467,7584,117.75,82.25
2026_02_02,7584,1770029185,25391.25,B,7086,8273,82.25,100.0
2026_02_02,8273,1770032845,25491.25,T,7584,8396,100.0,45.25
2026_02_02,8396,1770033530,25446.0,B,8273,8960,45.25,81.25
2026_02_02,8960,1770036405,25527.25,T,8396,9165,81.25,71.25
2026_02_02,9165,1770037450,25456.0,B,8960,9296,71.25,45.75
2026_02_02,9296,1770038110,25501.75,T,9165,9519,45.75,44.0
2026_02_02,9519,1770039245,25457.75,B,9296,10189,44.0,127.25
2026_02_02,10189,1770042600,25585.0,T,9519,10189,127.25,45.25
2026_02_02,10189,1770042600,25539.75,B,10189,10196,45.25,93.75
2026_02_02,10196,1770042635,25633.5,T,10189,10202,93.75,48.0
2026_02_02,10202,1770042665,25585.5,B,10196,10218,48.0,83.25
2026_02_02,10218,1770042745,25668.75,T,10202,10243,83.25,65.25
2026_02_02,10243,1770042870,25603.5,B,10218,10278,65.25,117.25
2026_02_02,10278,1770043045,25720.75,T,10243,10314,117.25,37.75
2026_02_02,10314,1770043225,25683.0,B,10278,10341,37.75,47.75
2026_02_02,10341,1770043360,25730.75,T,10314,10349,47.75,34.25
2026_02_02,10349,1770043400,25696.5,B,10341,10367,34.25,36.25
2026_02_02,10367,1770043490,25732.75,T,10349,10374,36.25,34.5
2026_02_02,10374,1770043525,25698.25,B,10367,10393,34.5,41.0
2026_02_02,10393,1770043620,25739.25,T,10374,10407,41.0,31.0
2026_02_02,10407,1770043690,25708.25,B,10393,10441,31.0,91.25
2026_02_02,10441,1770043860,25799.5,T,10407,10537,91.25,71.0
2026_02_02,10537,1770044340,25728.5,B,10441,10549,71.0,59.5
2026_02_02,10549,1770044400,25788.0,T,10537,10555,59.5,55.0
2026_02_02,10555,1770044430,25733.0,B,10549,10789,55.0,179.25
2026_02_02,10789,1770045600,25912.25,T,10555,10920,179.25,60.5
2026_02_02,10920,1770046255,25851.75,B,10789,11020,60.5,54.75
2026_02_02,11020,1770046755,25906.5,T,10920,11151,54.75,69.0
2026_02_02,11151,1770047410,25837.5,B,11020,11190,69.0,35.75
2026_02_02,11190,1770047605,25873.25,T,11151,11342,35.75,70.25
2026_02_02,11342,1770048365,25803.0,B,11190,11557,70.25,95.75
2026_02_02,11557,1770049440,25898.75,T,11342,11601,95.75,30.75
2026_02_02,11601,1770049660,25868.0,B,11557,11698,30.75,32.25
2026_02_02,11698,1770050145,25900.25,T,11601,11848,32.25,64.25
2026_02_02,11848,1770050895,25836.0,B,11698,12415,64.25,96.5
2026_02_02,12415,1770053735,25932.5,T,11848,12498,96.5,31.25
2026_02_02,12498,1770054150,25901.25,B,12415,12660,31.25,40.5
2026_02_02,12660,1770054960,25941.75,T,12498,12974,40.5,44.25
2026_02_02,12974,1770056530,25897.5,B,12660,13414,44.25,52.0
2026_02_02,13414,1770058730,25949.5,T,12974,14072,52.0,69.5
2026_02_02,14072,1770062020,25880.0,B,13414,14130,69.5,31.5
2026_02_02,14130,1770062310,25911.5,T,14072,14151,31.5,89.75
2026_02_02,14151,1770062415,25821.75,B,14130,14286,89.75,78.25
2026_02_02,14286,1770063090,25900.0,T,14151,14355,78.25,40.5
2026_02_02,14355,1770063435,25859.5,B,14286,14419,40.5,37.75
2026_02_02,14419,1770063755,25897.25,T,14355,14762,37.75,65.5
2026_02_02,14762,1770065470,25831.75,B,14419,14928,65.5,64.25
2026_02_02,14928,1770066300,25896.0,T,14762,14928,64.25,41.75
2026_02_02,14928,1770066300,25854.25,B,14928,14931,41.75,41.75
2026_02_02,14931,1770066315,25896.0,T,14928,14946,41.75,41.5
2026_02_02,14946,1770066390,25854.5,B,14931,14985,41.5,39.25
2026_02_02,14985,1770066586,25893.75,T,14946,15123,39.25,30.25
2026_02_02,15123,1770067281,25863.5,B,14985,15985,30.25,113.5
2026_02_03,134,1770077535,25913.5,B,30,296,41.5,71.25
2026_02_03,296,1770078375,25984.75,T,134,572,71.25,41.25
2026_02_03,572,1770079935,25943.5,B,296,919,41.25,47.25
2026_02_03,919,1770081793,25990.75,T,572,1427,47.25,70.5
2026_02_03,1427,1770084671,25920.25,B,919,1536,70.5,31.75
2026_02_03,1536,1770085246,25952.0,T,1427,1811,31.75,51.5
2026_02_03,1811,1770086805,25900.5,B,1536,2028,51.5,47.75
2026_02_03,2028,1770088085,25948.25,T,1811,2126,47.75,35.25
2026_02_03,2126,1770088626,25913.0,B,2028,2978,35.25,75.0
2026_02_03,2978,1770094250,25988.0,T,2126,3193,75.0,36.0
2026_02_03,3193,1770095550,25952.0,B,2978,4033,36.0,55.25
2026_02_03,4033,1770100981,26007.25,T,3193,4414,55.25,33.0
2026_02_03,4414,1770103520,25974.25,B,4033,4769,33.0,53.5
2026_02_03,4769,1770105510,26027.75,T,4414,4798,53.5,37.25
2026_02_03,4798,1770105655,25990.5,B,4769,4985,37.25,33.5
2026_02_03,4985,1770106615,26024.0,T,4798,5421,33.5,53.75
2026_02_03,5421,1770108950,25970.25,B,4985,5536,53.75,39.5
2026_02_03,5536,1770109555,26009.75,T,5421,5759,39.5,51.5
2026_02_03,5759,1770110745,25958.25,B,5536,6225,51.5,31.75
2026_02_03,6225,1770113435,25990.0,T,5759,7325,31.75,66.5
2026_02_03,7325,1770120160,25923.5,B,6225,8099,66.5,80.0
2026_02_03,8099,1770124380,26003.5,T,7325,9003,80.0,99.25
2026_02_03,9003,1770129025,25904.25,B,8099,9008,99.25,48.0
2026_02_03,9008,1770129050,25952.25,T,9003,9050,48.0,113.5
2026_02_03,9050,1770129260,25838.75,B,9008,9062,113.5,54.5
2026_02_03,9062,1770129320,25893.25,T,9050,9155,54.5,147.75
2026_02_03,9155,1770129785,25745.5,B,9062,9155,147.75,46.5
2026_02_03,9155,1770129785,25792.0,T,9155,9158,46.5,69.0
2026_02_03,9158,1770129800,25723.0,B,9155,9179,69.0,50.5
2026_02_03,9179,1770129905,25773.5,T,9158,9183,50.5,32.25
2026_02_03,9183,1770129925,25741.25,B,9179,9217,32.25,70.5
2026_02_03,9217,1770130095,25811.75,T,9183,9253,70.5,66.0
2026_02_03,9253,1770130275,25745.75,B,9217,9273,66.0,34.75
2026_02_03,9273,1770130375,25780.5,T,9253,9362,34.75,166.25
2026_02_03,9362,1770130820,25614.25,B,9273,9362,166.25,32.5
2026_02_03,9362,1770130820,25646.75,T,9362,9394,32.5,82.25
2026_02_03,9394,1770130980,25564.5,B,9362,9408,82.25,79.25
2026_02_03,9408,1770131050,25643.75,T,9394,9418,79.25,36.75
2026_02_03,9418,1770131100,25607.0,B,9408,9423,36.75,30.25
2026_02_03,9423,1770131125,25637.25,T,9418,9455,30.25,89.25
2026_02_03,9455,1770131285,25548.0,B,9423,9486,89.25,62.75
2026_02_03,9486,1770131440,25610.75,T,9455,9528,62.75,80.75
2026_02_03,9528,1770131650,25530.0,B,9486,9558,80.75,64.0
2026_02_03,9558,1770131800,25594.0,T,9528,9588,64.0,42.5
2026_02_03,9588,1770131950,25551.5,B,9558,9610,42.5,53.5
2026_02_03,9610,1770132060,25605.0,T,9588,9658,53.5,134.75
2026_02_03,9658,1770132300,25470.25,B,9610,9691,134.75,98.75
2026_02_03,9691,1770132465,25569.0,T,9658,9744,98.75,50.0
2026_02_03,9744,1770132730,25519.0,B,9691,9753,50.0,44.5
2026_02_03,9753,1770132775,25563.5,T,9744,9790,44.5,82.0
2026_02_03,9790,1770132960,25481.5,B,9753,9844,82.0,80.0
2026_02_03,9844,1770133230,25561.5,T,9790,9904,80.0,64.0
2026_02_03,9904,1770133530,25497.5,B,9844,9973,64.0,122.0
2026_02_03,9973,1770133875,25619.5,T,9904,10003,122.0,70.5
2026_02_03,10003,1770134025,25549.0,B,9973,10055,70.5,82.5
2026_02_03,10055,1770134285,25631.5,T,10003,10204,82.5,96.5
2026_02_03,10204,1770135030,25535.0,B,10055,10239,96.5,54.25
2026_02_03,10239,1770135205,25589.25,T,10204,10360,54.25,95.5
2026_02_03,10360,1770135810,25493.75,B,10239,10396,95.5,44.5
2026_02_03,10396,1770135990,25538.25,T,10360,10478,44.5,59.75
2026_02_03,10478,1770136400,25478.5,B,10396,10506,59.75,55.75
2026_02_03,10506,1770136540,25534.25,T,10478,10552,55.75,41.5
2026_02_03,10552,1770136770,25492.75,B,10506,10570,41.5,33.75
2026_02_03,10570,1770136860,25526.5,T,10552,10640,33.75,40.75
2026_02_03,10640,1770137210,25485.75,B,10570,10654,40.75,41.0
2026_02_03,10654,1770137280,25526.75,T,10640,10696,41.0,59.0
2026_02_03,10696,1770137490,25467.75,B,10654,10768,59.0,53.5
2026_02_03,10768,1770137850,25521.25,T,10696,10872,53.5,52.5
2026_02_03,10872,1770138370,25468.75,B,10768,10925,52.5,33.75
2026_02_03,10925,1770138635,25502.5,T,10872,10944,33.75,73.0
2026_02_03,10944,1770138730,25429.5,B,10925,10944,73.0,31.0
2026_02_03,10944,1770138730,25460.5,T,10944,10954,31.0,59.25
2026_02_03,10954,1770138780,25401.25,B,10944,10966,59.25,34.25
2026_02_03,10966,1770138840,25435.5,T,10954,10968,34.25,30.5
2026_02_03,10968,1770138850,25405.0,B,10966,11024,30.5,50.75
2026_02_03,11024,1770139130,25455.75,T,10968,11050,50.75,48.25
2026_02_03,11050,1770139260,25407.5,B,11024,11110,48.25,58.5
2026_02_03,11110,1770139560,25466.0,T,11050,11315,58.5,121.0
2026_02_03,11315,1770140585,25345.0,B,11110,11418,121.0,82.75
2026_02_03,11418,1770141100,25427.75,T,11315,11434,82.75,53.25
2026_02_03,11434,1770141180,25374.5,B,11418,11488,53.25,33.75
2026_02_03,11488,1770141450,25408.25,T,11434,11583,33.75,43.0
2026_02_03,11583,1770141925,25365.25,B,11488,11627,43.0,58.25
2026_02_03,11627,1770142145,25423.5,T,11583,11687,58.25,97.5
2026_02_03,11687,1770142445,25326.0,B,11627,11757,97.5,41.0
2026_02_03,11757,1770142795,25367.0,T,11687,11962,41.0,76.75
2026_02_03,11962,1770143820,25290.25,B,11757,11996,76.75,31.75
2026_02_03,11996,1770143990,25322.0,T,11962,12336,31.75,103.0
2026_02_03,12336,1770145690,25219.0,B,11996,12502,103.0,140.25
2026_02_03,12502,1770146520,25359.25,T,12336,12552,140.25,80.75
2026_02_03,12552,1770146770,25278.5,B,12502,12587,80.75,44.75
2026_02_03,12587,1770146945,25323.25,T,12552,12597,44.75,36.5
2026_02_03,12597,1770146995,25286.75,B,12587,12599,36.5,37.75
2026_02_03,12599,1770147005,25324.5,T,12597,12610,37.75,58.25
2026_02_03,12610,1770147060,25266.25,B,12599,12643,58.25,41.75
2026_02_03,12643,1770147225,25308.0,T,12610,12658,41.75,41.75
2026_02_03,12658,1770147300,25266.25,B,12643,12699,41.75,38.25
2026_02_03,12699,1770147505,25304.5,T,12658,12874,38.25,70.0
2026_02_03,12874,1770148380,25234.5,B,12699,12951,70.0,94.5
2026_02_03,12951,1770148765,25329.0,T,12874,13113,94.5,59.5
2026_02_03,13113,1770149575,25269.5,B,12951,13190,59.5,67.0
2026_02_03,13190,1770149960,25336.5,T,13113,13211,67.0,45.75
2026_02_03,13211,1770150065,25290.75,B,13190,13425,45.75,131.5
2026_02_03,13425,1770151135,25422.25,T,13211,13463,131.5,49.0
2026_02_03,13463,1770151325,25373.25,B,13425,13562,49.0,59.0
2026_02_03,13562,1770151820,25432.25,T,13463,13587,59.0,35.75
2026_02_03,13587,1770151945,25396.5,B,13562,13738,35.75,75.75
2026_02_03,13738,1770152700,25472.25,T,13587,13766,75.75,36.75
2026_02_03,13766,1770152840,25435.5,B,13738,13858,36.75,41.5
2026_02_03,13858,1770153300,25477.0,T,13766,13910,41.5,96.5
2026_02_03,13910,1770153560,25380.5,B,13858,14016,96.5,49.0
2026_02_03,14016,1770154090,25429.5,T,13910,14465,49.0,67.5
2026_02_03,14465,1770160006,25362.0,B,14016,14575,67.5,80.0
2026_02_03,14575,1770160600,25442.0,T,14465,14740,80.0,57.0
2026_02_04,26,1770163330,25390.25,B,1,223,44.75,45.5
2026_02_04,223,1770164370,25435.75,T,26,319,45.5,38.25
2026_02_04,319,1770164940,25397.5,B,223,381,38.25,32.0
2026_02_04,381,1770165315,25429.5,T,319,648,32.0,53.75
2026_02_04,648,1770166798,25375.75,B,381,696,53.75,62.5
2026_02_04,696,1770167040,25438.25,T,648,743,62.5,34.75
2026_02_04,743,1770167275,25403.5,B,696,1024,34.75,51.25
2026_02_04,1024,1770168782,25454.75,T,743,1214,51.25,40.25
2026_02_04,1214,1770169780,25414.5,B,1024,1429,40.25,59.25
2026_02_04,1429,1770170970,25473.75,T,1214,1868,59.25,74.25
2026_02_04,1868,1770173595,25399.5,B,1429,2326,74.25,52.25
2026_02_04,2326,1770176360,25451.75,T,1868,2420,52.25,40.25
2026_02_04,2420,1770176907,25411.5,B,2326,2889,40.25,36.5
2026_02_04,2889,1770180150,25448.0,T,2420,3314,36.5,39.25
2026_02_04,3314,1770183130,25408.75,B,2889,4651,39.25,105.5
2026_02_04,4651,1770191446,25514.25,T,3314,4798,105.5,55.0
2026_02_04,4798,1770192285,25459.25,B,4651,4876,55.0,40.75
2026_02_04,4876,1770192685,25500.0,T,4798,5097,40.75,99.25
2026_02_04,5097,1770193820,25400.75,B,4876,5286,99.25,55.0
2026_02_04,5286,1770194776,25455.75,T,5097,5450,55.0,42.5
2026_02_04,5450,1770195630,25413.25,B,5286,5469,42.5,36.25
2026_02_04,5469,1770195725,25449.5,T,5450,5735,36.25,91.5
2026_02_04,5735,1770197105,25358.0,B,5469,5800,91.5,39.75
2026_02_04,5800,1770197435,25397.75,T,5735,5953,39.75,43.25
2026_02_04,5953,1770198245,25354.5,B,5800,6532,43.25,111.75
2026_02_04,6532,1770201310,25466.25,T,5953,6661,111.75,31.75
2026_02_04,6661,1770201995,25434.5,B,6532,7478,31.75,56.0
2026_02_04,7478,1770206485,25490.5,T,6661,8293,56.0,116.25
2026_02_04,8293,1770210710,25374.25,B,7478,8356,116.25,34.5
2026_02_04,8356,1770211030,25408.75,T,8293,8439,34.5,39.25
2026_02_04,8439,1770211455,25369.5,B,8356,8560,39.25,44.0
2026_02_04,8560,1770212090,25413.5,T,8439,8560,44.0,34.75
2026_02_04,8560,1770212090,25378.75,B,8560,8561,34.75,39.25
2026_02_04,8561,1770212095,25418.0,T,8560,8954,39.25,93.0
2026_02_04,8954,1770214075,25325.0,B,8561,9208,93.0,63.5
2026_02_04,9208,1770215345,25388.5,T,8954,9224,63.5,71.75
2026_02_04,9224,1770215425,25316.75,B,9208,9224,71.75,34.5
2026_02_04,9224,1770215425,25351.25,T,9224,9231,34.5,72.75
2026_02_04,9231,1770215460,25278.5,B,9224,9231,72.75,31.0
2026_02_04,9231,1770215460,25309.5,T,9231,9247,31.0,79.5
2026_02_04,9247,1770215540,25230.0,B,9231,9258,79.5,70.75
2026_02_04,9258,1770215595,25300.75,T,9247,9268,70.75,51.75
2026_02_04,9268,1770215645,25249.0,B,9258,9272,51.75,55.0
2026_02_04,9272,1770215665,25304.0,T,9268,9281,55.0,41.25
2026_02_04,9281,1770215710,25262.75,B,9272,9286,41.25,59.75
2026_02_04,9286,1770215735,25322.5,T,9281,9286,59.75,41.0
2026_02_04,9286,1770215735,25281.5,B,9286,9296,41.0,102.75
2026_02_04,9296,1770215785,25384.25,T,9286,9305,102.75,61.75
2026_02_04,9305,1770215830,25322.5,B,9296,9307,61.75,36.25
2026_02_04,9307,1770215840,25358.75,T,9305,9313,36.25,59.5
2026_02_04,9313,1770215870,25299.25,B,9307,9319,59.5,66.5
2026_02_04,9319,1770215900,25365.75,T,9313,9330,66.5,38.75
2026_02_04,9330,1770215955,25327.0,B,9319,9335,38.75,30.75
2026_02_04,9335,1770215980,25357.75,T,9330,9351,30.75,63.0
2026_02_04,9351,1770216060,25294.75,B,9335,9357,63.0,75.0
2026_02_04,9357,1770216090,25369.75,T,9351,9365,75.0,49.5
2026_02_04,9365,1770216130,25320.25,B,9357,9375,49.5,69.75
2026_02_04,9375,1770216180,25390.0,T,9365,9407,69.75,98.0
2026_02_04,9407,1770216340,25292.0,B,9375,9426,98.0,53.5
2026_02_04,9426,1770216435,25345.5,T,9407,9433,53.5,40.0
2026_02_04,9433,1770216470,25305.5,B,9426,9439,40.0,66.25
2026_02_04,9439,1770216500,25371.75,T,9433,9455,66.25,47.75
2026_02_04,9455,1770216580,25324.0,B,9439,9462,47.75,33.75
2026_02_04,9462,1770216615,25357.75,T,9455,9507,33.75,114.5
2026_02_04,9507,1770216840,25243.25,B,9462,9523,114.5,69.25
2026_02_04,9523,1770216920,25312.5,T,9507,9579,69.25,150.25
2026_02_04,9579,1770217200,25162.25,B,9523,9579,150.25,32.0
2026_02_04,9579,1770217200,25194.25,T,9579,9605,32.0,86.25
2026_02_04,9605,1770217330,25108.0,B,9579,9618,86.25,65.5
2026_02_04,9618,1770217395,25173.5,T,9605,9634,65.5,38.75
2026_02_04,9634,1770217475,25134.75,B,9618,9641,38.75,56.25
2026_02_04,9641,1770217510,25191.0,T,9634,9641,56.25,35.0
2026_02_04,9641,1770217510,25156.0,B,9641,9645,35.0,40.5
2026_02_04,9645,1770217530,25196.5,T,9641,9663,40.5,42.75
2026_02_04,9663,1770217620,25153.75,B,9645,9704,42.75,99.75
2026_02_04,9704,1770217825,25253.5,T,9663,9714,99.75,51.0
2026_02_04,9714,1770217875,25202.5,B,9704,9716,51.0,58.0
2026_02_04,9716,1770217885,25260.5,T,9714,9722,58.0,37.5
2026_02_04,9722,1770217915,25223.0,B,9716,9725,37.5,36.75
2026_02_04,9725,1770217930,25259.75,T,9722,9736,36.75,63.25
2026_02_04,9736,1770217985,25196.5,B,9725,9742,63.25,56.25
2026_02_04,9742,1770218015,25252.75,T,9736,9747,56.25,51.75
2026_02_04,9747,1770218040,25201.0,B,9742,9747,51.75,30.5
2026_02_04,9747,1770218040,25231.5,T,9747,9748,30.5,37.5
2026_02_04,9748,1770218045,25194.0,B,9747,9764,37.5,43.0
2026_02_04,9764,1770218125,25237.0,T,9748,9792,43.0,46.75
2026_02_04,9792,1770218265,25190.25,B,9764,9796,46.75,38.5
2026_02_04,9796,1770218285,25228.75,T,9792,9800,38.5,48.5
2026_02_04,9800,1770218305,25180.25,B,9796,9826,48.5,58.0
2026_02_04,9826,1770218435,25238.25,T,9800,9831,58.0,40.25
2026_02_04,9831,1770218460,25198.0,B,9826,9843,40.25,49.25
2026_02_04,9843,1770218520,25247.25,T,9831,9856,49.25,56.25
2026_02_04,9856,1770218585,25191.0,B,9843,9892,56.25,114.0
2026_02_04,9892,1770218765,25305.0,T,9856,9918,114.0,79.25
2026_02_04,9918,1770218895,25225.75,B,9892,9941,79.25,34.0
2026_02_04,9941,1770219010,25259.75,T,9918,9957,34.0,65.5
2026_02_04,9957,1770219090,25194.25,B,9941,9971,65.5,33.0
2026_02_04,9971,1770219160,25227.25,T,9957,10040,33.0,107.75
2026_02_04,10040,1770219505,25119.5,B,9971,10044,107.75,90.5
2026_02_04,10044,1770219525,25210.0,T,10040,10044,90.5,30.25
2026_02_04,10044,1770219525,25179.75,B,10044,10048,30.25,76.75
2026_02_04,10048,1770219545,25256.5,T,10044,10060,76.75,76.5
2026_02_04,10060,1770219605,25180.0,B,10048,10076,76.5,91.0
2026_02_04,10076,1770219685,25271.0,T,10060,10085,91.0,53.25
2026_02_04,10085,1770219730,25217.75,B,10076,10088,53.25,30.0
2026_02_04,10088,1770219745,25247.75,T,10085,10097,30.0,66.0
2026_02_04,10097,1770219790,25181.75,B,10088,10112,66.0,48.25
2026_02_04,10112,1770219865,25230.0,T,10097,10132,48.25,77.5
2026_02_04,10132,1770219965,25152.5,B,10112,10144,77.5,49.75
2026_02_04,10144,1770220025,25202.25,T,10132,10168,49.75,48.75
2026_02_04,10168,1770220145,25153.5,B,10144,10185,48.75,32.0
2026_02_04,10185,1770220230,25185.5,T,10168,10200,32.0,37.75
2026_02_04,10200,1770220305,25147.75,B,10185,10218,37.75,50.75
2026_02_04,10218,1770220395,25198.5,T,10200,10227,50.75,48.0
2026_02_04,10227,1770220440,25150.5,B,10218,10243,48.0,43.0
2026_02_04,10243,1770220520,25193.5,T,10227,10275,43.0,61.75
2026_02_04,10275,1770220680,25131.75,B,10243,10287,61.75,49.25
2026_02_04,10287,1770220740,25181.0,T,10275,10295,49.25,40.5
2026_02_04,10295,1770220780,25140.5,B,10287,10300,40.5,31.0
2026_02_04,10300,1770220805,25171.5,T,10295,10364,31.0,105.0
2026_02_04,10364,1770221125,25066.5,B,10300,10376,105.0,41.0
2026_02_04,10376,1770221185,25107.5,T,10364,10415,41.0,55.0
2026_02_04,10415,1770221380,25052.5,B,10376,10455,55.0,89.5
2026_02_04,10455,1770221580,25142.0,T,10415,10535,89.5,100.5
2026_02_04,10535,1770221980,25041.5,B,10455,10551,100.5,39.75
2026_02_04,10551,1770222060,25081.25,T,10535,10561,39.75,33.5
2026_02_04,10561,1770222110,25047.75,B,10551,10626,33.5,91.5
2026_02_04,10626,1770222435,25139.25,T,10561,10750,91.5,92.75
2026_02_04,10750,1770223055,25046.5,B,10626,10757,92.75,31.5
2026_02_04,10757,1770223090,25078.0,T,10750,10890,31.5,137.75
2026_02_04,10890,1770223755,24940.25,B,10757,10900,137.75,30.25
2026_02_04,10900,1770223805,24970.5,T,10890,10914,30.25,42.5
2026_02_04,10914,1770223875,24928.0,B,10900,10963,42.5,91.75
2026_02_04,10963,1770224120,25019.75,T,10914,10976,91.75,32.75
2026_02_04,10976,1770224185,24987.0,B,10963,11014,32.75,56.75
2026_02_04,11014,1770224375,25043.75,T,10976,11025,56.75,30.0
2026_02_04,11025,1770224430,25013.75,B,11014,11058,30.0,43.75
2026_02_04,11058,1770224595,25057.5,T,11025,11112,43.75,50.0
2026_02_04,11112,1770224865,25007.5,B,11058,11133,50.0,34.25
2026_02_04,11133,1770224970,25041.75,T,11112,11158,34.25,58.0
2026_02_04,11158,1770225095,24983.75,B,11133,11201,58.0,58.75
2026_02_04,11201,1770225310,25042.5,T,11158,11265,58.75,72.75
2026_02_04,11265,1770225630,24969.75,B,11201,11281,72.75,32.75
2026_02_04,11281,1770225710,25002.5,T,11265,11343,32.75,103.5
2026_02_04,11343,1770226020,24899.0,B,11281,11343,103.5,58.0
2026_02_04,11343,1770226020,24957.0,T,11343,11344,58.0,73.5
2026_02_04,11344,1770226025,24883.5,B,11343,11358,73.5,49.75
2026_02_04,11358,1770226095,24933.25,T,11344,11380,49.75,66.5
2026_02_04,11380,1770226205,24866.75,B,11358,11395,66.5,70.25
2026_02_04,11395,1770226280,24937.0,T,11380,11399,70.25,38.0
2026_02_04,11399,1770226300,24899.0,B,11395,11404,38.0,48.0
2026_02_04,11404,1770226325,24947.0,T,11399,11504,48.0,148.25
2026_02_04,11504,1770226825,24798.75,B,11404,11528,148.25,49.0
2026_02_04,11528,1770226945,24847.75,T,11504,11536,49.0,39.0
2026_02_04,11536,1770226985,24808.75,B,11528,11563,39.0,52.75
2026_02_04,11563,1770227120,24861.5,T,11536,11624,52.75,78.0
2026_02_04,11624,1770227425,24783.5,B,11563,11691,78.0,92.5
2026_02_04,11691,1770227760,24876.0,T,11624,11707,92.5,30.25
2026_02_04,11707,1770227840,24845.75,B,11691,11739,30.25,43.0
2026_02_04,11739,1770228000,24888.75,T,11707,11775,43.0,62.0
2026_02_04,11775,1770228180,24826.75,B,11739,11838,62.0,73.25
2026_02_04,11838,1770228495,24900.0,T,11775,11859,73.25,81.0
2026_02_04,11859,1770228600,24819.0,B,11838,11922,81.0,49.0
2026_02_04,11922,1770228915,24868.0,T,11859,11975,49.0,43.0
2026_02_04,11975,1770229180,24825.0,B,11922,12091,43.0,125.0
2026_02_04,12091,1770229760,24950.0,T,11975,12136,125.0,97.75
2026_02_04,12136,1770229985,24852.25,B,12091,12163,97.75,53.25
2026_02_04,12163,1770230120,24905.5,T,12136,12175,53.25,39.5
2026_02_04,12175,1770230180,24866.0,B,12163,12254,39.5,74.0
2026_02_04,12254,1770230575,24940.0,T,12175,12321,74.0,75.0
2026_02_04,12321,1770230910,24865.0,B,12254,12328,75.0,30.75
2026_02_04,12328,1770230945,24895.75,T,12321,12358,30.75,62.0
2026_02_04,12358,1770231095,24833.75,B,12328,12444,62.0,126.0
2026_02_04,12444,1770231525,24959.75,T,12358,12478,126.0,53.75
2026_02_04,12478,1770231695,24906.0,B,12444,12499,53.75,35.5
2026_02_04,12499,1770231800,24941.5,T,12478,12521,35.5,77.75
2026_02_04,12521,1770231910,24863.75,B,12499,12687,77.75,90.5
2026_02_04,12687,1770232740,24954.25,T,12521,12729,90.5,64.25
2026_02_04,12729,1770232950,24890.0,B,12687,12882,64.25,125.0
2026_02_04,12882,1770233715,25015.0,T,12729,12904,125.0,38.75
2026_02_04,12904,1770233825,24976.25,B,12882,12983,38.75,68.0
2026_02_04,12983,1770234220,25044.25,T,12904,13008,68.0,33.25
2026_02_04,13008,1770234345,25011.0,B,12983,13018,33.25,64.0
2026_02_04,13018,1770234395,25075.0,T,13008,13036,64.0,37.75
2026_02_04,13036,1770234485,25037.25,B,13018,13039,37.75,73.25
2026_02_04,13039,1770234500,25110.5,T,13036,13042,73.25,38.75
2026_02_04,13042,1770234515,25071.75,B,13039,13047,38.75,32.75
2026_02_04,13047,1770234540,25104.5,T,13042,13070,32.75,53.5
2026_02_04,13070,1770234655,25051.0,B,13047,13104,53.5,57.75
2026_02_04,13104,1770234825,25108.75,T,13070,13127,57.75,43.0
2026_02_04,13127,1770234940,25065.75,B,13104,13179,43.0,58.0
2026_02_04,13179,1770235200,25123.75,T,13127,13211,58.0,70.75
2026_02_04,13211,1770235360,25053.0,B,13179,13299,70.75,37.75
2026_02_04,13299,1770235800,25090.75,T,13211,13343,37.75,70.25
2026_02_04,13343,1770236020,25020.5,B,13299,13372,70.25,39.5
2026_02_04,13372,1770236165,25060.0,T,13343,13378,39.5,32.75
2026_02_04,13378,1770236195,25027.25,B,13372,13506,32.75,62.25
2026_02_04,13506,1770236835,25089.5,T,13378,13570,62.25,50.0
2026_02_04,13570,1770237156,25039.5,B,13506,13700,50.0,59.0
2026_02_04,13700,1770237805,25098.5,T,13570,13737,59.0,52.5
2026_02_04,13737,1770237990,25046.0,B,13700,13779,52.5,46.75
2026_02_04,13779,1770238200,25092.75,T,13737,13861,46.75,113.75
2026_02_04,13861,1770238610,24979.0,B,13779,13912,113.75,64.0
2026_02_04,13912,1770238865,25043.0,T,13861,13921,64.0,34.25
2026_02_04,13921,1770238910,25008.75,B,13912,13926,34.25,51.25
2026_02_04,13926,1770238935,25060.0,T,13921,13927,51.25,91.5
2026_02_04,13927,1770238940,24968.5,B,13926,13927,91.5,60.5
2026_02_04,13927,1770238940,25029.0,T,13927,13930,60.5,82.5
2026_02_04,13930,1770238955,24946.5,B,13927,13930,82.5,35.25
2026_02_04,13930,1770238955,24981.75,T,13930,13936,35.25,79.5
2026_02_04,13936,1770238985,24902.25,B,13930,13936,79.5,33.0
2026_02_04,13936,1770238985,24935.25,T,13936,13937,33.0,37.0
2026_02_04,13937,1770238990,24898.25,B,13936,13938,37.0,31.25
2026_02_04,13938,1770238995,24929.5,T,13937,13950,31.25,53.5
2026_02_04,13950,1770239055,24876.0,B,13938,13953,53.5,73.0
2026_02_04,13953,1770239070,24949.0,T,13950,13953,73.0,37.5
2026_02_04,13953,1770239070,24911.5,B,13953,13955,37.5,42.5
2026_02_04,13955,1770239080,24954.0,T,13953,13958,42.5,54.0
2026_02_04,13958,1770239095,24900.0,B,13955,13960,54.0,77.5
2026_02_04,13960,1770239105,24977.5,T,13958,13961,77.5,51.25
2026_02_04,13961,1770239110,24926.25,B,13960,13961,51.25,41.25
2026_02_04,13961,1770239110,24967.5,T,13961,13962,41.25,30.75
2026_02_04,13962,1770239115,24936.75,B,13961,13979,30.75,81.5
2026_02_04,13979,1770239200,25018.25,T,13962,13983,81.5,43.25
2026_02_04,13983,1770239220,24975.0,B,13979,13985,43.25,30.25
2026_02_04,13985,1770239230,25005.25,T,13983,13989,30.25,55.25
2026_02_04,13989,1770239250,24950.0,B,13985,13993,55.25,45.0
2026_02_04,13993,1770239270,24995.0,T,13989,14000,45.0,37.0
2026_02_04,14000,1770239305,24958.0,B,13993,14008,37.0,78.0
2026_02_04,14008,1770239345,25036.0,T,14000,14015,78.0,36.5
2026_02_04,14015,1770239380,24999.5,B,14008,14018,36.5,31.5
2026_02_04,14018,1770239395,25031.0,T,14015,14020,31.5,30.75
2026_02_04,14020,1770239405,25000.25,B,14018,14023,30.75,49.5
2026_02_04,14023,1770239420,25049.75,T,14020,14051,49.5,38.0
2026_02_04,14051,1770239560,25011.75,B,14023,14063,38.0,51.75
2026_02_04,14063,1770239620,25063.5,T,14051,14101,51.75,68.75
2026_02_04,14101,1770239810,24994.75,B,14063,14123,68.75,48.25
2026_02_04,14123,1770239921,25043.0,T,14101,14158,48.25,47.75
2026_02_04,14158,1770240095,24995.25,B,14123,14324,47.75,186.0
2026_02_04,14324,1770240930,25181.25,T,14158,14343,186.0,48.5
2026_02_04,14343,1770241025,25132.75,B,14324,14361,48.5,42.5
2026_02_04,14361,1770241115,25175.25,T,14343,14422,42.5,39.25
2026_02_04,14422,1770241421,25136.0,B,14361,14478,39.25,36.75
2026_02_04,14478,1770241705,25172.75,T,14422,14510,36.75,61.0
2026_02_04,14510,1770241866,25111.75,B,14478,14550,61.0,46.5
2026_02_04,14550,1770242065,25158.25,T,14510,14617,46.5,103.25
2026_02_04,14617,1770246000,25055.0,B,14550,14683,103.25,59.0
2026_02_04,14683,1770246335,25114.0,T,14617,14724,59.0,56.25
2026_02_04,14724,1770246540,25057.75,B,14683,14753,56.25,48.25
2026_02_04,14753,1770246690,25106.0,T,14724,14886,48.25,43.25
2026_02_04,14886,1770247505,25062.75,B,14753,14955,43.25,62.25
2026_02_04,14955,1770247920,25125.0,T,14886,15061,62.25,60.5
2026_02_04,15061,1770248510,25064.5,B,14955,15145,60.5,37.5
2026_02_05,27,1770249735,25030.75,B,0,485,36.75,104.75
2026_02_05,485,1770252225,25135.5,T,27,667,104.75,36.25
2026_02_05,667,1770253215,25099.25,B,485,863,36.25,69.75
2026_02_05,863,1770254230,25169.0,T,667,967,69.75,59.25
2026_02_05,967,1770254766,25109.75,B,863,1188,59.25,43.75
2026_02_05,1188,1770255960,25153.5,T,967,1540,43.75,194.25
2026_02_05,1540,1770257820,24959.25,B,1188,1769,194.25,135.25
2026_02_05,1769,1770258975,25094.5,T,1540,2045,135.25,146.25
2026_02_05,2045,1770260420,24948.25,B,1769,2069,146.25,59.0
2026_02_05,2069,1770260541,25007.25,T,2045,2118,59.0,35.0
2026_02_05,2118,1770260790,24972.25,B,2069,2163,35.0,46.75
2026_02_05,2163,1770261030,25019.0,T,2118,2238,46.75,39.5
2026_02_05,2238,1770261415,24979.5,B,2163,2310,39.5,57.5
2026_02_05,2310,1770261786,25037.0,T,2238,2501,57.5,78.5
2026_02_05,2501,1770262790,24958.5,B,2310,2557,78.5,43.5
2026_02_05,2557,1770263095,25002.0,T,2501,2666,43.5,72.25
2026_02_05,2666,1770263680,24929.75,B,2557,2694,72.25,36.75
2026_02_05,2694,1770263820,24966.5,T,2666,2716,36.75,30.5
2026_02_05,2716,1770263940,24936.0,B,2694,2767,30.5,49.25
2026_02_05,2767,1770264196,24985.25,T,2716,3039,49.25,69.5
2026_02_05,3039,1770265630,24915.75,B,2767,3304,69.5,111.25
2026_02_05,3304,1770267050,25027.0,T,3039,3642,111.25,63.25
2026_02_05,3642,1770268925,24963.75,B,3304,3867,63.25,81.75
2026_02_05,3867,1770270132,25045.5,T,3642,4028,81.75,56.25
2026_02_05,4028,1770271015,24989.25,B,3867,4243,56.25,63.5
2026_02_05,4243,1770272245,25052.75,T,4028,4294,63.5,40.75
2026_02_05,4294,1770272501,25012.0,B,4243,4710,40.75,74.75
2026_02_05,4710,1770274970,25086.75,T,4294,4921,74.75,31.5
2026_02_05,4921,1770276220,25055.25,B,4710,4987,31.5,34.5
2026_02_05,4987,1770276581,25089.75,T,4921,5114,34.5,43.25
2026_02_05,5114,1770277390,25046.5,B,4987,5162,43.25,33.25
2026_02_05,5162,1770277693,25079.75,T,5114,5190,33.25,30.5
2026_02_05,5190,1770277845,25049.25,B,5162,5232,30.5,40.5
2026_02_05,5232,1770278086,25089.75,T,5190,5285,40.5,48.5
2026_02_05,5285,1770278370,25041.25,B,5232,5520,48.5,82.5
2026_02_05,5520,1770279571,25123.75,T,5285,5627,82.5,45.75
2026_02_05,5627,1770280130,25078.0,B,5520,5660,45.75,35.5
2026_02_05,5660,1770280300,25113.5,T,5627,5715,35.5,43.5
2026_02_05,5715,1770280615,25070.0,B,5660,5788,43.5,33.25
2026_02_05,5788,1770280985,25103.25,T,5715,5987,33.25,114.75
2026_02_05,5987,1770282000,24988.5,B,5788,6023,114.75,53.75
2026_02_05,6023,1770282180,25042.25,T,5987,6057,53.75,60.75
2026_02_05,6057,1770282350,24981.5,B,6023,6093,60.75,37.5
2026_02_05,6093,1770282530,25019.0,T,6057,6131,37.5,40.25
2026_02_05,6131,1770282721,24978.75,B,6093,6364,40.25,118.0
2026_02_05,6364,1770283920,25096.75,T,6131,6562,118.0,85.75
2026_02_05,6562,1770284955,25011.0,B,6364,6640,85.75,46.75
2026_02_05,6640,1770285365,25057.75,T,6562,6766,46.75,35.25
2026_02_05,6766,1770286106,25022.5,B,6640,6968,35.25,69.5
2026_02_05,6968,1770287220,25092.0,T,6766,7095,69.5,65.25
2026_02_05,7095,1770287880,25026.75,B,6968,7156,65.25,32.5
2026_02_05,7156,1770288207,25059.25,T,7095,7362,32.5,47.75
2026_02_05,7362,1770289410,25011.5,B,7156,7574,47.75,53.5
2026_02_05,7574,1770290600,25065.0,T,7362,7685,53.5,74.0
2026_02_05,7685,1770291180,24991.0,B,7574,7950,74.0,43.25
2026_02_05,7950,1770292606,25034.25,T,7685,7993,43.25,32.5
2026_02_05,7993,1770292870,25001.75,B,7950,8039,32.5,54.75
2026_02_05,8039,1770293111,25056.5,T,7993,8269,54.75,175.75
2026_02_05,8269,1770294315,24880.75,B,8039,8282,175.75,49.5
2026_02_05,8282,1770294380,24930.25,T,8269,8328,49.5,50.5
2026_02_05,8328,1770294610,24879.75,B,8282,8336,50.5,38.0
2026_02_05,8336,1770294650,24917.75,T,8328,8401,38.0,111.25
2026_02_05,8401,1770294975,24806.5,B,8336,8431,111.25,54.75
2026_02_05,8431,1770295125,24861.25,T,8401,8452,54.75,46.25
2026_02_05,8452,1770295230,24815.0,B,8431,8458,46.25,31.75
2026_02_05,8458,1770295260,24846.75,T,8452,8499,31.75,94.0
2026_02_05,8499,1770295465,24752.75,B,8458,8507,94.0,53.25
2026_02_05,8507,1770295505,24806.0,T,8499,8551,53.25,98.5
2026_02_05,8551,1770295725,24707.5,B,8507,8574,98.5,65.5
2026_02_05,8574,1770295840,24773.0,T,8551,8577,65.5,37.5
2026_02_05,8577,1770295855,24735.5,B,8574,8623,37.5,58.25
2026_02_05,8623,1770296085,24793.75,T,8577,8635,58.25,57.5
2026_02_05,8635,1770296145,24736.25,B,8623,8705,57.5,88.0
2026_02_05,8705,1770296495,24824.25,T,8635,8745,88.0,53.0
2026_02_05,8745,1770296695,24771.25,B,8705,8807,53.0,68.0
2026_02_05,8807,1770297005,24839.25,T,8745,8832,68.0,49.0
2026_02_05,8832,1770297130,24790.25,B,8807,8846,49.0,32.5
2026_02_05,8846,1770297200,24822.75,T,8832,8879,32.5,40.5
2026_02_05,8879,1770297365,24782.25,B,8846,8902,40.5,42.75
2026_02_05,8902,1770297480,24825.0,T,8879,8923,42.75,40.75
2026_02_05,8923,1770297585,24784.25,B,8902,8944,40.75,39.0
2026_02_05,8944,1770297690,24823.25,T,8923,9047,39.0,52.0
2026_02_05,9047,1770298205,24771.25,B,8944,9047,52.0,30.0
2026_02_05,9047,1770298205,24801.25,T,9047,9056,30.0,38.25
2026_02_05,9056,1770298250,24763.0,B,9047,9143,38.25,106.25
2026_02_05,9143,1770298685,24869.25,T,9056,9299,106.25,110.5
2026_02_05,9299,1770299465,24758.75,B,9143,9342,110.5,58.75
2026_02_05,9342,1770299680,24817.5,T,9299,9406,58.75,55.0
2026_02_05,9406,1770300000,24762.5,B,9342,9414,55.0,30.75
2026_02_05,9414,1770300040,24793.25,T,9406,9415,30.75,57.75
2026_02_05,9415,1770300045,24735.5,B,9414,9436,57.75,103.25
2026_02_05,9436,1770300150,24838.75,T,9415,9625,103.25,101.75
2026_02_05,9625,1770301095,24737.0,B,9436,9643,101.75,42.25
2026_02_05,9643,1770301185,24779.25,T,9625,9671,42.25,54.0
2026_02_05,9671,1770301325,24725.25,B,9643,9706,54.0,43.5
2026_02_05,9706,1770301500,24768.75,T,9671,9733,43.5,32.5
2026_02_05,9733,1770301635,24736.25,B,9706,9762,32.5,43.25
2026_02_05,9762,1770301780,24779.5,T,9733,9771,43.25,88.0
2026_02_05,9771,1770301825,24691.5,B,9762,9775,88.0,49.0
2026_02_05,9775,1770301845,24740.5,T,9771,9778,49.0,35.5
2026_02_05,9778,1770301860,24705.0,B,9775,9778,35.5,30.5
2026_02_05,9778,1770301860,24735.5,T,9778,9779,30.5,30.75
2026_02_05,9779,1770301865,24704.75,B,9778,9781,30.75,40.0
2026_02_05,9781,1770301875,24744.75,T,9779,9793,40.0,92.75
2026_02_05,9793,1770301935,24652.0,B,9781,9795,92.75,69.75
2026_02_05,9795,1770301945,24721.75,T,9793,9795,69.75,32.25
2026_02_05,9795,1770301945,24689.5,B,9795,9798,32.25,71.0
2026_02_05,9798,1770301960,24760.5,T,9795,9805,71.0,61.25
2026_02_05,9805,1770301995,24699.25,B,9798,9808,61.25,64.5
2026_02_05,9808,1770302010,24763.75,T,9805,9814,64.5,65.75
2026_02_05,9814,1770302040,24698.0,B,9808,9818,65.75,78.5
2026_02_05,9818,1770302060,24776.5,T,9814,9820,78.5,35.0
2026_02_05,9820,1770302070,24741.5,B,9818,9828,35.0,106.25
2026_02_05,9828,1770302110,24847.75,T,9820,9840,106.25,71.75
2026_02_05,9840,1770302170,24776.0,B,9828,9844,71.75,36.75
2026_02_05,9844,1770302190,24812.75,T,9840,9852,36.75,56.0
2026_02_05,9852,1770302230,24756.75,B,9844,9854,56.0,77.0
2026_02_05,9854,1770302240,24833.75,T,9852,9854,77.0,51.0
2026_02_05,9854,1770302240,24782.75,B,9854,9886,51.0,123.25
2026_02_05,9886,1770302400,24906.0,T,9854,9891,123.25,36.75
2026_02_05,9891,1770302425,24869.25,B,9886,9899,36.75,60.5
2026_02_05,9899,1770302465,24929.75,T,9891,9911,60.5,87.5
2026_02_05,9911,1770302525,24842.25,B,9899,9916,87.5,64.75
2026_02_05,9916,1770302550,24907.0,T,9911,9922,64.75,38.75
2026_02_05,9922,1770302580,24868.25,B,9916,9941,38.75,67.75
2026_02_05,9941,1770302675,24936.0,T,9922,9953,67.75,48.25
2026_02_05,9953,1770302735,24887.75,B,9941,9961,48.25,44.5
2026_02_05,9961,1770302775,24932.25,T,9953,9964,44.5,45.0
2026_02_05,9964,1770302790,24887.25,B,9961,9974,45.0,51.25
2026_02_05,9974,1770302840,24938.5,T,9964,9982,51.25,38.5
2026_02_05,9982,1770302880,24900.0,B,9974,9982,38.5,35.25
2026_02_05,9982,1770302880,24935.25,T,9982,9994,35.25,62.5
2026_02_05,9994,1770302940,24872.75,B,9982,10009,62.5,83.75
2026_02_05,10009,1770303015,24956.5,T,9994,10009,83.75,39.5
2026_02_05,10009,1770303015,24917.0,B,10009,10013,39.5,43.75
2026_02_05,10013,1770303035,24960.75,T,10009,10029,43.75,87.25
2026_02_05,10029,1770303115,24873.5,B,10013,10030,87.25,32.25
2026_02_05,10030,1770303120,24905.75,T,10029,10038,32.25,41.0
2026_02_05,10038,1770303160,24864.75,B,10030,10045,41.0,60.0
2026_02_05,10045,1770303195,24924.75,T,10038,10064,60.0,81.5
2026_02_05,10064,1770303290,24843.25,B,10045,10069,81.5,32.0
2026_02_05,10069,1770303315,24875.25,T,10064,10091,32.0,89.0
2026_02_05,10091,1770303425,24786.25,B,10069,10095,89.0,38.25
2026_02_05,10095,1770303445,24824.5,T,10091,10126,38.25,84.75
2026_02_05,10126,1770303600,24739.75,B,10095,10126,84.75,61.0
2026_02_05,10126,1770303600,24800.75,T,10126,10131,61.0,76.75
2026_02_05,10131,1770303625,24724.0,B,10126,10131,76.75,33.5
2026_02_05,10131,1770303625,24757.5,T,10131,10132,33.5,35.25
2026_02_05,10132,1770303630,24722.25,B,10131,10134,35.25,37.5
2026_02_05,10134,1770303640,24759.75,T,10132,10152,37.5,74.0
2026_02_05,10152,1770303730,24685.75,B,10134,10159,74.0,50.25
2026_02_05,10159,1770303765,24736.0,T,10152,10175,50.25,56.25
2026_02_05,10175,1770303845,24679.75,B,10159,10179,56.25,39.5
2026_02_05,10179,1770303865,24719.25,T,10175,10198,39.5,48.0
2026_02_05,10198,1770303960,24671.25,B,10179,10203,48.0,34.25
2026_02_05,10203,1770303985,24705.5,T,10198,10229,34.25,63.5
2026_02_05,10229,1770304115,24642.0,B,10203,10240,63.5,52.5
2026_02_05,10240,1770304170,24694.5,T,10229,10246,52.5,36.75
2026_02_05,10246,1770304200,24657.75,B,10240,10251,36.75,42.25
2026_02_05,10251,1770304225,24700.0,T,10246,10309,42.25,150.0
2026_02_05,10309,1770304515,24550.0,B,10251,10318,150.0,64.5
2026_02_05,10318,1770304560,24614.5,T,10309,10318,64.5,34.5
2026_02_05,10318,1770304560,24580.0,B,10318,10321,34.5,66.75
2026_02_05,10321,1770304575,24646.75,T,10318,10330,66.75,40.25
2026_02_05,10330,1770304620,24606.5,B,10321,10335,40.25,49.25
2026_02_05,10335,1770304645,24655.75,T,10330,10343,49.25,44.5
2026_02_05,10343,1770304685,24611.25,B,10335,10347,44.5,32.75
2026_02_05,10347,1770304705,24644.0,T,10343,10354,32.75,39.5
2026_02_05,10354,1770304740,24604.5,B,10347,10366,39.5,39.75
2026_02_05,10366,1770304800,24644.25,T,10354,10382,39.75,47.0
2026_02_05,10382,1770304880,24597.25,B,10366,10387,47.0,38.25
2026_02_05,10387,1770304905,24635.5,T,10382,10392,38.25,41.5
2026_02_05,10392,1770304930,24594.0,B,10387,10397,41.5,67.75
2026_02_05,10397,1770304955,24661.75,T,10392,10412,67.75,83.0
2026_02_05,10412,1770305030,24578.75,B,10397,10431,83.0,85.25
2026_02_05,10431,1770305125,24664.0,T,10412,10460,85.25,105.75
2026_02_05,10460,1770305270,24558.25,B,10431,10467,105.75,67.25
2026_02_05,10467,1770305305,24625.5,T,10460,10475,67.25,58.25
2026_02_05,10475,1770305345,24567.25,B,10467,10493,58.25,60.25
2026_02_05,10493,1770305435,24627.5,T,10475,10516,60.25,73.25
2026_02_05,10516,1770305550,24554.25,B,10493,10523,73.25,30.5
2026_02_05,10523,1770305585,24584.75,T,10516,10531,30.5,32.0
2026_02_05,10531,1770305625,24552.75,B,10523,10536,32.0,37.0
2026_02_05,10536,1770305650,24589.75,T,10531,10539,37.0,34.75
2026_02_05,10539,1770305665,24555.0,B,10536,10548,34.75,40.0
2026_02_05,10548,1770305710,24595.0,T,10539,10557,40.0,31.25
2026_02_05,10557,1770305755,24563.75,B,10548,10600,31.25,108.0
2026_02_05,10600,1770305970,24671.75,T,10557,10612,108.0,50.5
2026_02_05,10612,1770306030,24621.25,B,10600,10633,50.5,79.0
2026_02_05,10633,1770306135,24700.25,T,10612,10653,79.0,41.0
2026_02_05,10653,1770306235,24659.25,B,10633,10660,41.0,40.5
2026_02_05,10660,1770306270,24699.75,T,10653,10714,40.5,129.0
2026_02_05,10714,1770306540,24570.75,B,10660,10748,129.0,69.25
2026_02_05,10748,1770306710,24640.0,T,10714,10752,69.25,45.0
2026_02_05,10752,1770306730,24595.0,B,10748,10765,45.0,60.5
2026_02_05,10765,1770306795,24655.5,T,10752,10772,60.5,50.5
2026_02_05,10772,1770306830,24605.0,B,10765,10775,50.5,36.0
2026_02_05,10775,1770306845,24641.0,T,10772,10784,36.0,45.5
2026_02_05,10784,1770306890,24595.5,B,10775,10802,45.5,41.25
2026_02_05,10802,1770306980,24636.75,T,10784,10820,41.25,68.5
2026_02_05,10820,1770307070,24568.25,B,10802,10829,68.5,58.75
2026_02_05,10829,1770307115,24627.0,T,10820,10835,58.75,30.75
2026_02_05,10835,1770307145,24596.25,B,10829,10867,30.75,56.0
2026_02_05,10867,1770307305,24652.25,T,10835,10919,56.0,76.75
2026_02_05,10919,1770307565,24575.5,B,10867,10925,76.75,34.0
2026_02_05,10925,1770307595,24609.5,T,10919,10954,34.0,53.25
2026_02_05,10954,1770307740,24556.25,B,10925,10970,53.25,55.25
2026_02_05,10970,1770307820,24611.5,T,10954,11025,55.25,68.25
2026_02_05,11025,1770308095,24543.25,B,10970,11087,68.25,165.5
2026_02_05,11087,1770308405,24708.75,T,11025,11096,165.5,36.5
2026_02_05,11096,1770308450,24672.25,B,11087,11123,36.5,68.5
2026_02_05,11123,1770308585,24740.75,T,11096,11134,68.5,59.5
2026_02_05,11134,1770308640,24681.25,B,11123,11148,59.5,65.5
2026_02_05,11148,1770308710,24746.75,T,11134,11158,65.5,36.75
2026_02_05,11158,1770308760,24710.0,B,11148,11171,36.75,49.25
2026_02_05,11171,1770308825,24759.25,T,11158,11173,49.25,30.0
2026_02_05,11173,1770308835,24729.25,B,11171,11215,30.0,79.0
2026_02_05,11215,1770309045,24808.25,T,11173,11227,79.0,37.5
2026_02_05,11227,1770309105,24770.75,B,11215,11235,37.5,31.5
2026_02_05,11235,1770309145,24802.25,T,11227,11243,31.5,31.0
2026_02_05,11243,1770309185,24771.25,B,11235,11255,31.0,53.75
2026_02_05,11255,1770309245,24825.0,T,11243,11276,53.75,36.25
2026_02_05,11276,1770309350,24788.75,B,11255,11279,36.25,33.25
2026_02_05,11279,1770309365,24822.0,T,11276,11303,33.25,38.0
2026_02_05,11303,1770309485,24784.0,B,11279,11313,38.0,38.25
2026_02_05,11313,1770309535,24822.25,T,11303,11346,38.25,61.75
2026_02_05,11346,1770309700,24760.5,B,11313,11367,61.75,56.75
2026_02_05,11367,1770309805,24817.25,T,11346,11435,56.75,87.0
2026_02_05,11435,1770310145,24730.25,B,11367,11463,87.0,102.75
2026_02_05,11463,1770310285,24833.0,T,11435,11470,102.75,30.0
2026_02_05,11470,1770310320,24803.0,B,11463,11513,30.0,53.5
2026_02_05,11513,1770310535,24856.5,T,11470,11523,53.5,65.75
2026_02_05,11523,1770310585,24790.75,B,11513,11566,65.75,43.0
2026_02_05,11566,1770310800,24833.75,T,11523,11617,43.0,90.75
2026_02_05,11617,1770311055,24743.0,B,11566,11643,90.75,49.5
2026_02_05,11643,1770311185,24792.5,T,11617,11652,49.5,40.75
2026_02_05,11652,1770311230,24751.75,B,11643,11656,40.75,32.25
2026_02_05,11656,1770311250,24784.0,T,11652,11697,32.25,39.25
2026_02_05,11697,1770311455,24744.75,B,11656,11705,39.25,39.5
2026_02_05,11705,1770311495,24784.25,T,11697,11716,39.5,48.5
2026_02_05,11716,1770311550,24735.75,B,11705,11745,48.5,48.0
2026_02_05,11745,1770311695,24783.75,T,11716,11825,48.0,61.5
2026_02_05,11825,1770312095,24722.25,B,11745,11910,61.5,142.5
2026_02_05,11910,1770312520,24864.75,T,11825,11919,142.5,36.75
2026_02_05,11919,1770312565,24828.0,B,11910,11928,36.75,31.0
2026_02_05,11928,1770312610,24859.0,T,11919,11950,31.0,50.0
2026_02_05,11950,1770312720,24809.0,B,11928,11961,50.0,33.75
2026_02_05,11961,1770312775,24842.75,T,11950,11994,33.75,46.75
2026_02_05,11994,1770312940,24796.0,B,11961,12058,46.75,81.25
2026_02_05,12058,1770313260,24877.25,T,11994,12100,81.25,50.0
2026_02_05,12100,1770313470,24827.25,B,12058,12130,50.0,60.25
2026_02_05,12130,1770313620,24887.5,T,12100,12167,60.25,105.0
2026_02_05,12167,1770313805,24782.5,B,12130,12179,105.0,54.25
2026_02_05,12179,1770313865,24836.75,T,12167,12271,54.25,68.75
2026_02_05,12271,1770314325,24768.0,B,12179,12311,68.75,66.5
2026_02_05,12311,1770314525,24834.5,T,12271,12418,66.5,88.5
2026_02_05,12418,1770315060,24746.0,B,12311,12441,88.5,49.25
2026_02_05,12441,1770315175,24795.25,T,12418,12571,49.25,84.75
2026_02_05,12571,1770315825,24710.5,B,12441,12613,84.75,45.75
2026_02_05,12613,1770316035,24756.25,T,12571,12636,45.75,33.25
2026_02_05,12636,1770316150,24723.0,B,12613,12661,33.25,50.5
2026_02_05,12661,1770316275,24773.5,T,12636,12779,50.5,80.0
2026_02_05,12779,1770316865,24693.5,B,12661,12802,80.0,36.75
2026_02_05,12802,1770316980,24730.25,T,12779,12929,36.75,68.25
2026_02_05,12929,1770317615,24662.0,B,12802,13095,68.25,98.0
2026_02_05,13095,1770318445,24760.0,T,12929,13103,98.0,34.0
2026_02_05,13103,1770318485,24726.0,B,13095,13287,34.0,113.25
2026_02_05,13287,1770319405,24839.25,T,13103,13402,113.25,156.5
2026_02_05,13402,1770319980,24682.75,B,13287,13439,156.5,51.25
2026_02_05,13439,1770320165,24734.0,T,13402,13451,51.25,33.0
2026_02_05,13451,1770320225,24701.0,B,13439,13470,33.0,41.25
2026_02_05,13470,1770320320,24742.25,T,13451,13634,41.25,69.75
2026_02_05,13634,1770321140,24672.5,B,13470,13656,69.75,34.25
2026_02_05,13656,1770321250,24706.75,T,13634,13663,34.25,33.5
2026_02_05,13663,1770321285,24673.25,B,13656,13858,33.5,134.75
2026_02_05,13858,1770322260,24808.0,T,13663,14111,134.75,187.0
2026_02_05,14111,1770323525,24621.0,B,13858,14134,187.0,33.5
2026_02_05,14134,1770323640,24654.5,T,14111,14150,33.5,38.25
2026_02_05,14150,1770323720,24616.25,B,14134,14212,38.25,62.75
2026_02_05,14212,1770324030,24679.0,T,14150,14311,62.75,83.75
2026_02_05,14311,1770324525,24595.25,B,14212,14326,83.75,37.0
2026_02_05,14326,1770324600,24632.25,T,14311,14354,37.0,64.5
2026_02_05,14354,1770324740,24567.75,B,14326,14416,64.5,96.25
2026_02_05,14416,1770325050,24664.0,T,14354,14446,96.25,39.5
2026_02_05,14446,1770325200,24624.5,B,14416,14456,39.5,60.75
2026_02_05,14456,1770325250,24685.25,T,14446,14458,60.75,74.25
2026_02_05,14458,1770325260,24611.0,B,14456,14459,74.25,109.0
2026_02_05,14459,1770325265,24720.0,T,14458,14459,109.0,88.5
2026_02_05,14459,1770325265,24631.5,B,14459,14460,88.5,56.75
2026_02_05,14460,1770325270,24688.25,T,14459,14465,56.75,55.5
2026_02_05,14465,1770325295,24632.75,B,14460,14465,55.5,38.0
2026_02_05,14465,1770325295,24670.75,T,14465,14466,38.0,42.25
2026_02_05,14466,1770325300,24628.5,B,14465,14470,42.25,37.75
2026_02_05,14470,1770325320,24666.25,T,14466,14511,37.75,113.75
2026_02_05,14511,1770325525,24552.5,B,14470,14534,113.75,41.75
2026_02_05,14534,1770325640,24594.25,T,14511,14545,41.75,31.25
2026_02_05,14545,1770325695,24563.0,B,14534,14599,31.25,71.0
2026_02_05,14599,1770325965,24634.0,T,14545,14693,71.0,104.0
2026_02_05,14693,1770326435,24530.0,B,14599,14754,104.0,35.0
2026_02_05,14754,1770326740,24565.0,T,14693,14944,35.0,130.0
2026_02_05,14944,1770327690,24435.0,B,14754,14996,130.0,50.25
2026_02_05,14996,1770327950,24485.25,T,14944,15129,50.25,78.0
2026_02_05,15129,1770328615,24407.25,B,14996,15138,78.0,32.0
2026_02_05,15138,1770328660,24439.25,T,15129,15166,32.0,34.0
2026_02_05,15166,1770332400,24405.25,B,15138,15178,34.0,44.0
2026_02_05,15178,1770332460,24449.25,T,15166,15185,44.0,54.0
2026_02_05,15185,1770332495,24395.25,B,15178,15245,54.0,78.75
2026_02_05,15245,1770332795,24474.0,T,15185,15442,78.75,115.25
2026_02_05,15442,1770333800,24358.75,B,15245,15530,115.25,75.75
2026_02_05,15530,1770334240,24434.5,T,15442,15717,75.75,110.25
2026_02_05,15717,1770335190,24324.25,B,15530,15748,110.25,34.5
2026_02_05,15748,1770335350,24358.75,T,15717,15817,34.5,64.75
2026_02_06,76,1770336380,24260.0,B,0,96,77.0,41.5
2026_02_06,96,1770336480,24301.5,T,76,117,41.5,37.5
2026_02_06,117,1770336586,24264.0,B,96,131,37.5,32.0
2026_02_06,131,1770336655,24296.0,T,117,196,32.0,56.25
2026_02_06,196,1770336985,24239.75,B,131,366,56.25,146.5
2026_02_06,366,1770337835,24386.25,T,196,394,146.5,38.25
2026_02_06,394,1770337975,24348.0,B,366,457,38.25,54.5
2026_02_06,457,1770338295,24402.5,T,394,527,54.5,50.5
2026_02_06,527,1770338645,24352.0,B,457,550,50.5,38.0
2026_02_06,550,1770338760,24390.0,T,527,634,38.0,46.25
2026_02_06,634,1770339180,24343.75,B,550,816,46.25,95.5
2026_02_06,816,1770340090,24439.25,T,634,919,95.5,81.0
2026_02_06,919,1770340607,24358.25,B,816,935,81.0,34.5
2026_02_06,935,1770340685,24392.75,T,919,960,34.5,52.0
2026_02_06,960,1770340810,24340.75,B,935,1012,52.0,38.75
2026_02_06,1012,1770341075,24379.5,T,960,1033,38.75,32.75
2026_02_06,1033,1770341180,24346.75,B,1012,1495,32.75,224.25
2026_02_06,1495,1770343520,24571.0,T,1033,1626,224.25,45.25
2026_02_06,1626,1770344185,24525.75,B,1495,1644,45.25,42.0
2026_02_06,1644,1770344280,24567.75,T,1626,1707,42.0,47.25
2026_02_06,1707,1770344601,24520.5,B,1644,1783,47.25,45.5
2026_02_06,1783,1770345010,24566.0,T,1707,1795,45.5,36.0
2026_02_06,1795,1770345070,24530.0,B,1783,1863,36.0,49.5
2026_02_06,1863,1770345420,24579.5,T,1795,1978,49.5,68.75
2026_02_06,1978,1770346015,24510.75,B,1863,2027,68.75,44.75
2026_02_06,2027,1770346260,24555.5,T,1978,2125,44.75,31.0
2026_02_06,2125,1770346861,24524.5,B,2027,2219,31.0,41.0
2026_02_06,2219,1770347350,24565.5,T,2125,2375,41.0,62.5
2026_02_06,2375,1770348210,24503.0,B,2219,2512,62.5,50.0
2026_02_06,2512,1770348945,24553.0,T,2375,2610,50.0,80.75
2026_02_06,2610,1770349450,24472.25,B,2512,2741,80.75,62.25
2026_02_06,2741,1770350128,24534.5,T,2610,3219,62.25,91.0
2026_02_06,3219,1770352895,24443.5,B,2741,3286,91.0,33.5
2026_02_06,3286,1770353246,24477.0,T,3219,3394,33.5,51.75
2026_02_06,3394,1770353825,24425.25,B,3286,3456,51.75,44.0
2026_02_06,3456,1770354140,24469.25,T,3394,3551,44.0,38.5
2026_02_06,3551,1770354650,24430.75,B,3456,4352,38.5,181.0
2026_02_06,4352,1770358945,24611.75,T,3551,4405,181.0,30.75
2026_02_06,4405,1770359255,24581.0,B,4352,4441,30.75,32.75
2026_02_06,4441,1770359455,24613.75,T,4405,4889,32.75,107.75
2026_02_06,4889,1770361940,24506.0,B,4441,5147,107.75,72.25
2026_02_06,5147,1770363310,24578.25,T,4889,5322,72.25,49.75
2026_02_06,5322,1770364285,24528.5,B,5147,5415,49.75,33.75
2026_02_06,5415,1770364800,24562.25,T,5322,5452,33.75,71.5
2026_02_06,5452,1770364985,24490.75,B,5415,5604,71.5,100.0
2026_02_06,5604,1770365756,24590.75,T,5452,5633,100.0,41.0
2026_02_06,5633,1770365902,24549.75,B,5604,5715,41.0,36.0
2026_02_06,5715,1770366320,24585.75,T,5633,5903,36.0,56.0
2026_02_06,5903,1770367295,24529.75,B,5715,5931,56.0,56.0
2026_02_06,5931,1770367440,24585.75,T,5903,5931,56.0,32.75
2026_02_06,5931,1770367440,24553.0,B,5931,5933,32.75,37.0
2026_02_06,5933,1770367450,24590.0,T,5931,5963,37.0,53.0
2026_02_06,5963,1770367610,24537.0,B,5933,6042,53.0,69.0
2026_02_06,6042,1770368030,24606.0,T,5963,6173,69.0,43.75
2026_02_06,6173,1770368738,24562.25,B,6042,6321,43.75,111.0
2026_02_06,6321,1770369480,24673.25,T,6173,6333,111.0,40.75
2026_02_06,6333,1770369540,24632.5,B,6321,6358,40.75,60.5
2026_02_06,6358,1770369665,24693.0,T,6333,6362,60.5,39.75
2026_02_06,6362,1770369685,24653.25,B,6358,6577,39.75,130.5
2026_02_06,6577,1770370760,24783.75,T,6362,6674,130.5,49.0
2026_02_06,6674,1770371245,24734.75,B,6577,6761,49.0,35.5
2026_02_06,6761,1770371680,24770.25,T,6674,6888,35.5,56.5
2026_02_06,6888,1770372325,24713.75,B,6761,7067,56.5,39.25
2026_02_06,7067,1770373252,24753.0,T,6888,7196,39.25,41.0
2026_02_06,7196,1770373901,24712.0,B,7067,7562,41.0,118.25
2026_02_06,7562,1770375760,24830.25,T,7196,7619,118.25,34.0
2026_02_06,7619,1770376045,24796.25,B,7562,7978,34.0,66.25
2026_02_06,7978,1770377860,24862.5,T,7619,8162,66.25,37.0
2026_02_06,8162,1770378795,24825.5,B,7978,8226,37.0,47.75
2026_02_06,8226,1770379120,24873.25,T,8162,8429,47.75,89.75
2026_02_06,8429,1770380140,24783.5,B,8226,8445,89.75,41.75
2026_02_06,8445,1770380220,24825.25,T,8429,8588,41.75,35.75
2026_02_06,8588,1770380951,24789.5,B,8445,8630,35.75,34.5
2026_02_06,8630,1770381160,24824.0,T,8588,8721,34.5,49.0
2026_02_06,8721,1770381620,24775.0,B,8630,8748,49.0,38.5
2026_02_06,8748,1770381755,24813.5,T,8721,8892,38.5,52.5
2026_02_06,8892,1770382485,24761.0,B,8748,8942,52.5,34.5
2026_02_06,8942,1770382741,24795.5,T,8892,9085,34.5,37.25
2026_02_06,9085,1770383456,24758.25,B,8942,9254,37.25,90.5
2026_02_06,9254,1770384300,24848.75,T,9085,9277,90.5,33.25
2026_02_06,9277,1770384415,24815.5,B,9254,9321,33.25,36.25
2026_02_06,9321,1770384640,24851.75,T,9277,9406,36.25,73.25
2026_02_06,9406,1770385065,24778.5,B,9321,9430,73.25,63.0
2026_02_06,9430,1770385185,24841.5,T,9406,9723,63.0,66.25
2026_02_06,9723,1770386650,24775.25,B,9430,9787,66.25,42.5
2026_02_06,9787,1770386970,24817.75,T,9723,10009,42.5,69.75
2026_02_06,10009,1770388080,24748.0,B,9787,10021,69.75,35.25
2026_02_06,10021,1770388140,24783.25,T,10009,10033,35.25,58.75
2026_02_06,10033,1770388200,24724.5,B,10021,10034,58.75,35.25
2026_02_06,10034,1770388205,24759.75,T,10033,10038,35.25,40.25
2026_02_06,10038,1770388225,24719.5,B,10034,10043,40.25,50.0
2026_02_06,10043,1770388250,24769.5,T,10038,10045,50.0,46.25
2026_02_06,10045,1770388260,24723.25,B,10043,10050,46.25,52.75
2026_02_06,10050,1770388285,24776.0,T,10045,10053,52.75,34.75
2026_02_06,10053,1770388300,24741.25,B,10050,10054,34.75,33.25
2026_02_06,10054,1770388305,24774.5,T,10053,10060,33.25,73.75
2026_02_06,10060,1770388335,24700.75,B,10054,10065,73.75,78.0
2026_02_06,10065,1770388360,24778.75,T,10060,10065,78.0,32.5
2026_02_06,10065,1770388360,24746.25,B,10065,10067,32.5,68.5
2026_02_06,10067,1770388370,24814.75,T,10065,10067,68.5,38.5
2026_02_06,10067,1770388370,24776.25,B,10067,10082,38.5,110.75
2026_02_06,10082,1770388445,24887.0,T,10067,10094,110.75,49.5
2026_02_06,10094,1770388505,24837.5,B,10082,10099,49.5,34.25
2026_02_06,10099,1770388530,24871.75,T,10094,10109,34.25,53.75
2026_02_06,10109,1770388580,24818.0,B,10099,10141,53.75,104.75
2026_02_06,10141,1770388740,24922.75,T,10109,10156,104.75,44.75
2026_02_06,10156,1770388815,24878.0,B,10141,10162,44.75,49.75
2026_02_06,10162,1770388845,24927.75,T,10156,10184,49.75,82.0
2026_02_06,10184,1770388955,24845.75,B,10162,10229,82.0,103.0
2026_02_06,10229,1770389180,24948.75,T,10184,10235,103.0,50.75
2026_02_06,10235,1770389210,24898.0,B,10229,10260,50.75,51.75
2026_02_06,10260,1770389335,24949.75,T,10235,10270,51.75,49.25
2026_02_06,10270,1770389385,24900.5,B,10260,10307,49.25,83.5
2026_02_06,10307,1770389570,24984.0,T,10270,10357,83.5,130.0
2026_02_06,10357,1770389820,24854.0,B,10307,10369,130.0,42.5
2026_02_06,10369,1770389880,24896.5,T,10357,10393,42.5,63.5
2026_02_06,10393,1770390000,24833.0,B,10369,10393,63.5,31.75
2026_02_06,10393,1770390000,24864.75,T,10393,10411,31.75,60.25
2026_02_06,10411,1770390090,24804.5,B,10393,10424,60.25,30.75
2026_02_06,10424,1770390155,24835.25,T,10411,10444,30.75,52.25
2026_02_06,10444,1770390255,24783.0,B,10424,10457,52.25,67.0
2026_02_06,10457,1770390320,24850.0,T,10444,10480,67.0,91.75
2026_02_06,10480,1770390435,24758.25,B,10457,10529,91.75,112.0
2026_02_06,10529,1770390680,24870.25,T,10480,10551,112.0,105.0
2026_02_06,10551,1770390790,24765.25,B,10529,10554,105.0,39.5
2026_02_06,10554,1770390805,24804.75,T,10551,10586,39.5,61.5
2026_02_06,10586,1770390965,24743.25,B,10554,10601,61.5,97.0
2026_02_06,10601,1770391040,24840.25,T,10586,10610,97.0,47.25
2026_02_06,10610,1770391085,24793.0,B,10601,10622,47.25,69.75
2026_02_06,10622,1770391145,24862.75,T,10610,10630,69.75,35.0
2026_02_06,10630,1770391185,24827.75,B,10622,10647,35.0,58.75
2026_02_06,10647,1770391270,24886.5,T,10630,10647,58.75,32.0
2026_02_06,10647,1770391270,24854.5,B,10647,10669,32.0,50.5
2026_02_06,10669,1770391380,24905.0,T,10647,10673,50.5,82.75
2026_02_06,10673,1770391400,24822.25,B,10669,10673,82.75,33.75
2026_02_06,10673,1770391400,24856.0,T,10673,10682,33.75,49.25
2026_02_06,10682,1770391445,24806.75,B,10673,10717,49.25,100.75
2026_02_06,10717,1770391620,24907.5,T,10682,10723,100.75,36.0
2026_02_06,10723,1770391650,24871.5,B,10717,10735,36.0,44.75
2026_02_06,10735,1770391710,24916.25,T,10723,10753,44.75,39.75
2026_02_06,10753,1770391800,24876.5,B,10735,10753,39.75,31.0
2026_02_06,10753,1770391800,24907.5,T,10753,10769,31.0,47.75
2026_02_06,10769,1770391880,24859.75,B,10753,10814,47.75,74.5
2026_02_06,10814,1770392105,24934.25,T,10769,10833,74.5,32.0
2026_02_06,10833,1770392200,24902.25,B,10814,10967,32.0,60.0
2026_02_06,10967,1770392870,24962.25,T,10833,11041,60.0,142.5
2026_02_06,11041,1770393240,24819.75,B,10967,11097,142.5,76.25
2026_02_06,11097,1770393520,24896.0,T,11041,11101,76.25,30.25
2026_02_06,11101,1770393540,24865.75,B,11097,11203,30.25,129.25
2026_02_06,11203,1770394050,24995.0,T,11101,11218,129.25,31.75
2026_02_06,11218,1770394125,24963.25,B,11203,11293,31.75,49.0
2026_02_06,11293,1770394500,25012.25,T,11218,11317,49.0,37.5
2026_02_06,11317,1770394620,24974.75,B,11293,11378,37.5,61.5
2026_02_06,11378,1770394925,25036.25,T,11317,11454,61.5,58.25
2026_02_06,11454,1770395305,24978.0,B,11378,11617,58.25,73.75
2026_02_06,11617,1770396120,25051.75,T,11454,11643,73.75,42.75
2026_02_06,11643,1770396250,25009.0,B,11617,11756,42.75,31.5
2026_02_06,11756,1770396815,25040.5,T,11643,11812,31.5,61.5
2026_02_06,11812,1770397095,24979.0,B,11756,11964,61.5,77.25
2026_02_06,11964,1770397855,25056.25,T,11812,11989,77.25,33.0
2026_02_06,11989,1770397980,25023.25,B,11964,12065,33.0,42.5
2026_02_06,12065,1770398360,25065.75,T,11989,12104,42.5,33.5
2026_02_06,12104,1770398555,25032.25,B,12065,12226,33.5,65.75
2026_02_06,12226,1770399165,25098.0,T,12104,12301,65.75,61.0
2026_02_06,12301,1770399540,25037.0,B,12226,12625,61.0,87.0
2026_02_06,12625,1770401160,25124.0,T,12301,12746,87.0,43.5
2026_02_06,12746,1770401765,25080.5,B,12625,12813,43.5,39.5
2026_02_06,12813,1770402100,25120.0,T,12746,12893,39.5,46.0
2026_02_06,12893,1770402500,25074.0,B,12813,13159,46.0,36.25
2026_02_06,13159,1770403830,25110.25,T,12893,13487,36.25,45.0
2026_02_06,13487,1770405470,25065.25,B,13159,13672,45.0,43.5
2026_02_06,13672,1770406395,25108.75,T,13487,13813,43.5,34.5
2026_02_06,13813,1770407100,25074.25,B,13672,13862,34.5,32.0
2026_02_06,13862,1770407345,25106.25,T,13813,13996,32.0,53.5
2026_02_06,13996,1770408015,25052.75,B,13862,14619,53.5,169.25
2026_02_06,14619,1770411130,25222.0,T,13996,14723,169.25,93.25
2026_02_06,14723,1770411650,25128.75,B,14619,14735,93.25,35.25
2026_02_08,2,1770591610,25216.75,T,0,5,63.0,41.5
2026_02_08,5,1770591625,25175.25,B,2,277,41.5,90.75
2026_02_08,277,1770593105,25266.0,T,5,364,90.75,42.75
2026_02_08,364,1770593566,25223.25,B,277,573,42.75,71.25
2026_02_09,125,1770595825,25335.0,T,0,152,65.75,37.0
2026_02_09,152,1770595960,25298.0,B,125,183,37.0,33.75
2026_02_09,183,1770596115,25331.75,T,152,215,33.75,31.25
2026_02_09,215,1770596275,25300.5,B,183,268,31.25,46.5
2026_02_09,268,1770596540,25347.0,T,215,377,46.5,58.25
2026_02_09,377,1770597085,25288.75,B,268,411,58.25,41.0
2026_02_09,411,1770597255,25329.75,T,377,1284,41.0,126.25
2026_02_09,1284,1770601620,25203.5,B,411,1300,126.25,31.5
2026_02_09,1300,1770601700,25235.0,T,1284,1407,31.5,38.75
2026_02_09,1407,1770602235,25196.25,B,1300,1564,38.75,56.25
2026_02_09,1564,1770603020,25252.5,T,1407,1776,56.25,39.5
2026_02_09,1776,1770604080,25213.0,B,1564,1973,39.5,53.0
2026_02_09,1973,1770605065,25266.0,T,1776,2855,53.0,78.0
2026_02_09,2855,1770609495,25188.0,B,1973,2964,78.0,35.0
2026_02_09,2964,1770610040,25223.0,T,2855,3686,35.0,46.25
2026_02_09,3686,1770613695,25176.75,B,2964,4007,46.25,52.25
2026_02_09,4007,1770615310,25229.0,T,3686,4138,52.25,38.75
2026_02_09,4138,1770615971,25190.25,B,4007,4304,38.75,31.75
2026_02_09,4304,1770616810,25222.0,T,4138,4316,31.75,58.5
2026_02_09,4316,1770616870,25163.5,B,4304,4324,58.5,40.75
2026_02_09,4324,1770616910,25204.25,T,4316,4354,40.75,37.5
2026_02_09,4354,1770617060,25166.75,B,4324,4398,37.5,37.0
2026_02_09,4398,1770617280,25203.75,T,4354,4548,37.0,45.0
2026_02_09,4548,1770618030,25158.75,B,4398,4773,45.0,42.25
2026_02_09,4773,1770619155,25201.0,T,4548,5439,42.25,80.5
2026_02_09,5439,1770622490,25120.5,B,4773,5850,80.5,94.25
2026_02_09,5850,1770624545,25214.75,T,5439,6144,94.25,67.25
2026_02_09,6144,1770626015,25147.5,B,5850,6257,67.25,42.25
2026_02_09,6257,1770626580,25189.75,T,6144,7263,42.25,140.25
2026_02_09,7263,1770631610,25049.5,B,6257,7333,140.25,39.0
2026_02_09,7333,1770631960,25088.5,T,7263,7704,39.0,120.75
2026_02_09,7704,1770633815,24967.75,B,7333,7872,120.75,87.25
2026_02_09,7872,1770634655,25055.0,T,7704,7982,87.25,34.5
2026_02_09,7982,1770635205,25020.5,B,7872,8034,34.5,38.25
2026_02_09,8034,1770635465,25058.75,T,7982,8139,38.25,32.25
2026_02_09,8139,1770635990,25026.5,B,8034,8266,32.25,45.5
2026_02_09,8266,1770636625,25072.0,T,8139,8650,45.5,57.5
2026_02_09,8650,1770638545,25014.5,B,8266,8795,57.5,85.0
2026_02_09,8795,1770639270,25099.5,T,8650,8840,85.0,37.75
2026_02_09,8840,1770639495,25061.75,B,8795,9107,37.75,43.0
2026_02_09,9107,1770640830,25104.75,T,8840,9177,43.0,32.25
2026_02_09,9177,1770641180,25072.5,B,9107,9473,32.25,80.25
2026_02_09,9473,1770642665,25152.75,T,9177,9557,80.25,32.25
2026_02_09,9557,1770643085,25120.5,B,9473,9627,32.25,36.75
2026_02_09,9627,1770643435,25157.25,T,9557,10316,36.75,119.25
2026_02_09,10316,1770646880,25038.0,B,9627,10392,119.25,42.75
2026_02_09,10392,1770647260,25080.75,T,10316,10429,42.75,116.25
2026_02_09,10429,1770647445,24964.5,B,10392,10431,116.25,30.0
2026_02_09,10431,1770647455,24994.5,T,10429,10434,30.0,39.0
2026_02_09,10434,1770647470,24955.5,B,10431,10440,39.0,61.0
2026_02_09,10440,1770647500,25016.5,T,10434,10441,61.0,37.25
2026_02_09,10441,1770647505,24979.25,B,10440,10443,37.25,40.75
2026_02_09,10443,1770647515,25020.0,T,10441,10447,40.75,35.5
2026_02_09,10447,1770647535,24984.5,B,10443,10449,35.5,43.0
2026_02_09,10449,1770647545,25027.5,T,10447,10452,43.0,34.0
2026_02_09,10452,1770647560,24993.5,B,10449,10457,34.0,52.0
2026_02_09,10457,1770647585,25045.5,T,10452,10460,52.0,48.75
2026_02_09,10460,1770647600,24996.75,B,10457,10469,48.75,78.5
2026_02_09,10469,1770647645,25075.25,T,10460,10472,78.5,35.75
2026_02_09,10472,1770647660,25039.5,B,10469,10474,35.75,33.25
2026_02_09,10474,1770647670,25072.75,T,10472,10480,33.25,59.5
2026_02_09,10480,1770647700,25013.25,B,10474,10494,59.5,57.75
2026_02_09,10494,1770647770,25071.0,T,10480,10501,57.75,41.0
2026_02_09,10501,1770647805,25030.0,B,10494,10557,41.0,119.0
2026_02_09,10557,1770648085,25149.0,T,10501,10566,119.0,42.0
2026_02_09,10566,1770648130,25107.0,B,10557,10601,42.0,61.0
2026_02_09,10601,1770648305,25168.0,T,10566,10612,61.0,40.0
2026_02_09,10612,1770648360,25128.0,B,10601,10624,40.0,51.25
2026_02_09,10624,1770648420,25179.25,T,10612,10624,51.25,57.25
2026_02_09,10624,1770648420,25122.0,B,10624,10650,57.25,66.5
2026_02_09,10650,1770648550,25188.5,T,10624,10679,66.5,78.25
2026_02_09,10679,1770648695,25110.25,B,10650,10684,78.25,31.75
2026_02_09,10684,1770648720,25142.0,T,10679,10712,31.75,49.75
2026_02_09,10712,1770648860,25092.25,B,10684,10720,49.75,53.25
2026_02_09,10720,1770648900,25145.5,T,10712,10732,53.25,34.25
2026_02_09,10732,1770648960,25111.25,B,10720,10735,34.25,37.75
2026_02_09,10735,1770648975,25149.0,T,10732,10750,37.75,44.0
2026_02_09,10750,1770649050,25105.0,B,10735,10761,44.0,40.5
2026_02_09,10761,1770649105,25145.5,T,10750,10780,40.5,40.5
2026_02_09,10780,1770649200,25105.0,B,10761,10803,40.5,45.75
2026_02_09,10803,1770649315,25150.75,T,10780,10817,45.75,47.5
2026_02_09,10817,1770649385,25103.25,B,10803,10868,47.5,109.75
2026_02_09,10868,1770649640,25213.0,T,10817,10927,109.75,39.0
2026_02_09,10927,1770649935,25174.0,B,10868,11030,39.0,80.25
2026_02_09,11030,1770650450,25254.25,T,10927,11113,80.25,88.25
2026_02_09,11113,1770650865,25166.0,B,11030,11236,88.25,109.5
2026_02_09,11236,1770651480,25275.5,T,11113,11256,109.5,34.75
2026_02_09,11256,1770651580,25240.75,B,11236,12375,34.75,176.0
2026_02_09,12375,1770657175,25416.75,T,11256,12942,176.0,72.75
2026_02_09,12942,1770660010,25344.0,B,12375,13051,72.75,38.0
2026_02_09,13051,1770660555,25382.0,T,12942,13195,38.0,70.5
2026_02_09,13195,1770661275,25311.5,B,13051,13230,70.5,57.0
2026_02_09,13230,1770661450,25368.5,T,13195,13308,57.0,38.0
2026_02_09,13308,1770661840,25330.5,B,13230,14133,38.0,98.5
2026_02_09,14133,1770665965,25429.0,T,13308,14825,98.5,95.0
2026_02_09,14825,1770669425,25334.0,B,14133,14998,95.0,58.5
2026_02_09,14998,1770670290,25392.5,T,14825,15032,58.5,46.0
2026_02_09,15032,1770670460,25346.5,B,14998,15085,46.0,33.25
2026_02_09,15085,1770670725,25379.75,T,15032,15100,33.25,43.75
2026_02_09,15100,1770670800,25336.0,B,15085,15874,43.75,60.25
2026_02_09,15874,1770678305,25396.25,T,15100,16182,60.25,60.5
2026_02_09,16182,1770679850,25335.75,B,15874,16347,60.5,38.0
2026_02_10,596,1770684585,25312.0,B,55,683,50.75,31.25
2026_02_10,683,1770685020,25343.25,T,596,1149,31.25,43.25
2026_02_10,1149,1770687350,25300.0,B,683,1343,43.25,52.25
2026_02_10,1343,1770688320,25352.25,T,1149,2372,52.25,73.75
2026_02_10,2372,1770693510,25278.5,B,1343,3546,73.75,68.75
2026_02_10,3546,1770699495,25347.25,T,2372,3923,68.75,35.5
2026_02_10,3923,1770701415,25311.75,B,3546,4230,35.5,46.25
2026_02_10,4230,1770702955,25358.0,T,3923,4857,46.25,66.75
2026_02_10,4857,1770706120,25291.25,B,4230,5699,66.75,66.0
2026_02_10,5699,1770710460,25357.25,T,4857,5717,66.0,35.5
2026_02_10,5717,1770710550,25321.75,B,5699,5847,35.5,45.0
2026_02_10,5847,1770711200,25366.75,T,5717,5935,45.0,32.75
2026_02_10,5935,1770711640,25334.0,B,5847,5994,32.75,33.5
2026_02_10,5994,1770711935,25367.5,T,5935,6231,33.5,41.25
2026_02_10,6231,1770713120,25326.25,B,5994,6619,41.25,79.5
2026_02_10,6619,1770715075,25405.75,T,6231,7174,79.5,64.0
2026_02_10,7174,1770717855,25341.75,B,6619,7750,64.0,33.0
2026_02_10,7750,1770720745,25374.75,T,7174,7976,33.0,41.75
2026_02_10,7976,1770721875,25333.0,B,7750,8933,41.75,88.75
2026_02_10,8933,1770726680,25421.75,T,7976,9421,88.75,129.25
2026_02_10,9421,1770729120,25292.5,B,8933,9529,129.25,49.75
2026_02_10,9529,1770729660,25342.25,T,9421,9643,49.75,40.75
2026_02_10,9643,1770730230,25301.5,B,9529,10257,40.75,96.5
2026_02_10,10257,1770733300,25398.0,T,9643,10357,96.5,40.75
2026_02_10,10357,1770733800,25357.25,B,10257,10359,40.75,42.75
2026_02_10,10359,1770733810,25400.0,T,10357,10361,42.75,35.25
2026_02_10,10361,1770733820,25364.75,B,10359,10363,35.25,31.0
2026_02_10,10363,1770733830,25395.75,T,10361,10366,31.0,30.25
2026_02_10,10366,1770733845,25365.5,B,10363,10370,30.25,44.75
2026_02_10,10370,1770733865,25410.25,T,10366,10381,44.75,58.5
2026_02_10,10381,1770733920,25351.75,B,10370,10391,58.5,42.25
2026_02_10,10391,1770733970,25394.0,T,10381,10405,42.25,47.75
2026_02_10,10405,1770734040,25346.25,B,10391,10419,47.75,31.5
2026_02_10,10419,1770734110,25377.75,T,10405,10454,31.5,77.75
2026_02_10,10454,1770734285,25300.0,B,10419,10470,77.75,40.5
2026_02_10,10470,1770734365,25340.5,T,10454,10505,40.5,75.25
2026_02_10,10505,1770734540,25265.25,B,10470,10530,75.25,51.0
2026_02_10,10530,1770734665,25316.25,T,10505,10546,51.0,32.0
2026_02_10,10546,1770734745,25284.25,B,10530,10556,32.0,30.75
2026_02_10,10556,1770734795,25315.0,T,10546,10584,30.75,63.75
2026_02_10,10584,1770734935,25251.25,B,10556,10848,63.75,195.75
2026_02_10,10848,1770736255,25447.0,T,10584,10885,195.75,90.75
2026_02_10,10885,1770736440,25356.25,B,10848,10890,90.75,38.0
2026_02_10,10890,1770736465,25394.25,T,10885,10905,38.0,32.0
2026_02_10,10905,1770736540,25362.25,B,10890,10994,32.0,65.25
2026_02_10,10994,1770736985,25427.5,T,10905,11018,65.25,58.5
2026_02_10,11018,1770737105,25369.0,B,10994,11062,58.5,48.0
2026_02_10,11062,1770737325,25417.0,T,11018,11077,48.0,30.0
2026_02_10,11077,1770737400,25387.0,B,11062,11098,30.0,51.75
2026_02_10,11098,1770737505,25438.75,T,11077,11172,51.75,56.25
2026_02_10,11172,1770737875,25382.5,B,11098,11286,56.25,46.75
2026_02_10,11286,1770738445,25429.25,T,11172,11399,46.75,81.5
2026_02_10,11399,1770739010,25347.75,B,11286,11464,81.5,53.5
2026_02_10,11464,1770739335,25401.25,T,11399,11556,53.5,50.5
2026_02_10,11556,1770739795,25350.75,B,11464,11595,50.5,38.5
2026_02_10,11595,1770739990,25389.25,T,11556,11624,38.5,40.75
2026_02_10,11624,1770740135,25348.5,B,11595,11651,40.75,46.5
2026_02_10,11651,1770740270,25395.0,T,11624,11708,46.5,63.75
2026_02_10,11708,1770740555,25331.25,B,11651,11762,63.75,41.25
2026_02_10,11762,1770740825,25372.5,T,11708,11847,41.25,45.5
2026_02_10,11847,1770741250,25327.0,B,11762,11865,45.5,35.0
2026_02_10,11865,1770741340,25362.0,T,11847,11952,35.0,37.25
2026_02_10,11952,1770741775,25324.75,B,11865,12001,37.25,42.25
2026_02_10,12001,1770742020,25367.0,T,11952,12061,42.25,50.25
2026_02_10,12061,1770742320,25316.75,B,12001,12112,50.25,31.0
2026_02_10,12112,1770742575,25347.75,T,12061,12206,31.0,42.75
2026_02_10,12206,1770743045,25305.0,B,12112,12389,42.75,80.75
2026_02_10,12389,1770743960,25385.75,T,12206,12588,80.75,33.0
2026_02_10,12588,1770744955,25352.75,B,12389,12785,33.0,45.0
2026_02_10,12785,1770745940,25397.75,T,12588,13127,45.0,96.75
2026_02_10,13127,1770747650,25301.0,B,12785,13161,96.75,37.0
2026_02_10,13161,1770747820,25338.0,T,13127,13292,37.0,67.0
2026_02_10,13292,1770748475,25271.0,B,13161,13369,67.0,37.0
2026_02_10,13369,1770748860,25308.0,T,13292,13440,37.0,32.5
2026_02_10,13440,1770749215,25275.5,B,13369,13622,32.5,47.5
2026_02_10,13622,1770750125,25323.0,T,13440,13806,47.5,48.5
2026_02_10,13806,1770751045,25274.5,B,13622,13981,48.5,38.75
2026_02_10,13981,1770751920,25313.25,T,13806,14130,38.75,38.75
2026_02_10,14130,1770752665,25274.5,B,13981,14289,38.75,30.25
2026_02_10,14289,1770753460,25304.75,T,14130,14476,30.25,59.5
2026_02_10,14476,1770754395,25245.25,B,14289,14594,59.5,30.75
2026_02_10,14594,1770754985,25276.0,T,14476,14796,30.75,47.25
2026_02_10,14796,1770755995,25228.75,B,14594,14905,47.25,36.75
2026_02_10,14905,1770756540,25265.5,T,14796,15000,36.75,68.0
2026_02_11,2800,1770782160,25345.25,T,269,3320,79.5,49.75
2026_02_11,3320,1770784795,25295.5,B,2800,3764,49.75,30.0
2026_02_11,3764,1770787045,25325.5,T,3320,4139,30.0,46.75
2026_02_11,4139,1770788930,25278.75,B,3764,4354,46.75,37.75
2026_02_11,4354,1770790021,25316.5,T,4139,5164,37.75,63.75
2026_02_11,5164,1770794090,25252.75,B,4354,5307,63.75,37.5
2026_02_11,5307,1770794805,25290.25,T,5164,5938,37.5,80.75
2026_02_11,5938,1770797995,25209.5,B,5307,6557,80.75,69.5
2026_02_11,6557,1770801095,25279.0,T,5938,7177,69.5,132.0
2026_02_11,7177,1770804195,25147.0,B,6557,7475,132.0,51.0
2026_02_11,7475,1770805685,25198.0,T,7177,7766,51.0,31.75
2026_02_11,7766,1770807140,25166.25,B,7475,8233,31.75,84.25
2026_02_11,8233,1770809482,25250.5,T,7766,8576,84.25,45.0
2026_02_11,8576,1770811200,25205.5,B,8233,8744,45.0,71.25
2026_02_11,8744,1770812040,25276.75,T,8576,9238,71.25,54.0
2026_02_11,9238,1770814510,25222.75,B,8744,9534,54.0,47.75
2026_02_11,9534,1770815990,25270.5,T,9238,9656,47.75,45.5
2026_02_11,9656,1770816600,25225.0,B,9534,9657,45.5,115.0
2026_02_11,9657,1770816605,25340.0,T,9656,9657,115.0,50.0
2026_02_11,9657,1770816605,25290.0,B,9657,9659,50.0,46.25
2026_02_11,9659,1770816615,25336.25,T,9657,9668,46.25,53.0
2026_02_11,9668,1770816660,25283.25,B,9659,9713,53.0,84.5
2026_02_11,9713,1770816885,25367.75,T,9668,9812,84.5,44.75
2026_02_11,9812,1770817380,25323.0,B,9713,9968,44.75,128.5
2026_02_11,9968,1770818160,25451.5,T,9812,10268,128.5,44.0
2026_02_11,10268,1770819660,25407.5,B,9968,10360,44.0,33.5
2026_02_11,10360,1770820120,25441.0,T,10268,10376,33.5,40.75
2026_02_11,10376,1770820200,25400.25,B,10360,10388,40.75,65.25
2026_02_11,10388,1770820260,25465.5,T,10376,10419,65.25,69.75
2026_02_11,10419,1770820415,25395.75,B,10388,10426,69.75,31.75
2026_02_11,10426,1770820450,25427.5,T,10419,10436,31.75,65.75
2026_02_11,10436,1770820500,25361.75,B,10426,10449,65.75,54.75
2026_02_11,10449,1770820565,25416.5,T,10436,10460,54.75,71.0
2026_02_11,10460,1770820620,25345.5,B,10449,10468,71.0,43.5
2026_02_11,10468,1770820660,25389.0,T,10460,10491,43.5,50.0
2026_02_11,10491,1770820775,25339.0,B,10468,10497,50.0,38.75
2026_02_11,10497,1770820805,25377.75,T,10491,10509,38.75,32.75
2026_02_11,10509,1770820865,25345.0,B,10497,10514,32.75,50.75
2026_02_11,10514,1770820890,25395.75,T,10509,10531,50.75,38.25
2026_02_11,10531,1770820975,25357.5,B,10514,10570,38.25,78.75
2026_02_11,10570,1770821170,25436.25,T,10531,10579,78.75,70.75
2026_02_11,10579,1770821215,25365.5,B,10570,10604,70.75,47.75
2026_02_11,10604,1770821340,25413.25,T,10579,10608,47.75,35.5
2026_02_11,10608,1770821360,25377.75,B,10604,10617,35.5,37.25
2026_02_11,10617,1770821405,25415.0,T,10608,10626,37.25,55.0
2026_02_11,10626,1770821450,25360.0,B,10617,10634,55.0,37.75
2026_02_11,10634,1770821490,25397.75,T,10626,10656,37.75,45.5
2026_02_11,10656,1770821600,25352.25,B,10634,10677,45.5,44.0
2026_02_11,10677,1770821705,25396.25,T,10656,10701,44.0,86.25
2026_02_11,10701,1770821825,25310.0,B,10677,10701,86.25,35.25
2026_02_11,10701,1770821825,25345.25,T,10701,10702,35.25,45.25
2026_02_11,10702,1770821830,25300.0,B,10701,10705,45.25,36.5
2026_02_11,10705,1770821845,25336.5,T,10702,10724,36.5,46.5
2026_02_11,10724,1770821940,25290.0,B,10705,10753,46.5,52.75
2026_02_11,10753,1770822085,25342.75,T,10724,10772,52.75,70.5
2026_02_11,10772,1770822180,25272.25,B,10753,10789,70.5,31.75
2026_02_11,10789,1770822265,25304.0,T,10772,10801,31.75,38.5
2026_02_11,10801,1770822325,25265.5,B,10789,10809,38.5,35.0
2026_02_11,10809,1770822365,25300.5,T,10801,10901,35.0,158.5
2026_02_11,10901,1770822825,25142.0,B,10809,10914,158.5,53.5
2026_02_11,10914,1770822890,25195.5,T,10901,10938,53.5,47.0
2026_02_11,10938,1770823010,25148.5,B,10914,10941,47.0,30.5
2026_02_11,10941,1770823025,25179.0,T,10938,10954,30.5,49.25
2026_02_11,10954,1770823090,25129.75,B,10941,10962,49.25,40.25
2026_02_11,10962,1770823130,25170.0,T,10954,10989,40.25,80.0
2026_02_11,10989,1770823265,25090.0,B,10962,11004,80.0,44.25
2026_02_11,11004,1770823340,25134.25,T,10989,11036,44.25,70.0
2026_02_11,11036,1770823500,25064.25,B,11004,11037,70.0,33.75
2026_02_11,11037,1770823505,25098.0,T,11036,11048,33.75,36.0
2026_02_11,11048,1770823560,25062.0,B,11037,11054,36.0,31.0
2026_02_11,11054,1770823590,25093.0,T,11048,11060,31.0,35.0
2026_02_11,11060,1770823620,25058.0,B,11054,11085,35.0,62.75
2026_02_11,11085,1770823745,25120.75,T,11060,11096,62.75,53.0
2026_02_11,11096,1770823800,25067.75,B,11085,11125,53.0,65.25
2026_02_11,11125,1770823945,25133.0,T,11096,11134,65.25,35.75
2026_02_11,11134,1770823990,25097.25,B,11125,11172,35.75,72.25
2026_02_11,11172,1770824180,25169.5,T,11134,11186,72.25,59.0
2026_02_11,11186,1770824250,25110.5,B,11172,11229,59.0,82.5
2026_02_11,11229,1770824465,25193.0,T,11186,11241,82.5,35.0
2026_02_11,11241,1770824525,25158.0,B,11229,11257,35.0,34.0
2026_02_11,11257,1770824605,25192.0,T,11241,11261,34.0,41.0
2026_02_11,11261,1770824625,25151.0,B,11257,11284,41.0,53.75
2026_02_11,11284,1770824740,25204.75,T,11261,11330,53.75,70.0
2026_02_11,11330,1770824970,25134.75,B,11284,11338,70.0,30.75
2026_02_11,11338,1770825010,25165.5,T,11330,11342,30.75,32.5
2026_02_11,11342,1770825030,25133.0,B,11338,11424,32.5,138.0
2026_02_11,11424,1770825440,25271.0,T,11342,11565,138.0,89.0
2026_02_11,11565,1770826145,25182.0,B,11424,11586,89.0,54.25
2026_02_11,11586,1770826250,25236.25,T,11565,11594,54.25,30.75
2026_02_11,11594,1770826290,25205.5,B,11586,11635,30.75,56.5
2026_02_11,11635,1770826495,25262.0,T,11594,11681,56.5,40.0
2026_02_11,11681,1770826725,25222.0,B,11635,11750,40.0,53.25
2026_02_11,11750,1770827070,25275.25,T,11681,11816,53.25,100.25
2026_02_11,11816,1770827400,25175.0,B,11750,11861,100.25,53.0
2026_02_11,11861,1770827625,25228.0,T,11816,11900,53.0,48.75
2026_02_11,11900,1770827820,25179.25,B,11861,11947,48.75,77.25
2026_02_11,11947,1770828055,25256.5,T,11900,12207,77.25,114.5
2026_02_11,12207,1770829355,25142.0,B,11947,12311,114.5,78.5
2026_02_11,12311,1770829875,25220.5,T,12207,12318,78.5,30.5
2026_02_11,12318,1770829910,25190.0,B,12311,12386,30.5,55.5
2026_02_11,12386,1770830250,25245.5,T,12318,12425,55.5,44.0
2026_02_11,12425,1770830445,25201.5,B,12386,12497,44.0,95.5
2026_02_11,12497,1770830805,25297.0,T,12425,12639,95.5,34.25
2026_02_11,12639,1770831515,25262.75,B,12497,12794,34.25,62.25
2026_02_11,12794,1770832290,25325.0,T,12639,12920,62.25,83.0
2026_02_11,12920,1770832920,25242.0,B,12794,12934,83.0,35.25
2026_02_11,12934,1770832990,25277.25,T,12920,13085,35.25,76.5
2026_02_11,13085,1770833745,25200.75,B,12934,13122,76.5,55.75
2026_02_11,13122,1770833930,25256.5,T,13085,13147,55.75,31.5
2026_02_11,13147,1770834055,25225.0,B,13122,13256,31.5,62.75
2026_02_11,13256,1770834600,25287.75,T,13147,13334,62.75,33.5
2026_02_11,13334,1770834990,25254.25,B,13256,13369,33.5,31.5
2026_02_11,13369,1770835165,25285.75,T,13334,13406,31.5,30.0
2026_02_11,13406,1770835350,25255.75,B,13369,13496,30.0,46.75
2026_02_11,13496,1770835800,25302.5,T,13406,13499,46.75,48.25
2026_02_11,13499,1770835815,25254.25,B,13496,13580,48.25,58.25
2026_02_11,13580,1770836220,25312.5,T,13499,13728,58.25,54.75
2026_02_11,13728,1770836960,25257.75,B,13580,13728,54.75,35.75
2026_02_11,13728,1770836960,25293.5,T,13728,13729,35.75,33.75
2026_02_11,13729,1770836965,25259.75,B,13728,13929,33.75,101.0
2026_02_11,13929,1770837965,25360.75,T,13729,14165,101.0,59.75
2026_02_11,14165,1770839145,25301.0,B,13929,14165,59.75,41.0
2026_02_11,14165,1770839145,25342.0,T,14165,14168,41.0,60.5
2026_02_11,14168,1770839160,25281.5,B,14165,14179,60.5,49.75
2026_02_11,14179,1770839215,25331.25,T,14168,14714,49.75,59.25
2026_02_11,14714,1770841890,25272.0,B,14179,14923,59.25,49.75
2026_02_11,14923,1770842935,25321.75,T,14714,14957,49.75,31.5
2026_02_11,14957,1770843105,25290.25,B,14923,14982,31.5,31.5
2026_02_11,14982,1770843230,25321.75,T,14957,15055,31.5,47.75
2026_02_11,15055,1770843595,25274.0,B,14982,15116,47.75,34.0
2026_02_11,15116,1770843900,25308.0,T,15055,16204,34.0,102.5
2026_02_12,79,1770854795,25254.75,T,8,280,31.25,41.0
2026_02_12,280,1770855805,25213.75,B,79,729,41.0,64.25
2026_02_12,729,1770858060,25278.0,T,280,969,64.25,35.5
2026_02_12,969,1770859265,25242.5,B,729,1234,35.5,72.25
2026_02_12,1234,1770860590,25314.75,T,969,1673,72.25,45.75
2026_02_12,1673,1770862800,25269.0,B,1234,4069,45.75,75.5
2026_02_12,4069,1770874975,25344.5,T,1673,4809,75.5,52.0
2026_02_12,4809,1770878720,25292.5,B,4069,5699,52.0,77.0
2026_02_12,5699,1770883230,25369.5,T,4809,6173,77.0,45.0
2026_02_12,6173,1770885600,25324.5,B,5699,6629,45.0,40.0
2026_02_12,6629,1770887885,25364.5,T,6173,6975,40.0,35.0
2026_02_12,6975,1770889645,25329.5,B,6629,7176,35.0,44.5
2026_02_12,7176,1770890660,25374.0,T,6975,7421,44.5,39.5
2026_02_12,7421,1770891895,25334.5,B,7176,9040,39.5,49.5
2026_02_12,9040,1770900110,25384.0,T,7421,9450,49.5,64.0
2026_02_12,9450,1770902160,25320.0,B,9040,9783,64.0,100.0
2026_02_12,9783,1770903825,25420.0,T,9450,10338,100.0,105.0
2026_02_12,10338,1770906600,25315.0,B,9783,10344,105.0,52.25
2026_02_12,10344,1770906630,25367.25,T,10338,10351,52.25,40.5
2026_02_12,10351,1770906665,25326.75,B,10344,10377,40.5,50.75
2026_02_12,10377,1770906795,25377.5,T,10351,10392,50.75,40.25
2026_02_12,10392,1770906870,25337.25,B,10377,10398,40.25,30.75
2026_02_12,10398,1770906900,25368.0,T,10392,10400,30.75,34.0
2026_02_12,10400,1770906910,25334.0,B,10398,10438,34.0,59.75
2026_02_12,10438,1770907100,25393.75,T,10400,10453,59.75,49.25
2026_02_12,10453,1770907175,25344.5,B,10438,10461,49.25,44.75
2026_02_12,10461,1770907215,25389.25,T,10453,10531,44.75,128.5
2026_02_12,10531,1770907565,25260.75,B,10461,10547,128.5,43.25
2026_02_12,10547,1770907645,25304.0,T,10531,10559,43.25,50.5
2026_02_12,10559,1770907705,25253.5,B,10547,10572,50.5,33.0
2026_02_12,10572,1770907770,25286.5,T,10559,10578,33.0,51.5
2026_02_12,10578,1770907800,25235.0,B,10572,10594,51.5,53.0
2026_02_12,10594,1770907880,25288.0,T,10578,10613,53.0,37.0
2026_02_12,10613,1770907975,25251.0,B,10594,10616,37.0,42.25
2026_02_12,10616,1770907990,25293.25,T,10613,10700,42.25,115.0
2026_02_12,10700,1770908410,25178.25,B,10616,10724,115.0,73.5
2026_02_12,10724,1770908530,25251.75,T,10700,10758,73.5,53.25
2026_02_12,10758,1770908700,25198.5,B,10724,10776,53.25,43.5
2026_02_12,10776,1770908790,25242.0,T,10758,10806,43.5,72.0
2026_02_12,10806,1770908940,25170.0,B,10776,10830,72.0,43.75
2026_02_12,10830,1770909060,25213.75,T,10806,10842,43.75,35.25
2026_02_12,10842,1770909120,25178.5,B,10830,10901,35.25,68.25
2026_02_12,10901,1770909415,25246.75,T,10842,10937,68.25,45.75
2026_02_12,10937,1770909595,25201.0,B,10901,10947,45.75,36.0
2026_02_12,10947,1770909645,25237.0,T,10937,10962,36.0,43.0
2026_02_12,10962,1770909720,25194.0,B,10947,10971,43.0,66.25
2026_02_12,10971,1770909765,25260.25,T,10962,11013,66.25,49.75
2026_02_12,11013,1770909975,25210.5,B,10971,11068,49.75,43.75
2026_02_12,11068,1770910250,25254.25,T,11013,11243,43.75,175.75
2026_02_12,11243,1770911125,25078.5,B,11068,11270,175.75,35.25
2026_02_12,11270,1770911260,25113.75,T,11243,11282,35.25,35.0
2026_02_12,11282,1770911320,25078.75,B,11270,11321,35.0,42.5
2026_02_12,11321,1770911515,25121.25,T,11282,11442,42.5,129.25
2026_02_12,11442,1770912120,24992.0,B,11321,11456,129.25,40.25
2026_02_12,11456,1770912190,25032.25,T,11442,11503,40.25,89.25
2026_02_12,11503,1770912425,24943.0,B,11456,11527,89.25,42.5
2026_02_12,11527,1770912545,24985.5,T,11503,11612,42.5,87.25
2026_02_12,11612,1770912970,24898.25,B,11527,11627,87.25,42.25
2026_02_12,11627,1770913045,24940.5,T,11612,11690,42.25,78.5
2026_02_12,11690,1770913360,24862.0,B,11627,11707,78.5,53.75
2026_02_12,11707,1770913445,24915.75,T,11690,11743,53.75,82.5
2026_02_12,11743,1770913625,24833.25,B,11707,11753,82.5,34.5
2026_02_12,11753,1770913675,24867.75,T,11743,11791,34.5,62.25
2026_02_12,11791,1770913865,24805.5,B,11753,11821,62.25,63.75
2026_02_12,11821,1770914015,24869.25,T,11791,11823,63.75,36.0
2026_02_12,11823,1770914025,24833.25,B,11821,11862,36.0,78.5
2026_02_12,11862,1770914220,24911.75,T,11823,11880,78.5,40.25
2026_02_12,11880,1770914310,24871.5,B,11862,11935,40.25,48.5
2026_02_12,11935,1770914585,24920.0,T,11880,11952,48.5,55.0
2026_02_12,11952,1770914670,24865.0,B,11935,11973,55.0,37.0
2026_02_12,11973,1770914775,24902.0,T,11952,11980,37.0,50.25
2026_02_12,11980,1770914810,24851.75,B,11973,11987,50.25,32.25
2026_02_12,11987,1770914845,24884.0,T,11980,11999,32.25,41.5
2026_02_12,11999,1770914905,24842.5,B,11987,12020,41.5,41.75
2026_02_12,12020,1770915010,24884.25,T,11999,12029,41.75,30.5
2026_02_12,12029,1770915055,24853.75,B,12020,12038,30.5,34.75
2026_02_12,12038,1770915100,24888.5,T,12029,12075,34.75,46.25
2026_02_12,12075,1770915285,24842.25,B,12038,12137,46.25,39.75
2026_02_12,12137,1770915595,24882.0,T,12075,12158,39.75,50.0
2026_02_12,12158,1770915700,24832.0,B,12137,12175,50.0,64.5
2026_02_12,12175,1770915785,24896.5,T,12158,12210,64.5,52.0
2026_02_12,12210,1770915960,24844.5,B,12175,12222,52.0,57.0
2026_02_12,12222,1770916020,24901.5,T,12210,12247,57.0,38.0
2026_02_12,12247,1770916145,24863.5,B,12222,12256,38.0,40.25
2026_02_12,12256,1770916190,24903.75,T,12247,12294,40.25,62.75
2026_02_12,12294,1770916380,24841.0,B,12256,12307,62.75,35.75
2026_02_12,12307,1770916445,24876.75,T,12294,12330,35.75,37.25
2026_02_12,12330,1770916560,24839.5,B,12307,12341,37.25,31.5
2026_02_12,12341,1770916615,24871.0,T,12330,12361,31.5,37.25
2026_02_12,12361,1770916715,24833.75,B,12341,12477,37.25,89.75
2026_02_12,12477,1770917295,24923.5,T,12361,12491,89.75,66.0
2026_02_12,12491,1770917365,24857.5,B,12477,12501,66.0,38.5
2026_02_12,12501,1770917415,24896.0,T,12491,12508,38.5,33.5
2026_02_12,12508,1770917450,24862.5,B,12501,12595,33.5,78.25
2026_02_12,12595,1770917885,24940.75,T,12508,12620,78.25,55.5
2026_02_12,12620,1770918010,24885.25,B,12595,12692,55.5,30.25
2026_02_12,12692,1770918370,24915.5,T,12620,12725,30.25,46.75
2026_02_12,12725,1770918535,24868.75,B,12692,12741,46.75,43.75
2026_02_12,12741,1770918615,24912.5,T,12725,12861,43.75,111.5
2026_02_12,12861,1770919215,24801.0,B,12741,12883,111.5,51.75
2026_02_12,12883,1770919325,24852.75,T,12861,12896,51.75,37.5
2026_02_12,12896,1770919390,24815.25,B,12883,12945,37.5,66.25
2026_02_12,12945,1770919635,24881.5,T,12896,12980,66.25,41.25
2026_02_12,12980,1770919810,24840.25,B,12945,13021,41.25,30.5
2026_02_12,13021,1770920015,24870.75,T,12980,13074,30.5,62.25
2026_02_12,13074,1770920280,24808.5,B,13021,13152,62.25,53.75
2026_02_12,13152,1770920670,24862.25,T,13074,13200,53.75,57.75
2026_02_12,13200,1770920910,24804.5,B,13152,13203,57.75,37.0
2026_02_12,13203,1770920925,24841.5,T,13200,13209,37.0,32.75
2026_02_12,13209,1770920955,24808.75,B,13203,13441,32.75,105.25
2026_02_12,13441,1770922115,24914.0,T,13209,13459,105.25,38.5
2026_02_12,13459,1770922205,24875.5,B,13441,13508,38.5,54.25
2026_02_12,13508,1770922450,24929.75,T,13459,13560,54.25,39.0
2026_02_12,13560,1770922710,24890.75,B,13508,13598,39.0,32.75
2026_02_12,13598,1770922900,24923.5,T,13560,13633,32.75,43.0
2026_02_12,13633,1770923075,24880.5,B,13598,13676,43.0,31.25
2026_02_12,13676,1770923290,24911.75,T,13633,13730,31.25,65.75
2026_02_12,13730,1770923560,24846.0,B,13676,13866,65.75,82.25
2026_02_12,13866,1770924240,24928.25,T,13730,13932,82.25,62.25
2026_02_12,13932,1770924570,24866.0,B,13866,14092,62.25,71.75
2026_02_12,14092,1770925370,24937.75,T,13932,14109,71.75,34.75
2026_02_12,14109,1770925455,24903.0,B,14092,14184,34.75,41.0
2026_02_12,14184,1770925830,24944.0,T,14109,14243,41.0,44.25
2026_02_12,14243,1770926125,24899.75,B,14184,14269,44.25,30.25
2026_02_12,14269,1770926255,24930.0,T,14243,14435,30.25,87.0
2026_02_12,14435,1770927085,24843.0,B,14269,14470,87.0,31.75
2026_02_12,14470,1770927260,24874.75,T,14435,14684,31.75,91.25
2026_02_12,14684,1770928330,24783.5,B,14470,14792,91.25,51.25
2026_02_12,14792,1770928870,24834.75,T,14684,14924,51.25,113.25
2026_02_12,14924,1770929530,24721.5,B,14792,14957,113.25,65.25
2026_02_12,14957,1770929695,24786.75,T,14924,14978,65.25,41.25
2026_02_12,14978,1770929800,24745.5,B,14957,15015,41.25,33.75
2026_02_12,15015,1770929985,24779.25,T,14978,15039,33.75,35.25
2026_02_12,15039,1770930105,24744.0,B,15015,15738,35.25,101.5
2026_02_12,15738,1770937200,24845.5,T,15039,15802,101.5,45.5
2026_02_12,15802,1770937520,24800.0,B,15738,15967,45.5,55.5
2026_02_12,15967,1770938345,24855.5,T,15802,16145,55.5,78.25
2026_02_12,16145,1770939235,24777.25,B,15967,16174,78.25,40.75
2026_02_12,16174,1770939380,24818.0,T,16145,16222,40.75,73.5
2026_02_13,70,1770941150,24864.5,T,5,325,62.75,99.0
2026_02_13,325,1770942425,24765.5,B,70,392,99.0,30.75
2026_02_13,392,1770942760,24796.25,T,325,579,30.75,85.5
2026_02_13,579,1770943695,24710.75,B,392,612,85.5,31.5
2026_02_13,612,1770943860,24742.25,T,579,643,31.5,33.75
2026_02_13,643,1770944015,24708.5,B,612,935,33.75,111.75
2026_02_13,935,1770945475,24820.25,T,643,987,111.75,41.0
2026_02_13,987,1770945735,24779.25,B,935,996,41.0,33.0
2026_02_13,996,1770945780,24812.25,T,987,1032,33.0,42.0
2026_02_13,1032,1770945960,24770.25,B,996,1334,42.0,52.25
2026_02_13,1334,1770947470,24822.5,T,1032,1423,52.25,57.75
2026_02_13,1423,1770947915,24764.75,B,1334,1581,57.75,61.0
2026_02_13,1581,1770948705,24825.75,T,1423,1687,61.0,32.25
2026_02_13,1687,1770949235,24793.5,B,1581,1836,32.25,38.75
2026_02_13,1836,1770949985,24832.25,T,1687,2875,38.75,88.5
2026_02_13,2875,1770955225,24743.75,B,1836,3077,88.5,59.5
2026_02_13,3077,1770956240,24803.25,T,2875,3972,59.5,105.0
2026_02_13,3972,1770960735,24698.25,B,3077,4027,105.0,31.0
2026_02_13,4027,1770961010,24729.25,T,3972,4077,31.0,38.5
2026_02_13,4077,1770961260,24690.75,B,4027,4166,38.5,46.0
2026_02_13,4166,1770961705,24736.75,T,4077,4244,46.0,39.5
2026_02_13,4244,1770962095,24697.25,B,4166,4544,39.5,34.75
2026_02_13,4544,1770963595,24732.0,T,4244,4758,34.75,89.25
2026_02_13,4758,1770964665,24642.75,B,4544,5036,89.25,101.0
2026_02_13,5036,1770966055,24743.75,T,4758,5098,101.0,32.5
2026_02_13,5098,1770966365,24711.25,B,5036,5328,32.5,51.75
2026_02_13,5328,1770967516,24763.0,T,5098,5648,51.75,48.75
2026_02_13,5648,1770969120,24714.25,B,5328,5751,48.75,40.0
2026_02_13,5751,1770969640,24754.25,T,5648,5773,40.0,32.25
2026_02_13,5773,1770969750,24722.0,B,5751,5831,32.25,53.75
2026_02_13,5831,1770970040,24775.75,T,5773,5975,53.75,101.25
2026_02_13,5975,1770970760,24674.5,B,5831,6148,101.25,86.0
2026_02_13,6148,1770971625,24760.5,T,5975,6213,86.0,44.75
2026_02_13,6213,1770971950,24715.75,B,6148,6354,44.75,68.25
2026_02_13,6354,1770972656,24784.0,T,6213,6513,68.25,53.0
2026_02_13,6513,1770973450,24731.0,B,6354,7044,53.0,77.75
2026_02_13,7044,1770976105,24808.75,T,6513,7301,77.75,49.25
2026_02_13,7301,1770977390,24759.5,B,7044,7446,49.25,40.0
2026_02_13,7446,1770978115,24799.5,T,7301,8092,40.0,143.5
2026_02_13,8092,1770981345,24656.0,B,7446,8142,143.5,40.5
2026_02_13,8142,1770981595,24696.5,T,8092,8192,40.5,45.75
2026_02_13,8192,1770981845,24650.75,B,8142,8250,45.75,35.0
2026_02_13,8250,1770982135,24685.75,T,8192,8281,35.0,61.5
2026_02_13,8281,1770982290,24624.25,B,8250,8333,61.5,76.5
2026_02_13,8333,1770982550,24700.75,T,8281,8451,76.5,41.5
2026_02_13,8451,1770983140,24659.25,B,8333,8632,41.5,86.25
2026_02_13,8632,1770984045,24745.5,T,8451,8818,86.25,74.75
2026_02_13,8818,1770984975,24670.75,B,8632,9022,74.75,60.0
2026_02_13,9022,1770985995,24730.75,T,8818,9242,60.0,40.75
2026_02_13,9242,1770987095,24690.0,B,9022,9304,40.75,45.5
2026_02_13,9304,1770987405,24735.5,T,9242,9323,45.5,69.0
2026_02_13,9323,1770987500,24666.5,B,9304,9381,69.0,53.0
2026_02_13,9381,1770987790,24719.5,T,9323,9525,53.0,99.5
2026_02_13,9525,1770988510,24620.0,B,9381,9667,99.5,97.0
2026_02_13,9667,1770989220,24717.0,T,9525,9685,97.0,33.5
2026_02_13,9685,1770989310,24683.5,B,9667,9703,33.5,85.5
2026_02_13,9703,1770989400,24769.0,T,9685,9703,85.5,71.5
2026_02_13,9703,1770989400,24697.5,B,9703,9709,71.5,127.0
2026_02_13,9709,1770989430,24824.5,T,9703,9718,127.0,44.0
2026_02_13,9718,1770989475,24780.5,B,9709,9724,44.0,31.0
2026_02_13,9724,1770989505,24811.5,T,9718,9734,31.0,98.25
2026_02_13,9734,1770989555,24713.25,B,9724,9761,98.25,78.5
2026_02_13,9761,1770989690,24791.75,T,9734,9778,78.5,55.25
2026_02_13,9778,1770989775,24736.5,B,9761,9863,55.25,64.5
2026_02_13,9863,1770990200,24801.0,T,9778,9901,64.5,71.0
2026_02_13,9901,1770990390,24730.0,B,9863,9943,71.0,63.25
2026_02_13,9943,1770990600,24793.25,T,9901,9967,63.25,30.0
2026_02_13,9967,1770990720,24763.25,B,9943,10015,30.0,48.75
2026_02_13,10015,1770990960,24812.0,T,9967,10048,48.75,54.0
2026_02_13,10048,1770991125,24758.0,B,10015,10101,54.0,62.5
2026_02_13,10101,1770991390,24820.5,T,10048,10191,62.5,102.5
2026_02_13,10191,1770991840,24718.0,B,10101,10254,102.5,38.25
2026_02_13,10254,1770992155,24756.25,T,10191,10327,38.25,40.25
2026_02_13,10327,1770992520,24716.0,B,10254,10423,40.25,49.0
2026_02_13,10423,1770993000,24765.0,T,10327,10424,49.0,45.0
2026_02_13,10424,1770993005,24720.0,B,10423,10424,45.0,31.25
2026_02_13,10424,1770993005,24751.25,T,10424,10425,31.25,30.75
2026_02_13,10425,1770993010,24720.5,B,10424,10426,30.75,33.75
2026_02_13,10426,1770993015,24754.25,T,10425,10429,33.75,63.0
2026_02_13,10429,1770993030,24691.25,B,10426,10432,63.0,58.0
2026_02_13,10432,1770993045,24749.25,T,10429,10438,58.0,42.25
2026_02_13,10438,1770993075,24707.0,B,10432,10440,42.25,57.25
2026_02_13,10440,1770993085,24764.25,T,10438,10442,57.25,48.5
2026_02_13,10442,1770993095,24715.75,B,10440,10444,48.5,52.0
2026_02_13,10444,1770993105,24767.75,T,10442,10448,52.0,53.25
2026_02_13,10448,1770993125,24714.5,B,10444,10456,53.25,80.75
2026_02_13,10456,1770993165,24795.25,T,10448,10457,80.75,30.25
2026_02_13,10457,1770993170,24765.0,B,10456,10459,30.25,35.0
2026_02_13,10459,1770993180,24800.0,T,10457,10463,35.0,49.25
2026_02_13,10463,1770993200,24750.75,B,10459,10466,49.25,34.25
2026_02_13,10466,1770993215,24785.0,T,10463,10469,34.25,57.25
2026_02_13,10469,1770993230,24727.75,B,10466,10473,57.25,50.25
2026_02_13,10473,1770993250,24778.0,T,10469,10488,50.25,91.25
2026_02_13,10488,1770993325,24686.75,B,10473,10493,91.25,51.25
2026_02_13,10493,1770993350,24738.0,T,10488,10503,51.25,37.0
2026_02_13,10503,1770993400,24701.0,B,10493,10510,37.0,33.75
2026_02_13,10510,1770993435,24734.75,T,10503,10518,33.75,58.5
2026_02_13,10518,1770993475,24676.25,B,10510,10521,58.5,36.25
2026_02_13,10521,1770993490,24712.5,T,10518,10523,36.25,35.5
2026_02_13,10523,1770993500,24677.0,B,10521,10528,35.5,40.25
2026_02_13,10528,1770993525,24717.25,T,10523,10555,40.25,100.25
2026_02_13,10555,1770993660,24617.0,B,10528,10556,100.25,40.25
2026_02_13,10556,1770993665,24657.25,T,10555,10573,40.25,78.5
2026_02_13,10573,1770993750,24578.75,B,10556,10590,78.5,120.0
2026_02_13,10590,1770993835,24698.75,T,10573,10592,120.0,34.0
2026_02_13,10592,1770993845,24664.75,B,10590,10603,34.0,80.5
2026_02_13,10603,1770993900,24745.25,T,10592,10603,80.5,37.25
2026_02_13,10603,1770993900,24708.0,B,10603,10613,37.25,91.0
2026_02_13,10613,1770993950,24799.0,T,10603,10613,91.0,42.25
2026_02_13,10613,1770993950,24756.75,B,10613,10615,42.25,50.25
2026_02_13,10615,1770993960,24807.0,T,10613,10620,50.25,30.0
2026_02_13,10620,1770993985,24777.0,B,10615,10626,30.0,39.0
2026_02_13,10626,1770994015,24816.0,T,10620,10628,39.0,47.0
2026_02_13,10628,1770994025,24769.0,B,10626,10644,47.0,80.75
2026_02_13,10644,1770994105,24849.75,T,10628,10652,80.75,54.25
2026_02_13,10652,1770994145,24795.5,B,10644,10654,54.25,31.75
2026_02_13,10654,1770994155,24827.25,T,10652,10663,31.75,79.5
2026_02_13,10663,1770994200,24747.75,B,10654,10663,79.5,30.0
2026_02_13,10663,1770994200,24777.75,T,10663,10666,30.0,64.0
2026_02_13,10666,1770994215,24713.75,B,10663,10666,64.0,33.25
2026_02_13,10666,1770994215,24747.0,T,10666,10671,33.25,51.0
2026_02_13,10671,1770994240,24696.0,B,10666,10674,51.0,32.25
2026_02_13,10674,1770994255,24728.25,T,10671,10677,32.25,35.5
2026_02_13,10677,1770994270,24692.75,B,10674,10683,35.5,43.25
2026_02_13,10683,1770994300,24736.0,T,10677,10683,43.25,34.75
2026_02_13,10683,1770994300,24701.25,B,10683,10687,34.75,44.0
2026_02_13,10687,1770994320,24745.25,T,10683,10690,44.0,59.5
2026_02_13,10690,1770994335,24685.75,B,10687,10701,59.5,86.25
2026_02_13,10701,1770994390,24772.0,T,10690,10701,86.25,41.0
2026_02_13,10701,1770994390,24731.0,B,10701,10705,41.0,49.0
2026_02_13,10705,1770994410,24780.0,T,10701,10709,49.0,54.5
2026_02_13,10709,1770994430,24725.5,B,10705,10716,54.5,48.0
2026_02_13,10716,1770994465,24773.5,T,10709,10723,48.0,45.0
2026_02_13,10723,1770994500,24728.5,B,10716,10725,45.0,69.5
2026_02_13,10725,1770994510,24798.0,T,10723,10725,69.5,39.0
2026_02_13,10725,1770994510,24759.0,B,10725,10730,39.0,44.5
2026_02_13,10730,1770994535,24803.5,T,10725,10744,44.5,102.0
2026_02_13,10744,1770994605,24701.5,B,10730,10744,102.0,39.0
2026_02_13,10744,1770994605,24740.5,T,10744,10756,39.0,60.5
2026_02_13,10756,1770994665,24680.0,B,10744,10768,60.5,35.5
2026_02_13,10768,1770994725,24715.5,T,10756,10773,35.5,34.0
2026_02_13,10773,1770994750,24681.5,B,10768,10783,34.0,58.0
2026_02_13,10783,1770994800,24739.5,T,10773,10785,58.0,34.75
2026_02_13,10785,1770994810,24704.75,B,10783,10796,34.75,68.25
2026_02_13,10796,1770994865,24773.0,T,10785,10804,68.25,50.5
2026_02_13,10804,1770994905,24722.5,B,10796,10819,50.5,56.0
2026_02_13,10819,1770994980,24778.5,T,10804,10831,56.0,57.5
2026_02_13,10831,1770995040,24721.0,B,10819,10841,57.5,44.5
2026_02_13,10841,1770995090,24765.5,T,10831,10851,44.5,61.5
2026_02_13,10851,1770995140,24704.0,B,10841,10866,61.5,62.75
2026_02_13,10866,1770995215,24766.75,T,10851,10866,62.75,30.75
2026_02_13,10866,1770995215,24736.0,B,10866,10867,30.75,31.25
2026_02_13,10867,1770995220,24767.25,T,10866,10876,31.25,45.5
2026_02_13,10876,1770995265,24721.75,B,10867,10880,45.5,47.75
2026_02_13,10880,1770995285,24769.5,T,10876,10880,47.75,30.25
2026_02_13,10880,1770995285,24739.25,B,10880,10898,30.25,68.5
2026_02_13,10898,1770995375,24807.75,T,10880,10908,68.5,42.0
2026_02_13,10908,1770995425,24765.75,B,10898,10929,42.0,67.5
2026_02_13,10929,1770995530,24833.25,T,10908,10938,67.5,44.25
2026_02_13,10938,1770995575,24789.0,B,10929,10940,44.25,33.75
2026_02_13,10940,1770995585,24822.75,T,10938,10963,33.75,74.75
2026_02_13,10963,1770995700,24748.0,B,10940,10976,74.75,49.75
2026_02_13,10976,1770995765,24797.75,T,10963,10987,49.75,80.0
2026_02_13,10987,1770995820,24717.75,B,10976,11009,80.0,53.75
2026_02_13,11009,1770995930,24771.5,T,10987,11015,53.75,34.0
2026_02_13,11015,1770995960,24737.5,B,11009,11031,34.0,66.5
2026_02_13,11031,1770996040,24804.0,T,11015,11031,66.5,44.25
2026_02_13,11031,1770996040,24759.75,B,11031,11034,44.25,51.25
2026_02_13,11034,1770996055,24811.0,T,11031,11045,51.25,73.0
2026_02_13,11045,1770996110,24738.0,B,11034,11049,73.0,36.25
2026_02_13,11049,1770996130,24774.25,T,11045,11058,36.25,50.5
2026_02_13,11058,1770996175,24723.75,B,11049,11190,50.5,205.5
2026_02_13,11190,1770996835,24929.25,T,11058,11207,205.5,34.0
2026_02_13,11207,1770996920,24895.25,B,11190,11216,34.0,31.5
2026_02_13,11216,1770996965,24926.75,T,11207,11267,31.5,118.0
2026_02_13,11267,1770997220,24808.75,B,11216,11289,118.0,33.0
2026_02_13,11289,1770997330,24841.75,T,11267,11332,33.0,76.5
2026_02_13,11332,1770997545,24765.25,B,11289,11337,76.5,32.75
2026_02_13,11337,1770997570,24798.0,T,11332,11348,32.75,69.75
2026_02_13,11348,1770997625,24728.25,B,11337,11366,69.75,32.75
2026_02_13,11366,1770997715,24761.0,T,11348,11374,32.75,40.75
2026_02_13,11374,1770997755,24720.25,B,11366,11408,40.75,96.0
2026_02_13,11408,1770997925,24816.25,T,11374,11413,96.0,36.75
2026_02_13,11413,1770997950,24779.5,B,11408,11448,36.75,66.25
2026_02_13,11448,1770998125,24845.75,T,11413,11466,66.25,52.5
2026_02_13,11466,1770998215,24793.25,B,11448,11482,52.5,40.0
2026_02_13,11482,1770998295,24833.25,T,11466,11500,40.0,35.25
2026_02_13,11500,1770998385,24798.0,B,11482,11511,35.25,35.0
2026_02_13,11511,1770998440,24833.0,T,11500,11520,35.0,31.0
2026_02_13,11520,1770998485,24802.0,B,11511,11528,31.0,43.5
2026_02_13,11528,1770998525,24845.5,T,11520,11541,43.5,34.25
2026_02_13,11541,1770998590,24811.25,B,11528,11612,34.25,77.25
2026_02_13,11612,1770998945,24888.5,T,11541,11655,77.25,88.5
2026_02_13,11655,1770999160,24800.0,B,11612,11716,88.5,69.25
2026_02_13,11716,1770999465,24869.25,T,11655,11790,69.25,106.5
2026_02_13,11790,1770999835,24762.75,B,11716,11848,106.5,99.5
2026_02_13,11848,1771000125,24862.25,T,11790,11879,99.5,51.75
2026_02_13,11879,1771000280,24810.5,B,11848,11910,51.75,63.25
2026_02_13,11910,1771000435,24873.75,T,11879,11920,63.25,34.75
2026_02_13,11920,1771000485,24839.0,B,11910,11951,34.75,38.5
2026_02_13,11951,1771000640,24877.5,T,11920,11959,38.5,44.25
2026_02_13,11959,1771000680,24833.25,B,11951,11991,44.25,56.25
2026_02_13,11991,1771000840,24889.5,T,11959,12020,56.25,36.0
2026_02_13,12020,1771000985,24853.5,B,11991,12061,36.0,57.25
2026_02_13,12061,1771001190,24910.75,T,12020,12106,57.25,44.25
2026_02_13,12106,1771001415,24866.5,B,12061,12181,44.25,68.25
2026_02_13,12181,1771001790,24934.75,T,12106,12229,68.25,51.5
2026_02_13,12229,1771002030,24883.25,B,12181,12400,51.5,76.25
2026_02_13,12400,1771002885,24959.5,T,12229,12447,76.25,52.25
2026_02_13,12447,1771003120,24907.25,B,12400,12727,52.25,86.75
2026_02_13,12727,1771004520,24994.0,T,12447,12801,86.75,43.25
2026_02_13,12801,1771004890,24950.75,B,12727,12821,43.25,32.0
2026_02_13,12821,1771004990,24982.75,T,12801,13010,32.0,82.25
2026_02_13,13010,1771005935,24900.5,B,12821,13087,82.25,62.0
2026_02_13,13087,1771006320,24962.5,T,13010,13103,62.0,31.5
2026_02_13,13103,1771006400,24931.0,B,13087,13169,31.5,37.75
2026_02_13,13169,1771006730,24968.75,T,13103,13177,37.75,34.5
2026_02_13,13177,1771006770,24934.25,B,13169,13222,34.5,57.0
2026_02_13,13222,1771006995,24991.25,T,13177,13259,57.0,46.75
2026_02_13,13259,1771007180,24944.5,B,13222,13297,46.75,44.25
2026_02_13,13297,1771007370,24988.75,T,13259,13298,44.25,48.75
2026_02_13,13298,1771007375,24940.0,B,13297,13384,48.75,55.5
2026_02_13,13384,1771007805,24995.5,T,13298,13458,55.5,55.5
2026_02_13,13458,1771008175,24940.0,B,13384,13525,55.5,45.5
2026_02_13,13525,1771008510,24985.5,T,13458,13578,45.5,62.5
2026_02_13,13578,1771008775,24923.0,B,13525,13621,62.5,30.75
2026_02_13,13621,1771008990,24953.75,T,13578,13721,30.75,33.25
2026_02_13,13721,1771009490,24920.5,B,13621,13817,33.25,45.25
2026_02_13,13817,1771009970,24965.75,T,13721,13873,45.25,37.25
2026_02_13,13873,1771010250,24928.5,B,13817,13954,37.25,40.25
2026_02_13,13954,1771010655,24968.75,T,13873,14019,40.25,56.5
2026_02_13,14019,1771010980,24912.25,B,13954,14100,56.5,37.0
2026_02_13,14100,1771011385,24949.25,T,14019,14168,37.0,61.25
2026_02_13,14168,1771011725,24888.0,B,14100,14224,61.25,47.5
2026_02_13,14224,1771012005,24935.5,T,14168,14381,47.5,87.5
2026_02_13,14381,1771012790,24848.0,B,14224,14470,87.5,42.75
2026_02_13,14470,1771013235,24890.75,T,14381,14603,42.75,76.5
2026_02_13,14603,1771013900,24814.25,B,14470,14620,76.5,39.0
2026_02_13,14620,1771013985,24853.25,T,14603,14749,39.0,101.0
2026_02_13,14749,1771014630,24752.25,B,14620,14769,101.0,34.25
2026_02_13,14769,1771014730,24786.5,T,14749,14831,34.25,55.0
2026_02_13,14831,1771015040,24731.5,B,14769,14874,55.0,42.25
2026_02_13,14874,1771015255,24773.75,T,14831,14902,42.25,39.5
2026_02_13,14902,1771015395,24734.25,B,14874,14976,39.5,62.75
2026_02_13,14976,1771015765,24797.0,T,14902,15018,62.75,46.0
2026_02_13,15018,1771015975,24751.0,B,14976,15041,46.0,55.75
2026_02_13,15041,1771016090,24806.75,T,15018,15050,55.75,35.75
2026_02_13,15050,1771016135,24771.0,B,15041,15106,35.75,57.25
2026_02_15,6,1771196430,24834.25,T,0,66,53.5,80.0
2026_02_15,66,1771196730,24754.25,B,6,370,80.0,77.0
2026_02_15,370,1771198250,24831.25,T,66,643,77.0,38.25
2026_02_16,14,1771200070,24843.0,T,4,63,30.0,33.75
2026_02_16,63,1771200315,24809.25,B,14,1483,33.75,63.25
2026_02_16,1483,1771207486,24872.5,T,63,2618,63.25,64.25
2026_02_16,2618,1771213275,24808.25,B,1483,3220,64.25,32.25
2026_02_16,3220,1771216371,24840.5,T,2618,4469,32.25,46.5
2026_02_16,4469,1771222880,24794.0,B,3220,5345,46.5,79.5
2026_02_16,5345,1771227395,24873.5,T,4469,5656,79.5,32.25
2026_02_16,5656,1771228990,24841.25,B,5345,5877,32.25,55.5
2026_02_16,5877,1771230095,24896.75,T,5656,6049,55.5,44.0
2026_02_16,6049,1771230960,24852.75,B,5877,6667,44.0,69.5
2026_02_16,6667,1771234075,24922.25,T,6049,7878,69.5,80.5
2026_02_16,7878,1771240235,24841.75,B,6667,8787,80.5,39.25
2026_02_16,8787,1771244880,24881.0,T,7878,10441,39.25,188.75
2026_02_16,10441,1771253225,24692.25,B,8787,10672,188.75,105.25
2026_02_16,10672,1771254380,24797.5,T,10441,11136,105.25,119.75
2026_02_16,11136,1771256700,24677.75,B,10672,11231,119.75,54.25
2026_02_16,11231,1771257175,24732.0,T,11136,11354,54.25,48.25
2026_02_16,11354,1771257790,24683.75,B,11231,11503,48.25,70.25
2026_02_16,11503,1771258535,24754.0,T,11354,11617,70.25,57.25
2026_02_16,11617,1771259105,24696.75,B,11503,11693,57.25,45.5
2026_02_16,11693,1771259485,24742.25,T,11617,11786,45.5,71.75
2026_02_16,11786,1771259950,24670.5,B,11693,12647,71.75,100.75
2026_02_16,12647,1771264260,24771.25,T,11786,12742,100.75,36.75
2026_02_16,12742,1771264735,24734.5,B,12647,12756,36.75,37.25
2026_02_16,12756,1771282805,24771.75,T,12742,12791,37.25,33.25
2026_02_16,12791,1771282980,24738.5,B,12756,13375,33.25,103.5
2026_02_17,85,1771286825,24784.25,B,51,190,43.5,47.75
2026_02_17,190,1771287350,24832.0,T,85,229,47.75,35.25
2026_02_17,229,1771287545,24796.75,B,190,289,35.25,39.75
2026_02_17,289,1771287845,24836.5,T,229,685,39.75,61.5
2026_02_17,685,1771289830,24775.0,B,289,870,61.5,51.25
2026_02_17,870,1771290755,24826.25,T,685,1396,51.25,170.0
2026_02_17,1396,1771293385,24656.25,B,870,1396,170.0,31.5
2026_02_17,1396,1771293385,24687.75,T,1396,1540,31.5,70.25
2026_02_17,1540,1771294105,24617.5,B,1396,1974,70.25,67.75
2026_02_17,1974,1771296275,24685.25,T,1540,2229,67.75,84.25
2026_02_17,2229,1771297550,24601.0,B,1974,2271,84.25,34.5
2026_02_17,2271,1771297760,24635.5,T,2229,2310,34.5,40.5
2026_02_17,2310,1771297955,24595.0,B,2271,2417,40.5,48.0
2026_02_17,2417,1771298490,24643.0,T,2310,2651,48.0,71.25
2026_02_17,2651,1771299660,24571.75,B,2417,3036,71.25,58.25
2026_02_17,3036,1771301585,24630.0,T,2651,3282,58.25,36.75
2026_02_17,3282,1771302820,24593.25,B,3036,3594,36.75,32.75
2026_02_17,3594,1771304400,24626.0,T,3282,3838,32.75,58.5
2026_02_17,3838,1771305625,24567.5,B,3594,3864,58.5,36.75
2026_02_17,3864,1771305755,24604.25,T,3838,4016,36.75,46.25
2026_02_17,4016,1771306515,24558.0,B,3864,4178,46.25,54.0
2026_02_17,4178,1771307325,24612.0,T,4016,4266,54.0,38.25
2026_02_17,4266,1771307765,24573.75,B,4178,4473,38.25,60.25
2026_02_17,4473,1771308800,24634.0,T,4266,4679,60.25,33.0
2026_02_17,4679,1771309830,24601.0,B,4473,4873,33.0,39.75
2026_02_17,4873,1771310805,24640.75,T,4679,5405,39.75,56.75
2026_02_17,5405,1771313510,24584.0,B,4873,5771,56.75,136.0
2026_02_17,5771,1771315340,24720.0,T,5405,5824,136.0,30.0
2026_02_17,5824,1771315605,24690.0,B,5771,5899,30.0,37.0
2026_02_17,5899,1771315980,24727.0,T,5824,6420,37.0,103.0
2026_02_17,6420,1771318585,24624.0,B,5899,6519,103.0,55.75
2026_02_17,6519,1771319080,24679.75,T,6420,6607,55.75,43.75
2026_02_17,6607,1771319520,24636.0,B,6519,7231,43.75,61.5
2026_02_17,7231,1771322645,24697.5,T,6607,7807,61.5,107.0
2026_02_17,7807,1771325530,24590.5,B,7231,7946,107.0,33.25
2026_02_17,7946,1771326225,24623.75,T,7807,8203,33.25,51.75
2026_02_17,8203,1771327515,24572.0,B,7946,8744,51.75,95.5
2026_02_17,8744,1771330220,24667.5,T,8203,9496,95.5,149.5
2026_02_17,9496,1771333980,24518.0,B,8744,9640,149.5,105.0
2026_02_17,9640,1771334700,24623.0,T,9496,9736,105.0,46.0
2026_02_17,9736,1771335180,24577.0,B,9640,9887,46.0,32.5
2026_02_17,9887,1771335935,24609.5,T,9736,9946,32.5,31.5
2026_02_17,9946,1771336230,24578.0,B,9887,9947,31.5,60.25
2026_02_17,9947,1771336235,24638.25,T,9946,9948,60.25,32.25
2026_02_17,9948,1771336240,24606.0,B,9947,9953,32.25,55.5
2026_02_17,9953,1771336265,24661.5,T,9948,9953,55.5,32.25
2026_02_17,9953,1771336265,24629.25,B,9953,9968,32.25,74.5
2026_02_17,9968,1771336340,24703.75,T,9953,10053,74.5,92.5
2026_02_17,10053,1771336765,24611.25,B,9968,10220,92.5,59.75
2026_02_17,10220,1771337600,24671.0,T,10053,10394,59.75,38.25
2026_02_17,10394,1771338470,24632.75,B,10220,10420,38.25,47.0
2026_02_17,10420,1771338600,24679.75,T,10394,10423,47.0,52.75
2026_02_17,10423,1771338615,24627.0,B,10420,10424,52.75,42.5
2026_02_17,10424,1771338620,24669.5,T,10423,10432,42.5,63.75
2026_02_17,10432,1771338660,24605.75,B,10424,10436,63.75,63.75
2026_02_17,10436,1771338680,24669.5,T,10432,10436,63.75,34.25
2026_02_17,10436,1771338680,24635.25,B,10436,10445,34.25,78.5
2026_02_17,10445,1771338725,24713.75,T,10436,10453,78.5,61.5
2026_02_17,10453,1771338765,24652.25,B,10445,10513,61.5,154.5
2026_02_17,10513,1771339065,24806.75,T,10453,10530,154.5,34.75
2026_02_17,10530,1771339150,24772.0,B,10513,10536,34.75,43.5
2026_02_17,10536,1771339180,24815.5,T,10530,10544,43.5,36.5
2026_02_17,10544,1771339220,24779.0,B,10536,10547,36.5,30.5
2026_02_17,10547,1771339235,24809.5,T,10544,10549,30.5,38.25
2026_02_17,10549,1771339245,24771.25,B,10547,10556,38.25,38.0
2026_02_17,10556,1771339280,24809.25,T,10549,10607,38.0,148.5
2026_02_17,10607,1771339535,24660.75,B,10556,10620,148.5,50.75
2026_02_17,10620,1771339600,24711.5,T,10607,10633,50.75,90.5
2026_02_17,10633,1771339665,24621.0,B,10620,10643,90.5,45.75
2026_02_17,10643,1771339715,24666.75,T,10633,10651,45.75,43.75
2026_02_17,10651,1771339755,24623.0,B,10643,10662,43.75,55.5
2026_02_17,10662,1771339810,24678.5,T,10651,10666,55.5,88.0
2026_02_17,10666,1771339830,24590.5,B,10662,10666,88.0,43.5
2026_02_17,10666,1771339830,24634.0,T,10666,10681,43.5,78.25
2026_02_17,10681,1771339905,24555.75,B,10666,10691,78.25,38.5
2026_02_17,10691,1771339955,24594.25,T,10681,10740,38.5,100.5
2026_02_17,10740,1771340200,24493.75,B,10691,10747,100.5,53.25
2026_02_17,10747,1771340235,24547.0,T,10740,10780,53.25,85.75
2026_02_17,10780,1771340400,24461.25,B,10747,10805,85.75,82.5
2026_02_17,10805,1771340525,24543.75,T,10780,10815,82.5,41.5
2026_02_17,10815,1771340575,24502.25,B,10805,10841,41.5,69.5
2026_02_17,10841,1771340705,24571.75,T,10815,10874,69.5,63.25
2026_02_17,10874,1771340870,24508.5,B,10841,10878,63.25,37.5
2026_02_17,10878,1771340890,24546.0,T,10874,10898,37.5,38.5
2026_02_17,10898,1771340990,24507.5,B,10878,10904,38.5,36.0
2026_02_17,10904,1771341020,24543.5,T,10898,10924,36.0,67.25
2026_02_17,10924,1771341120,24476.25,B,10904,10930,67.25,54.5
2026_02_17,10930,1771341150,24530.75,T,10924,10946,54.5,43.25
2026_02_17,10946,1771341230,24487.5,B,10930,11017,43.25,153.75
2026_02_17,11017,1771341585,24641.25,T,10946,11044,153.75,77.5
2026_02_17,11044,1771341720,24563.75,B,11017,11047,77.5,34.25
2026_02_17,11047,1771341735,24598.0,T,11044,11076,34.25,66.5
2026_02_17,11076,1771341880,24531.5,B,11047,11081,66.5,31.5
2026_02_17,11081,1771341905,24563.0,T,11076,11089,31.5,54.25
2026_02_17,11089,1771341945,24508.75,B,11081,11107,54.25,49.75
2026_02_17,11107,1771342035,24558.5,T,11089,11130,49.75,51.5
2026_02_17,11130,1771342150,24507.0,B,11107,11140,51.5,36.0
2026_02_17,11140,1771342200,24543.0,T,11130,11183,36.0,93.75
2026_02_17,11183,1771342415,24449.25,B,11140,11202,93.75,55.75
2026_02_17,11202,1771342510,24505.0,T,11183,11202,55.75,30.25
2026_02_17,11202,1771342510,24474.75,B,11202,11229,30.25,34.25
2026_02_17,11229,1771342645,24509.0,T,11202,11239,34.25,52.0
2026_02_17,11239,1771342695,24457.0,B,11229,11245,52.0,30.5
2026_02_17,11245,1771342725,24487.5,T,11239,11257,30.5,32.0
2026_02_17,11257,1771342785,24455.5,B,11245,11267,32.0,49.75
2026_02_17,11267,1771342835,24505.25,T,11257,11284,49.75,48.25
2026_02_17,11284,1771342920,24457.0,B,11267,11357,48.25,130.0
2026_02_17,11357,1771343285,24587.0,T,11284,11382,130.0,48.0
2026_02_17,11382,1771343410,24539.0,B,11357,11403,48.0,60.25
2026_02_17,11403,1771343515,24599.25,T,11382,11413,60.25,41.0
2026_02_17,11413,1771343565,24558.25,B,11403,11450,41.0,45.5
2026_02_17,11450,1771343750,24603.75,T,11413,11458,45.5,48.75
2026_02_17,11458,1771343790,24555.0,B,11450,11471,48.75,34.5
2026_02_17,11471,1771343855,24589.5,T,11458,11475,34.5,33.5
2026_02_17,11475,1771343875,24556.0,B,11471,11666,33.5,231.0
2026_02_17,11666,1771344830,24787.0,T,11475,11706,231.0,41.5
2026_02_17,11706,1771345030,24745.5,B,11666,11730,41.5,46.5
2026_02_17,11730,1771345150,24792.0,T,11706,11767,46.5,36.0
2026_02_17,11767,1771345335,24756.0,B,11730,11779,36.0,40.5
2026_02_17,11779,1771345395,24796.5,T,11767,11871,40.5,103.5
2026_02_17,11871,1771345855,24693.0,B,11779,11967,103.5,86.5
2026_02_17,11967,1771346335,24779.5,T,11871,11985,86.5,45.0
2026_02_17,11985,1771346425,24734.5,B,11967,12019,45.0,38.0
2026_02_17,12019,1771346595,24772.5,T,11985,12059,38.0,51.25
2026_02_17,12059,1771346795,24721.25,B,12019,12067,51.25,35.0
2026_02_17,12067,1771346835,24756.25,T,12059,12099,35.0,33.25
2026_02_17,12099,1771346995,24723.0,B,12067,12129,33.25,38.25
2026_02_17,12129,1771347145,24761.25,T,12099,12149,38.25,34.25
2026_02_17,12149,1771347245,24727.0,B,12129,12181,34.25,60.75
2026_02_17,12181,1771347405,24787.75,T,12149,12189,60.75,51.0
2026_02_17,12189,1771347445,24736.75,B,12181,12206,51.0,38.25
2026_02_17,12206,1771347530,24775.0,T,12189,12241,38.25,61.25
2026_02_17,12241,1771347705,24713.75,B,12206,12313,61.25,49.25
2026_02_17,12313,1771348065,24763.0,T,12241,12371,49.25,77.5
2026_02_17,12371,1771348355,24685.5,B,12313,12406,77.5,34.25
2026_02_17,12406,1771348530,24719.75,T,12371,12428,34.25,31.5
2026_02_17,12428,1771348640,24688.25,B,12406,12458,31.5,36.0
2026_02_17,12458,1771348790,24724.25,T,12428,12495,36.0,55.25
2026_02_17,12495,1771348975,24669.0,B,12458,12584,55.25,91.0
2026_02_17,12584,1771349420,24760.0,T,12495,12605,91.0,64.0
2026_02_17,12605,1771349525,24696.0,B,12584,12605,64.0,32.5
2026_02_17,12605,1771349525,24728.5,T,12605,12618,32.5,42.0
2026_02_17,12618,1771349590,24686.5,B,12605,12678,42.0,52.25
2026_02_17,12678,1771349890,24738.75,T,12618,12763,52.25,112.75
2026_02_17,12763,1771350315,24626.0,B,12678,12823,112.75,59.25
2026_02_17,12823,1771350615,24685.25,T,12763,12866,59.25,76.75
2026_02_17,12866,1771350830,24608.5,B,12823,12937,76.75,97.5
2026_02_17,12937,1771351185,24706.0,T,12866,12977,97.5,41.5
2026_02_17,12977,1771351385,24664.5,B,12937,12991,41.5,37.5
2026_02_17,12991,1771351455,24702.0,T,12977,13066,37.5,53.0
2026_02_17,13066,1771351830,24649.0,B,12991,13106,53.0,48.0
2026_02_17,13106,1771352030,24697.0,T,13066,13148,48.0,45.25
2026_02_17,13148,1771352240,24651.75,B,13106,13211,45.25,117.25
2026_02_17,13211,1771352555,24769.0,T,13148,13211,117.25,32.75
2026_02_17,13211,1771352555,24736.25,B,13211,13223,32.75,49.0
2026_02_17,13223,1771352615,24785.25,T,13211,13266,49.0,50.25
2026_02_17,13266,1771352830,24735.0,B,13223,13350,50.25,67.0
2026_02_17,13350,1771353250,24802.0,T,13266,13368,67.0,37.0
2026_02_17,13368,1771353340,24765.0,B,13350,13431,37.0,88.75
2026_02_17,13431,1771353655,24853.75,T,13368,13526,88.75,41.0
2026_02_17,13526,1771354130,24812.75,B,13431,13623,41.0,60.0
2026_02_17,13623,1771354615,24872.75,T,13526,13804,60.0,46.0
2026_02_17,13804,1771355520,24826.75,B,13623,13952,46.0,40.75
2026_02_17,13952,1771356260,24867.5,T,13804,14028,40.75,38.75
2026_02_17,14028,1771356640,24828.75,B,13952,14161,38.75,60.75
2026_02_17,14161,1771357305,24889.5,T,14028,14368,60.75,82.25
2026_02_17,14368,1771358340,24807.25,B,14161,14401,82.25,34.75
2026_02_17,14401,1771358505,24842.0,T,14368,14848,34.75,106.25
2026_02_17,14848,1771360740,24735.75,B,14401,14913,106.25,60.25
2026_02_17,14913,1771361065,24796.0,T,14848,14952,60.25,38.75
2026_02_17,14952,1771361260,24757.25,B,14913,14980,38.75,31.0
2026_02_17,14980,1771361400,24788.25,T,14952,15055,31.0,49.0
2026_02_17,15055,1771361775,24739.25,B,14980,15302,49.0,79.25
2026_02_17,15302,1771363010,24818.5,T,15055,15534,79.25,63.5
2026_02_17,15534,1771364170,24755.0,B,15302,15818,63.5,31.0
2026_02_17,15818,1771369200,24786.0,T,15534,16010,31.0,63.25
2026_02_17,16010,1771370160,24722.75,B,15818,16071,63.25,38.5
2026_02_18,185,1771373725,24755.0,T,0,309,47.25,43.5
2026_02_18,309,1771374345,24711.5,B,185,455,43.5,41.75
2026_02_18,455,1771375075,24753.25,T,309,814,41.75,44.0
2026_02_18,814,1771376870,24709.25,B,455,971,44.0,32.25
2026_02_18,971,1771377655,24741.5,T,814,1174,32.25,31.5
2026_02_18,1174,1771378680,24710.0,B,971,1992,31.5,61.5
2026_02_18,1992,1771382810,24771.5,T,1174,2364,61.5,35.25
2026_02_18,2364,1771384681,24736.25,B,1992,4047,35.25,108.25
2026_02_18,4047,1771393206,24844.5,T,2364,4428,108.25,35.5
2026_02_18,4428,1771395155,24809.0,B,4047,4880,35.5,39.25
2026_02_18,4880,1771397452,24848.25,T,4428,5280,39.25,46.25
2026_02_18,5280,1771399500,24802.0,B,4880,6880,46.25,140.0
2026_02_18,6880,1771407585,24942.0,T,5280,7108,140.0,36.25
2026_02_18,7108,1771408725,24905.75,B,6880,7562,36.25,34.25
2026_02_18,7562,1771411020,24940.0,T,7108,8256,34.25,51.0
2026_02_18,8256,1771414510,24889.0,B,7562,8647,51.0,68.0
2026_02_18,8647,1771416465,24957.0,T,8256,8660,68.0,31.5
2026_02_18,8660,1771416530,24925.5,B,8647,8749,31.5,36.75
2026_02_18,8749,1771416975,24962.25,T,8660,8971,36.75,118.25
2026_02_18,8971,1771418085,24844.0,B,8749,9280,118.25,55.5
2026_02_18,9280,1771419630,24899.5,T,8971,9338,55.5,31.5
2026_02_18,9338,1771419920,24868.0,B,9280,9404,31.5,32.0
2026_02_18,9404,1771420250,24900.0,T,9338,9531,32.0,33.0
2026_02_18,9531,1771420885,24867.0,B,9404,9643,33.0,54.75
2026_02_18,9643,1771421445,24921.75,T,9531,10015,54.75,112.75
2026_02_18,10015,1771423305,24809.0,B,9643,10209,112.75,39.5
2026_02_18,10209,1771424275,24848.5,T,10015,10354,39.5,57.75
2026_02_18,10354,1771425000,24790.75,B,10209,10354,57.75,33.75
2026_02_18,10354,1771425000,24824.5,T,10354,10363,33.75,72.5
2026_02_18,10363,1771425045,24752.0,B,10354,10367,72.5,45.0
2026_02_18,10367,1771425065,24797.0,T,10363,10367,45.0,33.0
2026_02_18,10367,1771425065,24764.0,B,10367,10374,33.0,61.25
2026_02_18,10374,1771425100,24825.25,T,10367,10383,61.25,59.25
2026_02_18,10383,1771425145,24766.0,B,10374,10391,59.25,49.0
2026_02_18,10391,1771425185,24815.0,T,10383,10394,49.0,39.75
2026_02_18,10394,1771425200,24775.25,B,10391,10400,39.75,58.75
2026_02_18,10400,1771425230,24834.0,T,10394,10420,58.75,78.5
2026_02_18,10420,1771425330,24755.5,B,10400,10423,78.5,50.5
2026_02_18,10423,1771425345,24806.0,T,10420,10446,50.5,49.0
2026_02_18,10446,1771425460,24757.0,B,10423,10460,49.0,81.75
2026_02_18,10460,1771425530,24838.75,T,10446,10469,81.75,61.25
2026_02_18,10469,1771425575,24777.5,B,10460,10493,61.25,67.25
2026_02_18,10493,1771425695,24844.75,T,10469,10495,67.25,45.5
2026_02_18,10495,1771425705,24799.25,B,10493,10522,45.5,69.5
2026_02_18,10522,1771425840,24868.75,T,10495,10537,69.5,45.75
2026_02_18,10537,1771425915,24823.0,B,10522,10547,45.75,56.75
2026_02_18,10547,1771425965,24879.75,T,10537,10574,56.75,87.25
2026_02_18,10574,1771426100,24792.5,B,10547,10574,87.25,44.5
2026_02_18,10574,1771426100,24837.0,T,10574,10591,44.5,43.25
2026_02_18,10591,1771426185,24793.75,B,10574,10627,43.25,68.75
2026_02_18,10627,1771426365,24862.5,T,10591,10633,68.75,31.75
2026_02_18,10633,1771426395,24830.75,B,10627,10788,31.75,218.25
2026_02_18,10788,1771427170,25049.0,T,10633,10854,218.25,52.25
2026_02_18,10854,1771427500,24996.75,B,10788,10932,52.25,78.0
2026_02_18,10932,1771427890,25074.75,T,10854,10948,78.0,39.0
2026_02_18,10948,1771427970,25035.75,B,10932,10985,39.0,34.75
2026_02_18,10985,1771428155,25070.5,T,10948,11018,34.75,34.25
2026_02_18,11018,1771428320,25036.25,B,10985,11050,34.25,33.75
2026_02_18,11050,1771428480,25070.0,T,11018,11134,33.75,48.75
2026_02_18,11134,1771428900,25021.25,B,11050,11209,48.75,60.5
2026_02_18,11209,1771429275,25081.75,T,11134,11232,60.5,33.0
2026_02_18,11232,1771429390,25048.75,B,11209,11292,33.0,42.25
2026_02_18,11292,1771429690,25091.0,T,11232,11332,42.25,39.5
2026_02_18,11332,1771429890,25051.5,B,11292,11526,39.5,64.5
2026_02_18,11526,1771430860,25116.0,T,11332,11679,64.5,39.0
2026_02_18,11679,1771431625,25077.0,B,11526,11825,39.0,41.75
2026_02_18,11825,1771432355,25118.75,T,11679,12136,41.75,61.0
2026_02_18,12136,1771433910,25057.75,B,11825,12245,61.0,70.75
2026_02_18,12245,1771434455,25128.5,T,12136,12316,70.75,55.25
2026_02_18,12316,1771434810,25073.25,B,12245,12402,55.25,40.75
2026_02_18,12402,1771435240,25114.0,T,12316,12667,40.75,44.25
2026_02_18,12667,1771436565,25069.75,B,12402,12901,44.25,57.75
2026_02_18,12901,1771437735,25127.5,T,12667,13394,57.75,117.75
2026_02_18,13394,1771440200,25009.75,B,12901,13453,117.75,40.0
2026_02_18,13453,1771440495,25049.75,T,13394,13511,40.0,67.75
2026_02_18,13511,1771440785,24982.0,B,13453,13585,67.75,54.75
2026_02_18,13585,1771441155,25036.75,T,13511,13598,54.75,31.5
2026_02_18,13598,1771441220,25005.25,B,13585,13613,31.5,31.5
2026_02_18,13613,1771441295,25036.75,T,13598,14065,31.5,123.5
2026_02_18,14065,1771443555,24913.25,B,13613,14090,123.5,34.75
2026_02_18,14090,1771443680,24948.0,T,14065,14117,34.75,32.75
2026_02_18,14117,1771443815,24915.25,B,14090,14168,32.75,36.25
2026_02_18,14168,1771444070,24951.5,T,14117,14289,36.25,89.75
2026_02_18,14289,1771444675,24861.75,B,14168,14343,89.75,59.5
2026_02_18,14343,1771444945,24921.25,T,14289,14505,59.5,65.25
2026_02_18,14505,1771445755,24856.0,B,14343,14970,65.25,141.75
2026_02_18,14970,1771448080,24997.75,T,14505,15686,141.75,71.5
2026_02_18,15686,1771451680,24926.25,B,14970,15901,71.5,68.5
2026_02_19,305,1771460725,24916.25,B,7,897,57.75,78.5
2026_02_19,897,1771463685,24994.75,T,305,1191,78.5,57.0
2026_02_19,1191,1771465160,24937.75,B,897,2514,57.0,61.75
2026_02_19,2514,1771471860,24999.5,T,1191,3655,61.75,59.0
2026_02_19,3655,1771477665,24940.5,B,2514,5428,59.0,107.5
2026_02_19,5428,1771486651,25048.0,T,3655,5706,107.5,35.75
2026_02_19,5706,1771488085,25012.25,B,5428,5949,35.75,42.0
2026_02_19,5949,1771489300,25054.25,T,5706,6471,42.0,113.25
2026_02_19,6471,1771491915,24941.0,B,5949,6530,113.25,31.25
2026_02_19,6530,1771492210,24972.25,T,6471,6603,31.25,30.25
2026_02_19,6603,1771492575,24942.0,B,6530,6695,30.25,30.0
2026_02_19,6695,1771493035,24972.0,T,6603,7002,30.0,121.5
2026_02_19,7002,1771494570,24850.5,B,6695,7164,121.5,52.25
2026_02_19,7164,1771495380,24902.75,T,7002,7298,52.25,67.0
2026_02_19,7298,1771496050,24835.75,B,7164,7351,67.0,33.0
2026_02_19,7351,1771496315,24868.75,T,7298,7495,33.0,43.5
2026_02_19,7495,1771497035,24825.25,B,7351,7548,43.5,33.75
2026_02_19,7548,1771497300,24859.0,T,7495,7582,33.75,33.75
2026_02_19,7582,1771497470,24825.25,B,7548,7702,33.75,45.5
2026_02_19,7702,1771498070,24870.75,T,7582,7872,45.5,34.5
2026_02_19,7872,1771498920,24836.25,B,7702,8234,34.5,49.5
2026_02_19,8234,1771500730,24885.75,T,7872,8471,49.5,42.5
2026_02_19,8471,1771501915,24843.25,B,8234,8565,42.5,37.75
2026_02_19,8565,1771502385,24881.0,T,8471,8598,37.75,67.0
2026_02_19,8598,1771502550,24814.0,B,8565,8882,67.0,83.5
2026_02_19,8882,1771503970,24897.5,T,8598,9020,83.5,32.0
2026_02_19,9020,1771504660,24865.5,B,8882,9095,32.0,30.5
2026_02_19,9095,1771505035,24896.0,T,9020,9587,30.5,85.25
2026_02_19,9587,1771507500,24810.75,B,9095,9647,85.25,32.0
2026_02_19,9647,1771507800,24842.75,T,9587,9653,32.0,46.5
2026_02_19,9653,1771507830,24796.25,B,9647,9732,46.5,84.75
2026_02_19,9732,1771508225,24881.0,T,9653,9833,84.75,44.75
2026_02_19,9833,1771508730,24836.25,B,9732,9934,44.75,44.5
2026_02_19,9934,1771509235,24880.75,T,9833,10119,44.5,52.75
2026_02_19,10119,1771510160,24828.0,B,9934,10267,52.75,46.0
2026_02_19,10267,1771510900,24874.0,T,10119,10367,46.0,60.5
2026_02_19,10367,1771511400,24813.5,B,10267,10380,60.5,69.75
2026_02_19,10380,1771511465,24883.25,T,10367,10386,69.75,48.25
2026_02_19,10386,1771511495,24835.0,B,10380,10393,48.25,41.25
2026_02_19,10393,1771511530,24876.25,T,10386,10403,41.25,45.75
2026_02_19,10403,1771511580,24830.5,B,10393,10407,45.75,36.0
2026_02_19,10407,1771511600,24866.5,T,10403,10443,36.0,104.0
2026_02_19,10443,1771511780,24762.5,B,10407,10457,104.0,59.5
2026_02_19,10457,1771511850,24822.0,T,10443,10460,59.5,30.75
2026_02_19,10460,1771511865,24791.25,B,10457,10464,30.75,30.0
2026_02_19,10464,1771511885,24821.25,T,10460,10471,30.0,36.0
2026_02_19,10471,1771511920,24785.25,B,10464,10476,36.0,52.5
2026_02_19,10476,1771511945,24837.75,T,10471,10511,52.5,64.25
2026_02_19,10511,1771512120,24773.5,B,10476,10541,64.25,85.0
2026_02_19,10541,1771512270,24858.5,T,10511,10559,85.0,81.5
2026_02_19,10559,1771512360,24777.0,B,10541,10583,81.5,49.0
2026_02_19,10583,1771512480,24826.0,T,10559,10587,49.0,31.75
2026_02_19,10587,1771512500,24794.25,B,10583,10595,31.75,52.5
2026_02_19,10595,1771512540,24846.75,T,10587,10601,52.5,34.75
2026_02_19,10601,1771512570,24812.0,B,10595,10653,34.75,76.0
2026_02_19,10653,1771512830,24888.0,T,10601,10660,76.0,31.5
2026_02_19,10660,1771512865,24856.5,B,10653,10691,31.5,63.5
2026_02_19,10691,1771513020,24920.0,T,10660,10727,63.5,77.75
2026_02_19,10727,1771513200,24842.25,B,10691,10727,77.75,39.5
2026_02_19,10727,1771513200,24881.75,T,10727,10732,39.5,33.5
2026_02_19,10732,1771513225,24848.25,B,10727,10771,33.5,102.25
2026_02_19,10771,1771513420,24950.5,T,10732,10880,102.25,88.75
2026_02_19,10880,1771513965,24861.75,B,10771,10943,88.75,69.0
2026_02_19,10943,1771514280,24930.75,T,10880,10954,69.0,51.75
2026_02_19,10954,1771514335,24879.0,B,10943,10977,51.75,39.75
2026_02_19,10977,1771514450,24918.75,T,10954,10991,39.75,61.75
2026_02_19,10991,1771514520,24857.0,B,10977,11024,61.75,63.5
2026_02_19,11024,1771514685,24920.5,T,10991,11087,63.5,71.0
2026_02_19,11087,1771515000,24849.5,B,11024,11147,71.0,95.0
2026_02_19,11147,1771515300,24944.5,T,11087,11176,95.0,41.75
2026_02_19,11176,1771515445,24902.75,B,11147,11192,41.75,35.5
2026_02_19,11192,1771515525,24938.25,T,11176,11379,35.5,76.25
2026_02_19,11379,1771516460,24862.0,B,11192,11467,76.25,72.0
2026_02_19,11467,1771516900,24934.0,T,11379,11536,72.0,82.0
2026_02_19,11536,1771517245,24852.0,B,11467,11569,82.0,56.5
2026_02_19,11569,1771517410,24908.5,T,11536,11586,56.5,35.0
2026_02_19,11586,1771517495,24873.5,B,11569,11727,35.0,88.25
2026_02_19,11727,1771518200,24961.75,T,11586,11790,88.25,89.0
2026_02_19,11790,1771518515,24872.75,B,11727,11840,89.0,47.25
2026_02_19,11840,1771518765,24920.0,T,11790,11846,47.25,33.0
2026_02_19,11846,1771518795,24887.0,B,11840,11866,33.0,34.0
2026_02_19,11866,1771518895,24921.0,T,11846,12071,34.0,119.25
2026_02_19,12071,1771519920,24801.75,B,11866,12111,119.25,70.75
2026_02_19,12111,1771520120,24872.5,T,12071,12239,70.75,62.25
2026_02_19,12239,1771520760,24810.25,B,12111,12265,62.25,42.75
2026_02_19,12265,1771520890,24853.0,T,12239,12292,42.75,30.0
2026_02_19,12292,1771521025,24823.0,B,12265,12458,30.0,82.0
2026_02_19,12458,1771521855,24905.0,T,12292,12615,82.0,69.0
2026_02_19,12615,1771522640,24836.0,B,12458,12681,69.0,30.0
2026_02_19,12681,1771522970,24866.0,T,12615,12758,30.0,83.25
2026_02_19,12758,1771523355,24782.75,B,12681,12782,83.25,40.5
2026_02_19,12782,1771523475,24823.25,T,12758,12805,40.5,53.0
2026_02_19,12805,1771523590,24770.25,B,12782,12840,53.0,39.25
2026_02_19,12840,1771523765,24809.5,T,12805,12872,39.25,44.5
2026_02_19,12872,1771523925,24765.0,B,12840,13063,44.5,74.25
2026_02_19,13063,1771524880,24839.25,T,12872,13129,74.25,91.25
2026_02_19,13129,1771525210,24748.0,B,13063,13191,91.25,50.0
2026_02_19,13191,1771525520,24798.0,T,13129,13201,50.0,31.75
2026_02_19,13201,1771525570,24766.25,B,13191,13274,31.75,37.75
2026_02_19,13274,1771525935,24804.0,T,13201,13348,37.75,37.75
2026_02_19,13348,1771526305,24766.25,B,13274,13596,37.75,82.75
2026_02_19,13596,1771527545,24849.0,T,13348,13777,82.75,35.5
2026_02_19,13777,1771528450,24813.5,B,13596,13905,35.5,36.5
2026_02_19,13905,1771529090,24850.0,T,13777,13961,36.5,55.25
2026_02_19,13961,1771529370,24794.75,B,13905,14002,55.25,30.75
2026_02_19,14002,1771529575,24825.5,T,13961,14089,30.75,69.75
2026_02_19,14089,1771530010,24755.75,B,14002,14110,69.75,31.5
2026_02_19,14110,1771530115,24787.25,T,14089,14179,31.5,35.75
2026_02_19,14179,1771530460,24751.5,B,14110,14371,35.75,69.75
2026_02_19,14371,1771531420,24821.25,T,14179,14549,69.75,44.25
2026_02_19,14549,1771532310,24777.0,B,14371,15083,44.25,95.0
2026_02_19,15083,1771534980,24872.0,T,14549,15289,95.0,41.5
2026_02_19,15289,1771536011,24830.5,B,15083,15319,41.5,38.0
2026_02_19,15319,1771536160,24868.5,T,15289,15796,38.0,43.25
2026_02_20,134,1771546270,24893.5,T,12,275,35.5,34.75
2026_02_20,275,1771546975,24858.75,B,134,893,34.75,77.25
2026_02_20,893,1771550085,24936.0,T,275,1327,77.25,45.0
2026_02_20,1327,1771552260,24891.0,B,893,1494,45.0,43.0
2026_02_20,1494,1771553100,24934.0,T,1327,2017,43.0,57.0
2026_02_20,2017,1771555725,24877.0,B,1494,4411,57.0,83.0
2026_02_20,4411,1771568095,24960.0,T,2017,5927,83.0,63.75
2026_02_20,5927,1771575770,24896.25,B,4411,6015,63.75,35.75
2026_02_20,6015,1771576210,24932.0,T,5927,6075,35.75,34.25
2026_02_20,6075,1771576510,24897.75,B,6015,6647,34.25,87.5
2026_02_20,6647,1771579390,24985.25,T,6075,7863,87.5,142.25
2026_02_20,7863,1771585490,24843.0,B,6647,8241,142.25,45.25
2026_02_20,8241,1771587380,24888.25,T,7863,8549,45.25,83.25
2026_02_20,8549,1771588920,24805.0,B,8241,8713,83.25,45.0
2026_02_20,8713,1771589740,24850.0,T,8549,8901,45.0,59.5
2026_02_20,8901,1771590680,24790.5,B,8713,9485,59.5,64.5
2026_02_20,9485,1771593600,24855.0,T,8901,9547,64.5,30.0
2026_02_20,9547,1771593910,24825.0,B,9485,9601,30.0,39.0
2026_02_20,9601,1771594180,24864.0,T,9547,9644,39.0,105.5
2026_02_20,9644,1771594395,24758.5,B,9601,9672,105.5,36.5
2026_02_20,9672,1771594535,24795.0,T,9644,9750,36.5,70.25
2026_02_20,9750,1771594925,24724.75,B,9672,9788,70.25,34.0
2026_02_20,9788,1771595115,24758.75,T,9750,9810,34.0,37.0
2026_02_20,9810,1771595225,24721.75,B,9788,10003,37.0,62.25
2026_02_20,10003,1771596190,24784.0,T,9810,10220,62.25,87.75
2026_02_20,10220,1771597275,24696.25,B,10003,10273,87.75,38.75
2026_02_20,10273,1771597540,24735.0,T,10220,10318,38.75,33.75
2026_02_20,10318,1771597765,24701.25,B,10273,10326,33.75,31.75
2026_02_20,10326,1771597805,24733.0,T,10318,10328,31.75,56.0
2026_02_20,10328,1771597815,24677.0,B,10326,10414,56.0,213.75
2026_02_20,10414,1771598245,24890.75,T,10328,10439,213.75,66.75
2026_02_20,10439,1771598370,24824.0,B,10414,10470,66.75,95.25
2026_02_20,10470,1771598525,24919.25,T,10439,10470,95.25,34.75
2026_02_20,10470,1771598525,24884.5,B,10470,10479,34.75,64.25
2026_02_20,10479,1771598570,24948.75,T,10470,10496,64.25,45.25
2026_02_20,10496,1771598655,24903.5,B,10479,10525,45.25,54.5
2026_02_20,10525,1771598800,24958.0,T,10496,10601,54.5,107.25
2026_02_20,10601,1771599180,24850.75,B,10525,10605,107.25,43.75
2026_02_20,10605,1771599200,24894.5,T,10601,10654,43.75,40.25
2026_02_20,10654,1771599445,24854.25,B,10605,10679,40.25,53.25
2026_02_20,10679,1771599570,24907.5,T,10654,10683,53.25,62.0
2026_02_20,10683,1771599590,24845.5,B,10679,10699,62.0,191.5
2026_02_20,10699,1771599670,25037.0,T,10683,10699,191.5,131.5
2026_02_20,10699,1771599670,24905.5,B,10699,10701,131.5,140.25
2026_02_20,10701,1771599680,25045.75,T,10699,10701,140.25,38.5
2026_02_20,10701,1771599680,25007.25,B,10701,10702,38.5,38.75
2026_02_20,10702,1771599685,25046.0,T,10701,10704,38.75,39.75
2026_02_20,10704,1771599695,25006.25,B,10702,10705,39.75,65.5
2026_02_20,10705,1771599700,25071.75,T,10704,10705,65.5,49.25
2026_02_20,10705,1771599700,25022.5,B,10705,10709,49.25,59.75
2026_02_20,10709,1771599720,25082.25,T,10705,10712,59.75,59.25
2026_02_20,10712,1771599735,25023.0,B,10709,10712,59.25,38.5
2026_02_20,10712,1771599735,25061.5,T,10712,10722,38.5,98.5
2026_02_20,10722,1771599785,24963.0,B,10712,10724,98.5,45.75
2026_02_20,10724,1771599795,25008.75,T,10722,10730,45.75,64.0
2026_02_20,10730,1771599825,24944.75,B,10724,10737,64.0,62.0
2026_02_20,10737,1771599860,25006.75,T,10730,10749,62.0,111.25
2026_02_20,10749,1771599920,24895.5,B,10737,10749,111.25,34.25
2026_02_20,10749,1771599920,24929.75,T,10749,10751,34.25,48.75
2026_02_20,10751,1771599930,24881.0,B,10749,10753,48.75,42.5
2026_02_20,10753,1771599940,24923.5,T,10751,10757,42.5,34.5
2026_02_20,10757,1771599960,24889.0,B,10753,10759,34.5,40.0
2026_02_20,10759,1771599970,24929.0,T,10757,10767,40.0,60.5
2026_02_20,10767,1771600010,24868.5,B,10759,10767,60.5,32.25
2026_02_20,10767,1771600010,24900.75,T,10767,10768,32.25,42.5
2026_02_20,10768,1771600015,24858.25,B,10767,10783,42.5,77.5
2026_02_20,10783,1771600090,24935.75,T,10768,10783,77.5,35.25
2026_02_20,10783,1771600090,24900.5,B,10783,10793,35.25,81.75
2026_02_20,10793,1771600140,24982.25,T,10783,10799,81.75,41.75
2026_02_20,10799,1771600170,24940.5,B,10793,10816,41.75,86.75
2026_02_20,10816,1771600255,25027.25,T,10799,10837,86.75,67.25
2026_02_20,10837,1771600360,24960.0,B,10816,10843,67.25,37.5
2026_02_20,10843,1771600390,24997.5,T,10837,10887,37.5,137.0
2026_02_20,10887,1771600610,24860.5,B,10843,10914,137.0,139.5
2026_02_20,10914,1771600745,25000.0,T,10887,10924,139.5,43.75
2026_02_20,10924,1771600795,24956.25,B,10914,10959,43.75,76.5
2026_02_20,10959,1771600970,25032.75,T,10924,10966,76.5,38.25
2026_02_20,10966,1771601005,24994.5,B,10959,10975,38.25,37.25
2026_02_20,10975,1771601050,25031.75,T,10966,10996,37.25,52.0
2026_02_20,10996,1771601155,24979.75,B,10975,11007,52.0,58.25
2026_02_20,11007,1771601210,25038.0,T,10996,11027,58.25,77.0
2026_02_20,11027,1771601310,24961.0,B,11007,11037,77.0,32.25
2026_02_20,11037,1771601360,24993.25,T,11027,11041,32.25,38.5
2026_02_20,11041,1771601380,24954.75,B,11037,11048,38.5,38.25
2026_02_20,11048,1771601415,24993.0,T,11041,11055,38.25,44.0
2026_02_20,11055,1771601450,24949.0,B,11048,11066,44.0,46.5
2026_02_20,11066,1771601505,24995.5,T,11055,11090,46.5,87.5
2026_02_20,11090,1771601625,24908.0,B,11066,11101,87.5,53.75
2026_02_20,11101,1771601680,24961.75,T,11090,11119,53.75,38.5
2026_02_20,11119,1771601770,24923.25,B,11101,11161,38.5,92.5
2026_02_20,11161,1771601980,25015.75,T,11119,11178,92.5,64.25
2026_02_20,11178,1771602065,24951.5,B,11161,11230,64.25,120.25
2026_02_20,11230,1771602325,25071.75,T,11178,11242,120.25,46.0
2026_02_20,11242,1771602385,25025.75,B,11230,11274,46.0,72.25
2026_02_20,11274,1771602545,25098.0,T,11242,11295,72.25,42.5
2026_02_20,11295,1771602650,25055.5,B,11274,11456,42.5,84.25
2026_02_20,11456,1771603455,25139.75,T,11295,11537,84.25,50.75
2026_02_20,11537,1771603860,25089.0,B,11456,11559,50.75,30.5
2026_02_20,11559,1771603970,25119.5,T,11537,11617,30.5,99.75
2026_02_20,11617,1771604260,25019.75,B,11559,11639,99.75,32.0
2026_02_20,11639,1771604370,25051.75,T,11617,11682,32.0,56.0
2026_02_20,11682,1771604585,24995.75,B,11639,11693,56.0,31.5
2026_02_20,11693,1771604640,25027.25,T,11682,11711,31.5,48.75
2026_02_20,11711,1771604730,24978.5,B,11693,11749,48.75,38.75
2026_02_20,11749,1771604920,25017.25,T,11711,11766,38.75,50.25
2026_02_20,11766,1771605005,24967.0,B,11749,11805,50.25,79.75
2026_02_20,11805,1771605200,25046.75,T,11766,11830,79.75,32.0
2026_02_20,11830,1771605325,25014.75,B,11805,12053,32.0,115.25
2026_02_20,12053,1771606440,25130.0,T,11830,12264,115.25,143.0
2026_02_20,12264,1771607495,24987.0,B,12053,12288,143.0,33.5
2026_02_20,12288,1771607615,25020.5,T,12264,12323,33.5,86.5
2026_02_20,12323,1771607790,24934.0,B,12288,12335,86.5,32.5
2026_02_20,12335,1771607850,24966.5,T,12323,12425,32.5,87.25
2026_02_20,12425,1771608300,24879.25,B,12335,12494,87.25,76.0
2026_02_20,12494,1771608645,24955.25,T,12425,12509,76.0,32.25
2026_02_20,12509,1771608720,24923.0,B,12494,12530,32.25,50.25
2026_02_20,12530,1771608825,24973.25,T,12509,12565,50.25,61.0
2026_02_20,12565,1771609000,24912.25,B,12530,12641,61.0,59.0
2026_02_20,12641,1771609380,24971.25,T,12565,12644,59.0,41.75
2026_02_20,12644,1771609395,24929.5,B,12641,12677,41.75,71.5
2026_02_20,12677,1771609560,25001.0,T,12644,12699,71.5,54.25
2026_02_20,12699,1771609670,24946.75,B,12677,12777,54.25,93.25
2026_02_20,12777,1771610060,25040.0,T,12699,12786,93.25,74.0
2026_02_20,12786,1771610105,24966.0,B,12777,12851,74.0,79.75
2026_02_20,12851,1771610430,25045.75,T,12786,12890,79.75,44.75
2026_02_20,12890,1771610625,25001.0,B,12851,12933,44.75,42.25
2026_02_20,12933,1771610840,25043.25,T,12890,13109,42.25,100.0
2026_02_20,13109,1771611720,24943.25,B,12933,13124,100.0,55.25
2026_02_20,13124,1771611795,24998.5,T,13109,13134,55.25,69.5
2026_02_20,13134,1771611845,24929.0,B,13124,13163,69.5,60.75
2026_02_20,13163,1771611990,24989.75,T,13134,13176,60.75,45.75
2026_02_20,13176,1771612055,24944.0,B,13163,13194,45.75,43.0
2026_02_20,13194,1771612145,24987.0,T,13176,13206,43.0,57.5
2026_02_20,13206,1771612205,24929.5,B,13194,13247,57.5,136.25
2026_02_20,13247,1771612410,25065.75,T,13206,13262,136.25,60.5
2026_02_20,13262,1771612485,25005.25,B,13247,13262,60.5,41.25
2026_02_20,13262,1771612485,25046.5,T,13262,13268,41.25,59.5
2026_02_20,13268,1771612515,24987.0,B,13262,13268,59.5,39.5
2026_02_20,13268,1771612515,25026.5,T,13268,13273,39.5,61.5
2026_02_20,13273,1771612540,24965.0,B,13268,13302,61.5,90.75
2026_02_20,13302,1771612685,25055.75,T,13273,13322,90.75,45.25
2026_02_20,13322,1771612785,25010.5,B,13302,13353,45.25,66.5
2026_02_20,13353,1771612940,25077.0,T,13322,13365,66.5,46.25
2026_02_20,13365,1771613000,25030.75,B,13353,13420,46.25,91.75
2026_02_20,13420,1771613275,25122.5,T,13365,13447,91.75,75.5
2026_02_20,13447,1771613410,25047.0,B,13420,13447,75.5,38.75
2026_02_20,13447,1771613410,25085.75,T,13447,13448,38.75,37.25
2026_02_20,13448,1771613415,25048.5,B,13447,13610,37.25,71.5
2026_02_20,13610,1771614225,25120.0,T,13448,13814,71.5,68.5
2026_02_20,13814,1771615245,25051.5,B,13610,13832,68.5,33.25
2026_02_20,13832,1771615335,25084.75,T,13814,13914,33.25,48.0
2026_02_20,13914,1771615745,25036.75,B,13832,13957,48.0,42.0
2026_02_20,13957,1771615960,25078.75,T,13914,14146,42.0,50.75
2026_02_20,14146,1771616905,25028.0,B,13957,14180,50.75,36.0
2026_02_20,14180,1771617075,25064.0,T,14146,14290,36.0,48.0
2026_02_20,14290,1771617625,25016.0,B,14180,14378,48.0,61.25
2026_02_20,14378,1771618065,25077.25,T,14290,14625,61.25,63.5
2026_02_20,14625,1771619300,25013.75,B,14378,14841,63.5,51.25
2026_02_20,14841,1771620380,25065.0,T,14625,14899,51.25,30.25
2026_02_22,9,1771801245,25059.25,T,0,19,45.25,32.25
2026_02_22,19,1771801295,25027.0,B,9,39,32.25,30.75
2026_02_22,39,1771801395,25057.75,T,19,536,30.75,122.0
2026_02_23,723,1771808415,24839.0,B,0,999,132.75,43.75
2026_02_23,999,1771809795,24882.75,T,723,1126,43.75,40.5
2026_02_23,1126,1771810430,24842.25,B,999,1263,40.5,39.5
2026_02_23,1263,1771811115,24881.75,T,1126,1376,39.5,50.75
2026_02_23,1376,1771811680,24831.0,B,1263,1404,50.75,30.5
2026_02_23,1404,1771811820,24861.5,T,1376,1626,30.5,50.75
2026_02_23,1626,1771812930,24810.75,B,1404,2252,50.75,52.5
2026_02_23,2252,1771816070,24863.25,T,1626,2579,52.5,50.0
2026_02_23,2579,1771817710,24813.25,B,2252,3019,50.0,39.75
2026_02_23,3019,1771819915,24853.0,T,2579,3818,39.75,46.0
2026_02_23,3818,1771823960,24807.0,B,3019,5168,46.0,107.5
2026_02_23,5168,1771830775,24914.5,T,3818,5830,107.5,37.25
2026_02_23,5830,1771834105,24877.25,B,5168,5893,37.25,34.25
2026_02_23,5893,1771834420,24911.5,T,5830,6241,34.25,33.75
2026_02_23,6241,1771836160,24877.75,B,5893,6953,33.75,126.5
2026_02_23,6953,1771839725,25004.25,T,6241,7482,126.5,58.75
2026_02_23,7482,1771842375,24945.5,B,6953,8089,58.75,42.75
2026_02_23,8089,1771845420,24988.25,T,7482,8564,42.75,80.5
2026_02_23,8564,1771847810,24907.75,B,8089,8686,80.5,35.0
2026_02_23,8686,1771848420,24942.75,T,8564,8990,35.0,59.0
2026_02_23,8990,1771849940,24883.75,B,8686,9161,59.0,42.75
2026_02_23,9161,1771850795,24926.5,T,8990,9324,42.75,40.0
2026_02_23,9324,1771851610,24886.5,B,9161,9703,40.0,55.75
2026_02_23,9703,1771853505,24942.25,T,9324,9743,55.75,32.0
2026_02_23,9743,1771853705,24910.25,B,9703,10408,32.0,125.75
2026_02_23,10408,1771857030,25036.0,T,9743,10424,125.75,65.75
2026_02_23,10424,1771857110,24970.25,B,10408,10435,65.75,69.75
2026_02_23,10435,1771857165,25040.0,T,10424,10448,69.75,44.75
2026_02_23,10448,1771857230,24995.25,B,10435,10454,44.75,38.5
2026_02_23,10454,1771857260,25033.75,T,10448,10477,38.5,65.5
2026_02_23,10477,1771857375,24968.25,B,10454,10484,65.5,31.75
2026_02_23,10484,1771857410,25000.0,T,10477,10493,31.75,34.25
2026_02_23,10493,1771857455,24965.75,B,10484,10498,34.25,63.0
2026_02_23,10498,1771857480,25028.75,T,10493,10534,63.0,110.0
2026_02_23,10534,1771857660,24918.75,B,10498,10537,110.0,30.5
2026_02_23,10537,1771857675,24949.25,T,10534,10548,30.5,65.0
2026_02_23,10548,1771857730,24884.25,B,10537,10572,65.0,32.75
2026_02_23,10572,1771857850,24917.0,T,10548,10594,32.75,59.5
2026_02_23,10594,1771857960,24857.5,B,10572,10614,59.5,66.25
2026_02_23,10614,1771858060,24923.75,T,10594,10640,66.25,40.5
2026_02_23,10640,1771858190,24883.25,B,10614,10663,40.5,82.25
2026_02_23,10663,1771858305,24965.5,T,10640,10708,82.25,64.25
2026_02_23,10708,1771858530,24901.25,B,10663,10728,64.25,42.75
2026_02_23,10728,1771858630,24944.0,T,10708,10764,42.75,53.0
2026_02_23,10764,1771858810,24891.0,B,10728,10781,53.0,61.75
2026_02_23,10781,1771858895,24952.75,T,10764,10812,61.75,77.75
2026_02_23,10812,1771859050,24875.0,B,10781,10812,77.75,39.0
2026_02_23,10812,1771859050,24914.0,T,10812,10832,39.0,68.25
2026_02_23,10832,1771859150,24845.75,B,10812,10857,68.25,46.25
2026_02_23,10857,1771859275,24892.0,T,10832,10876,46.25,52.5
2026_02_23,10876,1771859370,24839.5,B,10857,10893,52.5,62.75
2026_02_23,10893,1771859455,24902.25,T,10876,10955,62.75,44.75
2026_02_23,10955,1771859765,24857.5,B,10893,11022,44.75,72.25
2026_02_23,11022,1771860100,24929.75,T,10955,11052,72.25,51.75
2026_02_23,11052,1771860250,24878.0,B,11022,11057,51.75,38.0
2026_02_23,11057,1771860275,24916.0,T,11052,11153,38.0,62.0
2026_02_23,11153,1771860755,24854.0,B,11057,11163,62.0,46.75
2026_02_23,11163,1771860805,24900.75,T,11153,11198,46.75,70.25
2026_02_23,11198,1771860980,24830.5,B,11163,11216,70.25,41.25
2026_02_23,11216,1771861070,24871.75,T,11198,11320,41.25,58.75
2026_02_23,11320,1771861590,24813.0,B,11216,11328,58.75,39.25
2026_02_23,11328,1771861630,24852.25,T,11320,11593,39.25,180.75
2026_02_23,11593,1771862955,24671.5,B,11328,11611,180.75,36.0
2026_02_23,11611,1771863045,24707.5,T,11593,11639,36.0,39.75
2026_02_23,11639,1771863185,24667.75,B,11611,11741,39.75,74.0
2026_02_23,11741,1771863695,24741.75,T,11639,11771,74.0,30.75
2026_02_23,11771,1771863845,24711.0,B,11741,11859,30.75,78.5
2026_02_23,11859,1771864285,24789.5,T,11771,11917,78.5,39.75
2026_02_23,11917,1771864575,24749.75,B,11859,12008,39.75,33.25
2026_02_23,12008,1771865030,24783.0,T,11917,12070,33.25,49.75
2026_02_23,12070,1771865340,24733.25,B,12008,12104,49.75,36.5
2026_02_23,12104,1771865510,24769.75,T,12070,12190,36.5,42.25
2026_02_23,12190,1771865940,24727.5,B,12104,12283,42.25,36.5
2026_02_23,12283,1771866405,24764.0,T,12190,12377,36.5,39.0
2026_02_23,12377,1771866875,24725.0,B,12283,12483,39.0,36.5
2026_02_23,12483,1771867405,24761.5,T,12377,12685,36.5,84.0
2026_02_23,12685,1771868415,24677.5,B,12483,12729,84.0,50.25
2026_02_23,12729,1771868635,24727.75,T,12685,12778,50.25,33.75
2026_02_23,12778,1771868880,24694.0,B,12729,13207,33.75,126.5
2026_02_23,13207,1771871025,24820.5,T,12778,13626,126.5,100.25
2026_02_23,13626,1771873120,24720.25,B,13207,13736,100.25,34.5
2026_02_23,13736,1771873670,24754.75,T,13626,14175,34.5,71.25
2026_02_23,14175,1771875865,24683.5,B,13736,14327,71.25,33.25
2026_02_23,14327,1771876625,24716.75,T,14175,14523,33.25,38.25
2026_02_23,14523,1771877605,24678.5,B,14327,14767,38.25,73.0
2026_02_23,14767,1771878825,24751.5,T,14523,14876,73.0,40.75
2026_02_23,14876,1771879370,24710.75,B,14767,14962,40.75,47.0
2026_02_23,14962,1771879800,24757.75,T,14876,15023,47.0,47.25
2026_02_23,15023,1771880105,24710.5,B,14962,15798,47.25,92.75
2026_02_23,15798,1771887610,24803.25,T,15023,15858,92.75,34.0
2026_02_23,15858,1771887910,24769.25,B,15798,15939,34.0,45.75
2026_02_23,15939,1771888315,24815.0,T,15858,16024,45.75,30.5
2026_02_23,16024,1771888740,24784.5,B,15939,16178,30.5,40.25
2026_02_24,22,1771891310,24812.25,T,6,118,30.75,30.25
2026_02_24,118,1771891790,24782.0,B,22,247,30.25,36.0
2026_02_24,247,1771892435,24818.0,T,118,322,36.0,45.25
2026_02_24,322,1771892810,24772.75,B,247,1007,45.25,57.0
2026_02_24,1007,1771896235,24829.75,T,322,1100,57.0,31.0
2026_02_24,1100,1771896700,24798.75,B,1007,3602,31.0,91.5
2026_02_24,3602,1771909470,24890.25,T,1100,4603,91.5,67.5
2026_02_24,4603,1771914540,24822.75,B,3602,5362,67.5,46.25
2026_02_24,5362,1771918375,24869.0,T,4603,5879,46.25,91.0
2026_02_24,5879,1771920970,24778.0,B,5362,5889,91.0,31.5
2026_02_24,5889,1771921020,24809.5,T,5879,5907,31.5,35.25
2026_02_24,5907,1771921110,24774.25,B,5889,6060,35.25,47.0
2026_02_24,6060,1771921875,24821.25,T,5907,6311,47.0,60.25
2026_02_24,6311,1771923130,24761.0,B,6060,6607,60.25,82.0
2026_02_24,6607,1771924610,24843.0,T,6311,6836,82.0,48.75
2026_02_24,6836,1771925755,24794.25,B,6607,7183,48.75,71.5
2026_02_24,7183,1771927500,24865.75,T,6836,8265,71.5,57.0
2026_02_24,8265,1771932946,24808.75,B,7183,8631,57.0,92.5
2026_02_24,8631,1771934780,24901.25,T,8265,9182,92.5,105.0
2026_02_24,9182,1771937535,24796.25,B,8631,9640,105.0,74.75
2026_02_24,9640,1771939825,24871.0,T,9182,9761,74.75,34.25
2026_02_24,9761,1771940430,24836.75,B,9640,9941,34.25,54.5
2026_02_24,9941,1771941330,24891.25,T,9761,10355,54.5,102.75
2026_02_24,10355,1771943400,24788.5,B,9941,10357,102.75,37.25
2026_02_24,10357,1771943410,24825.75,T,10355,10377,37.25,72.0
2026_02_24,10377,1771943510,24753.75,B,10357,10386,72.0,31.75
2026_02_24,10386,1771943555,24785.5,T,10377,10403,31.75,76.75
2026_02_24,10403,1771943640,24708.75,B,10386,10413,76.75,38.25
2026_02_24,10413,1771943690,24747.0,T,10403,10434,38.25,50.75
2026_02_24,10434,1771943795,24696.25,B,10413,10437,50.75,33.0
2026_02_24,10437,1771943810,24729.25,T,10434,10444,33.0,35.25
2026_02_24,10444,1771943845,24694.0,B,10437,10577,35.25,270.25
2026_02_24,10577,1771944510,24964.25,T,10444,10671,270.25,102.75
2026_02_24,10671,1771944980,24861.5,B,10577,10684,102.75,37.75
2026_02_24,10684,1771945045,24899.25,T,10671,10725,37.75,79.75
2026_02_24,10725,1771945250,24819.5,B,10684,10751,79.75,59.0
2026_02_24,10751,1771945380,24878.5,T,10725,10771,59.0,42.25
2026_02_24,10771,1771945480,24836.25,B,10751,10791,42.25,60.75
2026_02_24,10791,1771945580,24897.0,T,10771,10809,60.75,58.75
2026_02_24,10809,1771945670,24838.25,B,10791,10837,58.75,81.25
2026_02_24,10837,1771945810,24919.5,T,10809,10843,81.25,34.5
2026_02_24,10843,1771945840,24885.0,B,10837,10857,34.5,37.75
2026_02_24,10857,1771945910,24922.75,T,10843,10883,37.75,69.5
2026_02_24,10883,1771946040,24853.25,B,10857,10911,69.5,38.25
2026_02_24,10911,1771946180,24891.5,T,10883,10934,38.25,37.75
2026_02_24,10934,1771946295,24853.75,B,10911,11109,37.75,170.5
2026_02_24,11109,1771947170,25024.25,T,10934,11147,170.5,37.5
2026_02_24,11147,1771947360,24986.75,B,11109,11248,37.5,44.5
2026_02_24,11248,1771947865,25031.25,T,11147,11400,44.5,64.25
2026_02_24,11400,1771948625,24967.0,B,11248,11502,64.25,67.5
2026_02_24,11502,1771949135,25034.5,T,11400,11557,67.5,34.25
2026_02_24,11557,1771949410,25000.25,B,11502,11598,34.25,46.75
2026_02_24,11598,1771949615,25047.0,T,11557,11854,46.75,77.75
2026_02_24,11854,1771950895,24969.25,B,11598,12299,77.75,106.75
2026_02_24,12299,1771953120,25076.0,T,11854,12386,106.75,32.75
2026_02_24,12386,1771953555,25043.25,B,12299,12482,32.75,31.0
2026_02_24,12482,1771954035,25074.25,T,12386,12698,31.0,43.0
2026_02_24,12698,1771955115,25031.25,B,12482,12911,43.0,49.5
2026_02_24,12911,1771956180,25080.75,T,12698,13242,49.5,69.0
2026_02_24,13242,1771957835,25011.75,B,12911,13330,69.0,39.5
2026_02_24,13330,1771958275,25051.25,T,13242,13808,39.5,63.0
2026_02_24,13808,1771960665,24988.25,B,13330,14226,63.0,62.5
2026_02_24,14226,1771962755,25050.75,T,13808,14694,62.5,56.0
2026_02_24,14694,1771965095,24994.75,B,14226,14922,56.0,77.0
2026_02_24,14922,1771966235,25071.75,T,14694,15852,77.0,79.5
2026_02_25,937,1771982300,25108.5,T,395,1021,90.0,37.25
2026_02_25,1021,1771982720,25071.25,B,937,1815,37.25,46.75
2026_02_25,1815,1771986702,25118.0,T,1021,2561,46.75,123.0
2026_02_25,2561,1771990440,24995.0,B,1815,2829,123.0,86.5
2026_02_25,2829,1771991780,25081.5,T,2561,3109,86.5,48.25
2026_02_25,3109,1771993180,25033.25,B,2829,3707,48.25,34.5
2026_02_25,3707,1771996226,25067.75,T,3109,5405,34.5,50.25
2026_02_25,5405,1772004960,25017.5,B,3707,6009,50.25,73.25
2026_02_25,6009,1772007990,25090.75,T,5405,6478,73.25,35.75
2026_02_25,6478,1772010341,25055.0,B,6009,9421,35.75,99.0
2026_02_25,9421,1772025240,25154.0,T,6478,9658,99.0,30.25
2026_02_25,9658,1772026425,25123.75,B,9421,10104,30.25,53.75
2026_02_25,10104,1772028655,25177.5,T,9658,10209,53.75,47.5
2026_02_25,10209,1772029180,25130.0,B,10104,10416,47.5,121.75
2026_02_25,10416,1772030215,25251.75,T,10209,10436,121.75,30.25
2026_02_25,10436,1772030315,25221.5,B,10416,10592,30.25,127.0
2026_02_25,10592,1772031095,25348.5,T,10436,10660,127.0,43.0
2026_02_25,10660,1772031435,25305.5,B,10592,10699,43.0,55.5
2026_02_25,10699,1772031630,25361.0,T,10660,10948,55.5,79.75
2026_02_25,10948,1772032875,25281.25,B,10699,11068,79.75,60.5
2026_02_25,11068,1772033475,25341.75,T,10948,11123,60.5,57.0
2026_02_25,11123,1772033750,25284.75,B,11068,11207,57.0,30.25
2026_02_25,11207,1772034170,25315.0,T,11123,11361,30.25,50.25
2026_02_25,11361,1772034940,25264.75,B,11207,15098,50.25,146.75
2026_02_25,15098,1772053625,25411.5,T,11361,15314,146.75,37.5
2026_02_25,15314,1772054705,25374.0,B,15098,15331,37.5,46.0
2026_02_25,15331,1772054790,25420.0,T,15314,15365,46.0,32.25
2026_02_25,15365,1772054960,25387.75,B,15331,15389,32.25,100.25
2026_02_25,15389,1772055082,25488.0,T,15365,15390,100.25,78.0
2026_02_25,15390,1772055085,25410.0,B,15389,15390,78.0,56.25
2026_02_25,15390,1772055085,25466.25,T,15390,15391,56.25,58.75
2026_02_25,15391,1772055091,25407.5,B,15390,15392,58.75,49.0
2026_02_25,15392,1772055095,25456.5,T,15391,15393,49.0,56.0
2026_02_25,15393,1772055100,25400.5,B,15392,15394,56.0,53.5
2026_02_25,15394,1772055105,25454.0,T,15393,15396,53.5,34.0
2026_02_25,15396,1772055115,25420.0,B,15394,15402,34.0,36.75
2026_02_25,15402,1772055145,25456.75,T,15396,15404,36.75,41.5
2026_02_25,15404,1772055155,25415.25,B,15402,15440,41.5,79.75
2026_02_25,15440,1772055335,25495.0,T,15404,15451,79.75,42.5
2026_02_25,15451,1772055390,25452.5,B,15440,15488,42.5,34.25
2026_02_25,15488,1772055575,25486.75,T,15451,15582,34.25,51.75
2026_02_25,15582,1772056045,25435.0,B,15488,15683,51.75,36.0
2026_02_25,15683,1772056550,25471.0,T,15582,15733,36.0,92.25
2026_02_25,15733,1772060400,25378.75,B,15683,15746,92.25,39.75
2026_02_25,15746,1772060465,25418.5,T,15733,15794,39.75,53.5
2026_02_25,15794,1772060705,25365.0,B,15746,15842,53.5,44.25
2026_02_25,15842,1772060945,25409.25,T,15794,16251,44.25,134.75
2026_02_25,16251,1772062990,25274.5,B,15842,16302,134.75,59.0
2026_02_26,364,1772065820,25343.0,T,6,1082,39.0,78.25
2026_02_26,1082,1772069410,25264.75,B,364,1425,78.25,55.5
2026_02_26,1425,1772071125,25320.25,T,1082,1942,55.5,31.0
2026_02_26,1942,1772073720,25289.25,B,1425,2646,31.0,34.5
2026_02_26,2646,1772077320,25323.75,T,1942,3637,34.5,42.25
2026_02_26,3637,1772082531,25281.5,B,2646,5920,42.25,110.75
2026_02_26,5920,1772094115,25392.25,T,3637,6232,110.75,49.25
2026_02_26,6232,1772095675,25343.0,B,5920,6949,49.25,59.0
2026_02_26,6949,1772099260,25402.0,T,6232,8373,59.0,64.0
2026_02_26,8373,1772106420,25338.0,B,6949,9041,64.0,52.75
2026_02_26,9041,1772109770,25390.75,T,8373,9298,52.75,30.0
2026_02_26,9298,1772111055,25360.75,B,9041,9831,30.0,54.75
2026_02_26,9831,1772113725,25415.5,T,9298,10332,54.75,119.75
2026_02_26,10332,1772116230,25295.75,B,9831,10332,119.75,37.5
2026_02_26,10332,1772116230,25333.25,T,10332,10339,37.5,53.0
2026_02_26,10339,1772116265,25280.25,B,10332,10347,53.0,55.5
2026_02_26,10347,1772116305,25335.75,T,10339,10378,55.5,80.0
2026_02_26,10378,1772116460,25255.75,B,10347,10387,80.0,35.5
2026_02_26,10387,1772116505,25291.25,T,10378,10408,35.5,66.5
2026_02_26,10408,1772116610,25224.75,B,10387,10423,66.5,51.25
2026_02_26,10423,1772116685,25276.0,T,10408,10426,51.25,33.25
2026_02_26,10426,1772116700,25242.75,B,10423,10441,33.25,52.75
2026_02_26,10441,1772116775,25295.5,T,10426,10458,52.75,51.5
2026_02_26,10458,1772116860,25244.0,B,10441,10476,51.5,50.0
2026_02_26,10476,1772116950,25294.0,T,10458,10489,50.0,62.75
2026_02_26,10489,1772117015,25231.25,B,10476,10503,62.75,42.25
2026_02_26,10503,1772117085,25273.5,T,10489,10514,42.25,56.0
2026_02_26,10514,1772117140,25217.5,B,10503,10529,56.0,46.75
2026_02_26,10529,1772117215,25264.25,T,10514,10561,46.75,55.25
2026_02_26,10561,1772117375,25209.0,B,10529,10570,55.25,45.0
2026_02_26,10570,1772117420,25254.0,T,10561,10607,45.0,65.75
2026_02_26,10607,1772117605,25188.25,B,10570,10633,65.75,53.25
2026_02_26,10633,1772117735,25241.5,T,10607,10707,53.25,106.5
2026_02_26,10707,1772118105,25135.0,B,10633,10742,106.5,55.0
2026_02_26,10742,1772118280,25190.0,T,10707,10801,55.0,48.5
2026_02_26,10801,1772118575,25141.5,B,10742,10820,48.5,32.25
2026_02_26,10820,1772118670,25173.75,T,10801,10884,32.25,183.5
2026_02_26,10884,1772118990,24990.25,B,10820,10894,183.5,32.75
2026_02_26,10894,1772119040,25023.0,T,10884,10925,32.75,76.25
2026_02_26,10925,1772119195,24946.75,B,10894,10927,76.25,36.25
2026_02_26,10927,1772119205,24983.0,T,10925,10954,36.25,81.0
2026_02_26,10954,1772119340,24902.0,B,10927,10972,81.0,50.0
2026_02_26,10972,1772119430,24952.0,T,10954,10982,50.0,52.75
2026_02_26,10982,1772119480,24899.25,B,10972,11007,52.75,71.25
2026_02_26,11007,1772119605,24970.5,T,10982,11028,71.25,85.5
2026_02_26,11028,1772119710,24885.0,B,11007,11044,85.5,55.75
2026_02_26,11044,1772119790,24940.75,T,11028,11062,55.75,49.25
2026_02_26,11062,1772119880,24891.5,B,11044,11068,49.25,43.5
2026_02_26,11068,1772119910,24935.0,T,11062,11103,43.5,73.0
2026_02_26,11103,1772120085,24862.0,B,11068,11120,73.0,59.0
2026_02_26,11120,1772120170,24921.0,T,11103,11124,59.0,32.25
2026_02_26,11124,1772120190,24888.75,B,11120,11188,32.25,109.0
2026_02_26,11188,1772120510,24997.75,T,11124,11199,109.0,39.25
2026_02_26,11199,1772120565,24958.5,B,11188,11239,39.25,66.5
2026_02_26,11239,1772120765,25025.0,T,11199,11252,66.5,45.75
2026_02_26,11252,1772120830,24979.25,B,11239,11284,45.75,47.75
2026_02_26,11284,1772120990,25027.0,T,11252,11301,47.75,42.5
2026_02_26,11301,1772121075,24984.5,B,11284,11314,42.5,42.25
2026_02_26,11314,1772121140,25026.75,T,11301,11368,42.25,46.25
2026_02_26,11368,1772121410,24980.5,B,11314,11389,46.25,43.25
2026_02_26,11389,1772121515,25023.75,T,11368,11404,43.25,34.25
2026_02_26,11404,1772121590,24989.5,B,11389,11420,34.25,34.5
2026_02_26,11420,1772121670,25024.0,T,11404,11436,34.5,38.5
2026_02_26,11436,1772121750,24985.5,B,11420,11469,38.5,56.0
2026_02_26,11469,1772121915,25041.5,T,11436,11485,56.0,44.25
2026_02_26,11485,1772121995,24997.25,B,11469,11609,44.25,72.0
2026_02_26,11609,1772122615,25069.25,T,11485,11651,72.0,41.75
2026_02_26,11651,1772122825,25027.5,B,11609,11719,41.75,58.0
2026_02_26,11719,1772123165,25085.5,T,11651,11863,58.0,79.0
2026_02_26,11863,1772123885,25006.5,B,11719,11904,79.0,30.25
2026_02_26,11904,1772124090,25036.75,T,11863,11965,30.25,61.75
2026_02_26,11965,1772124395,24975.0,B,11904,12010,61.75,54.75
2026_02_26,12010,1772124620,25029.75,T,11965,12103,54.75,75.5
2026_02_26,12103,1772125085,24954.25,B,12010,12226,75.5,55.0
2026_02_26,12226,1772125700,25009.25,T,12103,12318,55.0,56.5
2026_02_26,12318,1772126160,24952.75,B,12226,12523,56.5,55.25
2026_02_26,12523,1772127185,25008.0,T,12318,12734,55.25,95.75
2026_02_26,12734,1772128240,24912.25,B,12523,12780,95.75,41.25
2026_02_26,12780,1772128470,24953.5,T,12734,12947,41.25,64.75
2026_02_26,12947,1772129305,24888.75,B,12780,12979,64.75,34.0
2026_02_26,12979,1772129465,24922.75,T,12947,13043,34.0,32.0
2026_02_26,13043,1772129785,24890.75,B,12979,13396,32.0,140.0
2026_02_26,13396,1772131550,25030.75,T,13043,13459,140.0,53.75
2026_02_26,13459,1772131865,24977.0,B,13396,13857,53.75,109.5
2026_02_26,13857,1772133855,25086.5,T,13459,13931,109.5,47.0
2026_02_26,13931,1772134225,25039.5,B,13857,14230,47.0,59.5
2026_02_26,14230,1772135720,25099.0,T,13931,14291,59.5,45.5
2026_02_26,14291,1772136025,25053.5,B,14230,14365,45.5,40.25
2026_02_26,14365,1772136395,25093.75,T,14291,14566,40.25,70.0
2026_02_26,14566,1772137400,25023.75,B,14365,14751,70.0,49.25
2026_02_26,14751,1772138325,25073.0,T,14566,14913,49.25,33.0
2026_02_26,14913,1772139135,25040.0,B,14751,15049,33.0,50.0
2026_02_26,15049,1772139815,25090.0,T,14913,15735,50.0,98.25
2026_02_26,15735,1772146845,24991.75,B,15049,15745,98.25,38.5
2026_02_26,15745,1772146895,25030.25,T,15735,15794,38.5,76.25
2026_02_26,15794,1772147140,24954.0,B,15745,15971,76.25,82.75
2026_02_27,266,1772151730,25026.25,T,57,560,46.0,71.5
2026_02_27,560,1772153200,24954.75,B,266,912,71.5,63.25
2026_02_27,912,1772154965,25018.0,T,560,1101,63.25,44.75
2026_02_27,1101,1772155910,24973.25,B,912,1143,44.75,33.25
2026_02_27,1143,1772156120,25006.5,T,1101,1315,33.25,36.0
2026_02_27,1315,1772156980,24970.5,B,1143,1519,36.0,46.5
2026_02_27,1519,1772158000,25017.0,T,1315,1574,46.5,32.0
2026_02_27,1574,1772158275,24985.0,B,1519,2200,32.0,51.0
2026_02_27,2200,1772161436,25036.0,T,1574,2596,51.0,33.75
2026_02_27,2596,1772163455,25002.25,B,2200,4087,33.75,58.25
2026_02_27,4087,1772171120,25060.5,T,2596,4512,58.25,68.75
2026_02_27,4512,1772173270,24991.75,B,4087,5703,68.75,98.25
2026_02_27,5703,1772179315,25090.0,T,4512,5867,98.25,51.75
2026_02_27,5867,1772180135,25038.25,B,5703,6049,51.75,38.5
2026_02_27,6049,1772181045,25076.75,T,5867,6104,38.5,30.5
2026_02_27,6104,1772181320,25046.25,B,6049,6650,30.5,52.5
2026_02_27,6650,1772184075,25098.75,T,6104,7271,52.5,132.75
2026_02_27,7271,1772187185,24966.0,B,6650,7523,132.75,79.25
2026_02_27,7523,1772188445,25045.25,T,7271,8588,79.25,124.0
2026_02_27,8588,1772193770,24921.25,B,7523,8818,124.0,73.25
2026_02_27,8818,1772194920,24994.5,T,8588,9256,73.25,97.25
2026_02_27,9256,1772197110,24897.25,B,8818,9357,97.25,45.5
2026_02_27,9357,1772197615,24942.75,T,9256,9506,45.5,52.25
2026_02_27,9506,1772198360,24890.5,B,9357,9536,52.25,33.5
2026_02_27,9536,1772198510,24924.0,T,9506,9634,33.5,111.25
2026_02_27,9634,1772199000,24812.75,B,9536,9634,111.25,78.75
2026_02_27,9634,1772199000,24891.5,T,9634,9637,78.75,44.25
2026_02_27,9637,1772199015,24847.25,B,9634,9641,44.25,35.75
2026_02_27,9641,1772199035,24883.0,T,9637,9661,35.75,55.25
2026_02_27,9661,1772199135,24827.75,B,9641,9669,55.25,30.25
2026_02_27,9669,1772199175,24858.0,T,9661,9728,30.25,52.25
2026_02_27,9728,1772199470,24805.75,B,9669,9761,52.25,30.5
2026_02_27,9761,1772199635,24836.25,T,9728,9786,30.5,40.75
2026_02_27,9786,1772199760,24795.5,B,9761,9875,40.75,72.75
2026_02_27,9875,1772200205,24868.25,T,9786,9946,72.75,30.0
2026_02_27,9946,1772200560,24838.25,B,9875,9989,30.0,41.0
2026_02_27,9989,1772200775,24879.25,T,9946,10336,41.0,83.25
2026_02_27,10336,1772202510,24796.0,B,9989,10356,83.25,72.0
2026_02_27,10356,1772202610,24868.0,T,10336,10370,72.0,64.0
2026_02_27,10370,1772202680,24804.0,B,10356,10399,64.0,100.5
2026_02_27,10399,1772202825,24904.5,T,10370,10431,100.5,53.5
2026_02_27,10431,1772202985,24851.0,B,10399,10441,53.5,40.5
2026_02_27,10441,1772203035,24891.5,T,10431,10450,40.5,51.25
2026_02_27,10450,1772203080,24840.25,B,10441,10455,51.25,49.25
2026_02_27,10455,1772203105,24889.5,T,10450,10465,49.25,30.75
2026_02_27,10465,1772203155,24858.75,B,10455,10471,30.75,51.25
2026_02_27,10471,1772203185,24910.0,T,10465,10519,51.25,130.0
2026_02_27,10519,1772203425,24780.0,B,10471,10531,130.0,84.0
2026_02_27,10531,1772203485,24864.0,T,10519,10535,84.0,46.25
2026_02_27,10535,1772203505,24817.75,B,10531,10552,46.25,97.25
2026_02_27,10552,1772203590,24915.0,T,10535,10564,97.25,57.25
2026_02_27,10564,1772203650,24857.75,B,10552,10585,57.25,81.0
2026_02_27,10585,1772203755,24938.75,T,10564,10603,81.0,46.75
2026_02_27,10603,1772203845,24892.0,B,10585,10614,46.75,43.5
2026_02_27,10614,1772203900,24935.5,T,10603,10636,43.5,60.5
2026_02_27,10636,1772204010,24875.0,B,10614,10643,60.5,31.75
2026_02_27,10643,1772204045,24906.75,T,10636,10674,31.75,56.75
2026_02_27,10674,1772204200,24850.0,B,10643,10683,56.75,48.75
2026_02_27,10683,1772204245,24898.75,T,10674,10691,48.75,37.75
2026_02_27,10691,1772204285,24861.0,B,10683,10717,37.75,43.5
2026_02_27,10717,1772204415,24904.5,T,10691,10722,43.5,38.25
2026_02_27,10722,1772204440,24866.25,B,10717,10745,38.25,87.75
2026_02_27,10745,1772204555,24954.0,T,10722,10763,87.75,63.0
2026_02_27,10763,1772204645,24891.0,B,10745,10858,63.0,102.75
2026_02_27,10858,1772205120,24993.75,T,10763,10937,102.75,72.75
2026_02_27,10937,1772205515,24921.0,B,10858,10960,72.75,54.75
2026_02_27,10960,1772205630,24975.75,T,10937,10981,54.75,31.75
2026_02_27,10981,1772205735,24944.0,B,10960,11009,31.75,53.75
2026_02_27,11009,1772205875,24997.75,T,10981,11034,53.75,53.0
2026_02_27,11034,1772206000,24944.75,B,11009,11061,53.0,38.75
2026_02_27,11061,1772206135,24983.5,T,11034,11109,38.75,55.5
2026_02_27,11109,1772206375,24928.0,B,11061,11163,55.5,67.0
2026_02_27,11163,1772206645,24995.0,T,11109,11209,67.0,39.75
2026_02_27,11209,1772206875,24955.25,B,11163,11261,39.75,62.25
2026_02_27,11261,1772207135,25017.5,T,11209,11267,62.25,38.0
2026_02_27,11267,1772207165,24979.5,B,11261,11272,38.0,31.25
2026_02_27,11272,1772207190,25010.75,T,11267,11381,31.25,87.5
2026_02_27,11381,1772207735,24923.25,B,11272,11483,87.5,98.25
2026_02_27,11483,1772208245,25021.5,T,11381,11548,98.25,78.0
2026_02_27,11548,1772208570,24943.5,B,11483,11656,78.0,70.25
2026_02_27,11656,1772209110,25013.75,T,11548,11715,70.25,59.75
2026_02_27,11715,1772209405,24954.0,B,11656,11748,59.75,43.75
2026_02_27,11748,1772209570,24997.75,T,11715,11767,43.75,35.25
2026_02_27,11767,1772209665,24962.5,B,11748,11852,35.25,47.5
2026_02_27,11852,1772210090,25010.0,T,11767,11974,47.5,79.0
2026_02_27,11974,1772210700,24931.0,B,11852,12098,79.0,74.75
2026_02_27,12098,1772211320,25005.75,T,11974,12150,74.75,40.5
2026_02_27,12150,1772211580,24965.25,B,12098,12261,40.5,71.5
2026_02_27,12261,1772212135,25036.75,T,12150,12429,71.5,136.5
2026_02_27,12429,1772212975,24900.25,B,12261,12518,136.5,84.0
2026_02_27,12518,1772213420,24984.25,T,12429,12532,84.0,54.75
2026_02_27,12532,1772213490,24929.5,B,12518,12595,54.75,64.75
2026_02_27,12595,1772213805,24994.25,T,12532,12710,64.75,80.25
2026_02_27,12710,1772214380,24914.0,B,12595,12880,80.25,41.5
2026_02_27,12880,1772215230,24955.5,T,12710,13205,41.5,80.75
2026_02_27,13205,1772216855,24874.75,B,12880,13382,80.75,56.5
2026_02_27,13382,1772217740,24931.25,T,13205,13549,56.5,45.25
2026_02_27,13549,1772218575,24886.0,B,13382,13672,45.25,74.25
2026_02_27,13672,1772219190,24960.25,T,13549,14127,74.25,86.75
2026_02_27,14127,1772221465,24873.5,B,13672,14605,86.75,131.0
2026_02_27,14605,1772223855,25004.5,T,14127,14780,131.0,82.75
2026_02_27,14780,1772224730,24921.75,B,14605,14842,82.75,37.0
2026_02_27,14842,1772225040,24958.75,T,14780,14891,37.0,30.0
2026_02_27,14891,1772225285,24928.75,B,14842,14916,30.0,49.75
2026_02_27,14916,1772225410,24978.5,T,14891,14927,49.75,32.25
2026_02_27,14927,1772225465,24946.25,B,14916,15032,32.25,76.5
2026_02_27,15032,1772225990,25022.75,T,14927,15292,76.5,80.75
2026_02_27,15292,1772227290,24942.0,B,15032,15442,80.75,38.25
2026_03_01,1,1772406005,24676.75,B,1,2,50.25,50.25
2026_03_01,2,1772406010,24727.0,T,1,3,50.25,41.0
2026_03_01,3,1772406015,24686.0,B,2,7,41.0,49.0
2026_03_01,7,1772406035,24735.0,T,3,13,49.0,46.0
2026_03_01,13,1772406065,24689.0,B,7,23,46.0,69.25
2026_03_01,23,1772406115,24758.25,T,13,24,69.25,37.5
2026_03_01,24,1772406120,24720.75,B,23,34,37.5,36.0
2026_03_01,34,1772406170,24756.75,T,24,52,36.0,66.5
2026_03_01,52,1772406260,24690.25,B,34,80,66.5,85.5
2026_03_01,80,1772406400,24775.75,T,52,80,85.5,30.0
2026_03_01,80,1772406400,24745.75,B,80,84,30.0,47.5
2026_03_01,84,1772406420,24793.25,T,80,87,47.5,36.5
2026_03_01,87,1772406435,24756.75,B,84,120,36.5,52.25
2026_03_01,120,1772406600,24809.0,T,87,127,52.25,33.0
2026_03_01,127,1772406635,24776.0,B,120,146,33.0,40.25
2026_03_01,146,1772406730,24816.25,T,127,190,40.25,57.25
2026_03_01,190,1772406950,24759.0,B,146,207,57.25,43.0
2026_03_01,207,1772407035,24802.0,T,190,242,43.0,35.5
2026_03_01,242,1772407210,24766.5,B,207,248,35.5,33.25
2026_03_01,248,1772407240,24799.75,T,242,378,33.25,66.25
2026_03_01,378,1772407890,24733.5,B,248,380,66.25,35.25
2026_03_01,380,1772407900,24768.75,T,378,454,35.25,53.25
2026_03_01,454,1772408270,24715.5,B,380,544,53.25,64.25
2026_03_02,29,1772409745,24762.5,T,12,79,39.5,34.5
2026_03_02,79,1772409995,24728.0,B,29,127,34.5,50.5
2026_03_02,127,1772410235,24778.5,T,79,236,50.5,66.0
2026_03_02,236,1772410780,24712.5,B,127,294,66.0,35.25
2026_03_02,294,1772411070,24747.75,T,236,409,35.25,34.25
2026_03_02,409,1772411645,24713.5,B,294,878,34.25,179.75
2026_03_02,878,1772413990,24893.25,T,409,1039,179.75,46.25
2026_03_02,1039,1772414795,24847.0,B,878,1097,46.25,54.25
2026_03_02,1097,1772415085,24901.25,T,1039,1803,54.25,97.25
2026_03_02,1803,1772418615,24804.0,B,1097,1925,97.25,43.75
2026_03_02,1925,1772419225,24847.75,T,1803,2068,43.75,51.5
2026_03_02,2068,1772419940,24796.25,B,1925,2400,51.5,39.0
2026_03_02,2400,1772421605,24835.25,T,2068,3031,39.0,57.5
2026_03_02,3031,1772424770,24777.75,B,2400,3079,57.5,31.75
2026_03_02,3079,1772425010,24809.5,T,3031,3121,31.75,68.75
2026_03_02,3121,1772425220,24740.75,B,3079,3144,68.75,35.0
2026_03_02,3144,1772425335,24775.75,T,3121,3157,35.0,34.75
2026_03_02,3157,1772425400,24741.0,B,3144,3365,34.75,76.25
2026_03_02,3365,1772426440,24817.25,T,3157,3889,76.25,99.25
2026_03_02,3889,1772429060,24718.0,B,3365,4033,99.25,31.75
2026_03_02,4033,1772429785,24749.75,T,3889,4310,31.75,77.75
2026_03_02,4310,1772431175,24672.0,B,4033,4391,77.75,30.75
2026_03_02,4391,1772431580,24702.75,T,4310,4569,30.75,69.5
2026_03_02,4569,1772432470,24633.25,B,4391,4693,69.5,45.75
2026_03_02,4693,1772433090,24679.0,T,4569,4861,45.75,89.0
2026_03_02,4861,1772433930,24590.0,B,4693,4867,89.0,31.5
2026_03_02,4867,1772433960,24621.5,T,4861,4938,31.5,87.0
2026_03_02,4938,1772434315,24534.5,B,4867,5042,87.0,68.75
2026_03_02,5042,1772434835,24603.25,T,4938,5100,68.75,39.75
2026_03_02,5100,1772435125,24563.5,B,5042,5115,39.75,35.25
2026_03_02,5115,1772435200,24598.75,T,5100,5152,35.25,67.0
2026_03_02,5152,1772435385,24531.75,B,5115,5189,67.0,42.5
2026_03_02,5189,1772435570,24574.25,T,5152,5214,42.5,35.0
2026_03_02,5214,1772435695,24539.25,B,5189,5241,35.0,40.5
2026_03_02,5241,1772435830,24579.75,T,5214,5285,40.5,46.5
2026_03_02,5285,1772436050,24533.25,B,5241,5321,46.5,55.0
2026_03_02,5321,1772436230,24588.25,T,5285,5456,55.0,41.5
2026_03_02,5456,1772436905,24546.75,B,5321,5574,41.5,35.25
2026_03_02,5574,1772437495,24582.0,T,5456,5760,35.25,75.5
2026_03_02,5760,1772438425,24506.5,B,5574,5775,75.5,39.75
2026_03_02,5775,1772438500,24546.25,T,5760,5786,39.75,33.75
2026_03_02,5786,1772438555,24512.5,B,5775,5794,33.75,43.75
2026_03_02,5794,1772438595,24556.25,T,5786,5823,43.75,46.75
2026_03_02,5823,1772438740,24509.5,B,5794,5829,46.75,30.25
2026_03_02,5829,1772438770,24539.75,T,5823,5909,30.25,57.0
2026_03_02,5909,1772439170,24482.75,B,5829,5930,57.0,55.0
2026_03_02,5930,1772439275,24537.75,T,5909,5982,55.0,60.5
2026_03_02,5982,1772439535,24477.25,B,5930,5999,60.5,41.0
2026_03_02,5999,1772439620,24518.25,T,5982,6050,41.0,41.25
2026_03_02,6050,1772439875,24477.0,B,5999,6074,41.25,37.75
2026_03_02,6074,1772439995,24514.75,T,6050,6103,37.75,37.25
2026_03_02,6103,1772440140,24477.5,B,6074,6309,37.25,104.25
2026_03_02,6309,1772441170,24581.75,T,6103,6321,104.25,36.75
2026_03_02,6321,1772441230,24545.0,B,6309,6367,36.75,46.25
2026_03_02,6367,1772441460,24591.25,T,6321,6483,46.25,39.5
2026_03_02,6483,1772442040,24551.75,B,6367,6822,39.5,103.25
2026_03_02,6822,1772443735,24655.0,T,6483,7089,103.25,44.25
2026_03_02,7089,1772445070,24610.75,B,6822,7268,44.25,73.75
2026_03_02,7268,1772445965,24684.5,T,7089,7383,73.75,52.0
2026_03_02,7383,1772446540,24632.5,B,7268,7460,52.0,40.75
2026_03_02,7460,1772446925,24673.25,T,7383,7537,40.75,35.25
2026_03_02,7537,1772447310,24638.0,B,7460,7668,35.25,47.0
2026_03_02,7668,1772447965,24685.0,T,7537,7691,47.0,32.25
2026_03_02,7691,1772448080,24652.75,B,7668,7735,32.25,31.0
2026_03_02,7735,1772448300,24683.75,T,7691,8116,31.0,49.0
2026_03_02,8116,1772450205,24634.75,B,7735,8507,49.0,94.5
2026_03_02,8507,1772452160,24729.25,T,8116,8586,94.5,59.25
2026_03_02,8586,1772452555,24670.0,B,8507,8652,59.25,35.5
2026_03_02,8652,1772452885,24705.5,T,8586,9077,35.5,76.75
2026_03_02,9077,1772455010,24628.75,B,8652,9200,76.75,35.5
2026_03_02,9200,1772455625,24664.25,T,9077,9314,35.5,55.0
2026_03_02,9314,1772456195,24609.25,B,9200,9384,55.0,43.5
2026_03_02,9384,1772456545,24652.75,T,9314,9404,43.5,31.0
2026_03_02,9404,1772456645,24621.75,B,9384,9660,31.0,118.0
2026_03_02,9660,1772457925,24739.75,T,9404,9759,118.0,68.75
2026_03_02,9759,1772458420,24671.0,B,9660,9772,68.75,33.25
2026_03_02,9772,1772458485,24704.25,T,9759,10062,33.25,109.75
2026_03_02,10062,1772459935,24594.5,B,9772,10175,109.75,57.75
2026_03_02,10175,1772460500,24652.25,T,10062,10405,57.75,43.25
2026_03_02,10405,1772461650,24609.0,B,10175,10435,43.25,53.75
2026_03_02,10435,1772461800,24662.75,T,10405,10441,53.75,57.5
2026_03_02,10441,1772461830,24605.25,B,10435,10481,57.5,203.25
2026_03_02,10481,1772462030,24808.5,T,10441,10483,203.25,30.25
2026_03_02,10483,1772462040,24778.25,B,10481,10524,30.25,107.0
2026_03_02,10524,1772462245,24885.25,T,10483,10549,107.0,90.0
2026_03_02,10549,1772462370,24795.25,B,10524,10562,90.0,54.0
2026_03_02,10562,1772462435,24849.25,T,10549,10569,54.0,47.25
2026_03_02,10569,1772462470,24802.0,B,10562,10579,47.25,39.75
2026_03_02,10579,1772462520,24841.75,T,10569,10586,39.75,31.25
2026_03_02,10586,1772462555,24810.5,B,10579,10594,31.25,37.25
2026_03_02,10594,1772462595,24847.75,T,10586,10598,37.25,47.0
2026_03_02,10598,1772462615,24800.75,B,10594,10611,47.0,54.0
2026_03_02,10611,1772462680,24854.75,T,10598,10616,54.0,39.5
2026_03_02,10616,1772462705,24815.25,B,10611,10622,39.5,65.25
2026_03_02,10622,1772462735,24880.5,T,10616,10629,65.25,37.75
2026_03_02,10629,1772462770,24842.75,B,10622,10634,37.75,31.5
2026_03_02,10634,1772462795,24874.25,T,10629,10643,31.5,34.25
2026_03_02,10643,1772462840,24840.0,B,10634,10676,34.25,59.0
2026_03_02,10676,1772463005,24899.0,T,10643,10716,59.0,89.0
2026_03_02,10716,1772463205,24810.0,B,10676,10740,89.0,57.25
2026_03_02,10740,1772463325,24867.25,T,10716,10752,57.25,48.0
2026_03_02,10752,1772463385,24819.25,B,10740,10780,48.0,50.25
2026_03_02,10780,1772463525,24869.5,T,10752,10806,50.25,66.5
2026_03_02,10806,1772463655,24803.0,B,10780,10820,66.5,92.0
2026_03_02,10820,1772463725,24895.0,T,10806,10838,92.0,33.25
2026_03_02,10838,1772463815,24861.75,B,10820,10843,33.25,45.25
2026_03_02,10843,1772463840,24907.0,T,10838,10847,45.25,40.75
2026_03_02,10847,1772463860,24866.25,B,10843,10855,40.75,38.25
2026_03_02,10855,1772463900,24904.5,T,10847,10864,38.25,33.0
2026_03_02,10864,1772463945,24871.5,B,10855,10953,33.0,76.25
2026_03_02,10953,1772464390,24947.75,T,10864,10985,76.25,38.75
2026_03_02,10985,1772464550,24909.0,B,10953,11004,38.75,37.0
2026_03_02,11004,1772464645,24946.0,T,10985,11068,37.0,79.25
2026_03_02,11068,1772464965,24866.75,B,11004,11078,79.25,57.75
2026_03_02,11078,1772465015,24924.5,T,11068,11088,57.75,33.0
2026_03_02,11088,1772465065,24891.5,B,11078,11099,33.0,37.25
2026_03_02,11099,1772465120,24928.75,T,11088,11147,37.25,72.0
2026_03_02,11147,1772465360,24856.75,B,11099,11159,72.0,43.75
2026_03_02,11159,1772465420,24900.5,T,11147,11193,43.75,57.25
2026_03_02,11193,1772465590,24843.25,B,11159,11209,57.25,37.75
2026_03_02,11209,1772465670,24881.0,T,11193,11233,37.75,39.0
2026_03_02,11233,1772465790,24842.0,B,11209,11367,39.0,115.75
2026_03_02,11367,1772466460,24957.75,T,11233,11388,115.75,46.75
2026_03_02,11388,1772466565,24911.0,B,11367,11404,46.75,37.0
2026_03_02,11404,1772466645,24948.0,T,11388,11461,37.0,70.75
2026_03_02,11461,1772466930,24877.25,B,11404,11498,70.75,55.5
2026_03_02,11498,1772467115,24932.75,T,11461,11529,55.5,40.0
2026_03_02,11529,1772467270,24892.75,B,11498,11654,40.0,95.25
2026_03_02,11654,1772467895,24988.0,T,11529,11857,95.25,135.75
2026_03_02,11857,1772468910,24852.25,B,11654,11876,135.75,42.5
2026_03_02,11876,1772469005,24894.75,T,11857,11915,42.5,33.75
2026_03_02,11915,1772469200,24861.0,B,11876,12094,33.75,178.75
2026_03_02,12094,1772470095,25039.75,T,11915,12130,178.75,45.0
2026_03_02,12130,1772470275,24994.75,B,12094,12221,45.0,49.75
2026_03_02,12221,1772470730,25044.5,T,12130,12274,49.75,36.25
2026_03_02,12274,1772470995,25008.25,B,12221,12312,36.25,32.5
2026_03_02,12312,1772471185,25040.75,T,12274,12393,32.5,33.0
2026_03_02,12393,1772471590,25007.75,B,12312,12528,33.0,68.75
2026_03_02,12528,1772472265,25076.5,T,12393,12706,68.75,50.25
2026_03_02,12706,1772473155,25026.25,B,12528,12855,50.25,49.25
2026_03_02,12855,1772473900,25075.5,T,12706,12921,49.25,32.75
2026_03_02,12921,1772474230,25042.75,B,12855,12982,32.75,31.25
2026_03_02,12982,1772474535,25074.0,T,12921,13262,31.25,61.0
2026_03_02,13262,1772475935,25013.0,B,12982,13300,61.0,33.0
2026_03_02,13300,1772476125,25046.0,T,13262,13523,33.0,67.25
2026_03_02,13523,1772477240,24978.75,B,13300,13549,67.25,30.0
2026_03_02,13549,1772477370,25008.75,T,13523,13682,30.0,41.75
2026_03_02,13682,1772478035,24967.0,B,13549,13934,41.75,122.5
2026_03_02,13934,1772479295,25089.5,T,13682,13986,122.5,32.75
2026_03_02,13986,1772479555,25056.75,B,13934,14247,32.75,43.25
2026_03_02,14247,1772480860,25100.0,T,13986,14532,43.25,141.0
2026_03_02,14532,1772482285,24959.0,B,14247,14537,141.0,37.25
2026_03_02,14537,1772482310,24996.25,T,14532,14547,37.25,32.0
2026_03_02,14547,1772482360,24964.25,B,14537,14552,32.0,33.0
2026_03_02,14552,1772482385,24997.25,T,14547,14575,33.0,50.25
2026_03_02,14575,1772482500,24947.0,B,14552,14623,50.25,74.0
2026_03_02,14623,1772482740,25021.0,T,14575,14639,74.0,47.25
2026_03_02,14639,1772482820,24973.75,B,14623,14646,47.25,39.0
2026_03_02,14646,1772482855,25012.75,T,14639,14720,39.0,50.75
2026_03_02,14720,1772483225,24962.0,B,14646,14740,50.75,37.0
2026_03_02,14740,1772483325,24999.0,T,14720,14755,37.0,36.75
2026_03_02,14755,1772483400,24962.25,B,14740,14862,36.75,53.5
2026_03_02,14862,1772483935,25015.75,T,14755,14901,53.5,41.5
2026_03_02,14901,1772484130,24974.25,B,14862,15086,41.5,88.5
2026_03_02,15086,1772485055,25062.75,T,14901,15229,88.5,87.0
2026_03_02,15229,1772485770,24975.75,B,15086,15834,87.0,35.5
2026_03_02,15834,1772492405,25011.25,T,15229,15873,35.5,43.5
2026_03_02,15873,1772492600,24967.75,B,15834,15887,43.5,33.75
2026_03_02,15887,1772492670,25001.5,T,15873,16257,33.75,57.5
2026_03_03,40,1772496200,24983.0,T,10,752,30.0,79.0
2026_03_03,752,1772499765,24904.0,B,40,1021,79.0,58.0
2026_03_03,1021,1772501110,24962.0,T,752,1734,58.0,153.75
2026_03_03,1734,1772504675,24808.25,B,1021,2168,153.75,76.5
2026_03_03,2168,1772506845,24884.75,T,1734,2534,76.5,79.75
2026_03_03,2534,1772508675,24805.0,B,2168,2712,79.75,74.5
2026_03_03,2712,1772509565,24879.5,T,2534,3081,74.5,65.0
2026_03_03,3081,1772511410,24814.5,B,2712,3152,65.0,32.25
2026_03_03,3152,1772511765,24846.75,T,3081,3456,32.25,54.0
2026_03_03,3456,1772513285,24792.75,B,3152,3714,54.0,37.0
2026_03_03,3714,1772514575,24829.75,T,3456,4274,37.0,79.75
2026_03_03,4274,1772517375,24750.0,B,3714,4339,79.75,39.75
2026_03_03,4339,1772517700,24789.75,T,4274,4423,39.75,47.25
2026_03_03,4423,1772518120,24742.5,B,4339,4470,47.25,30.75
2026_03_03,4470,1772518355,24773.25,T,4423,4535,30.75,33.25
2026_03_03,4535,1772518680,24740.0,B,4470,4695,33.25,60.75
2026_03_03,4695,1772519480,24800.75,T,4535,5089,60.75,66.5
2026_03_03,5089,1772521450,24734.25,B,4695,5099,66.5,33.75
2026_03_03,5099,1772521500,24768.0,T,5089,5141,33.75,47.0
2026_03_03,5141,1772521710,24721.0,B,5099,5276,47.0,37.75
2026_03_03,5276,1772522385,24758.75,T,5141,5512,37.75,83.0
2026_03_03,5512,1772523565,24675.75,B,5276,5591,83.0,38.25
2026_03_03,5591,1772523960,24714.0,T,5512,5775,38.25,66.75
2026_03_03,5775,1772524880,24647.25,B,5591,5799,66.75,44.75
2026_03_03,5799,1772525000,24692.0,T,5775,5854,44.75,34.25
2026_03_03,5854,1772525275,24657.75,B,5799,5879,34.25,38.0
2026_03_03,5879,1772525400,24695.75,T,5854,5945,38.0,68.75
2026_03_03,5945,1772525730,24627.0,B,5879,6024,68.75,35.5
2026_03_03,6024,1772526125,24662.5,T,5945,6152,35.5,81.5
2026_03_03,6152,1772526765,24581.0,B,6024,6193,81.5,40.25
2026_03_03,6193,1772526970,24621.25,T,6152,6272,40.25,113.25
2026_03_03,6272,1772527365,24508.0,B,6193,6331,113.25,40.5
2026_03_03,6331,1772527660,24548.5,T,6272,6469,40.5,43.0
2026_03_03,6469,1772528350,24505.5,B,6331,6554,43.0,56.5
2026_03_03,6554,1772528775,24562.0,T,6469,6568,56.5,34.75
2026_03_03,6568,1772528845,24527.25,B,6554,6598,34.75,54.75
2026_03_03,6598,1772528995,24582.0,T,6568,6746,54.75,62.0
2026_03_03,6746,1772529735,24520.0,B,6598,6781,62.0,40.75
2026_03_03,6781,1772529910,24560.75,T,6746,6905,40.75,66.75
2026_03_03,6905,1772530530,24494.0,B,6781,6944,66.75,49.0
2026_03_03,6944,1772530725,24543.0,T,6905,7042,49.0,71.25
2026_03_03,7042,1772531215,24471.75,B,6944,7048,71.25,32.25
2026_03_03,7048,1772531245,24504.0,T,7042,7119,32.25,47.75
2026_03_03,7119,1772531600,24456.25,B,7048,7144,47.75,34.5
2026_03_03,7144,1772531725,24490.75,T,7119,7227,34.5,53.75
2026_03_03,7227,1772532140,24437.0,B,7144,7258,53.75,46.75
2026_03_03,7258,1772532295,24483.75,T,7227,7324,46.75,61.75
2026_03_03,7324,1772532625,24422.0,B,7258,7473,61.75,59.25
2026_03_03,7473,1772533370,24481.25,T,7324,7662,59.25,88.5
2026_03_03,7662,1772534315,24392.75,B,7473,7766,88.5,91.25
2026_03_03,7766,1772534835,24484.0,T,7662,7907,91.25,82.0
2026_03_03,7907,1772535540,24402.0,B,7766,7910,82.0,57.75
2026_03_03,7910,1772535555,24459.75,T,7907,7927,57.75,31.75
2026_03_03,7927,1772535640,24428.0,B,7910,7977,31.75,50.25
2026_03_03,7977,1772535890,24478.25,T,7927,8166,50.25,108.75
2026_03_03,8166,1772536835,24369.5,B,7977,8225,108.75,117.5
2026_03_03,8225,1772537130,24487.0,T,8166,8270,117.5,38.75
2026_03_03,8270,1772537355,24448.25,B,8225,8369,38.75,55.75
2026_03_03,8369,1772537850,24504.0,T,8270,8383,55.75,33.5
2026_03_03,8383,1772537920,24470.5,B,8369,8476,33.5,44.0
2026_03_03,8476,1772538385,24514.5,T,8383,8548,44.0,37.25
2026_03_03,8548,1772538745,24477.25,B,8476,8584,37.25,32.5
2026_03_03,8584,1772538925,24509.75,T,8548,8622,32.5,39.5
2026_03_03,8622,1772539115,24470.25,B,8584,8787,39.5,106.0
2026_03_03,8787,1772539940,24576.25,T,8622,8846,106.0,40.0
2026_03_03,8846,1772540235,24536.25,B,8787,8902,40.0,66.0
2026_03_03,8902,1772540515,24602.25,T,8846,9026,66.0,51.75
2026_03_03,9026,1772541135,24550.5,B,8902,9108,51.75,41.5
2026_03_03,9108,1772541545,24592.0,T,9026,9133,41.5,36.75
2026_03_03,9133,1772541670,24555.25,B,9108,9236,36.75,52.0
2026_03_03,9236,1772542185,24607.25,T,9133,9279,52.0,50.25
2026_03_03,9279,1772542400,24557.0,B,9236,9312,50.25,42.0
2026_03_03,9312,1772542565,24599.0,T,9279,9521,42.0,71.25
2026_03_03,9521,1772543610,24527.75,B,9312,9612,71.25,47.0
2026_03_03,9612,1772544065,24574.75,T,9521,9757,47.0,101.25
2026_03_03,9757,1772544790,24473.5,B,9612,9780,101.25,40.0
2026_03_03,9780,1772544905,24513.5,T,9757,9817,40.0,36.0
2026_03_03,9817,1772545090,24477.5,B,9780,9863,36.0,43.75
2026_03_03,9863,1772545320,24521.25,T,9817,9992,43.75,73.5
2026_03_03,9992,1772545966,24447.75,B,9863,10005,73.5,53.25
2026_03_03,10005,1772546030,24501.0,T,9992,10014,53.25,32.25
2026_03_03,10014,1772546075,24468.75,B,10005,10093,32.25,32.0
2026_03_03,10093,1772546470,24500.75,T,10014,10124,32.0,33.25
2026_03_03,10124,1772546625,24467.5,B,10093,10168,33.25,39.0
2026_03_03,10168,1772546845,24506.5,T,10124,10221,39.0,50.75
2026_03_03,10221,1772547110,24455.75,B,10168,10262,50.75,48.75
2026_03_03,10262,1772547315,24504.5,T,10221,10276,48.75,32.5
2026_03_03,10276,1772547385,24472.0,B,10262,10368,32.5,70.75
2026_03_03,10368,1772547845,24542.75,T,10276,10429,70.75,36.25
2026_03_03,10429,1772548150,24506.5,B,10368,10440,36.25,42.25
2026_03_03,10440,1772548205,24548.75,T,10429,10440,42.25,32.75
2026_03_03,10440,1772548205,24516.0,B,10440,10451,32.75,111.0
2026_03_03,10451,1772548260,24627.0,T,10440,10452,111.0,45.0
2026_03_03,10452,1772548265,24582.0,B,10451,10454,45.0,35.5
2026_03_03,10454,1772548275,24617.5,T,10452,10459,35.5,55.0
2026_03_03,10459,1772548300,24562.5,B,10454,10464,55.0,45.25
2026_03_03,10464,1772548325,24607.75,T,10459,10501,45.25,105.5
2026_03_03,10501,1772548510,24502.25,B,10464,10524,105.5,119.75
2026_03_03,10524,1772548625,24622.0,T,10501,10525,119.75,31.25
2026_03_03,10525,1772548630,24590.75,B,10524,10547,31.25,70.25
2026_03_03,10547,1772548740,24661.0,T,10525,10565,70.25,94.0
2026_03_03,10565,1772548830,24567.0,B,10547,10571,94.0,36.5
2026_03_03,10571,1772548860,24603.5,T,10565,10621,36.5,89.25
2026_03_03,10621,1772549110,24514.25,B,10571,10636,89.25,99.0
2026_03_03,10636,1772549185,24613.25,T,10621,10671,99.0,121.75
2026_03_03,10671,1772549360,24491.5,B,10636,10671,121.75,32.5
2026_03_03,10671,1772549360,24524.0,T,10671,10685,32.5,36.5
2026_03_03,10685,1772549430,24487.5,B,10671,10691,36.5,62.0
2026_03_03,10691,1772549460,24549.5,T,10685,10691,62.0,33.5
2026_03_03,10691,1772549460,24516.0,B,10691,10699,33.5,51.0
2026_03_03,10699,1772549500,24567.0,T,10691,10702,51.0,42.75
2026_03_03,10702,1772549515,24524.25,B,10699,10704,42.75,31.25
2026_03_03,10704,1772549525,24555.5,T,10702,10712,31.25,38.5
2026_03_03,10712,1772549565,24517.0,B,10704,10719,38.5,42.5
2026_03_03,10719,1772549600,24559.5,T,10712,10730,42.5,47.25
2026_03_03,10730,1772549655,24512.25,B,10719,10741,47.25,38.75
2026_03_03,10741,1772549710,24551.0,T,10730,10747,38.75,41.25
2026_03_03,10747,1772549740,24509.75,B,10741,10751,41.25,30.5
2026_03_03,10751,1772549760,24540.25,T,10747,10799,30.5,61.5
2026_03_03,10799,1772550000,24478.75,B,10751,10805,61.5,85.0
2026_03_03,10805,1772550030,24563.75,T,10799,10810,85.0,54.75
2026_03_03,10810,1772550055,24509.0,B,10805,10812,54.75,36.75
2026_03_03,10812,1772550065,24545.75,T,10810,10823,36.75,60.75
2026_03_03,10823,1772550120,24485.0,B,10812,10824,60.75,30.5
2026_03_03,10824,1772550125,24515.5,T,10823,10837,30.5,44.0
2026_03_03,10837,1772550190,24471.5,B,10824,10844,44.0,37.75
2026_03_03,10844,1772550225,24509.25,T,10837,10852,37.75,45.75
2026_03_03,10852,1772550265,24463.5,B,10844,10859,45.75,32.0
2026_03_03,10859,1772550300,24495.5,T,10852,10864,32.0,33.75
2026_03_03,10864,1772550325,24461.75,B,10859,10873,33.75,61.25
2026_03_03,10873,1772550370,24523.0,T,10864,10873,61.25,33.75
2026_03_03,10873,1772550370,24489.25,B,10873,10875,33.75,54.25
2026_03_03,10875,1772550380,24543.5,T,10873,10877,54.25,35.75
2026_03_03,10877,1772550390,24507.75,B,10875,10885,35.75,30.75
2026_03_03,10885,1772550430,24538.5,T,10877,10905,30.75,67.5
2026_03_03,10905,1772550530,24471.0,B,10885,10912,67.5,50.5
2026_03_03,10912,1772550565,24521.5,T,10905,10924,50.5,42.25
2026_03_03,10924,1772550625,24479.25,B,10912,10936,42.25,59.5
2026_03_03,10936,1772550685,24538.75,T,10924,10943,59.5,35.75
2026_03_03,10943,1772550720,24503.0,B,10936,10947,35.75,49.0
2026_03_03,10947,1772550740,24552.0,T,10943,10972,49.0,67.25
2026_03_03,10972,1772550865,24484.75,B,10947,10979,67.25,35.25
2026_03_03,10979,1772550900,24520.0,T,10972,11075,35.25,134.75
2026_03_03,11075,1772551380,24385.25,B,10979,11086,134.75,32.25
2026_03_03,11086,1772551435,24417.5,T,11075,11148,32.25,66.75
2026_03_03,11148,1772551745,24350.75,B,11086,11184,66.75,89.25
2026_03_03,11184,1772551925,24440.0,T,11148,11207,89.25,49.75
2026_03_03,11207,1772552040,24390.25,B,11184,11223,49.75,33.75
2026_03_03,11223,1772552120,24424.0,T,11207,11232,33.75,32.0
2026_03_03,11232,1772552165,24392.0,B,11223,11245,32.0,68.0
2026_03_03,11245,1772552230,24460.0,T,11232,11264,68.0,34.0
2026_03_03,11264,1772552325,24426.0,B,11245,11275,34.0,30.0
2026_03_03,11275,1772552380,24456.0,T,11264,11280,30.0,34.0
2026_03_03,11280,1772552405,24422.0,B,11275,11289,34.0,50.25
2026_03_03,11289,1772552450,24472.25,T,11280,11327,50.25,69.5
2026_03_03,11327,1772552640,24402.75,B,11289,11340,69.5,40.0
2026_03_03,11340,1772552705,24442.75,T,11327,11342,40.0,30.25
2026_03_03,11342,1772552715,24412.5,B,11340,11354,30.25,47.5
2026_03_03,11354,1772552775,24460.0,T,11342,11389,47.5,66.5
2026_03_03,11389,1772552950,24393.5,B,11354,11398,66.5,30.5
2026_03_03,11398,1772552995,24424.0,T,11389,11405,30.5,43.75
2026_03_03,11405,1772553030,24380.25,B,11398,11424,43.75,59.75
2026_03_03,11424,1772553125,24440.0,T,11405,11454,59.75,66.5
2026_03_03,11454,1772553275,24373.5,B,11424,11473,66.5,59.5
2026_03_03,11473,1772553370,24433.0,T,11454,11489,59.5,42.25
2026_03_03,11489,1772553450,24390.75,B,11473,11571,42.25,135.25
2026_03_03,11571,1772553860,24526.0,T,11489,11571,135.25,44.5
2026_03_03,11571,1772553860,24481.5,B,11571,11594,44.5,91.5
2026_03_03,11594,1772553975,24573.0,T,11571,11599,91.5,32.5
2026_03_03,11599,1772554000,24540.5,B,11594,11625,32.5,45.75
2026_03_03,11625,1772554130,24586.25,T,11599,11658,45.75,42.25
2026_03_03,11658,1772554295,24544.0,B,11625,11740,42.25,76.25
2026_03_03,11740,1772554705,24620.25,T,11658,11759,76.25,49.5
2026_03_03,11759,1772554800,24570.75,B,11740,11845,49.5,71.75
2026_03_03,11845,1772555230,24642.5,T,11759,11924,71.75,79.5
2026_03_03,11924,1772555625,24563.0,B,11845,11954,79.5,83.5
2026_03_03,11954,1772555775,24646.5,T,11924,12041,83.5,62.5
2026_03_03,12041,1772556210,24584.0,B,11954,12047,62.5,69.0
2026_03_03,12047,1772556240,24653.0,T,12041,12051,69.0,30.5
2026_03_03,12051,1772556260,24622.5,B,12047,12081,30.5,102.5
2026_03_03,12081,1772556410,24725.0,T,12051,12110,102.5,64.0
2026_03_03,12110,1772556555,24661.0,B,12081,12122,64.0,39.0
2026_03_03,12122,1772556615,24700.0,T,12110,12143,39.0,35.0
2026_03_03,12143,1772556720,24665.0,B,12122,12191,35.0,45.0
2026_03_03,12191,1772556960,24710.0,T,12143,12235,45.0,49.0
2026_03_03,12235,1772557180,24661.0,B,12191,12243,49.0,30.5
2026_03_03,12243,1772557220,24691.5,T,12235,12290,30.5,50.25
2026_03_03,12290,1772557455,24641.25,B,12243,12322,50.25,49.0
2026_03_03,12322,1772557615,24690.25,T,12290,12386,49.0,69.75
2026_03_03,12386,1772557935,24620.5,B,12322,12431,69.75,45.5
2026_03_03,12431,1772558160,24666.0,T,12386,12442,45.5,33.75
2026_03_03,12442,1772558215,24632.25,B,12431,12481,33.75,48.5
2026_03_03,12481,1772558410,24680.75,T,12442,12485,48.5,41.0
2026_03_03,12485,1772558430,24639.75,B,12481,12543,41.0,68.25
2026_03_03,12543,1772558720,24708.0,T,12485,12565,68.25,33.0
2026_03_03,12565,1772558830,24675.0,B,12543,12592,33.0,37.5
2026_03_03,12592,1772558965,24712.5,T,12565,12673,37.5,110.75
2026_03_03,12673,1772559370,24601.75,B,12592,12779,110.75,96.75
2026_03_03,12779,1772559900,24698.5,T,12673,12805,96.75,34.25
2026_03_03,12805,1772560030,24664.25,B,12779,12830,34.25,34.5
2026_03_03,12830,1772560155,24698.75,T,12805,12906,34.5,74.75
2026_03_03,12906,1772560535,24624.0,B,12830,12987,74.75,78.5
2026_03_03,12987,1772560940,24702.5,T,12906,13024,78.5,33.5
2026_03_03,13024,1772561125,24669.0,B,12987,13079,33.5,35.0
2026_03_03,13079,1772561400,24704.0,T,13024,13131,35.0,50.0
2026_03_03,13131,1772561660,24654.0,B,13079,13303,50.0,117.75
2026_03_03,13303,1772562520,24771.75,T,13131,13322,117.75,30.25
2026_03_03,13322,1772562615,24741.5,B,13303,13456,30.25,93.5
2026_03_03,13456,1772563285,24835.0,T,13322,13540,93.5,63.75
2026_03_03,13540,1772563705,24771.25,B,13456,13580,63.75,53.75
2026_03_03,13580,1772563905,24825.0,T,13540,13631,53.75,44.75
2026_03_03,13631,1772564160,24780.25,B,13580,13730,44.75,33.5
2026_03_03,13730,1772564655,24813.75,T,13631,13812,33.5,83.5
2026_03_03,13812,1772565065,24730.25,B,13730,13955,83.5,72.75
2026_03_03,13955,1772565780,24803.0,T,13812,14103,72.75,93.75
2026_03_03,14103,1772566520,24709.25,B,13955,14126,93.75,66.25
2026_03_03,14126,1772566635,24775.5,T,14103,14126,66.25,37.0
2026_03_03,14126,1772566635,24738.5,B,14126,14136,37.0,77.75
2026_03_03,14136,1772566685,24816.25,T,14126,14150,77.75,42.5
2026_03_03,14150,1772566755,24773.75,B,14136,14193,42.5,45.5
2026_03_03,14193,1772566970,24819.25,T,14150,14198,45.5,32.0
2026_03_03,14198,1772566995,24787.25,B,14193,14240,32.0,63.0
2026_03_03,14240,1772567205,24850.25,T,14198,14327,63.0,81.5
2026_03_03,14327,1772567640,24768.75,B,14240,14336,81.5,31.5
2026_03_03,14336,1772567685,24800.25,T,14327,14354,31.5,34.25
2026_03_03,14354,1772567775,24766.0,B,14336,14418,34.25,55.25
2026_03_03,14418,1772568095,24821.25,T,14354,14467,55.25,44.25
2026_03_03,14467,1772568340,24777.0,B,14418,14538,44.25,41.0
2026_03_03,14538,1772568695,24818.0,T,14467,14619,41.0,73.25
2026_03_03,14619,1772569100,24744.75,B,14538,14652,73.25,36.25
2026_03_03,14652,1772569265,24781.0,T,14619,14708,36.25,39.75
2026_03_03,14708,1772569545,24741.25,B,14652,14837,39.75,66.75
2026_03_03,14837,1772570190,24808.0,T,14708,14969,66.75,63.5
2026_03_03,14969,1772570850,24744.5,B,14837,14999,63.5,31.0
2026_03_03,14999,1772571000,24775.5,T,14969,15029,31.0,57.75
2026_03_03,15029,1772571150,24717.75,B,14999,15095,57.75,47.0
2026_03_03,15095,1772571480,24764.75,T,15029,15529,47.0,71.75
2026_03_03,15529,1772573655,24693.0,B,15095,15637,71.75,38.5
2026_03_03,15637,1772574195,24731.5,T,15529,15916,38.5,62.75
2026_03_03,15916,1772579190,24668.75,B,15637,15927,62.75,42.5
2026_03_03,15927,1772579245,24711.25,T,15916,15931,42.5,35.75
2026_03_03,15931,1772579265,24675.5,B,15927,15996,35.75,84.25
2026_03_03,15996,1772579590,24759.75,T,15931,16248,84.25,58.25
2026_03_03,16248,1772580851,24701.5,B,15996,16440,58.25,40.75
2026_03_04,111,1772582955,24677.0,B,2,265,38.0,127.25
2026_03_04,265,1772583725,24804.25,T,111,525,127.25,115.25
2026_03_04,525,1772585025,24689.0,B,265,700,115.25,76.75
2026_03_04,700,1772585900,24765.75,T,525,735,76.75,30.0
2026_03_04,735,1772586075,24735.75,B,700,755,30.0,37.5
2026_03_04,755,1772586175,24773.25,T,735,1009,37.5,136.0
2026_03_04,1009,1772587445,24637.25,B,755,1072,136.0,35.25
2026_03_04,1072,1772587760,24672.5,T,1009,1096,35.25,42.75
2026_03_04,1096,1772587880,24629.75,B,1072,1242,42.75,92.25
2026_03_04,1242,1772588610,24722.0,T,1096,1326,92.25,74.5
2026_03_04,1326,1772589030,24647.5,B,1242,1345,74.5,41.0
2026_03_04,1345,1772589125,24688.5,T,1326,1365,41.0,42.75
2026_03_04,1365,1772589225,24645.75,B,1345,1446,42.75,57.5
2026_03_04,1446,1772589630,24703.25,T,1365,1537,57.5,69.75
2026_03_04,1537,1772590085,24633.5,B,1446,1591,69.75,45.25
2026_03_04,1591,1772590355,24678.75,T,1537,1640,45.25,57.0
2026_03_04,1640,1772590600,24621.75,B,1591,1680,57.0,46.0
2026_03_04,1680,1772590800,24667.75,T,1640,1876,46.0,79.0
2026_03_04,1876,1772591780,24588.75,B,1680,2053,79.0,78.25
2026_03_04,2053,1772592665,24667.0,T,1876,2216,78.25,81.25
2026_03_04,2216,1772593480,24585.75,B,2053,2284,81.25,43.0
2026_03_04,2284,1772593820,24628.75,T,2216,2420,43.0,71.75
2026_03_04,2420,1772594500,24557.0,B,2284,2440,71.75,32.5
2026_03_04,2440,1772594600,24589.5,T,2420,2580,32.5,64.5
2026_03_04,2580,1772595300,24525.0,B,2440,2627,64.5,47.5
2026_03_04,2627,1772595535,24572.5,T,2580,2679,47.5,34.75
2026_03_04,2679,1772595795,24537.75,B,2627,2749,34.75,52.25
2026_03_04,2749,1772596145,24590.0,T,2679,2820,52.25,34.75
2026_03_04,2820,1772596500,24555.25,B,2749,2961,34.75,89.5
2026_03_04,2961,1772597205,24644.75,T,2820,3256,89.5,69.25
2026_03_04,3256,1772598680,24575.5,B,2961,3306,69.25,30.5
2026_03_04,3306,1772598930,24606.0,T,3256,3370,30.5,39.75
2026_03_04,3370,1772599250,24566.25,B,3306,3427,39.75,40.25
2026_03_04,3427,1772599535,24606.5,T,3370,3518,40.25,32.0
2026_03_04,3518,1772599990,24574.5,B,3427,3616,32.0,38.5
2026_03_04,3616,1772600480,24613.0,T,3518,3781,38.5,52.0
2026_03_04,3781,1772601305,24561.0,B,3616,3805,52.0,32.25
2026_03_04,3805,1772601425,24593.25,T,3781,3921,32.25,61.25
2026_03_04,3921,1772602005,24532.0,B,3805,4117,61.25,85.75
2026_03_04,4117,1772602985,24617.75,T,3921,4561,85.75,119.25
2026_03_04,4561,1772605205,24498.5,B,4117,4764,119.25,92.0
2026_03_04,4764,1772606220,24590.5,T,4561,4940,92.0,44.0
2026_03_04,4940,1772607100,24546.5,B,4764,5058,44.0,38.75
2026_03_04,5058,1772607690,24585.25,T,4940,5223,38.75,49.5
2026_03_04,5223,1772608515,24535.75,B,5058,5673,49.5,142.0
2026_03_04,5673,1772610765,24677.75,T,5223,5765,142.0,38.75
2026_03_04,5765,1772611225,24639.0,B,5673,5773,38.75,36.5
2026_03_04,5773,1772611265,24675.5,T,5765,5825,36.5,37.25
2026_03_04,5825,1772611525,24638.25,B,5773,5873,37.25,39.0
2026_03_04,5873,1772611765,24677.25,T,5825,5916,39.0,42.5
2026_03_04,5916,1772611980,24634.75,B,5873,5938,42.5,39.25
2026_03_04,5938,1772612090,24674.0,T,5916,5954,39.25,32.0
2026_03_04,5954,1772612170,24642.0,B,5938,5994,32.0,47.25
2026_03_04,5994,1772612370,24689.25,T,5954,6027,47.25,75.5
2026_03_04,6027,1772612535,24613.75,B,5994,6050,75.5,49.25
2026_03_04,6050,1772612650,24663.0,T,6027,6084,49.25,51.5
2026_03_04,6084,1772612820,24611.5,B,6050,6140,51.5,46.0
2026_03_04,6140,1772613100,24657.5,T,6084,6244,46.0,37.75
2026_03_04,6244,1772613620,24619.75,B,6140,6361,37.75,58.25
2026_03_04,6361,1772614205,24678.0,T,6244,6491,58.25,51.75
2026_03_04,6491,1772614855,24626.25,B,6361,6528,51.75,46.0
2026_03_04,6528,1772615040,24672.25,T,6491,6576,46.0,50.5
2026_03_04,6576,1772615280,24621.75,B,6528,6701,50.5,100.0
2026_03_04,6701,1772615905,24721.75,T,6576,6717,100.0,30.5
2026_03_04,6717,1772615985,24691.25,B,6701,6914,30.5,43.75
2026_03_04,6914,1772616970,24735.0,T,6717,6959,43.75,32.25
2026_03_04,6959,1772617195,24702.75,B,6914,7103,32.25,68.25
2026_03_04,7103,1772617915,24771.0,T,6959,7272,68.25,36.5
2026_03_04,7272,1772618760,24734.5,B,7103,7293,36.5,41.5
2026_03_04,7293,1772618865,24776.0,T,7272,7297,41.5,40.0
2026_03_04,7297,1772618885,24736.0,B,7293,7300,40.0,64.0
2026_03_04,7300,1772618900,24800.0,T,7297,7300,64.0,30.75
2026_03_04,7300,1772618900,24769.25,B,7300,7301,30.75,40.0
2026_03_04,7301,1772618905,24809.25,T,7300,7304,40.0,31.5
2026_03_04,7304,1772618920,24777.75,B,7301,7334,31.5,81.0
2026_03_04,7334,1772619070,24858.75,T,7304,7337,81.0,32.75
2026_03_04,7337,1772619085,24826.0,B,7334,7345,32.75,30.75
2026_03_04,7345,1772619125,24856.75,T,7337,7366,30.75,40.75
2026_03_04,7366,1772619230,24816.0,B,7345,7410,40.75,50.0
2026_03_04,7410,1772619450,24866.0,T,7366,7431,50.0,43.0
2026_03_04,7431,1772619555,24823.0,B,7410,7469,43.0,38.0
2026_03_04,7469,1772619745,24861.0,T,7431,7519,38.0,65.75
2026_03_04,7519,1772619995,24795.25,B,7469,7643,65.75,51.0
2026_03_04,7643,1772620615,24846.25,T,7519,7689,51.0,34.75
2026_03_04,7689,1772620845,24811.5,B,7643,7816,34.75,42.75
2026_03_04,7816,1772621480,24854.25,T,7689,7834,42.75,43.0
2026_03_04,7834,1772621570,24811.25,B,7816,7956,43.0,63.5
2026_03_04,7956,1772622180,24874.75,T,7834,8019,63.5,36.5
2026_03_04,8019,1772622495,24838.25,B,7956,8164,36.5,56.25
2026_03_04,8164,1772623220,24894.5,T,8019,8602,56.25,93.0
2026_03_04,8602,1772625410,24801.5,B,8164,8688,93.0,43.25
2026_03_04,8688,1772625840,24844.75,T,8602,8710,43.25,39.0
2026_03_04,8710,1772625950,24805.75,B,8688,8750,39.0,37.5
2026_03_04,8750,1772626150,24843.25,T,8710,9015,37.5,123.25
2026_03_04,9015,1772627475,24720.0,B,8750,9167,123.25,74.75
2026_03_04,9167,1772628235,24794.75,T,9015,9275,74.75,36.75
2026_03_04,9275,1772628775,24758.0,B,9167,9543,36.75,170.0
2026_03_04,9543,1772630115,24928.0,T,9275,9742,170.0,70.5
2026_03_04,9742,1772631110,24857.5,B,9543,9758,70.5,41.75
2026_03_04,9758,1772631190,24899.25,T,9742,9795,41.75,34.25
2026_03_04,9795,1772631375,24865.0,B,9758,9887,34.25,57.0
2026_03_04,9887,1772631835,24922.0,T,9795,10030,57.0,47.75
2026_03_04,10030,1772632550,24874.25,B,9887,10043,47.75,37.75
2026_03_04,10043,1772632615,24912.0,T,10030,10123,37.75,37.75
2026_03_04,10123,1772633015,24874.25,B,10043,10165,37.75,30.75
2026_03_04,10165,1772633225,24905.0,T,10123,10186,30.75,37.75
2026_03_04,10186,1772633330,24867.25,B,10165,10330,37.75,44.25
2026_03_04,10330,1772634050,24911.5,T,10186,10440,44.25,74.25
2026_03_04,10440,1772634600,24837.25,B,10330,10445,74.25,104.75
2026_03_04,10445,1772634625,24942.0,T,10440,10445,104.75,33.5
2026_03_04,10445,1772634625,24908.5,B,10445,10447,33.5,46.75
2026_03_04,10447,1772634635,24955.25,T,10445,10448,46.75,42.5
2026_03_04,10448,1772634640,24912.75,B,10447,10451,42.5,30.25
2026_03_04,10451,1772634655,24943.0,T,10448,10459,30.25,42.0
2026_03_04,10459,1772634695,24901.0,B,10451,10500,42.0,69.5
2026_03_04,10500,1772634900,24970.5,T,10459,10521,69.5,104.0
2026_03_04,10521,1772635005,24866.5,B,10500,10539,104.0,52.25
2026_03_04,10539,1772635095,24918.75,T,10521,10545,52.25,39.75
2026_03_04,10545,1772635125,24879.0,B,10539,10554,39.75,31.0
2026_03_04,10554,1772635170,24910.0,T,10545,10584,31.0,68.5
2026_03_04,10584,1772635320,24841.5,B,10554,10603,68.5,38.25
2026_03_04,10603,1772635415,24879.75,T,10584,10620,38.25,66.25
2026_03_04,10620,1772635500,24813.5,B,10603,10650,66.25,106.5
2026_03_04,10650,1772635650,24920.0,T,10620,10656,106.5,50.25
2026_03_04,10656,1772635680,24869.75,B,10650,10669,50.25,69.75
2026_03_04,10669,1772635745,24939.5,T,10656,10685,69.75,74.25
2026_03_04,10685,1772635825,24865.25,B,10669,10720,74.25,78.75
2026_03_04,10720,1772636000,24944.0,T,10685,10788,78.75,64.0
2026_03_04,10788,1772636340,24880.0,B,10720,10800,64.0,88.5
2026_03_04,10800,1772636400,24968.5,T,10788,10800,88.5,46.0
2026_03_04,10800,1772636400,24922.5,B,10800,10806,46.0,56.75
2026_03_04,10806,1772636430,24979.25,T,10800,10809,56.75,31.0
2026_03_04,10809,1772636445,24948.25,B,10806,10814,31.0,35.25
2026_03_04,10814,1772636470,24983.5,T,10809,10826,35.25,37.0
2026_03_04,10826,1772636530,24946.5,B,10814,10831,37.0,32.0
2026_03_04,10831,1772636555,24978.5,T,10826,10848,32.0,88.25
2026_03_04,10848,1772636640,24890.25,B,10831,10872,88.25,63.75
2026_03_04,10872,1772636760,24954.0,T,10848,10875,63.75,32.0
2026_03_04,10875,1772636775,24922.0,B,10872,10921,32.0,79.75
2026_03_04,10921,1772637005,25001.75,T,10875,10938,79.75,38.25
2026_03_04,10938,1772637090,24963.5,B,10921,10956,38.25,46.5
2026_03_04,10956,1772637180,25010.0,T,10938,10974,46.5,52.5
2026_03_04,10974,1772637270,24957.5,B,10956,11160,52.5,190.25
2026_03_04,11160,1772638200,25147.75,T,10974,11221,190.25,49.25
2026_03_04,11221,1772638505,25098.5,B,11160,11257,49.25,31.25
2026_03_04,11257,1772638685,25129.75,T,11221,11366,31.25,92.75
2026_03_04,11366,1772639230,25037.0,B,11257,11421,92.75,49.5
2026_03_04,11421,1772639505,25086.5,T,11366,11435,49.5,42.75
2026_03_04,11435,1772639575,25043.75,B,11421,11545,42.75,114.5
2026_03_04,11545,1772640125,25158.25,T,11435,11688,114.5,100.5
2026_03_04,11688,1772640840,25057.75,B,11545,11714,100.5,36.25
2026_03_04,11714,1772640970,25094.0,T,11688,11748,36.25,42.25
2026_03_04,11748,1772641140,25051.75,B,11714,11774,42.25,38.5
2026_03_04,11774,1772641270,25090.25,T,11748,11810,38.5,39.0
2026_03_04,11810,1772641450,25051.25,B,11774,11958,39.0,88.5
2026_03_04,11958,1772642190,25139.75,T,11810,11977,88.5,41.75
2026_03_04,11977,1772642285,25098.0,B,11958,12086,41.75,72.0
2026_03_04,12086,1772642830,25170.0,T,11977,12134,72.0,31.0
2026_03_04,12134,1772643070,25139.0,B,12086,12173,31.0,33.25
2026_03_04,12173,1772643265,25172.25,T,12134,12246,33.25,38.25
2026_03_04,12246,1772643630,25134.0,B,12173,12305,38.25,41.25
2026_03_04,12305,1772643925,25175.25,T,12246,12508,41.25,41.25
2026_03_04,12508,1772644940,25134.0,B,12305,12543,41.25,31.75
2026_03_04,12543,1772645115,25165.75,T,12508,12632,31.75,60.75
2026_03_04,12632,1772645560,25105.0,B,12543,12888,60.75,76.25
2026_03_04,12888,1772646840,25181.25,T,12632,12920,76.25,33.0
2026_03_04,12920,1772647000,25148.25,B,12888,12968,33.0,35.75
2026_03_04,12968,1772647240,25184.0,T,12920,13207,35.75,43.5
2026_03_04,13207,1772648435,25140.5,B,12968,13478,43.5,73.25
2026_03_04,13478,1772649790,25213.75,T,13207,13541,73.25,32.25
2026_03_04,13541,1772650105,25181.5,B,13478,13604,32.25,33.5
2026_03_04,13604,1772650420,25215.0,T,13541,13657,33.5,36.5
2026_03_04,13657,1772650685,25178.5,B,13604,13807,36.5,38.5
2026_03_04,13807,1772651435,25217.0,T,13657,14691,38.5,93.25
2026_03_04,14691,1772655855,25123.75,B,13807,14932,93.25,44.0
2026_03_04,14932,1772657060,25167.75,T,14691,15001,44.0,54.5
2026_03_04,15001,1772657405,25113.25,B,14932,15078,54.5,38.5
2026_03_04,15078,1772657790,25151.75,T,15001,15146,38.5,58.0
2026_03_04,15146,1772658130,25093.75,B,15078,15297,58.0,63.5
2026_03_04,15297,1772658885,25157.25,T,15146,15300,63.5,38.0
2026_03_04,15300,1772658900,25119.25,B,15297,15303,38.0,44.0
2026_03_04,15303,1772658915,25163.25,T,15300,15314,44.0,34.5
2026_03_04,15314,1772658970,25128.75,B,15303,15329,34.5,34.75
2026_03_04,15329,1772659045,25163.5,T,15314,15390,34.75,43.0
2026_03_04,15390,1772659350,25120.5,B,15329,15982,43.0,57.25
2026_03_04,15982,1772665910,25177.75,T,15390,16088,57.25,34.25
2026_03_05,227,1772669935,25243.0,T,41,974,83.0,109.0
2026_03_05,974,1772673670,25134.0,B,227,1032,109.0,39.0
2026_03_05,1032,1772673960,25173.0,T,974,1102,39.0,37.75
2026_03_05,1102,1772674310,25135.25,B,1032,1211,37.75,39.5
2026_03_05,1211,1772674855,25174.75,T,1102,1252,39.5,102.75
2026_03_05,1252,1772675060,25072.0,B,1211,1299,102.75,50.0
2026_03_05,1299,1772675295,25122.0,T,1252,1404,50.0,78.0
2026_03_05,1404,1772675820,25044.0,B,1299,1608,78.0,51.25
2026_03_05,1608,1772676840,25095.25,T,1404,1819,51.25,46.25
2026_03_05,1819,1772677895,25049.0,B,1608,2044,46.25,76.25
2026_03_05,2044,1772679020,25125.25,T,1819,2533,76.25,99.75
2026_03_05,2533,1772681465,25025.5,B,2044,2657,99.75,36.0
2026_03_05,2657,1772682085,25061.5,T,2533,2797,36.0,31.0
2026_03_05,2797,1772682785,25030.5,B,2657,2830,31.0,39.75
2026_03_05,2830,1772682950,25070.25,T,2797,2904,39.75,38.25
2026_03_05,2904,1772683321,25032.0,B,2830,3482,38.25,74.5
2026_03_05,3482,1772686210,25106.5,T,2904,4509,74.5,125.75
2026_03_05,4509,1772691345,24980.75,B,3482,4595,125.75,42.0
2026_03_05,4595,1772691775,25022.75,T,4509,4713,42.0,36.0
2026_03_05,4713,1772692365,24986.75,B,4595,5041,36.0,109.75
2026_03_05,5041,1772694005,25096.5,T,4713,5294,109.75,45.5
2026_03_05,5294,1772695270,25051.0,B,5041,5345,45.5,42.75
2026_03_05,5345,1772695525,25093.75,T,5294,5708,42.75,54.5
2026_03_05,5708,1772697340,25039.25,B,5345,5760,54.5,40.0
2026_03_05,5760,1772697600,25079.25,T,5708,5870,40.0,89.25
2026_03_05,5870,1772698150,24990.0,B,5760,5986,89.25,54.5
2026_03_05,5986,1772698730,25044.5,T,5870,6125,54.5,71.5
2026_03_05,6125,1772699425,24973.0,B,5986,6157,71.5,49.25
2026_03_05,6157,1772699585,25022.25,T,6125,6176,49.25,33.75
2026_03_05,6176,1772699680,24988.5,B,6157,6199,33.75,35.25
2026_03_05,6199,1772699795,25023.75,T,6176,6247,35.25,43.0
2026_03_05,6247,1772700035,24980.75,B,6199,6329,43.0,56.5
2026_03_05,6329,1772700445,25037.25,T,6247,6369,56.5,37.75
2026_03_05,6369,1772700645,24999.5,B,6329,6617,37.75,207.0
2026_03_05,6617,1772701885,25206.5,T,6369,6711,207.0,74.0
2026_03_05,6711,1772702355,25132.5,B,6617,6733,74.0,62.75
2026_03_05,6733,1772702465,25195.25,T,6711,6740,62.75,40.5
2026_03_05,6740,1772702500,25154.75,B,6733,6754,40.5,35.25
2026_03_05,6754,1772702570,25190.0,T,6740,6893,35.25,76.5
2026_03_05,6893,1772703265,25113.5,B,6754,6918,76.5,32.75
2026_03_05,6918,1772703390,25146.25,T,6893,7032,32.75,61.25
2026_03_05,7032,1772703960,25085.0,B,6918,7081,61.25,32.25
2026_03_05,7081,1772704205,25117.25,T,7032,7107,32.25,35.25
2026_03_05,7107,1772704335,25082.0,B,7081,7195,35.25,41.75
2026_03_05,7195,1772704775,25123.75,T,7107,7256,41.75,38.0
2026_03_05,7256,1772705080,25085.75,B,7195,7569,38.0,57.5
2026_03_05,7569,1772706645,25143.25,T,7256,7820,57.5,51.0
2026_03_05,7820,1772707900,25092.25,B,7569,7858,51.0,31.0
2026_03_05,7858,1772708090,25123.25,T,7820,7930,31.0,39.75
2026_03_05,7930,1772708450,25083.5,B,7858,8289,39.75,68.5
2026_03_05,8289,1772710245,25152.0,T,7930,8409,68.5,47.75
2026_03_05,8409,1772710845,25104.25,B,8289,8500,47.75,33.25
2026_03_05,8500,1772711300,25137.5,T,8409,8678,33.25,59.25
2026_03_05,8678,1772712190,25078.25,B,8500,8895,59.25,78.5
2026_03_05,8895,1772713275,25156.75,T,8678,9168,78.5,94.75
2026_03_05,9168,1772714640,25062.0,B,8895,9209,94.75,41.25
2026_03_05,9209,1772714845,25103.25,T,9168,9286,41.25,65.75
2026_03_05,9286,1772715230,25037.5,B,9209,9354,65.75,39.0
2026_03_05,9354,1772715570,25076.5,T,9286,9510,39.0,49.5
2026_03_05,9510,1772716350,25027.0,B,9354,9557,49.5,33.0
2026_03_05,9557,1772716585,25060.0,T,9510,9662,33.0,38.75
2026_03_05,9662,1772717110,25021.25,B,9557,9721,38.75,48.75
2026_03_05,9721,1772717405,25070.0,T,9662,9747,48.75,52.0
2026_03_05,9747,1772717535,25018.0,B,9721,9760,52.0,33.75
2026_03_05,9760,1772717600,25051.75,T,9747,9802,33.75,59.75
2026_03_05,9802,1772717810,24992.0,B,9760,9988,59.75,59.5
2026_03_05,9988,1772718740,25051.5,T,9802,10064,59.5,70.0
2026_03_05,10064,1772719120,24981.5,B,9988,10124,70.0,31.5
2026_03_05,10124,1772719420,25013.0,T,10064,10136,31.5,35.0
2026_03_05,10136,1772719480,24978.0,B,10124,10160,35.0,32.0
2026_03_05,10160,1772719600,25010.0,T,10136,10291,32.0,47.75
2026_03_05,10291,1772720255,24962.25,B,10160,10443,47.75,69.5
2026_03_05,10443,1772721015,25031.75,T,10291,10444,69.5,33.75
2026_03_05,10444,1772721020,24998.0,B,10443,10449,33.75,61.5
2026_03_05,10449,1772721045,25059.5,T,10444,10459,61.5,36.75
2026_03_05,10459,1772721095,25022.75,B,10449,10542,36.75,102.5
2026_03_05,10542,1772721510,25125.25,T,10459,10554,102.5,58.75
2026_03_05,10554,1772721570,25066.5,B,10542,10562,58.75,31.5
2026_03_05,10562,1772721610,25098.0,T,10554,10570,31.5,41.5
2026_03_05,10570,1772721650,25056.5,B,10562,10587,41.5,55.25
2026_03_05,10587,1772721735,25111.75,T,10570,10621,55.25,76.5
2026_03_05,10621,1772721905,25035.25,B,10587,10671,76.5,96.5
2026_03_05,10671,1772722155,25131.75,T,10621,10678,96.5,54.75
2026_03_05,10678,1772722190,25077.0,B,10671,10703,54.75,67.75
2026_03_05,10703,1772722315,25144.75,T,10678,10717,67.75,39.5
2026_03_05,10717,1772722385,25105.25,B,10703,10741,39.5,45.5
2026_03_05,10741,1772722505,25150.75,T,10717,10748,45.5,30.5
2026_03_05,10748,1772722540,25120.25,B,10741,10811,30.5,88.0
2026_03_05,10811,1772722855,25208.25,T,10748,10910,88.0,82.25
2026_03_05,10910,1772723350,25126.0,B,10811,10927,82.25,44.75
2026_03_05,10927,1772723435,25170.75,T,10910,10944,44.75,41.25
2026_03_05,10944,1772723520,25129.5,B,10927,10977,41.25,52.5
2026_03_05,10977,1772723685,25182.0,T,10944,11068,52.5,141.0
2026_03_05,11068,1772724140,25041.0,B,10977,11068,141.0,33.25
2026_03_05,11068,1772724140,25074.25,T,11068,11186,33.25,143.75
2026_03_05,11186,1772724730,24930.5,B,11068,11285,143.75,141.25
2026_03_05,11285,1772725225,25071.75,T,11186,11322,141.25,53.75
2026_03_05,11322,1772725410,25018.0,B,11285,11376,53.75,63.5
2026_03_05,11376,1772725680,25081.5,T,11322,11390,63.5,48.75
2026_03_05,11390,1772725750,25032.75,B,11376,11449,48.75,64.25
2026_03_05,11449,1772726045,25097.0,T,11390,11485,64.25,47.75
2026_03_05,11485,1772726225,25049.25,B,11449,11521,47.75,43.25
2026_03_05,11521,1772726405,25092.5,T,11485,11656,43.25,136.0
2026_03_05,11656,1772727080,24956.5,B,11521,11683,136.0,58.5
2026_03_05,11683,1772727215,25015.0,T,11656,11740,58.5,67.0
2026_03_05,11740,1772727500,24948.0,B,11683,11746,67.0,32.5
2026_03_05,11746,1772727530,24980.5,T,11740,11760,32.5,40.5
2026_03_05,11760,1772727600,24940.0,B,11746,11798,40.5,71.75
2026_03_05,11798,1772727790,25011.75,T,11760,11806,71.75,39.75
2026_03_05,11806,1772727830,24972.0,B,11798,11834,39.75,37.5
2026_03_05,11834,1772727970,25009.5,T,11806,11880,37.5,44.5
2026_03_05,11880,1772728200,24965.0,B,11834,11926,44.5,67.75
2026_03_05,11926,1772728430,25032.75,T,11880,11933,67.75,46.5
2026_03_05,11933,1772728465,24986.25,B,11926,12011,46.5,53.5
2026_03_05,12011,1772728855,25039.75,T,11933,12034,53.5,50.25
2026_03_05,12034,1772728970,24989.5,B,12011,12091,50.25,64.75
2026_03_05,12091,1772729255,25054.25,T,12034,12143,64.75,44.75
2026_03_05,12143,1772729515,25009.5,B,12091,12315,44.75,113.5
2026_03_05,12315,1772730375,25123.0,T,12143,12367,113.5,116.25
2026_03_05,12367,1772730635,25006.75,B,12315,12399,116.25,49.25
2026_03_05,12399,1772730795,25056.0,T,12367,12501,49.25,116.0
2026_03_05,12501,1772731305,24940.0,B,12399,12536,116.0,47.25
2026_03_05,12536,1772731480,24987.25,T,12501,12559,47.25,39.75
2026_03_05,12559,1772731595,24947.5,B,12536,12579,39.75,52.0
2026_03_05,12579,1772731695,24999.5,T,12559,12599,52.0,73.75
2026_03_05,12599,1772731795,24925.75,B,12579,12599,73.75,31.5
2026_03_05,12599,1772731795,24957.25,T,12599,12685,31.5,105.75
2026_03_05,12685,1772732225,24851.5,B,12599,12696,105.75,71.0
2026_03_05,12696,1772732280,24922.5,T,12685,12757,71.0,79.0
2026_03_05,12757,1772732585,24843.5,B,12696,12761,79.0,31.75
2026_03_05,12761,1772732605,24875.25,T,12757,12850,31.75,83.0
2026_03_05,12850,1772733050,24792.25,B,12761,12874,83.0,60.25
2026_03_05,12874,1772733170,24852.5,T,12850,12920,60.25,67.25
2026_03_05,12920,1772733400,24785.25,B,12874,13082,67.25,92.75
2026_03_05,13082,1772734210,24878.0,T,12920,13105,92.75,34.25
2026_03_05,13105,1772734325,24843.75,B,13082,13148,34.25,45.25
2026_03_05,13148,1772734540,24889.0,T,13105,13214,45.25,87.25
2026_03_05,13214,1772734870,24801.75,B,13148,13234,87.25,53.75
2026_03_05,13234,1772734970,24855.5,T,13214,13286,53.75,74.0
2026_03_05,13286,1772735230,24781.5,B,13234,13327,74.0,42.5
2026_03_05,13327,1772735435,24824.0,T,13286,13356,42.5,50.0
2026_03_05,13356,1772735580,24774.0,B,13327,13479,50.0,95.75
2026_03_05,13479,1772736195,24869.75,T,13356,13515,95.75,55.75
2026_03_05,13515,1772736375,24814.0,B,13479,13532,55.75,39.75
2026_03_05,13532,1772736460,24853.75,T,13515,13617,39.75,78.25
2026_03_05,13617,1772736885,24775.5,B,13532,13758,78.25,84.25
2026_03_05,13758,1772737590,24859.75,T,13617,13829,84.25,37.5
2026_03_05,13829,1772737945,24822.25,B,13758,13848,37.5,37.75
2026_03_05,13848,1772738040,24860.0,T,13829,13886,37.75,31.5
2026_03_05,13886,1772738230,24828.5,B,13848,13921,31.5,52.75
2026_03_05,13921,1772738405,24881.25,T,13886,14073,52.75,88.5
2026_03_05,14073,1772739165,24792.75,B,13921,14286,88.5,90.25
2026_03_05,14286,1772740230,24883.0,T,14073,14343,90.25,60.0
2026_03_05,14343,1772740515,24823.0,B,14286,14414,60.0,43.5
2026_03_05,14414,1772740870,24866.5,T,14343,14453,43.5,40.25
2026_03_05,14453,1772741065,24826.25,B,14414,14458,40.25,77.25
2026_03_05,14458,1772741090,24903.5,T,14453,14476,77.25,60.5
2026_03_05,14476,1772741180,24843.0,B,14458,14487,60.5,43.5
2026_03_05,14487,1772741235,24886.5,T,14476,14502,43.5,33.5
2026_03_05,14502,1772741310,24853.0,B,14487,14537,33.5,81.75
2026_03_05,14537,1772741485,24934.75,T,14502,14557,81.75,33.25
2026_03_05,14557,1772741585,24901.5,B,14537,14585,33.25,35.0
2026_03_05,14585,1772741725,24936.5,T,14557,14599,35.0,33.75
2026_03_05,14599,1772741795,24902.75,B,14585,14714,33.75,91.5
2026_03_05,14714,1772742370,24994.25,T,14599,14767,91.5,53.5
2026_03_05,14767,1772742635,24940.75,B,14714,14867,53.5,58.75
2026_03_05,14867,1772743135,24999.5,T,14767,14966,58.75,54.5
2026_03_05,14966,1772743630,24945.0,B,14867,15000,54.5,75.0
2026_03_05,15000,1772743800,25020.0,T,14966,15000,75.0,30.5
2026_03_05,15000,1772743800,24989.5,B,15000,15001,30.5,35.5
2026_03_05,15001,1772743805,25025.0,T,15000,15021,35.5,31.75
2026_03_05,15021,1772743905,24993.25,B,15001,15119,31.75,62.75
2026_03_05,15119,1772744395,25056.0,T,15021,15691,62.75,56.0
2026_03_06,169,1772756045,25098.5,T,2,1067,39.5,60.5
2026_03_06,1067,1772760540,25038.0,B,169,1146,60.5,50.75
2026_03_06,1146,1772760935,25088.75,T,1067,1282,50.75,47.0
2026_03_06,1282,1772761615,25041.75,B,1146,1704,47.0,74.5
2026_03_06,1704,1772763725,25116.25,T,1282,2098,74.5,48.0
2026_03_06,2098,1772765695,25068.25,B,1704,3384,48.0,69.5
2026_03_06,3384,1772772145,25137.75,T,2098,3580,69.5,32.25
2026_03_06,3580,1772773125,25105.5,B,3384,4040,32.25,36.0
2026_03_06,4040,1772775435,25141.5,T,3580,4193,36.0,34.75
2026_03_06,4193,1772776205,25106.75,B,4040,4410,34.75,30.5
2026_03_06,4410,1772777290,25137.25,T,4193,5187,30.5,46.0
2026_03_06,5187,1772781200,25091.25,B,4410,5360,46.0,49.0
2026_03_06,5360,1772782065,25140.25,T,5187,6113,49.0,107.25
2026_03_06,6113,1772785850,25033.0,B,5360,6305,107.25,76.0
2026_03_06,6305,1772786810,25109.0,T,6113,7023,76.0,227.0
2026_03_06,7023,1772790400,24882.0,B,6305,7049,227.0,36.5
2026_03_06,7049,1772790530,24918.5,T,7023,7078,36.5,36.25
2026_03_06,7078,1772790675,24882.25,B,7049,7400,36.25,89.25
2026_03_06,7400,1772792285,24971.5,T,7078,7529,89.25,34.5
2026_03_06,7529,1772792930,24937.0,B,7400,7536,34.5,43.0
2026_03_06,7536,1772792965,24980.0,T,7529,7782,43.0,51.75
2026_03_06,7782,1772794195,24928.25,B,7536,7856,51.75,34.25
2026_03_06,7856,1772794565,24962.5,T,7782,8006,34.25,75.5
2026_03_06,8006,1772795315,24887.0,B,7856,8019,75.5,46.0
2026_03_06,8019,1772795380,24933.0,T,8006,8036,46.0,36.0
2026_03_06,8036,1772795465,24897.0,B,8019,8053,36.0,56.25
2026_03_06,8053,1772795550,24953.25,T,8036,8131,56.25,31.0
2026_03_06,8131,1772795940,24922.25,B,8053,8246,31.0,40.75
2026_03_06,8246,1772796515,24963.0,T,8131,8424,40.75,104.5
2026_03_06,8424,1772797405,24858.5,B,8246,8474,104.5,37.75
2026_03_06,8474,1772797655,24896.25,T,8424,8583,37.75,60.0
2026_03_06,8583,1772798200,24836.25,B,8474,8651,60.0,34.0
2026_03_06,8651,1772798540,24870.25,T,8583,8704,34.0,31.75
2026_03_06,8704,1772798805,24838.5,B,8651,8810,31.75,46.0
2026_03_06,8810,1772799335,24884.5,T,8704,9002,46.0,61.75
2026_03_06,9002,1772800295,24822.75,B,8810,9040,61.75,38.25
2026_03_06,9040,1772800485,24861.0,T,9002,9059,38.25,41.75
2026_03_06,9059,1772800580,24819.25,B,9040,9127,41.75,40.75
2026_03_06,9127,1772800920,24860.0,T,9059,9201,40.75,54.75
2026_03_06,9201,1772801290,24805.25,B,9127,9255,54.75,34.75
2026_03_06,9255,1772801560,24840.0,T,9201,9283,34.75,30.25
2026_03_06,9283,1772801700,24809.75,B,9255,9361,30.25,46.5
2026_03_06,9361,1772802090,24856.25,T,9283,9405,46.5,31.75
2026_03_06,9405,1772802310,24824.5,B,9361,9703,31.75,70.0
2026_03_06,9703,1772803800,24894.5,T,9405,9704,70.0,158.5
2026_03_06,9704,1772803806,24736.0,B,9703,9705,158.5,68.25
2026_03_06,9705,1772803810,24804.25,T,9704,9709,68.25,41.75
2026_03_06,9709,1772803830,24762.5,B,9705,9711,41.75,31.5
2026_03_06,9711,1772803840,24794.0,T,9709,9717,31.5,43.0
2026_03_06,9717,1772803870,24751.0,B,9711,9725,43.0,64.25
2026_03_06,9725,1772803910,24815.25,T,9717,9732,64.25,40.5
2026_03_06,9732,1772803945,24774.75,B,9725,9737,40.5,57.5
2026_03_06,9737,1772803970,24832.25,T,9732,9752,57.5,55.25
2026_03_06,9752,1772804045,24777.0,B,9737,9766,55.25,69.5
2026_03_06,9766,1772804115,24846.5,T,9752,9883,69.5,143.5
2026_03_06,9883,1772804700,24703.0,B,9766,9883,143.5,32.0
2026_03_06,9883,1772804700,24735.0,T,9883,9920,32.0,68.0
2026_03_06,9920,1772804885,24667.0,B,9883,9934,68.0,45.75
2026_03_06,9934,1772804955,24712.75,T,9920,9963,45.75,61.5
2026_03_06,9963,1772805100,24651.25,B,9934,9976,61.5,47.0
2026_03_06,9976,1772805165,24698.25,T,9963,10008,47.0,58.5
2026_03_06,10008,1772805325,24639.75,B,9976,10011,58.5,32.75
2026_03_06,10011,1772805340,24672.5,T,10008,10020,32.75,55.75
2026_03_06,10020,1772805385,24616.75,B,10011,10054,55.75,52.75
2026_03_06,10054,1772805555,24669.5,T,10020,10071,52.75,43.25
2026_03_06,10071,1772805640,24626.25,B,10054,10090,43.25,42.25
2026_03_06,10090,1772805735,24668.5,T,10071,10113,42.25,37.0
2026_03_06,10113,1772805850,24631.5,B,10090,10131,37.0,30.25
2026_03_06,10131,1772805940,24661.75,T,10113,10177,30.25,48.75
2026_03_06,10177,1772806170,24613.0,B,10131,10428,48.75,107.5
2026_03_06,10428,1772807425,24720.5,T,10177,10435,107.5,68.25
2026_03_06,10435,1772807460,24652.25,B,10428,10435,68.25,32.5
2026_03_06,10435,1772807460,24684.75,T,10435,10436,32.5,31.0
2026_03_06,10436,1772807465,24653.75,B,10435,10441,31.0,48.5
2026_03_06,10441,1772807490,24702.25,T,10436,10443,48.5,39.75
2026_03_06,10443,1772807500,24662.5,B,10441,10466,39.75,69.75
2026_03_06,10466,1772807615,24732.25,T,10443,10483,69.75,52.25
2026_03_06,10483,1772807700,24680.0,B,10466,10483,52.25,36.75
2026_03_06,10483,1772807700,24716.75,T,10483,10499,36.75,105.0
2026_03_06,10499,1772807780,24611.75,B,10483,10501,105.0,38.5
2026_03_06,10501,1772807790,24650.25,T,10499,10517,38.5,34.0
2026_03_06,10517,1772807870,24616.25,B,10501,10523,34.0,52.0
2026_03_06,10523,1772807900,24668.25,T,10517,10525,52.0,30.75
2026_03_06,10525,1772807910,24637.5,B,10523,10538,30.75,67.5
2026_03_06,10538,1772807975,24705.0,T,10525,10543,67.5,30.0
2026_03_06,10543,1772808000,24675.0,B,10538,10548,30.0,38.0
2026_03_06,10548,1772808025,24713.0,T,10543,10555,38.0,44.0
2026_03_06,10555,1772808060,24669.0,B,10548,10567,44.0,48.0
2026_03_06,10567,1772808120,24717.0,T,10555,10571,48.0,40.0
2026_03_06,10571,1772808140,24677.0,B,10567,10584,40.0,53.5
2026_03_06,10584,1772808205,24730.5,T,10571,10590,53.5,50.75
2026_03_06,10590,1772808235,24679.75,B,10584,10592,50.75,41.75
2026_03_06,10592,1772808245,24721.5,T,10590,10603,41.75,60.25
2026_03_06,10603,1772808300,24661.25,B,10592,10608,60.25,55.5
2026_03_06,10608,1772808325,24716.75,T,10603,10631,55.5,81.25
2026_03_06,10631,1772808440,24635.5,B,10608,10651,81.25,58.75
2026_03_06,10651,1772808540,24694.25,T,10631,10653,58.75,33.75
2026_03_06,10653,1772808550,24660.5,B,10651,10663,33.75,38.25
2026_03_06,10663,1772808600,24698.75,T,10653,10668,38.25,33.25
2026_03_06,10668,1772808625,24665.5,B,10663,10679,33.25,77.0
2026_03_06,10679,1772808680,24742.5,T,10668,10773,77.0,110.75
2026_03_06,10773,1772809150,24631.75,B,10679,10787,110.75,142.0
2026_03_06,10787,1772809220,24773.75,T,10773,10792,142.0,45.25
2026_03_06,10792,1772809245,24728.5,B,10787,10796,45.25,37.25
2026_03_06,10796,1772809265,24765.75,T,10792,10806,37.25,38.0
2026_03_06,10806,1772809315,24727.75,B,10796,10810,38.0,50.0
2026_03_06,10810,1772809335,24777.75,T,10806,10837,50.0,41.75
2026_03_06,10837,1772809470,24736.0,B,10810,10843,41.75,38.0
2026_03_06,10843,1772809500,24774.0,T,10837,10852,38.0,55.5
2026_03_06,10852,1772809545,24718.5,B,10843,10859,55.5,49.75
2026_03_06,10859,1772809580,24768.25,T,10852,10913,49.75,104.0
2026_03_06,10913,1772809850,24664.25,B,10859,10951,104.0,132.0
2026_03_06,10951,1772810040,24796.25,T,10913,10953,132.0,35.25
2026_03_06,10953,1772810050,24761.0,B,10951,10976,35.25,39.0
2026_03_06,10976,1772810165,24800.0,T,10953,10988,39.0,40.0
2026_03_06,10988,1772810225,24760.0,B,10976,11102,40.0,68.75
2026_03_06,11102,1772810795,24828.75,T,10988,11132,68.75,37.25
2026_03_06,11132,1772810945,24791.5,B,11102,11159,37.25,72.75
2026_03_06,11159,1772811080,24864.25,T,11132,11180,72.75,33.75
2026_03_06,11180,1772811185,24830.5,B,11159,11250,33.75,62.25
2026_03_06,11250,1772811535,24892.75,T,11180,11306,62.25,82.75
2026_03_06,11306,1772811815,24810.0,B,11250,11325,82.75,37.25
2026_03_06,11325,1772811910,24847.25,T,11306,11412,37.25,95.25
2026_03_06,11412,1772812345,24752.0,B,11325,11492,95.25,132.5
2026_03_06,11492,1772812745,24884.5,T,11412,11504,132.5,35.75
2026_03_06,11504,1772812805,24848.75,B,11492,11554,35.75,50.5
2026_03_06,11554,1772813055,24899.25,T,11504,11673,50.5,82.75
2026_03_06,11673,1772813650,24816.5,B,11554,11699,82.75,48.0
2026_03_06,11699,1772813780,24864.5,T,11673,11718,48.0,52.0
2026_03_06,11718,1772813875,24812.5,B,11699,11740,52.0,47.5
2026_03_06,11740,1772813985,24860.0,T,11718,11780,47.5,69.0
2026_03_06,11780,1772814185,24791.0,B,11740,11809,69.0,54.25
2026_03_06,11809,1772814330,24845.25,T,11780,11837,54.25,34.5
2026_03_06,11837,1772814470,24810.75,B,11809,11867,34.5,39.75
2026_03_06,11867,1772814620,24850.5,T,11837,11878,39.75,40.5
2026_03_06,11878,1772814675,24810.0,B,11867,11898,40.5,38.75
2026_03_06,11898,1772814775,24848.75,T,11878,11919,38.75,52.5
2026_03_06,11919,1772814880,24796.25,B,11898,11996,52.5,76.75
2026_03_06,11996,1772815265,24873.0,T,11919,12005,76.75,34.25
2026_03_06,12005,1772815310,24838.75,B,11996,12030,34.25,35.5
2026_03_06,12030,1772815435,24874.25,T,12005,12037,35.5,32.0
2026_03_06,12037,1772815470,24842.25,B,12030,12069,32.0,56.25
2026_03_06,12069,1772815630,24898.5,T,12037,12082,56.25,33.75
2026_03_06,12082,1772815695,24864.75,B,12069,12120,33.75,50.75
2026_03_06,12120,1772815885,24915.5,T,12082,12180,50.75,72.75
2026_03_06,12180,1772816185,24842.75,B,12120,12197,72.75,55.75
2026_03_06,12197,1772816270,24898.5,T,12180,12260,55.75,36.0
2026_03_06,12260,1772816585,24862.5,B,12197,12273,36.0,58.5
2026_03_06,12273,1772816650,24921.0,T,12260,12331,58.5,93.25
2026_03_06,12331,1772816940,24827.75,B,12273,12344,93.25,31.0
2026_03_06,12344,1772817005,24858.75,T,12331,12418,31.0,50.0
2026_03_06,12418,1772817375,24808.75,B,12344,12493,50.0,62.0
2026_03_06,12493,1772817750,24870.75,T,12418,12549,62.0,78.0
2026_03_06,12549,1772818030,24792.75,B,12493,12572,78.0,41.5
2026_03_06,12572,1772818145,24834.25,T,12549,12748,41.5,90.25
2026_03_06,12748,1772819025,24744.0,B,12572,12832,90.25,81.75
2026_03_06,12832,1772819445,24825.75,T,12748,12896,81.75,45.25
2026_03_06,12896,1772819765,24780.5,B,12832,12904,45.25,36.25
2026_03_06,12904,1772819805,24816.75,T,12896,12944,36.25,37.5
2026_03_06,12944,1772820005,24779.25,B,12904,12977,37.5,49.5
2026_03_06,12977,1772820170,24828.75,T,12944,12998,49.5,43.5
2026_03_06,12998,1772820275,24785.25,B,12977,13056,43.5,50.0
2026_03_06,13056,1772820565,24835.25,T,12998,13067,50.0,30.25
2026_03_06,13067,1772820620,24805.0,B,13056,13134,30.25,94.0
2026_03_06,13134,1772820955,24899.0,T,13067,13155,94.0,38.75
2026_03_06,13155,1772821060,24860.25,B,13134,13168,38.75,35.75
2026_03_06,13168,1772821125,24896.0,T,13155,13293,35.75,81.75
2026_03_06,13293,1772821750,24814.25,B,13168,13321,81.75,47.25
2026_03_06,13321,1772821890,24861.5,T,13293,13394,47.25,55.75
2026_03_06,13394,1772822255,24805.75,B,13321,13476,55.75,47.0
2026_03_06,13476,1772822665,24852.75,T,13394,13564,47.0,55.0
2026_03_06,13564,1772823105,24797.75,B,13476,13573,55.0,31.5
2026_03_06,13573,1772823150,24829.25,T,13564,13723,31.5,39.0
2026_03_06,13723,1772823900,24790.25,B,13573,13832,39.0,63.75
2026_03_06,13832,1772824445,24854.0,T,13723,13886,63.75,52.5
2026_03_06,13886,1772824715,24801.5,B,13832,13901,52.5,33.0
2026_03_06,13901,1772824790,24834.5,T,13886,13941,33.0,47.75
2026_03_06,13941,1772824990,24786.75,B,13901,13949,47.75,41.75
2026_03_06,13949,1772825030,24828.5,T,13941,13967,41.75,45.75
2026_03_06,13967,1772825120,24782.75,B,13949,14029,45.75,56.5
2026_03_06,14029,1772825430,24839.25,T,13967,14125,56.5,54.25
2026_03_06,14125,1772825910,24785.0,B,14029,14164,54.25,55.0
2026_03_06,14164,1772826105,24840.0,T,14125,14290,55.0,65.75
2026_03_06,14290,1772826735,24774.25,B,14164,14413,65.75,79.0
2026_03_06,14413,1772827350,24853.25,T,14290,14539,79.0,127.25
2026_03_06,14539,1772827980,24726.0,B,14413,14553,127.25,30.25
2026_03_06,14553,1772828050,24756.25,T,14539,14572,30.25,33.25
2026_03_06,14572,1772828145,24723.0,B,14553,14593,33.25,51.0
2026_03_06,14593,1772828250,24774.0,T,14572,14829,51.0,169.0
2026_03_06,14829,1772829430,24605.0,B,14593,14869,169.0,73.75
2026_03_06,14869,1772829630,24678.75,T,14829,14869,73.75,30.0
2026_03_06,14869,1772829630,24648.75,B,14869,14873,30.0,58.75
2026_03_06,14873,1772829650,24707.5,T,14869,14878,58.75,35.0
2026_03_06,14878,1772829675,24672.5,B,14873,14890,35.0,33.0
2026_03_06,14890,1772829735,24705.5,T,14878,14919,33.0,33.0
2026_03_06,14919,1772829880,24672.5,B,14890,14983,33.0,31.25
2026_03_06,14983,1772830200,24703.75,T,14919,14987,31.25,50.5
2026_03_06,14987,1772830220,24653.25,B,14983,15043,50.5,31.5
2026_03_06,15043,1772830500,24684.75,T,14987,15046,31.5,33.0
2026_03_06,15046,1772830515,24651.75,B,15043,15085,33.0,41.75
2026_03_06,15085,1772830710,24693.5,T,15046,15170,41.75,71.75
2026_03_06,15170,1772831135,24621.75,B,15085,15279,71.75,44.0
2026_03_06,15279,1772831680,24665.75,T,15170,15459,44.0,35.5
2026_03_08,2,1773007215,24413.0,B,0,2,87.0,35.25
2026_03_08,2,1773007215,24448.25,T,2,11,35.25,133.25
2026_03_08,11,1773007260,24315.0,B,2,12,133.25,71.0
2026_03_08,12,1773007265,24386.0,T,11,20,71.0,85.5
2026_03_08,20,1773007305,24300.5,B,12,22,85.5,32.5
2026_03_08,22,1773007315,24333.0,T,20,27,32.5,65.0
2026_03_08,27,1773007340,24268.0,B,22,27,65.0,51.75
2026_03_08,27,1773007340,24319.75,T,27,33,51.75,67.75
2026_03_08,33,1773007370,24252.0,B,27,43,67.75,68.75
2026_03_08,43,1773007420,24320.75,T,33,79,68.75,73.75
2026_03_08,79,1773007600,24247.0,B,43,95,73.75,51.75
2026_03_08,95,1773007680,24298.75,T,79,115,51.75,82.75
2026_03_08,115,1773007780,24216.0,B,95,118,82.75,59.0
2026_03_08,118,1773007795,24275.0,T,115,118,59.0,38.5
2026_03_08,118,1773007795,24236.5,B,118,120,38.5,49.0
2026_03_08,120,1773007805,24285.5,T,118,146,49.0,52.0
2026_03_08,146,1773007935,24233.5,B,120,158,52.0,34.5
2026_03_08,158,1773007995,24268.0,T,146,165,34.5,43.0
2026_03_08,165,1773008030,24225.0,B,158,173,43.0,35.25
2026_03_08,173,1773008070,24260.25,T,165,181,35.25,36.25
2026_03_08,181,1773008110,24224.0,B,173,252,36.25,75.0
2026_03_08,252,1773008465,24299.0,T,181,295,75.0,45.25
2026_03_08,295,1773008680,24253.75,B,252,301,45.25,37.5
2026_03_08,301,1773008710,24291.25,T,295,331,37.5,36.75
2026_03_08,331,1773008860,24254.5,B,301,398,36.75,53.5
2026_03_08,398,1773009195,24308.0,T,331,467,53.5,34.75
2026_03_08,467,1773009540,24273.25,B,398,557,34.75,46.75
2026_03_08,557,1773009990,24320.0,T,467,606,46.75,36.0
2026_03_08,606,1773010235,24284.0,B,557,662,36.0,34.5
2026_03_08,662,1773010515,24318.5,T,606,691,34.5,40.25
2026_03_08,691,1773010660,24278.25,B,662,720,40.25,48.25
2026_03_08,720,1773010805,24326.5,T,691,849,48.25,62.5
2026_03_08,849,1773011450,24264.0,B,720,984,62.5,32.5
2026_03_08,984,1773012125,24296.5,T,849,1305,32.5,115.0
2026_03_08,1305,1773013730,24181.5,B,984,1322,115.0,47.25
2026_03_08,1322,1773013815,24228.75,T,1305,1410,47.25,61.75
2026_03_09,32,1773014560,24185.25,B,4,68,44.75,54.0
2026_03_09,68,1773014740,24239.25,T,32,85,54.0,35.25
2026_03_09,85,1773014825,24204.0,B,68,138,35.25,34.25
2026_03_09,138,1773015090,24238.25,T,85,245,34.25,84.25
2026_03_09,245,1773015625,24154.0,B,138,254,84.25,31.0
2026_03_09,254,1773015670,24185.0,T,245,306,31.0,55.75
2026_03_09,306,1773015930,24129.25,B,254,362,55.75,47.25
2026_03_09,362,1773016210,24176.5,T,306,377,47.25,32.5
2026_03_09,377,1773016285,24144.0,B,362,429,32.5,63.25
2026_03_09,429,1773016545,24207.25,T,377,573,63.25,94.25
2026_03_09,573,1773017265,24113.0,B,429,605,94.25,35.0
2026_03_09,605,1773017425,24148.0,T,573,662,35.0,56.0
2026_03_09,662,1773017710,24092.0,B,605,724,56.0,40.0
2026_03_09,724,1773018020,24132.0,T,662,733,40.0,33.0
2026_03_09,733,1773018065,24099.0,B,724,748,33.0,38.5
2026_03_09,748,1773018140,24137.5,T,733,782,38.5,46.5
2026_03_09,782,1773018310,24091.0,B,748,795,46.5,30.0
2026_03_09,795,1773018375,24121.0,T,782,849,30.0,58.0
2026_03_09,849,1773018645,24063.0,B,795,925,58.0,39.25
2026_03_09,925,1773019025,24102.25,T,849,972,39.25,36.0
2026_03_09,972,1773019260,24066.25,B,925,1023,36.0,34.5
2026_03_09,1023,1773019515,24100.75,T,972,1100,34.5,43.75
2026_03_09,1100,1773019900,24057.0,B,1023,1152,43.75,59.75
2026_03_09,1152,1773020160,24116.75,T,1100,1343,59.75,109.75
2026_03_09,1343,1773021115,24007.0,B,1152,1393,109.75,44.25
2026_03_09,1393,1773021365,24051.25,T,1343,1435,44.25,46.25
2026_03_09,1435,1773021575,24005.0,B,1393,1470,46.25,41.25
2026_03_09,1470,1773021750,24046.25,T,1435,1503,41.25,42.25
2026_03_09,1503,1773021915,24004.0,B,1470,1577,42.25,53.5
2026_03_09,1577,1773022285,24057.5,T,1503,1663,53.5,58.5
2026_03_09,1663,1773022715,23999.0,B,1577,1788,58.5,67.75
2026_03_09,1788,1773023340,24066.75,T,1663,1820,67.75,39.0
2026_03_09,1820,1773023500,24027.75,B,1788,2423,39.0,102.25
2026_03_09,2423,1773026515,24130.0,T,1820,2532,102.25,40.5
2026_03_09,2532,1773027060,24089.5,B,2423,2582,40.5,43.25
2026_03_09,2582,1773027310,24132.75,T,2532,2679,43.25,55.0
2026_03_09,2679,1773027795,24077.75,B,2582,2790,55.0,36.75
2026_03_09,2790,1773028350,24114.5,T,2679,2826,36.75,37.75
2026_03_09,2826,1773028530,24076.75,B,2790,2969,37.75,58.0
2026_03_09,2969,1773029245,24134.75,T,2826,3079,58.0,36.5
2026_03_09,3079,1773029795,24098.25,B,2969,3303,36.5,36.25
2026_03_09,3303,1773030915,24134.5,T,3079,3616,36.25,48.5
2026_03_09,3616,1773032480,24086.0,B,3303,3681,48.5,65.25
2026_03_09,3681,1773032805,24151.25,T,3616,3841,65.25,37.75
2026_03_09,3841,1773033605,24113.5,B,3681,3988,37.75,108.0
2026_03_09,3988,1773034340,24221.5,T,3841,4073,108.0,59.5
2026_03_09,4073,1773034765,24162.0,B,3988,4219,59.5,87.75
2026_03_09,4219,1773035495,24249.75,T,4073,4259,87.75,32.75
2026_03_09,4259,1773035695,24217.0,B,4219,4453,32.75,86.75
2026_03_09,4453,1773036665,24303.75,T,4259,4563,86.75,33.5
2026_03_09,4563,1773037215,24270.25,B,4453,4644,33.5,46.5
2026_03_09,4644,1773037620,24316.75,T,4563,4959,46.5,90.0
2026_03_09,4959,1773039195,24226.75,B,4644,5000,90.0,43.25
2026_03_09,5000,1773039400,24270.0,T,4959,5110,43.25,59.75
2026_03_09,5110,1773039950,24210.25,B,5000,5124,59.75,68.0
2026_03_09,5124,1773040020,24278.25,T,5110,5173,68.0,33.25
2026_03_09,5173,1773040265,24245.0,B,5124,5238,33.25,44.5
2026_03_09,5238,1773040590,24289.5,T,5173,5268,44.5,45.25
2026_03_09,5268,1773040740,24244.25,B,5238,5374,45.25,70.0
2026_03_09,5374,1773041270,24314.25,T,5268,5472,70.0,55.0
2026_03_09,5472,1773041760,24259.25,B,5374,5500,55.0,42.0
2026_03_09,5500,1773041900,24301.25,T,5472,5609,42.0,45.75
2026_03_09,5609,1773042445,24255.5,B,5500,5781,45.75,56.0
2026_03_09,5781,1773043305,24311.5,T,5609,5820,56.0,64.0
2026_03_09,5820,1773043500,24247.5,B,5781,5872,64.0,51.5
2026_03_09,5872,1773043760,24299.0,T,5820,5896,51.5,48.0
2026_03_09,5896,1773043880,24251.0,B,5872,5930,48.0,30.5
2026_03_09,5930,1773044050,24281.5,T,5896,5965,30.5,48.5
2026_03_09,5965,1773044225,24233.0,B,5930,6063,48.5,82.75
2026_03_09,6063,1773044715,24315.75,T,5965,6119,82.75,42.5
2026_03_09,6119,1773044995,24273.25,B,6063,6203,42.5,64.5
2026_03_09,6203,1773045415,24337.75,T,6119,6313,64.5,69.75
2026_03_09,6313,1773045965,24268.0,B,6203,6517,69.75,66.0
2026_03_09,6517,1773046985,24334.0,T,6313,6545,66.0,49.75
2026_03_09,6545,1773047125,24284.25,B,6517,6740,49.75,144.5
2026_03_09,6740,1773048100,24428.75,T,6545,6853,144.5,48.75
2026_03_09,6853,1773048665,24380.0,B,6740,6890,48.75,115.0
2026_03_09,6890,1773048850,24495.0,T,6853,6942,115.0,52.5
2026_03_09,6942,1773049110,24442.5,B,6890,7028,52.5,41.25
2026_03_09,7028,1773049540,24483.75,T,6942,7131,41.25,90.5
2026_03_09,7131,1773050055,24393.25,B,7028,7214,90.5,41.5
2026_03_09,7214,1773050470,24434.75,T,7131,7235,41.5,57.75
2026_03_09,7235,1773050575,24377.0,B,7214,7257,57.75,38.75
2026_03_09,7257,1773050685,24415.75,T,7235,7307,38.75,45.75
2026_03_09,7307,1773050935,24370.0,B,7257,7349,45.75,32.0
2026_03_09,7349,1773051145,24402.0,T,7307,7379,32.0,33.25
2026_03_09,7379,1773051295,24368.75,B,7349,7405,33.25,47.25
2026_03_09,7405,1773051425,24416.0,T,7379,7573,47.25,57.25
2026_03_09,7573,1773052265,24358.75,B,7405,7661,57.25,59.0
2026_03_09,7661,1773052705,24417.75,T,7573,7666,59.0,57.25
2026_03_09,7666,1773052730,24360.5,B,7661,7695,57.25,51.25
2026_03_09,7695,1773052875,24411.75,T,7666,7753,51.25,42.75
2026_03_09,7753,1773053165,24369.0,B,7695,7769,42.75,32.5
2026_03_09,7769,1773053245,24401.5,T,7753,7818,32.5,56.75
2026_03_09,7818,1773053490,24344.75,B,7769,7867,56.75,45.0
2026_03_09,7867,1773053735,24389.75,T,7818,7886,45.0,30.75
2026_03_09,7886,1773053830,24359.0,B,7867,8008,30.75,54.25
2026_03_09,8008,1773054440,24413.25,T,7886,8172,54.25,63.25
2026_03_09,8172,1773055260,24350.0,B,8008,8229,63.25,42.5
2026_03_09,8229,1773055545,24392.5,T,8172,8298,42.5,38.25
2026_03_09,8298,1773055890,24354.25,B,8229,8371,38.25,69.25
2026_03_09,8371,1773056255,24423.5,T,8298,8415,69.25,43.5
2026_03_09,8415,1773056475,24380.0,B,8371,8484,43.5,32.75
2026_03_09,8484,1773056820,24412.75,T,8415,8521,32.75,38.25
2026_03_09,8521,1773057005,24374.5,B,8484,8569,38.25,37.5
2026_03_09,8569,1773057245,24412.0,T,8521,8651,37.5,33.5
2026_03_09,8651,1773057655,24378.5,B,8569,8706,33.5,57.25
2026_03_09,8706,1773057930,24435.75,T,8651,8774,57.25,35.5
2026_03_09,8774,1773058270,24400.25,B,8706,8885,35.5,59.75
2026_03_09,8885,1773058825,24460.0,T,8774,9243,59.75,111.25
2026_03_09,9243,1773060615,24348.75,B,8885,9416,111.25,63.5
2026_03_09,9416,1773061480,24412.25,T,9243,9457,63.5,37.25
2026_03_09,9457,1773061685,24375.0,B,9416,9536,37.25,70.75
2026_03_09,9536,1773062080,24445.75,T,9457,9660,70.75,58.25
2026_03_09,9660,1773062700,24387.5,B,9536,9720,58.25,89.0
2026_03_09,9720,1773063000,24476.5,T,9660,9720,89.0,56.5
2026_03_09,9720,1773063000,24420.0,B,9720,9721,56.5,64.25
2026_03_09,9721,1773063005,24484.25,T,9720,9722,64.25,38.75
2026_03_09,9722,1773063010,24445.5,B,9721,9733,38.75,80.5
2026_03_09,9733,1773063065,24526.0,T,9722,9763,80.5,82.0
2026_03_09,9763,1773063215,24444.0,B,9733,9783,82.0,49.5
2026_03_09,9783,1773063315,24493.5,T,9763,9785,49.5,36.0
2026_03_09,9785,1773063325,24457.5,B,9783,9790,36.0,30.0
2026_03_09,9790,1773063350,24487.5,T,9785,9856,30.0,120.5
2026_03_09,9856,1773063680,24367.0,B,9790,9858,120.5,32.5
2026_03_09,9858,1773063690,24399.5,T,9856,9865,32.5,44.75
2026_03_09,9865,1773063725,24354.75,B,9858,9887,44.75,40.5
2026_03_09,9887,1773063835,24395.25,T,9865,9897,40.5,40.0
2026_03_09,9897,1773063885,24355.25,B,9887,9901,40.0,42.0
2026_03_09,9901,1773063905,24397.25,T,9897,9908,42.0,53.75
2026_03_09,9908,1773063940,24343.5,B,9901,9913,53.75,76.5
2026_03_09,9913,1773063965,24420.0,T,9908,9913,76.5,37.5
2026_03_09,9913,1773063965,24382.5,B,9913,9914,37.5,36.75
2026_03_09,9914,1773063970,24419.25,T,9913,9929,36.75,55.5
2026_03_09,9929,1773064045,24363.75,B,9914,9950,55.5,48.5
2026_03_09,9950,1773064150,24412.25,T,9929,9971,48.5,74.0
2026_03_09,9971,1773064255,24338.25,B,9950,9974,74.0,31.5
2026_03_09,9974,1773064270,24369.75,T,9971,9977,31.5,37.5
2026_03_09,9977,1773064285,24332.25,B,9974,9991,37.5,48.25
2026_03_09,9991,1773064355,24380.5,T,9977,10007,48.25,60.5
2026_03_09,10007,1773064435,24320.0,B,9991,10010,60.5,38.75
2026_03_09,10010,1773064450,24358.75,T,10007,10022,38.75,45.5
2026_03_09,10022,1773064510,24313.25,B,10010,10032,45.5,89.0
2026_03_09,10032,1773064560,24402.25,T,10022,10035,89.0,45.75
2026_03_09,10035,1773064575,24356.5,B,10032,10047,45.75,40.5
2026_03_09,10047,1773064635,24397.0,T,10035,10052,40.5,46.0
2026_03_09,10052,1773064660,24351.0,B,10047,10059,46.0,62.0
2026_03_09,10059,1773064695,24413.0,T,10052,10095,62.0,61.0
2026_03_09,10095,1773064875,24352.0,B,10059,10118,61.0,84.5
2026_03_09,10118,1773064990,24436.5,T,10095,10118,84.5,38.5
2026_03_09,10118,1773064990,24398.0,B,10118,10140,38.5,78.0
2026_03_09,10140,1773065100,24476.0,T,10118,10152,78.0,110.0
2026_03_09,10152,1773065160,24366.0,B,10140,10153,110.0,38.5
2026_03_09,10153,1773065165,24404.5,T,10152,10156,38.5,44.5
2026_03_09,10156,1773065180,24360.0,B,10153,10160,44.5,38.0
2026_03_09,10160,1773065200,24398.0,T,10156,10171,38.0,33.25
2026_03_09,10171,1773065255,24364.75,B,10160,10176,33.25,30.5
2026_03_09,10176,1773065280,24395.25,T,10171,10179,30.5,37.0
2026_03_09,10179,1773065295,24358.25,B,10176,10198,37.0,33.25
2026_03_09,10198,1773065390,24391.5,T,10179,10203,33.25,30.75
2026_03_09,10203,1773065415,24360.75,B,10198,10207,30.75,30.0
2026_03_09,10207,1773065435,24390.75,T,10203,10220,30.0,67.25
2026_03_09,10220,1773065500,24323.5,B,10207,10226,67.25,31.5
2026_03_09,10226,1773065530,24355.0,T,10220,10235,31.5,30.0
2026_03_09,10235,1773065575,24325.0,B,10226,10264,30.0,54.75
2026_03_09,10264,1773065720,24379.75,T,10235,10274,54.75,39.0
2026_03_09,10274,1773065770,24340.75,B,10264,10281,39.0,56.5
2026_03_09,10281,1773065805,24397.25,T,10274,10289,56.5,32.25
2026_03_09,10289,1773065845,24365.0,B,10281,10309,32.25,44.0
2026_03_09,10309,1773065945,24409.0,T,10289,10343,44.0,55.5
2026_03_09,10343,1773066115,24353.5,B,10309,10362,55.5,114.0
2026_03_09,10362,1773066210,24467.5,T,10343,10371,114.0,36.0
2026_03_09,10371,1773066255,24431.5,B,10362,10381,36.0,38.25
2026_03_09,10381,1773066305,24469.75,T,10371,10413,38.25,87.25
2026_03_09,10413,1773066465,24382.5,B,10381,10419,87.25,30.0
2026_03_09,10419,1773066495,24412.5,T,10413,10430,30.0,30.5
2026_03_09,10430,1773066550,24382.0,B,10419,10460,30.5,60.5
2026_03_09,10460,1773066700,24442.5,T,10430,10469,60.5,31.75
2026_03_09,10469,1773066745,24410.75,B,10460,10521,31.75,76.25
2026_03_09,10521,1773067005,24487.0,T,10469,10526,76.25,32.25
2026_03_09,10526,1773067030,24454.75,B,10521,10547,32.25,52.25
2026_03_09,10547,1773067135,24507.0,T,10526,10566,52.25,42.75
2026_03_09,10566,1773067230,24464.25,B,10547,10579,42.75,44.0
2026_03_09,10579,1773067295,24508.25,T,10566,10586,44.0,39.75
2026_03_09,10586,1773067330,24468.5,B,10579,10716,39.75,116.25
2026_03_09,10716,1773067980,24584.75,T,10586,10755,116.25,54.75
2026_03_09,10755,1773068175,24530.0,B,10716,10770,54.75,44.75
2026_03_09,10770,1773068250,24574.75,T,10755,10796,44.75,35.25
2026_03_09,10796,1773068380,24539.5,B,10770,10846,35.25,50.5
2026_03_09,10846,1773068630,24590.0,T,10796,10850,50.5,30.25
2026_03_09,10850,1773068650,24559.75,B,10846,10893,30.25,38.25
2026_03_09,10893,1773068865,24598.0,T,10850,10913,38.25,34.0
2026_03_09,10913,1773068965,24564.0,B,10893,11012,34.0,60.5
2026_03_09,11012,1773069460,24624.5,T,10913,11031,60.5,42.75
2026_03_09,11031,1773069555,24581.75,B,11012,11127,42.75,68.0
2026_03_09,11127,1773070035,24649.75,T,11031,11241,68.0,57.25
2026_03_09,11241,1773070605,24592.5,B,11127,11354,57.25,49.5
2026_03_09,11354,1773071170,24642.0,T,11241,11377,49.5,33.0
2026_03_09,11377,1773071285,24609.0,B,11354,11566,33.0,70.75
2026_03_09,11566,1773072230,24679.75,T,11377,11773,70.75,45.75
2026_03_09,11773,1773073265,24634.0,B,11566,11839,45.75,94.25
2026_03_09,11839,1773073595,24728.25,T,11773,11911,94.25,74.75
2026_03_09,11911,1773073955,24653.5,B,11839,12096,74.75,96.5
2026_03_09,12096,1773074880,24750.0,T,11911,12335,96.5,84.5
2026_03_09,12335,1773076075,24665.5,B,12096,12365,84.5,34.25
2026_03_09,12365,1773076225,24699.75,T,12335,12762,34.25,124.25
2026_03_09,12762,1773078210,24575.5,B,12365,13038,124.25,72.25
2026_03_09,13038,1773079590,24647.75,T,12762,13076,72.25,35.25
2026_03_09,13076,1773079780,24612.5,B,13038,13216,35.25,71.0
2026_03_09,13216,1773080480,24683.5,T,13076,13228,71.0,54.0
2026_03_09,13228,1773080540,24629.5,B,13216,13532,54.0,78.75
2026_03_09,13532,1773082060,24708.25,T,13228,13765,78.75,67.5
2026_03_09,13765,1773083225,24640.75,B,13532,13885,67.5,69.0
2026_03_09,13885,1773083825,24709.75,T,13765,13904,69.0,35.0
2026_03_09,13904,1773083920,24674.75,B,13885,13932,35.0,184.25
2026_03_09,13932,1773084060,24859.0,T,13904,13932,184.25,32.0
2026_03_09,13932,1773084060,24827.0,B,13932,13934,32.0,50.75
2026_03_09,13934,1773084070,24877.75,T,13932,13938,50.75,45.0
2026_03_09,13938,1773084090,24832.75,B,13934,13946,45.0,35.0
2026_03_09,13946,1773084130,24867.75,T,13938,13953,35.0,46.0
2026_03_09,13953,1773084165,24821.75,B,13946,13967,46.0,69.0
2026_03_09,13967,1773084235,24890.75,T,13953,13973,69.0,49.0
2026_03_09,13973,1773084265,24841.75,B,13967,13980,49.0,35.5
2026_03_09,13980,1773084300,24877.25,T,13973,13982,35.5,30.25
2026_03_09,13982,1773084310,24847.0,B,13980,14013,30.25,82.75
2026_03_09,14013,1773084465,24929.75,T,13982,14018,82.75,45.5
2026_03_09,14018,1773084490,24884.25,B,14013,14041,45.5,84.75
2026_03_09,14041,1773084605,24969.0,T,14018,14053,84.75,74.75
2026_03_09,14053,1773084665,24894.25,B,14041,14100,74.75,104.75
2026_03_09,14100,1773084900,24999.0,T,14053,14113,104.75,57.5
2026_03_09,14113,1773084965,24941.5,B,14100,14140,57.5,113.5
2026_03_09,14140,1773085100,25055.0,T,14113,14149,113.5,44.0
2026_03_09,14149,1773085145,25011.0,B,14140,14159,44.0,35.75
2026_03_09,14159,1773085195,25046.75,T,14149,14187,35.75,111.25
2026_03_09,14187,1773085335,24935.5,B,14159,14191,111.25,38.25
2026_03_09,14191,1773085355,24973.75,T,14187,14198,38.25,42.75
2026_03_09,14198,1773085390,24931.0,B,14191,14207,42.75,46.5
2026_03_09,14207,1773085435,24977.5,T,14198,14211,46.5,33.5
2026_03_09,14211,1773085455,24944.0,B,14207,14215,33.5,39.75
2026_03_09,14215,1773085475,24983.75,T,14211,14240,39.75,40.25
2026_03_09,14240,1773085600,24943.5,B,14215,14261,40.25,52.25
2026_03_09,14261,1773085705,24995.75,T,14240,14296,52.25,58.0
2026_03_09,14296,1773085880,24937.75,B,14261,14311,58.0,32.0
2026_03_09,14311,1773085955,24969.75,T,14296,14321,32.0,31.25
2026_03_09,14321,1773086005,24938.5,B,14311,14381,31.25,79.75
2026_03_09,14381,1773086305,25018.25,T,14321,14390,79.75,36.0
2026_03_09,14390,1773086350,24982.25,B,14381,14409,36.0,43.5
2026_03_09,14409,1773086445,25025.75,T,14390,14529,43.5,91.5
2026_03_09,14529,1773087045,24934.25,B,14409,14576,91.5,31.5
2026_03_09,14576,1773087280,24965.75,T,14529,14649,31.5,59.0
2026_03_09,14649,1773087645,24906.75,B,14576,14795,59.0,68.25
2026_03_09,14795,1773088375,24975.0,T,14649,14795,68.25,31.5
2026_03_09,14795,1773088375,24943.5,B,14795,14829,31.5,30.25
2026_03_09,14829,1773088545,24973.75,T,14795,14970,30.25,33.0
2026_03_09,14970,1773089250,24940.75,B,14829,15120,33.0,42.25
2026_03_09,15120,1773093600,24983.0,T,14970,15177,42.25,98.5
2026_03_09,15177,1773093885,24884.5,B,15120,15203,98.5,73.0
2026_03_09,15203,1773094015,24957.5,T,15177,15203,73.0,36.25
2026_03_09,15203,1773094015,24921.25,B,15203,15223,36.25,50.75
2026_03_09,15223,1773094115,24972.0,T,15203,15266,50.75,66.5
2026_03_09,15266,1773094330,24905.5,B,15223,15296,66.5,34.25
2026_03_09,15296,1773094480,24939.75,T,15266,15429,34.25,66.5
2026_03_09,15429,1773095145,24873.25,B,15296,15479,66.5,71.75
2026_03_09,15479,1773095395,24945.0,T,15429,15598,71.75,57.0
2026_03_09,15598,1773095990,24888.0,B,15479,15670,57.0,48.0
2026_03_09,15670,1773096350,24936.0,T,15598,15875,48.0,44.75
2026_03_09,15875,1773097375,24891.25,B,15670,15932,44.75,41.75
2026_03_10,45,1773101025,24894.0,T,27,169,34.0,61.5
2026_03_10,169,1773101645,24832.5,B,45,375,61.5,94.5
2026_03_10,375,1773102675,24927.0,T,169,416,94.5,33.5
2026_03_10,416,1773102880,24893.5,B,375,558,33.5,76.75
2026_03_10,558,1773103590,24970.25,T,416,773,76.75,44.5
2026_03_10,773,1773104665,24925.75,B,558,1033,44.5,52.25
2026_03_10,1033,1773105965,24978.0,T,773,1222,52.25,42.75
2026_03_10,1222,1773106910,24935.25,B,1033,1454,42.75,64.0
2026_03_10,1454,1773108070,24999.25,T,1222,2123,64.0,92.5
2026_03_10,2123,1773111415,24906.75,B,1454,2177,92.5,43.75
2026_03_10,2177,1773111685,24950.5,T,2123,2350,43.75,30.0
2026_03_10,2350,1773112550,24920.5,B,2177,2418,30.0,41.0
2026_03_10,2418,1773112890,24961.5,T,2350,2728,41.0,107.25
2026_03_10,2728,1773114440,24854.25,B,2418,2822,107.25,45.0
2026_03_10,2822,1773114910,24899.25,T,2728,2965,45.0,36.75
2026_03_10,2965,1773115625,24862.5,B,2822,3386,36.75,57.5
2026_03_10,3386,1773117740,24920.0,T,2965,3498,57.5,38.25
2026_03_10,3498,1773118300,24881.75,B,3386,3671,38.25,74.5
2026_03_10,3671,1773119170,24956.25,T,3498,3897,74.5,37.25
2026_03_10,3897,1773120300,24919.0,B,3671,4685,37.25,64.0
2026_03_10,4685,1773124250,24983.0,T,3897,5043,64.0,43.5
2026_03_10,5043,1773126045,24939.5,B,4685,5105,43.5,79.5
2026_03_10,5105,1773126355,25019.0,T,5043,5179,79.5,38.0
2026_03_10,5179,1773126725,24981.0,B,5105,5418,38.0,95.75
2026_03_10,5418,1773127920,25076.75,T,5179,5466,95.75,52.75
2026_03_10,5466,1773128160,25024.0,B,5418,5862,52.75,121.0
2026_03_10,5862,1773130140,25145.0,T,5466,5975,121.0,46.75
2026_03_10,5975,1773130705,25098.25,B,5862,6227,46.75,48.5
2026_03_10,6227,1773131965,25146.75,T,5975,6463,48.5,67.5
2026_03_10,6463,1773133145,25079.25,B,6227,6602,67.5,55.25
2026_03_10,6602,1773133840,25134.5,T,6463,6804,55.25,41.25
2026_03_10,6804,1773134850,25093.25,B,6602,6911,41.25,34.5
2026_03_10,6911,1773135385,25127.75,T,6804,7435,34.5,82.75
2026_03_10,7435,1773138005,25045.0,B,6911,7561,82.75,47.25
2026_03_10,7561,1773138635,25092.25,T,7435,7661,47.25,72.0
2026_03_10,7661,1773139135,25020.25,B,7561,7820,72.0,53.75
2026_03_10,7820,1773139930,25074.0,T,7661,7960,53.75,35.5
2026_03_10,7960,1773140630,25038.5,B,7820,7972,35.5,69.5
2026_03_10,7972,1773140690,25108.0,T,7960,8154,69.5,113.25
2026_03_10,8154,1773141600,24994.75,B,7972,8216,113.25,34.5
2026_03_10,8216,1773141910,25029.25,T,8154,8478,34.5,70.75
2026_03_10,8478,1773143220,24958.5,B,8216,8547,70.75,33.75
2026_03_10,8547,1773143565,24992.25,T,8478,8744,33.75,91.5
2026_03_10,8744,1773144550,24900.75,B,8547,8913,91.5,50.25
2026_03_10,8913,1773145395,24951.0,T,8744,9011,50.25,58.5
2026_03_10,9011,1773145885,24892.5,B,8913,9304,58.5,107.0
2026_03_10,9304,1773147350,24999.5,T,9011,9332,107.0,38.75
2026_03_10,9332,1773147490,24960.75,B,9304,9361,38.75,31.5
2026_03_10,9361,1773147635,24992.25,T,9332,9441,31.5,33.0
2026_03_10,9441,1773148035,24959.25,B,9361,9714,33.0,77.0
2026_03_10,9714,1773149400,25036.25,T,9441,9714,77.0,45.5
2026_03_10,9714,1773149400,24990.75,B,9714,9721,45.5,76.5
2026_03_10,9721,1773149435,25067.25,T,9714,9729,76.5,39.25
2026_03_10,9729,1773149475,25028.0,B,9721,9740,39.25,53.0
2026_03_10,9740,1773149530,25081.0,T,9729,9761,53.0,78.0
2026_03_10,9761,1773149635,25003.0,B,9740,9764,78.0,39.25
2026_03_10,9764,1773149650,25042.25,T,9761,9785,39.25,49.25
2026_03_10,9785,1773149755,24993.0,B,9764,9789,49.25,39.5
2026_03_10,9789,1773149775,25032.5,T,9785,9807,39.5,39.5
2026_03_10,9807,1773149865,24993.0,B,9789,9815,39.5,44.5
2026_03_10,9815,1773149905,25037.5,T,9807,9818,44.5,35.0
2026_03_10,9818,1773149920,25002.5,B,9815,9829,35.0,31.75
2026_03_10,9829,1773149975,25034.25,T,9818,9834,31.75,30.5
2026_03_10,9834,1773150000,25003.75,B,9829,9840,30.5,34.75
2026_03_10,9840,1773150030,25038.5,T,9834,9854,34.75,31.5
2026_03_10,9854,1773150100,25007.0,B,9840,9854,31.5,30.5
2026_03_10,9854,1773150100,25037.5,T,9854,9882,30.5,78.0
2026_03_10,9882,1773150240,24959.5,B,9854,9892,78.0,77.25
2026_03_10,9892,1773150290,25036.75,T,9882,9909,77.25,36.25
2026_03_10,9909,1773150375,25000.5,B,9892,9918,36.25,56.25
2026_03_10,9918,1773150420,25056.75,T,9909,9929,56.25,61.75
2026_03_10,9929,1773150475,24995.0,B,9918,9937,61.75,43.0
2026_03_10,9937,1773150515,25038.0,T,9929,9945,43.0,34.75
2026_03_10,9945,1773150555,25003.25,B,9937,9964,34.75,46.5
2026_03_10,9964,1773150650,25049.75,T,9945,9988,46.5,40.5
2026_03_10,9988,1773150770,25009.25,B,9964,9997,40.5,30.5
2026_03_10,9997,1773150815,25039.75,T,9988,10039,30.5,88.25
2026_03_10,10039,1773151025,24951.5,B,9997,10048,88.25,32.25
2026_03_10,10048,1773151070,24983.75,T,10039,10088,32.25,64.25
2026_03_10,10088,1773151270,24919.5,B,10048,10100,64.25,57.75
2026_03_10,10100,1773151330,24977.25,T,10088,10113,57.75,50.75
2026_03_10,10113,1773151395,24926.5,B,10100,10146,50.75,72.25
2026_03_10,10146,1773151560,24998.75,T,10113,10191,72.25,103.75
2026_03_10,10191,1773151785,24895.0,B,10146,10242,103.75,46.75
2026_03_10,10242,1773152040,24941.75,T,10191,10267,46.75,49.25
2026_03_10,10267,1773152165,24892.5,B,10242,10398,49.25,132.25
2026_03_10,10398,1773152820,25024.75,T,10267,10425,132.25,34.75
2026_03_10,10425,1773152955,24990.0,B,10398,10596,34.75,127.0
2026_03_10,10596,1773153810,25117.0,T,10425,10647,127.0,31.5
2026_03_10,10647,1773154065,25085.5,B,10596,10821,31.5,96.5
2026_03_10,10821,1773154935,25182.0,T,10647,10957,96.5,64.5
2026_03_10,10957,1773155615,25117.5,B,10821,11036,64.5,59.5
2026_03_10,11036,1773156010,25177.0,T,10957,11213,59.5,68.0
2026_03_10,11213,1773156895,25109.0,B,11036,11310,68.0,63.0
2026_03_10,11310,1773157380,25172.0,T,11213,11359,63.0,50.5
2026_03_10,11359,1773157625,25121.5,B,11310,11400,50.5,42.0
2026_03_10,11400,1773157830,25163.5,T,11359,11607,42.0,83.5
2026_03_10,11607,1773158865,25080.0,B,11400,11653,83.5,50.0
2026_03_10,11653,1773159095,25130.0,T,11607,11670,50.0,34.0
2026_03_10,11670,1773159180,25096.0,B,11653,11743,34.0,52.75
2026_03_10,11743,1773159545,25148.75,T,11670,11778,52.75,42.5
2026_03_10,11778,1773159720,25106.25,B,11743,11825,42.5,55.25
2026_03_10,11825,1773159955,25161.5,T,11778,11864,55.25,41.0
2026_03_10,11864,1773160150,25120.5,B,11825,11953,41.0,44.75
2026_03_10,11953,1773160595,25165.25,T,11864,12098,44.75,48.0
2026_03_10,12098,1773161320,25117.25,B,11953,12322,48.0,62.75
2026_03_10,12322,1773162440,25180.0,T,12098,12395,62.75,33.25
2026_03_10,12395,1773162805,25146.75,B,12322,12579,33.25,71.0
2026_03_10,12579,1773163725,25217.75,T,12395,12697,71.0,115.75
2026_03_10,12697,1773164315,25102.0,B,12579,12733,115.75,58.5
2026_03_10,12733,1773164495,25160.5,T,12697,12768,58.5,34.75
2026_03_10,12768,1773164670,25125.75,B,12733,12867,34.75,62.5
2026_03_10,12867,1773165165,25188.25,T,12768,13086,62.5,52.25
2026_03_10,13086,1773166260,25136.0,B,12867,13101,52.25,33.25
2026_03_10,13101,1773166335,25169.25,T,13086,13122,33.25,80.0
2026_03_10,13122,1773166440,25089.25,B,13101,13122,80.0,31.0
2026_03_10,13122,1773166440,25120.25,T,13122,13135,31.0,94.5
2026_03_10,13135,1773166505,25025.75,B,13122,13147,94.5,61.0
2026_03_10,13147,1773166565,25086.75,T,13135,13159,61.0,70.75
2026_03_10,13159,1773166625,25016.0,B,13147,13159,70.75,35.5
2026_03_10,13159,1773166625,25051.5,T,13159,13161,35.5,39.25
2026_03_10,13161,1773166635,25012.25,B,13159,13176,39.25,45.25
2026_03_10,13176,1773166710,25057.5,T,13161,13186,45.25,57.5
2026_03_10,13186,1773166760,25000.0,B,13176,13190,57.5,33.25
2026_03_10,13190,1773166780,25033.25,T,13186,13196,33.25,38.25
2026_03_10,13196,1773166810,24995.0,B,13190,13201,38.25,54.75
2026_03_10,13201,1773166835,25049.75,T,13196,13217,54.75,62.25
2026_03_10,13217,1773166915,24987.5,B,13201,13251,62.25,69.5
2026_03_10,13251,1773167085,25057.0,T,13217,13253,69.5,30.5
2026_03_10,13253,1773167095,25026.5,B,13251,13282,30.5,77.75
2026_03_10,13282,1773167240,25104.25,T,13253,13320,77.75,57.5
2026_03_10,13320,1773167430,25046.75,B,13282,13331,57.5,62.75
2026_03_10,13331,1773167485,25109.5,T,13320,13389,62.75,82.0
2026_03_10,13389,1773167775,25027.5,B,13331,13408,82.0,70.0
2026_03_10,13408,1773167870,25097.5,T,13389,13448,70.0,73.25
2026_03_10,13448,1773168070,25024.25,B,13408,13476,73.25,46.0
2026_03_10,13476,1773168210,25070.25,T,13448,13505,46.0,40.25
2026_03_10,13505,1773168355,25030.0,B,13476,13567,40.25,57.5
2026_03_10,13567,1773168665,25087.5,T,13505,13603,57.5,56.5
2026_03_10,13603,1773168845,25031.0,B,13567,13620,56.5,31.5
2026_03_10,13620,1773168930,25062.5,T,13603,13713,31.5,47.25
2026_03_10,13713,1773169395,25015.25,B,13620,13723,47.25,30.25
2026_03_10,13723,1773169445,25045.5,T,13713,13758,30.25,36.75
2026_03_10,13758,1773169620,25008.75,B,13723,13782,36.75,40.75
2026_03_10,13782,1773169740,25049.5,T,13758,13815,40.75,36.5
2026_03_10,13815,1773169905,25013.0,B,13782,13903,36.5,60.0
2026_03_10,13903,1773170345,25073.0,T,13815,13934,60.0,68.25
2026_03_10,13934,1773170500,25004.75,B,13903,13955,68.25,53.0
2026_03_10,13955,1773170605,25057.75,T,13934,13999,53.0,72.0
2026_03_10,13999,1773170825,24985.75,B,13955,14007,72.0,30.5
2026_03_10,14007,1773170865,25016.25,T,13999,14036,30.5,50.25
2026_03_10,14036,1773171010,24966.0,B,14007,14052,50.25,32.25
2026_03_10,14052,1773171090,24998.25,T,14036,14106,32.25,42.25
2026_03_10,14106,1773171360,24956.0,B,14052,14156,42.25,51.75
2026_03_10,14156,1773171610,25007.75,T,14106,14161,51.75,41.25
2026_03_10,14161,1773171635,24966.5,B,14156,14165,41.25,66.25
2026_03_10,14165,1773171655,25032.75,T,14161,14179,66.25,54.0
2026_03_10,14179,1773171725,24978.75,B,14165,14194,54.0,38.25
2026_03_10,14194,1773171800,25017.0,T,14179,14277,38.25,76.25
2026_03_10,14277,1773172215,24940.75,B,14194,14335,76.25,43.0
2026_03_10,14335,1773172505,24983.75,T,14277,14362,43.0,36.75
2026_03_10,14362,1773172640,24947.0,B,14335,14570,36.75,91.25
2026_03_10,14570,1773173680,25038.25,T,14362,15134,91.25,59.0
2026_03_10,15134,1773180130,24979.25,B,14570,15293,59.0,40.75
2026_03_10,15293,1773180925,25020.0,T,15134,15636,40.75,68.5
2026_03_11,118,1773187790,25073.25,T,70,135,64.0,39.75
2026_03_11,135,1773187875,25033.5,B,118,207,39.75,47.75
2026_03_11,207,1773188235,25081.25,T,135,261,47.75,30.25
2026_03_11,261,1773188505,25051.0,B,207,321,30.25,34.75
2026_03_11,321,1773188805,25085.75,T,261,766,34.75,35.25
2026_03_11,766,1773191035,25050.5,B,321,2816,35.25,73.0
2026_03_11,2816,1773201485,25123.5,T,766,4296,73.0,113.0
2026_03_11,4296,1773209015,25010.5,B,2816,4447,113.0,31.5
2026_03_11,4447,1773209770,25042.0,T,4296,4573,31.5,33.75
2026_03_11,4573,1773210400,25008.25,B,4447,4727,33.75,45.25
2026_03_11,4727,1773211170,25053.5,T,4573,5041,45.25,45.0
2026_03_11,5041,1773212760,25008.5,B,4727,5107,45.0,30.25
2026_03_11,5107,1773213090,25038.75,T,5041,5467,30.25,91.25
2026_03_11,5467,1773214890,24947.5,B,5107,6090,91.25,90.25
2026_03_11,6090,1773218005,25037.75,T,5467,6378,90.25,103.75
2026_03_11,6378,1773219445,24934.0,B,6090,6383,103.75,65.0
2026_03_11,6383,1773219470,24999.0,T,6378,6496,65.0,74.0
2026_03_11,6496,1773220035,24925.0,B,6383,6701,74.0,46.0
2026_03_11,6701,1773221060,24971.0,T,6496,7140,46.0,75.75
2026_03_11,7140,1773223255,24895.25,B,6701,7894,75.75,148.25
2026_03_11,7894,1773227025,25043.5,T,7140,8450,148.25,115.0
2026_03_11,8450,1773229805,24928.5,B,7894,8451,115.0,69.75
2026_03_11,8451,1773229810,24998.25,T,8450,8488,69.75,53.25
2026_03_11,8488,1773229995,24945.0,B,8451,8556,53.25,31.25
2026_03_11,8556,1773230335,24976.25,T,8488,8681,31.25,38.5
2026_03_11,8681,1773230960,24937.75,B,8556,8928,38.5,60.75
2026_03_11,8928,1773232195,24998.5,T,8681,8929,60.75,69.5
2026_03_11,8929,1773232200,24929.0,B,8928,8930,69.5,127.0
2026_03_11,8930,1773232206,25056.0,T,8929,8932,127.0,69.0
2026_03_11,8932,1773232215,24987.0,B,8930,8935,69.0,31.75
2026_03_11,8935,1773232230,25018.75,T,8932,8992,31.75,88.75
2026_03_11,8992,1773232515,24930.0,B,8935,9059,88.75,39.75
2026_03_11,9059,1773232850,24969.75,T,8992,9137,39.75,61.25
2026_03_11,9137,1773233240,24908.5,B,9059,9359,61.25,91.0
2026_03_11,9359,1773234350,24999.5,T,9137,9411,91.0,39.25
2026_03_11,9411,1773234610,24960.25,B,9359,9649,39.25,112.0
2026_03_11,9649,1773235800,25072.25,T,9411,9649,112.0,37.25
2026_03_11,9649,1773235800,25035.0,B,9649,9652,37.25,56.25
2026_03_11,9652,1773235815,25091.25,T,9649,9669,56.25,38.0
2026_03_11,9669,1773235900,25053.25,B,9652,9689,38.0,46.25
2026_03_11,9689,1773236000,25099.5,T,9669,9706,46.25,31.0
2026_03_11,9706,1773236085,25068.5,B,9689,9716,31.0,33.25
2026_03_11,9716,1773236135,25101.75,T,9706,9723,33.25,31.75
2026_03_11,9723,1773236170,25070.0,B,9716,9793,31.75,45.5
2026_03_11,9793,1773236520,25115.5,T,9723,9829,45.5,56.0
2026_03_11,9829,1773236700,25059.5,B,9793,9831,56.0,38.75
2026_03_11,9831,1773236710,25098.25,T,9829,9902,38.75,83.5
2026_03_11,9902,1773237065,25014.75,B,9831,9926,83.5,62.25
2026_03_11,9926,1773237185,25077.0,T,9902,9968,62.25,45.5
2026_03_11,9968,1773237395,25031.5,B,9926,10016,45.5,118.5
2026_03_11,10016,1773237635,25150.0,T,9968,10016,118.5,43.5
2026_03_11,10016,1773237635,25106.5,B,10016,10020,43.5,71.5
2026_03_11,10020,1773237655,25178.0,T,10016,10022,71.5,32.0
2026_03_11,10022,1773237665,25146.0,B,10020,10026,32.0,34.0
2026_03_11,10026,1773237685,25180.0,T,10022,10048,34.0,92.75
2026_03_11,10048,1773237795,25087.25,B,10026,10078,92.75,62.0
2026_03_11,10078,1773237945,25149.25,T,10048,10109,62.0,79.0
2026_03_11,10109,1773238100,25070.25,B,10078,10134,79.0,36.75
2026_03_11,10134,1773238225,25107.0,T,10109,10160,36.75,49.0
2026_03_11,10160,1773238355,25058.0,B,10134,10183,49.0,54.5
2026_03_11,10183,1773238470,25112.5,T,10160,10209,54.5,59.5
2026_03_11,10209,1773238600,25053.0,B,10183,10237,59.5,57.5
2026_03_11,10237,1773238740,25110.5,T,10209,10348,57.5,131.75
2026_03_11,10348,1773239295,24978.75,B,10237,10382,131.75,66.25
2026_03_11,10382,1773239465,25045.0,T,10348,10421,66.25,86.5
2026_03_11,10421,1773239660,24958.5,B,10382,10469,86.5,75.25
2026_03_11,10469,1773239900,25033.75,T,10421,10485,75.25,37.5
2026_03_11,10485,1773239980,24996.25,B,10469,10540,37.5,57.0
2026_03_11,10540,1773240255,25053.25,T,10485,10572,57.0,37.25
2026_03_11,10572,1773240415,25016.0,B,10540,10742,37.25,74.0
2026_03_11,10742,1773241265,25090.0,T,10572,10766,74.0,62.25
2026_03_11,10766,1773241385,25027.75,B,10742,10789,62.25,48.75
2026_03_11,10789,1773241500,25076.5,T,10766,10880,48.75,102.25
2026_03_11,10880,1773241955,24974.25,B,10789,10880,102.25,39.75
2026_03_11,10880,1773241955,25014.0,T,10880,10885,39.75,60.75
2026_03_11,10885,1773241980,24953.25,B,10880,10905,60.75,50.75
2026_03_11,10905,1773242080,25004.0,T,10885,10946,50.75,57.0
2026_03_11,10946,1773242285,24947.0,B,10905,10978,57.0,44.5
2026_03_11,10978,1773242445,24991.5,T,10946,11006,44.5,35.75
2026_03_11,11006,1773242585,24955.75,B,10978,11036,35.75,62.5
2026_03_11,11036,1773242735,25018.25,T,11006,11055,62.5,55.0
2026_03_11,11055,1773242830,24963.25,B,11036,11069,55.0,30.75
2026_03_11,11069,1773242900,24994.0,T,11055,11105,30.75,82.75
2026_03_11,11105,1773243080,24911.25,B,11069,11194,82.75,52.75
2026_03_11,11194,1773243525,24964.0,T,11105,11311,52.75,72.0
2026_03_11,11311,1773244110,24892.0,B,11194,11390,72.0,68.75
2026_03_11,11390,1773244505,24960.75,T,11311,11545,68.75,63.5
2026_03_11,11545,1773245280,24897.25,B,11390,11630,63.5,45.25
2026_03_11,11630,1773245705,24942.5,T,11545,11692,45.25,36.5
2026_03_11,11692,1773246015,24906.0,B,11630,11904,36.5,101.0
2026_03_11,11904,1773247075,25007.0,T,11692,11919,101.0,40.0
2026_03_11,11919,1773247150,24967.0,B,11904,11952,40.0,35.75
2026_03_11,11952,1773247315,25002.75,T,11919,12001,35.75,36.75
2026_03_11,12001,1773247560,24966.0,B,11952,12177,36.75,69.0
2026_03_11,12177,1773248440,25035.0,T,12001,12404,69.0,64.75
2026_03_11,12404,1773249575,24970.25,B,12177,12502,64.75,50.75
2026_03_11,12502,1773250065,25021.0,T,12404,12635,50.75,147.25
2026_03_11,12635,1773250730,24873.75,B,12502,12652,147.25,74.5
2026_03_11,12652,1773250815,24948.25,T,12635,12676,74.5,49.25
2026_03_11,12676,1773250935,24899.0,B,12652,12790,49.25,85.75
2026_03_11,12790,1773251505,24984.75,T,12676,12838,85.75,55.5
2026_03_11,12838,1773251745,24929.25,B,12790,12881,55.5,36.5
2026_03_11,12881,1773251960,24965.75,T,12838,13041,36.5,75.5
2026_03_11,13041,1773252760,24890.25,B,12881,13150,75.5,54.0
2026_03_11,13150,1773253305,24944.25,T,13041,13183,54.0,36.5
2026_03_11,13183,1773253470,24907.75,B,13150,13308,36.5,58.25
2026_03_11,13308,1773254095,24966.0,T,13183,13482,58.25,35.5
2026_03_11,13482,1773254965,24930.5,B,13308,13550,35.5,47.0
2026_03_11,13550,1773255305,24977.5,T,13482,13796,47.0,64.0
2026_03_11,13796,1773256535,24913.5,B,13550,14093,64.0,73.75
2026_03_11,14093,1773258020,24987.25,T,13796,14201,73.75,32.25
2026_03_11,14201,1773258560,24955.0,B,14093,14269,32.25,51.75
2026_03_11,14269,1773258900,25006.75,T,14201,15552,51.75,190.75
2026_03_11,15552,1773268975,24816.0,B,14269,15761,190.75,38.25
2026_03_11,15761,1773270020,24854.25,T,15552,15874,38.25,62.75
2026_03_11,15874,1773270585,24791.5,B,15761,16012,62.75,56.5
2026_03_11,16012,1773271275,24848.0,T,15874,16300,56.5,115.5
2026_03_12,89,1773274045,24743.75,B,0,135,47.5,30.25
2026_03_12,135,1773274275,24774.0,T,89,194,30.25,33.75
2026_03_12,194,1773274570,24740.25,B,135,480,33.75,65.25
2026_03_12,480,1773276000,24805.5,T,194,796,65.25,37.0
2026_03_12,796,1773277580,24768.5,B,480,1236,37.0,73.75
2026_03_12,1236,1773279780,24842.25,T,796,1923,73.75,138.5
2026_03_12,1923,1773283215,24703.75,B,1236,2254,138.5,55.0
2026_03_12,2254,1773284870,24758.75,T,1923,2627,55.0,62.5
2026_03_12,2627,1773286735,24696.25,B,2254,3121,62.5,55.5
2026_03_12,3121,1773289205,24751.75,T,2627,3482,55.5,42.5
2026_03_12,3482,1773291020,24709.25,B,3121,3669,42.5,68.25
2026_03_12,3669,1773291965,24777.5,T,3482,3901,68.25,33.5
2026_03_12,3901,1773293125,24744.0,B,3669,4115,33.5,35.5
2026_03_12,4115,1773294195,24779.5,T,3901,4221,35.5,48.0
2026_03_12,4221,1773294725,24731.5,B,4115,5349,48.0,107.25
2026_03_12,5349,1773300385,24838.75,T,4221,5463,107.25,30.25
2026_03_12,5463,1773300955,24808.5,B,5349,5860,30.25,93.5
2026_03_12,5860,1773302940,24902.0,T,5463,6253,93.5,65.0
2026_03_12,6253,1773304905,24837.0,B,5860,6374,65.0,53.25
2026_03_12,6374,1773305510,24890.25,T,6253,6727,53.25,77.0
2026_03_12,6727,1773307275,24813.25,B,6374,7211,77.0,113.5
2026_03_12,7211,1773309695,24926.75,T,6727,7518,113.5,44.75
2026_03_12,7518,1773311230,24882.0,B,7211,7556,44.75,44.25
2026_03_12,7556,1773311420,24926.25,T,7518,8240,44.25,79.25
2026_03_12,8240,1773314845,24847.0,B,7556,8433,79.25,82.0
2026_03_12,8433,1773315810,24929.0,T,8240,8716,82.0,119.0
2026_03_12,8716,1773317225,24810.0,B,8433,8794,119.0,34.0
2026_03_12,8794,1773317615,24844.0,T,8716,9112,34.0,43.0
2026_03_12,9112,1773319205,24801.0,B,8794,9403,43.0,51.75
2026_03_12,9403,1773320660,24852.75,T,9112,9542,51.75,77.75
2026_03_12,9542,1773321355,24775.0,B,9403,9580,77.75,38.25
2026_03_12,9580,1773321545,24813.25,T,9542,9627,38.25,62.75
2026_03_12,9627,1773321780,24750.5,B,9580,9661,62.75,48.75
2026_03_12,9661,1773321950,24799.25,T,9627,9711,48.75,33.25
2026_03_12,9711,1773322200,24766.0,B,9661,9713,33.25,47.0
2026_03_12,9713,1773322210,24813.0,T,9711,9715,47.0,45.5
2026_03_12,9715,1773322220,24767.5,B,9713,9721,45.5,32.5
2026_03_12,9721,1773322250,24800.0,T,9715,9734,32.5,58.0
2026_03_12,9734,1773322315,24742.0,B,9721,9749,58.0,52.25
2026_03_12,9749,1773322390,24794.25,T,9734,9750,52.25,30.5
2026_03_12,9750,1773322395,24763.75,B,9749,9761,30.5,66.5
2026_03_12,9761,1773322450,24830.25,T,9750,9794,66.5,33.5
2026_03_12,9794,1773322615,24796.75,B,9761,9814,33.5,38.0
2026_03_12,9814,1773322715,24834.75,T,9794,9831,38.0,49.75
2026_03_12,9831,1773322800,24785.0,B,9814,9836,49.75,43.25
2026_03_12,9836,1773322825,24828.25,T,9831,9922,43.25,151.75
2026_03_12,9922,1773323255,24676.5,B,9836,9953,151.75,90.5
2026_03_12,9953,1773323410,24767.0,T,9922,10026,90.5,136.5
2026_03_12,10026,1773323775,24630.5,B,9953,10120,136.5,116.0
2026_03_12,10120,1773324245,24746.5,T,10026,10158,116.0,52.25
2026_03_12,10158,1773324435,24694.25,B,10120,10165,52.25,35.75
2026_03_12,10165,1773324470,24730.0,T,10158,10195,35.75,34.0
2026_03_12,10195,1773324620,24696.0,B,10165,10253,34.0,54.0
2026_03_12,10253,1773324910,24750.0,T,10195,10331,54.0,92.0
2026_03_12,10331,1773325300,24658.0,B,10253,10372,92.0,45.25
2026_03_12,10372,1773325505,24703.25,T,10331,10485,45.25,112.5
2026_03_12,10485,1773326070,24590.75,B,10372,10503,112.5,42.25
2026_03_12,10503,1773326160,24633.0,T,10485,10531,42.25,60.5
2026_03_12,10531,1773326300,24572.5,B,10503,10555,60.5,52.25
2026_03_12,10555,1773326420,24624.75,T,10531,10575,52.25,38.75
2026_03_12,10575,1773326520,24586.0,B,10555,10623,38.75,79.75
2026_03_12,10623,1773326760,24665.75,T,10575,10623,79.75,32.5
2026_03_12,10623,1773326760,24633.25,B,10623,10628,32.5,92.5
2026_03_12,10628,1773326785,24725.75,T,10623,10628,92.5,36.25
2026_03_12,10628,1773326785,24689.5,B,10628,10629,36.25,30.75
2026_03_12,10629,1773326790,24720.25,T,10628,10682,30.75,119.75
2026_03_12,10682,1773327055,24600.5,B,10629,10734,119.75,45.5
2026_03_12,10734,1773327315,24646.0,T,10682,10833,45.5,66.0
2026_03_12,10833,1773327810,24580.0,B,10734,10845,66.0,38.5
2026_03_12,10845,1773327870,24618.5,T,10833,10950,38.5,57.5
2026_03_12,10950,1773328395,24561.0,B,10845,10975,57.5,39.0
2026_03_12,10975,1773328520,24600.0,T,10950,11056,39.0,31.25
2026_03_12,11056,1773328925,24568.75,B,10975,11133,31.25,71.25
2026_03_12,11133,1773329310,24640.0,T,11056,11153,71.25,36.0
2026_03_12,11153,1773329410,24604.0,B,11133,11173,36.0,32.25
2026_03_12,11173,1773329510,24636.25,T,11153,11238,32.25,57.5
2026_03_12,11238,1773329835,24578.75,B,11173,11270,57.5,120.0
2026_03_12,11270,1773329995,24698.75,T,11238,11294,120.0,53.75
2026_03_12,11294,1773330115,24645.0,B,11270,11308,53.75,65.75
2026_03_12,11308,1773330185,24710.75,T,11294,11364,65.75,87.25
2026_03_12,11364,1773330465,24623.5,B,11308,11380,87.25,53.0
2026_03_12,11380,1773330545,24676.5,T,11364,11411,53.0,38.75
2026_03_12,11411,1773330700,24637.75,B,11380,11449,38.75,44.5
2026_03_12,11449,1773330890,24682.25,T,11411,11487,44.5,40.0
2026_03_12,11487,1773331080,24642.25,B,11449,11528,40.0,41.25
2026_03_12,11528,1773331285,24683.5,T,11487,11540,41.25,30.5
2026_03_12,11540,1773331345,24653.0,B,11528,11576,30.5,53.75
2026_03_12,11576,1773331525,24706.75,T,11540,11621,53.75,119.0
2026_03_12,11621,1773331750,24587.75,B,11576,11719,119.0,110.75
2026_03_12,11719,1773332240,24698.5,T,11621,11730,110.75,35.75
2026_03_12,11730,1773332295,24662.75,B,11719,11780,35.75,72.5
2026_03_12,11780,1773332545,24735.25,T,11730,11878,72.5,104.75
2026_03_12,11878,1773333035,24630.5,B,11780,11979,104.75,85.25
2026_03_12,11979,1773333540,24715.75,T,11878,12076,85.25,91.75
2026_03_12,12076,1773334025,24624.0,B,11979,12124,91.75,55.75
2026_03_12,12124,1773334265,24679.75,T,12076,12161,55.75,51.5
2026_03_12,12161,1773334450,24628.25,B,12124,12314,51.5,95.75
2026_03_12,12314,1773335215,24724.0,T,12161,12349,95.75,59.0
2026_03_12,12349,1773335390,24665.0,B,12314,12361,59.0,31.25
2026_03_12,12361,1773335450,24696.25,T,12349,12471,31.25,65.5
2026_03_12,12471,1773336000,24630.75,B,12361,12507,65.5,57.5
2026_03_12,12507,1773336180,24688.25,T,12471,12581,57.5,45.75
2026_03_12,12581,1773336550,24642.5,B,12507,12720,45.75,50.5
2026_03_12,12720,1773337245,24693.0,T,12581,12783,50.5,75.0
2026_03_12,12783,1773337560,24618.0,B,12720,12809,75.0,38.5
2026_03_12,12809,1773337690,24656.5,T,12783,12898,38.5,71.25
2026_03_12,12898,1773338135,24585.25,B,12809,12976,71.25,77.75
2026_03_12,12976,1773338525,24663.0,T,12898,13029,77.75,37.0
2026_03_12,13029,1773338790,24626.0,B,12976,13051,37.0,45.5
2026_03_12,13051,1773338900,24671.5,T,13029,13109,45.5,31.0
2026_03_12,13109,1773339190,24640.5,B,13051,13148,31.0,30.25
2026_03_12,13148,1773339385,24670.75,T,13109,13211,30.25,59.0
2026_03_12,13211,1773339700,24611.75,B,13148,13348,59.0,34.75
2026_03_12,13348,1773340385,24646.5,T,13211,13544,34.75,51.75
2026_03_12,13544,1773341365,24594.75,B,13348,13569,51.75,35.5
2026_03_12,13569,1773341490,24630.25,T,13544,13678,35.5,39.0
2026_03_12,13678,1773342035,24591.25,B,13569,13683,39.0,42.5
2026_03_12,13683,1773342060,24633.75,T,13678,13707,42.5,53.75
2026_03_12,13707,1773342180,24580.0,B,13683,13745,53.75,38.75
2026_03_12,13745,1773342370,24618.75,T,13707,13818,38.75,49.25
2026_03_12,13818,1773342735,24569.5,B,13745,14070,49.25,73.75
2026_03_12,14070,1773343995,24643.25,T,13818,14323,73.75,97.75
2026_03_12,14323,1773345260,24545.5,B,14070,14332,97.75,39.0
2026_03_12,14332,1773345305,24584.5,T,14323,14363,39.0,41.5
2026_03_12,14363,1773345460,24543.0,B,14332,14445,41.5,31.25
2026_03_12,14445,1773345870,24574.25,T,14363,14528,31.25,57.25
2026_03_12,14528,1773346285,24517.0,B,14445,15111,57.25,64.75
2026_03_12,15111,1773352805,24581.75,T,14528,15134,64.75,43.75
2026_03_12,15134,1773352920,24538.0,B,15111,15196,43.75,49.5
2026_03_12,15196,1773353230,24587.5,T,15134,15359,49.5,46.75
2026_03_12,15359,1773354046,24540.75,B,15196,15606,46.75,60.75
2026_03_12,15606,1773355280,24601.5,T,15359,15707,60.75,31.0
2026_03_12,15707,1773355785,24570.5,B,15606,15895,31.0,43.0
2026_03_13,32,1773360160,24491.5,B,0,456,38.5,155.75
2026_03_13,456,1773362280,24647.25,T,32,656,155.75,42.5
2026_03_13,656,1773363280,24604.75,B,456,840,42.5,56.5
2026_03_13,840,1773364200,24661.25,T,656,1383,56.5,42.25
2026_03_13,1383,1773366915,24619.0,B,840,1524,42.25,32.0
2026_03_13,1524,1773367620,24651.0,T,1383,2367,32.0,68.75
2026_03_13,2367,1773371840,24582.25,B,1524,2815,68.75,47.25
2026_03_13,2815,1773374085,24629.5,T,2367,3744,47.25,76.25
2026_03_13,3744,1773378745,24553.25,B,2815,4004,76.25,46.5
2026_03_13,4004,1773380045,24599.75,T,3744,4367,46.5,36.75
2026_03_13,4367,1773381875,24563.0,B,4004,4427,36.75,33.0
2026_03_13,4427,1773382175,24596.0,T,4367,5299,33.0,185.5
2026_03_13,5299,1773386545,24410.5,B,4427,5477,185.5,65.5
2026_03_13,5477,1773387435,24476.0,T,5299,5695,65.5,53.0
2026_03_13,5695,1773388525,24423.0,B,5477,5766,53.0,37.5
2026_03_13,5766,1773388880,24460.5,T,5695,5884,37.5,63.0
2026_03_13,5884,1773389470,24397.5,B,5766,6507,63.0,177.25
2026_03_13,6507,1773392585,24574.75,T,5884,6949,177.25,65.25
2026_03_13,6949,1773394795,24509.5,B,6507,7432,65.25,103.75
2026_03_13,7432,1773397210,24613.25,T,6949,7576,103.75,45.0
2026_03_13,7576,1773397930,24568.25,B,7432,7990,45.0,77.25
2026_03_13,7990,1773400000,24645.5,T,7576,8037,77.25,43.25
2026_03_13,8037,1773400235,24602.25,B,7990,8229,43.25,51.25
2026_03_13,8229,1773401195,24653.5,T,8037,8264,51.25,33.0
2026_03_13,8264,1773401370,24620.5,B,8229,8661,33.0,56.25
2026_03_13,8661,1773403355,24676.75,T,8264,8884,56.25,46.5
2026_03_13,8884,1773404470,24630.25,B,8661,8998,46.5,50.0
2026_03_13,8998,1773405040,24680.25,T,8884,9095,50.0,46.25
2026_03_13,9095,1773405525,24634.0,B,8998,9183,46.25,101.25
2026_03_13,9183,1773405965,24735.25,T,9095,9396,101.25,88.0
2026_03_13,9396,1773407030,24647.25,B,9183,9396,88.0,33.0
2026_03_13,9396,1773407030,24680.25,T,9396,9397,33.0,38.25
2026_03_13,9397,1773407035,24642.0,B,9396,9425,38.25,39.75
2026_03_13,9425,1773407175,24681.75,T,9397,9476,39.75,38.0
2026_03_13,9476,1773407430,24643.75,B,9425,9649,38.0,40.75
2026_03_13,9649,1773408295,24684.5,T,9476,9710,40.75,47.5
2026_03_13,9710,1773408600,24637.0,B,9649,9711,47.5,51.0
2026_03_13,9711,1773408605,24688.0,T,9710,9716,51.0,44.75
2026_03_13,9716,1773408630,24643.25,B,9711,9722,44.75,37.5
2026_03_13,9722,1773408660,24680.75,T,9716,9732,37.5,32.75
2026_03_13,9732,1773408710,24648.0,B,9722,9753,32.75,53.5
2026_03_13,9753,1773408815,24701.5,T,9732,9786,53.5,90.5
2026_03_13,9786,1773408980,24611.0,B,9753,9904,90.5,194.0
2026_03_13,9904,1773409570,24805.0,T,9786,9962,194.0,69.5
2026_03_13,9962,1773409860,24735.5,B,9904,9998,69.5,61.5
2026_03_13,9998,1773410040,24797.0,T,9962,10068,61.5,76.25
2026_03_13,10068,1773410390,24720.75,B,9998,10075,76.25,44.75
2026_03_13,10075,1773410425,24765.5,T,10068,10108,44.75,72.0
2026_03_13,10108,1773410590,24693.5,B,10075,10134,72.0,41.5
2026_03_13,10134,1773410720,24735.0,T,10108,10142,41.5,38.5
2026_03_13,10142,1773410760,24696.5,B,10134,10154,38.5,30.5
2026_03_13,10154,1773410820,24727.0,T,10142,10256,30.5,73.0
2026_03_13,10256,1773411330,24654.0,B,10154,10266,73.0,31.5
2026_03_13,10266,1773411380,24685.5,T,10256,10287,31.5,51.75
2026_03_13,10287,1773411485,24633.75,B,10266,10316,51.75,57.25
2026_03_13,10316,1773411630,24691.0,T,10287,10348,57.25,37.25
2026_03_13,10348,1773411790,24653.75,B,10316,10360,37.25,37.75
2026_03_13,10360,1773411850,24691.5,T,10348,10384,37.75,36.5
2026_03_13,10384,1773411970,24655.0,B,10360,10400,36.5,48.5
2026_03_13,10400,1773412050,24703.5,T,10384,10407,48.5,44.25
2026_03_13,10407,1773412085,24659.25,B,10400,10454,44.25,69.0
2026_03_13,10454,1773412320,24728.25,T,10407,10512,69.0,89.0
2026_03_13,10512,1773412610,24639.25,B,10454,10520,89.0,46.5
2026_03_13,10520,1773412650,24685.75,T,10512,10645,46.5,140.0
2026_03_13,10645,1773413275,24545.75,B,10520,10671,140.0,52.0
2026_03_13,10671,1773413405,24597.75,T,10645,10697,52.0,55.75
2026_03_13,10697,1773413535,24542.0,B,10671,10707,55.75,30.75
2026_03_13,10707,1773413585,24572.75,T,10697,10826,30.75,111.25
2026_03_13,10826,1773414180,24461.5,B,10707,10851,111.25,46.0
2026_03_13,10851,1773414305,24507.5,T,10826,10874,46.0,35.25
2026_03_13,10874,1773414420,24472.25,B,10851,10964,35.25,97.25
2026_03_13,10964,1773414870,24569.5,T,10874,11036,97.25,58.0
2026_03_13,11036,1773415230,24511.5,B,10964,11059,58.0,32.0
2026_03_13,11059,1773415345,24543.5,T,11036,11159,32.0,88.25
2026_03_13,11159,1773415845,24455.25,B,11059,11204,88.25,41.25
2026_03_13,11204,1773416070,24496.5,T,11159,11237,41.25,55.5
2026_03_13,11237,1773416235,24441.0,B,11204,11258,55.5,40.5
2026_03_13,11258,1773416340,24481.5,T,11237,11353,40.5,85.25
2026_03_13,11353,1773416815,24396.25,B,11258,11357,85.25,67.0
2026_03_13,11357,1773416835,24463.25,T,11353,11357,67.0,30.5
2026_03_13,11357,1773416835,24432.75,B,11357,11360,30.5,41.75
2026_03_13,11360,1773416850,24474.5,T,11357,11420,41.75,75.75
2026_03_13,11420,1773417150,24398.75,B,11360,11452,75.75,31.0
2026_03_13,11452,1773417310,24429.75,T,11420,11480,31.0,38.0
2026_03_13,11480,1773417450,24391.75,B,11452,11534,38.0,56.25
2026_03_13,11534,1773417720,24448.0,T,11480,11544,56.25,32.75
2026_03_13,11544,1773417770,24415.25,B,11534,11660,32.75,59.25
2026_03_13,11660,1773418350,24474.5,T,11544,11676,59.25,66.75
2026_03_13,11676,1773418430,24407.75,B,11660,11691,66.75,41.5
2026_03_13,11691,1773418505,24449.25,T,11676,11715,41.5,32.25
2026_03_13,11715,1773418625,24417.0,B,11691,11793,32.25,46.0
2026_03_13,11793,1773419015,24463.0,T,11715,11832,46.0,51.5
2026_03_13,11832,1773419210,24411.5,B,11793,11909,51.5,59.75
2026_03_13,11909,1773419595,24471.25,T,11832,11928,59.75,34.75
2026_03_13,11928,1773419690,24436.5,B,11909,11969,34.75,51.75
2026_03_13,11969,1773419895,24488.25,T,11928,12077,51.75,88.0
2026_03_13,12077,1773420435,24400.25,B,11969,12172,88.0,73.5
2026_03_13,12172,1773420910,24473.75,T,12077,12216,73.5,66.75
2026_03_13,12216,1773421130,24407.0,B,12172,12216,66.75,31.75
2026_03_13,12216,1773421130,24438.75,T,12216,12226,31.75,52.75
2026_03_13,12226,1773421180,24386.0,B,12216,12339,52.75,49.0
2026_03_13,12339,1773421745,24435.0,T,12226,12365,49.0,33.25
2026_03_13,12365,1773421875,24401.75,B,12339,12430,33.25,72.5
2026_03_13,12430,1773422200,24474.25,T,12365,12505,72.5,55.0
2026_03_13,12505,1773422575,24419.25,B,12430,12526,55.0,39.75
2026_03_13,12526,1773422680,24459.0,T,12505,12556,39.75,30.5
2026_03_13,12556,1773422830,24428.5,B,12526,12582,30.5,32.25
2026_03_13,12582,1773422960,24460.75,T,12556,12834,32.25,107.75
2026_03_13,12834,1773424220,24353.0,B,12582,12900,107.75,39.75
2026_03_13,12900,1773424550,24392.75,T,12834,12927,39.75,30.75
2026_03_13,12927,1773424685,24362.0,B,12900,13152,30.75,54.25
2026_03_13,13152,1773425810,24416.25,T,12927,13238,54.25,49.0
2026_03_13,13238,1773426240,24367.25,B,13152,13567,49.0,105.5
2026_03_13,13567,1773427885,24472.75,T,13238,14000,105.5,104.75
2026_03_13,14000,1773430050,24368.0,B,13567,14046,104.75,30.75
2026_03_13,14046,1773430280,24398.75,T,14000,14161,30.75,48.0
2026_03_13,14161,1773430855,24350.75,B,14046,14379,48.0,53.25
2026_03_15,1,1773612005,24330.0,T,0,3,60.0,41.0
2026_03_15,3,1773612015,24289.0,B,1,6,41.0,76.0
2026_03_15,6,1773612030,24365.0,T,3,6,76.0,62.25
2026_03_15,6,1773612030,24302.75,B,6,7,62.25,49.75
2026_03_15,7,1773612035,24352.5,T,6,8,49.75,39.5
2026_03_15,8,1773612040,24313.0,B,7,31,39.5,91.25
2026_03_15,31,1773612155,24404.25,T,8,203,91.25,109.25
2026_03_15,203,1773613015,24295.0,B,31,730,109.25,200.75
2026_03_15,730,1773615655,24495.75,T,203,769,200.75,55.0
2026_03_15,769,1773615850,24440.75,B,730,789,55.0,34.5
2026_03_15,789,1773615950,24475.25,T,769,1192,34.5,68.25
2026_03_16,203,1773620215,24526.25,T,0,367,91.25,41.25
2026_03_16,367,1773621035,24485.0,B,203,722,41.25,38.0
2026_03_16,722,1773622810,24523.0,T,367,859,38.0,33.0
2026_03_16,859,1773623495,24490.0,B,722,918,33.0,30.0
2026_03_16,918,1773623790,24520.0,T,859,1119,30.0,51.25
2026_03_16,1119,1773624800,24468.75,B,918,1376,51.25,56.25
2026_03_16,1376,1773626085,24525.0,T,1119,1873,56.25,50.5
2026_03_16,1873,1773628576,24474.5,B,1376,3042,50.5,75.5
2026_03_16,3042,1773634580,24550.0,T,1873,3531,75.5,46.0
2026_03_16,3531,1773637130,24504.0,B,3042,4967,46.0,81.25
2026_03_16,4967,1773644585,24585.25,T,3531,5405,81.25,81.25
2026_03_16,5405,1773646790,24504.0,B,4967,5783,81.25,66.5
2026_03_16,5783,1773648695,24570.5,T,5405,5894,66.5,67.0
2026_03_16,5894,1773649250,24503.5,B,5783,5938,67.0,49.0
2026_03_16,5938,1773649470,24552.5,T,5894,6244,49.0,55.25
2026_03_16,6244,1773651000,24497.25,B,5938,6321,55.25,43.75
2026_03_16,6321,1773651385,24541.0,T,6244,6459,43.75,55.0
2026_03_16,6459,1773652075,24486.0,B,6321,6530,55.0,50.75
2026_03_16,6530,1773652430,24536.75,T,6459,6914,50.75,58.75
2026_03_16,6914,1773654355,24478.0,B,6530,7594,58.75,120.75
2026_03_16,7594,1773657755,24598.75,T,6914,7626,120.75,42.0
2026_03_16,7626,1773657915,24556.75,B,7594,7751,42.0,57.25
2026_03_16,7751,1773658540,24614.0,T,7626,8146,57.25,37.5
2026_03_16,8146,1773660520,24576.5,B,7751,9072,37.5,113.25
2026_03_16,9072,1773665165,24689.75,T,8146,9231,113.25,42.25
2026_03_16,9231,1773665960,24647.5,B,9072,9277,42.25,34.75
2026_03_16,9277,1773666190,24682.25,T,9231,9598,34.75,40.75
2026_03_16,9598,1773667800,24641.5,B,9277,9599,40.75,32.5
2026_03_16,9599,1773667805,24674.0,T,9598,9607,32.5,51.0
2026_03_16,9607,1773667845,24623.0,B,9599,9663,51.0,94.0
2026_03_16,9663,1773668125,24717.0,T,9607,9756,94.0,56.75
2026_03_16,9756,1773668590,24660.25,B,9663,9814,56.75,74.75
2026_03_16,9814,1773668880,24735.0,T,9756,9909,74.75,54.5
2026_03_16,9909,1773669355,24680.5,B,9814,9936,54.5,63.75
2026_03_16,9936,1773669490,24744.25,T,9909,9960,63.75,48.0
2026_03_16,9960,1773669610,24696.25,B,9936,9990,48.0,36.75
2026_03_16,9990,1773669760,24733.0,T,9960,10028,36.75,35.0
2026_03_16,10028,1773669950,24698.0,B,9990,10087,35.0,63.25
2026_03_16,10087,1773670245,24761.25,T,10028,10109,63.25,36.75
2026_03_16,10109,1773670355,24724.5,B,10087,10219,36.75,41.25
2026_03_16,10219,1773670905,24765.75,T,10109,10377,41.25,101.0
2026_03_16,10377,1773671695,24664.75,B,10219,10390,101.0,33.75
2026_03_16,10390,1773671760,24698.5,T,10377,10470,33.75,64.75
2026_03_16,10470,1773672160,24633.75,B,10390,10518,64.75,41.5
2026_03_16,10518,1773672400,24675.25,T,10470,10533,41.5,45.25
2026_03_16,10533,1773672475,24630.0,B,10518,10545,45.25,31.25
2026_03_16,10545,1773672535,24661.25,T,10533,10562,31.25,59.0
2026_03_16,10562,1773672620,24602.25,B,10545,10689,59.0,97.75
2026_03_16,10689,1773673255,24700.0,T,10562,10746,97.75,53.0
2026_03_16,10746,1773673540,24647.0,B,10689,10971,53.0,89.5
2026_03_16,10971,1773674665,24736.5,T,10746,11031,89.5,33.75
2026_03_16,11031,1773674965,24702.75,B,10971,11087,33.75,37.0
2026_03_16,11087,1773675245,24739.75,T,11031,11457,37.0,75.5
2026_03_16,11457,1773677095,24664.25,B,11087,11498,75.5,39.75
2026_03_16,11498,1773677300,24704.0,T,11457,11770,39.75,86.75
2026_03_16,11770,1773678660,24617.25,B,11498,12130,86.75,103.75
2026_03_16,12130,1773680460,24721.0,T,11770,12179,103.75,39.0
2026_03_16,12179,1773680705,24682.0,B,12130,12399,39.0,45.25
2026_03_16,12399,1773681805,24727.25,T,12179,12727,45.25,75.25
2026_03_16,12727,1773683445,24652.0,B,12399,13377,75.25,83.5
2026_03_16,13377,1773686695,24735.5,T,12727,13624,83.5,49.0
2026_03_16,13624,1773687930,24686.5,B,13377,13677,49.0,101.0
2026_03_16,13677,1773688195,24787.5,T,13624,13677,101.0,30.75
2026_03_16,13677,1773688195,24756.75,B,13677,13678,30.75,59.5
2026_03_16,13678,1773688200,24816.25,T,13677,13726,59.5,115.25
2026_03_16,13726,1773688440,24701.0,B,13678,13765,115.25,31.25
2026_03_16,13765,1773688635,24732.25,T,13726,13806,31.25,63.75
2026_03_16,13806,1773688840,24668.5,B,13765,13833,63.75,35.0
2026_03_16,13833,1773688975,24703.5,T,13806,13874,35.0,44.0
2026_03_16,13874,1773689180,24659.5,B,13833,13911,44.0,38.0
2026_03_16,13911,1773689365,24697.5,T,13874,14163,38.0,61.0
2026_03_16,14163,1773690625,24636.5,B,13911,14366,61.0,48.75
2026_03_16,14366,1773691640,24685.25,T,14163,15184,48.75,60.0
2026_03_16,15184,1773699450,24625.25,B,14366,15275,60.0,35.25
2026_03_16,15275,1773699925,24660.5,T,15184,15586,35.25,41.25
2026_03_17,301,1773707155,24603.0,B,0,416,64.75,46.5
2026_03_17,416,1773707760,24649.5,T,301,652,46.5,59.5
2026_03_17,652,1773708970,24590.0,B,416,1101,59.5,44.0
2026_03_17,1101,1773711330,24634.0,T,652,2432,44.0,67.25
2026_03_17,2432,1773718940,24566.75,B,1101,3366,67.25,74.0
2026_03_17,3366,1773724547,24640.75,T,2432,3907,74.0,123.25
2026_03_17,3907,1773727566,24517.5,B,3366,4303,123.25,45.5
2026_03_17,4303,1773729600,24563.0,T,3907,4535,45.5,38.0
2026_03_17,4535,1773730865,24525.0,B,4303,4986,38.0,79.75
2026_03_17,4986,1773733245,24604.75,T,4535,5128,79.75,53.5
2026_03_17,5128,1773733977,24551.25,B,4986,5225,53.5,45.5
2026_03_17,5225,1773734506,24596.75,T,5128,5388,45.5,51.25
2026_03_17,5388,1773735340,24545.5,B,5225,5443,51.25,32.75
2026_03_17,5443,1773735622,24578.25,T,5388,5629,32.75,51.75
2026_03_17,5629,1773736600,24526.5,B,5443,5719,51.75,59.5
2026_03_17,5719,1773737055,24586.0,T,5629,5830,59.5,50.75
2026_03_17,5830,1773737630,24535.25,B,5719,6246,50.75,101.5
2026_03_17,6246,1773739880,24636.75,T,5830,6791,101.5,57.0
2026_03_17,6791,1773742820,24579.75,B,6246,7262,57.0,55.75
2026_03_17,7262,1773745510,24635.5,T,6791,7359,55.75,30.5
2026_03_17,7359,1773746036,24605.0,B,7262,7485,30.5,41.0
2026_03_17,7485,1773746740,24646.0,T,7359,7864,41.0,48.5
2026_03_17,7864,1773748780,24597.5,B,7485,8883,48.5,211.5
2026_03_17,8883,1773753945,24809.0,T,7864,8935,211.5,62.5
2026_03_17,8935,1773754205,24746.5,B,8883,9174,62.5,150.25
2026_03_17,9174,1773755400,24896.75,T,8935,9509,150.25,118.25
2026_03_17,9509,1773757075,24778.5,B,9174,9636,118.25,81.25
2026_03_17,9636,1773757710,24859.75,T,9509,9668,81.25,41.25
2026_03_17,9668,1773757870,24818.5,B,9636,9723,41.25,49.0
2026_03_17,9723,1773758145,24867.5,T,9668,9789,49.0,49.75
2026_03_17,9789,1773758475,24817.75,B,9723,9829,49.75,55.0
2026_03_17,9829,1773758675,24872.75,T,9789,10138,55.0,78.5
2026_03_17,10138,1773760220,24794.25,B,9829,10237,78.5,43.5
2026_03_17,10237,1773760715,24837.75,T,10138,10240,43.5,33.0
2026_03_17,10240,1773760730,24804.75,B,10237,10255,33.0,32.5
2026_03_17,10255,1773760805,24837.25,T,10240,10277,32.5,45.0
2026_03_17,10277,1773760915,24792.25,B,10255,10322,45.0,34.25
2026_03_17,10322,1773761140,24826.5,T,10277,10456,34.25,99.5
2026_03_17,10456,1773761810,24727.0,B,10322,10635,99.5,70.75
2026_03_17,10635,1773762706,24797.75,T,10456,10825,70.75,67.0
2026_03_17,10825,1773763655,24730.75,B,10635,11030,67.0,78.0
2026_03_17,11030,1773764680,24808.75,T,10825,11189,78.0,36.75
2026_03_17,11189,1773765475,24772.0,B,11030,11286,36.75,37.75
2026_03_17,11286,1773765960,24809.75,T,11189,11451,37.75,32.25
2026_03_17,11451,1773766800,24777.5,B,11286,11499,32.25,43.0
2026_03_17,11499,1773767040,24820.5,T,11451,11701,43.0,34.75
2026_03_17,11701,1773768055,24785.75,B,11499,11922,34.75,33.0
2026_03_17,11922,1773769180,24818.75,T,11701,12018,33.0,40.5
2026_03_17,12018,1773769676,24778.25,B,11922,12282,40.5,63.5
2026_03_17,12282,1773771000,24841.75,T,12018,12955,63.5,78.5
2026_03_17,12955,1773774415,24763.25,B,12282,13061,78.5,43.5
2026_03_17,13061,1773774955,24806.75,T,12955,13377,43.5,30.75
2026_03_17,13377,1773776605,24776.0,B,13061,13775,30.75,37.0
2026_03_17,13775,1773778708,24813.0,T,13377,14639,37.0,41.25
2026_03_18,3658,1773815225,24990.0,T,6,4878,211.25,57.0
2026_03_18,4878,1773823105,24933.0,B,3658,5783,57.0,44.0
2026_03_18,5783,1773829245,24977.0,T,4878,6142,44.0,50.75
2026_03_18,6142,1773831675,24926.25,B,5783,6351,50.75,30.5
2026_03_18,6351,1773832932,24956.75,T,6142,6441,30.5,79.0
2026_03_18,6441,1773833400,24877.75,B,6351,6602,79.0,52.25
2026_03_18,6602,1773834220,24930.0,T,6441,7030,52.25,148.25
2026_03_18,7030,1773836415,24781.75,B,6602,7143,148.25,34.5
2026_03_18,7143,1773836980,24816.25,T,7030,7192,34.5,89.5
2026_03_18,7192,1773837225,24726.75,B,7143,7272,89.5,50.75
2026_03_18,7272,1773837635,24777.5,T,7192,7302,50.75,72.25
2026_03_18,7302,1773837785,24705.25,B,7272,7307,72.25,30.5
2026_03_18,7307,1773837810,24735.75,T,7302,7316,30.5,49.25
2026_03_18,7316,1773837855,24686.5,B,7307,7327,49.25,31.25
2026_03_18,7327,1773837910,24717.75,T,7316,7393,31.25,53.25
2026_03_18,7393,1773838240,24664.5,B,7327,7414,53.25,37.0
2026_03_18,7414,1773838346,24701.5,T,7393,7527,37.0,56.0
2026_03_18,7527,1773838910,24645.5,B,7414,7678,56.0,50.25
2026_03_18,7678,1773839665,24695.75,T,7527,7705,50.25,35.75
2026_03_18,7705,1773839800,24660.0,B,7678,7865,35.75,76.25
2026_03_18,7865,1773840600,24736.25,T,7705,7865,76.25,32.5
2026_03_18,7865,1773840600,24703.75,B,7865,7866,32.5,40.5
2026_03_18,7866,1773840605,24744.25,T,7865,7883,40.5,58.25
2026_03_18,7883,1773840690,24686.0,B,7866,8014,58.25,85.25
2026_03_18,8014,1773841345,24771.25,T,7883,8039,85.25,62.25
2026_03_18,8039,1773841470,24709.0,B,8014,8068,62.25,70.5
2026_03_18,8068,1773841615,24779.5,T,8039,8194,70.5,68.5
2026_03_18,8194,1773842245,24711.0,B,8068,8224,68.5,44.0
2026_03_18,8224,1773842395,24755.0,T,8194,8269,44.0,62.75
2026_03_18,8269,1773842620,24692.25,B,8224,8332,62.75,72.75
2026_03_18,8332,1773842935,24765.0,T,8269,8405,72.75,93.75
2026_03_18,8405,1773843300,24671.25,B,8332,8420,93.75,35.5
2026_03_18,8420,1773843375,24706.75,T,8405,8567,35.5,112.0
2026_03_18,8567,1773844110,24594.75,B,8420,8627,112.0,59.0
2026_03_18,8627,1773844410,24653.75,T,8567,8817,59.0,50.5
2026_03_18,8817,1773845360,24603.25,B,8627,8955,50.5,88.75
2026_03_18,8955,1773846050,24692.0,T,8817,8975,88.75,47.0
2026_03_18,8975,1773846150,24645.0,B,8955,9044,47.0,69.75
2026_03_18,9044,1773846495,24714.75,T,8975,9207,69.75,71.75
2026_03_18,9207,1773847310,24643.0,B,9044,9352,71.75,55.5
2026_03_18,9352,1773848036,24698.5,T,9207,9508,55.5,40.75
2026_03_18,9508,1773848815,24657.75,B,9352,9623,40.75,40.0
2026_03_18,9623,1773849390,24697.75,T,9508,9789,40.0,50.0
2026_03_18,9789,1773850230,24647.75,B,9623,9839,50.0,42.5
2026_03_18,9839,1773850480,24690.25,T,9789,9859,42.5,30.75
2026_03_18,9859,1773850580,24659.5,B,9839,9907,30.75,33.75
2026_03_18,9907,1773850830,24693.25,T,9859,10088,33.75,80.25
2026_03_18,10088,1773851750,24613.0,B,9907,10329,80.25,44.25
2026_03_18,10329,1773853005,24657.25,T,10088,10511,44.25,79.25
2026_03_18,10511,1773853915,24578.0,B,10329,11085,79.25,119.0
2026_03_18,11085,1773856880,24697.0,T,10511,11113,119.0,39.0
2026_03_18,11113,1773857020,24658.0,B,11085,11126,39.0,38.0
2026_03_18,11126,1773857085,24696.0,T,11113,11256,38.0,88.75
2026_03_18,11256,1773857740,24607.25,B,11126,11274,88.75,41.75
2026_03_18,11274,1773857830,24649.0,T,11256,11359,41.75,41.0
2026_03_18,11359,1773858260,24608.0,B,11274,11435,41.0,37.5
2026_03_18,11435,1773858651,24645.5,T,11359,11485,37.5,75.75
2026_03_18,11485,1773858900,24569.75,B,11435,11509,75.75,68.75
2026_03_18,11509,1773859020,24638.5,T,11485,11549,68.75,68.25
2026_03_18,11549,1773859220,24570.25,B,11509,11582,68.25,50.25
2026_03_18,11582,1773859385,24620.5,T,11549,11785,50.25,100.25
2026_03_18,11785,1773860400,24520.25,B,11582,11862,100.25,64.25
2026_03_18,11862,1773860785,24584.5,T,11785,12066,64.25,92.5
2026_03_18,12066,1773861805,24492.0,B,11862,12200,92.5,33.5
2026_03_18,12200,1773862480,24525.5,T,12066,12495,33.5,101.25
2026_03_18,12495,1773863960,24424.25,B,12200,12515,101.25,44.0
2026_03_18,12515,1773864060,24468.25,T,12495,12814,44.0,118.75
2026_03_18,12814,1773865650,24349.5,B,12515,13060,118.75,65.0
2026_03_18,13060,1773867110,24414.5,T,12814,13456,65.0,68.0
2026_03_18,13456,1773873465,24346.5,B,13060,14014,68.0,81.5
2026_03_18,14014,1773877305,24428.0,T,13456,14049,81.5,48.0
2026_03_18,14049,1773877510,24380.0,B,14014,14062,48.0,32.5
2026_03_18,14062,1773877590,24412.5,T,14049,14116,32.5,32.0
2026_03_19,84,1773878890,24428.5,T,7,253,43.25,50.0
2026_03_19,253,1773879900,24378.5,B,84,312,50.0,40.0
2026_03_19,312,1773880255,24418.5,T,253,459,40.0,47.5
2026_03_19,459,1773881125,24371.0,B,312,1008,47.5,83.25
2026_03_19,1008,1773885381,24454.25,T,459,1065,83.25,68.0
2026_03_19,1065,1773885715,24386.25,B,1008,1403,68.0,121.5
2026_03_19,1403,1773887770,24507.75,T,1065,2387,121.5,112.5
2026_03_19,2387,1773895656,24395.25,B,1403,2587,112.5,37.0
2026_03_19,2587,1773897650,24432.25,T,2387,2759,37.0,69.25
2026_03_19,2759,1773899090,24363.0,B,2587,2848,69.25,41.5
2026_03_19,2848,1773899715,24404.5,T,2759,2888,41.5,30.25
2026_03_19,2888,1773900020,24374.25,B,2848,3035,30.25,50.25
2026_03_19,3035,1773901090,24424.5,T,2888,3201,50.25,66.25
2026_03_19,3201,1773902320,24358.25,B,3035,3369,66.25,40.75
2026_03_19,3369,1773903622,24399.0,T,3201,3488,40.75,56.0
2026_03_19,3488,1773904440,24343.0,B,3369,3548,56.0,68.25
2026_03_19,3548,1773904780,24411.25,T,3488,3692,68.25,69.75
2026_03_19,3692,1773905775,24341.5,B,3548,3798,69.75,35.75
2026_03_19,3798,1773906470,24377.25,T,3692,3895,35.75,49.75
2026_03_19,3895,1773907151,24327.5,B,3798,3912,49.75,47.5
2026_03_19,3912,1773907235,24375.0,T,3895,3968,47.5,49.25
2026_03_19,3968,1773907530,24325.75,B,3912,4051,49.25,53.0
2026_03_19,4051,1773908028,24378.75,T,3968,4355,53.0,86.75
2026_03_19,4355,1773909810,24292.0,B,4051,4464,86.75,66.25
2026_03_19,4464,1773910447,24358.25,T,4355,4508,66.25,32.5
2026_03_19,4508,1773910710,24325.75,B,4464,4594,32.5,51.5
2026_03_19,4594,1773911255,24377.25,T,4508,4645,51.5,38.25
2026_03_19,4645,1773911626,24339.0,B,4594,4730,38.25,44.0
2026_03_19,4730,1773912166,24383.0,T,4645,4759,44.0,95.75
2026_03_19,4759,1773912365,24287.25,B,4730,4772,95.75,39.75
2026_03_19,4772,1773912430,24327.0,T,4759,4800,39.75,37.25
2026_03_19,4800,1773912581,24289.75,B,4772,4823,37.25,62.75
2026_03_19,4823,1773912721,24352.5,T,4800,4868,62.75,55.25
2026_03_19,4868,1773913081,24297.25,B,4823,4986,55.25,139.0
2026_03_19,4986,1773913905,24436.25,T,4868,5438,139.0,79.75
2026_03_19,5438,1773917041,24356.5,B,4986,5565,79.75,41.25
2026_03_19,5565,1773918145,24397.75,T,5438,5602,41.25,50.5
2026_03_19,5602,1773918341,24347.25,B,5565,5667,50.5,41.0
2026_03_19,5667,1773918805,24388.25,T,5602,5911,41.0,93.75
2026_03_19,5911,1773920370,24294.5,B,5667,6086,93.75,44.75
2026_03_19,6086,1773921520,24339.25,T,5911,6138,44.75,73.75
2026_03_19,6138,1773921795,24265.5,B,6086,6194,73.75,77.75
2026_03_19,6194,1773922075,24343.25,T,6138,6442,77.75,112.0
2026_03_19,6442,1773923435,24231.25,B,6194,6477,112.0,53.25
2026_03_19,6477,1773923610,24284.5,T,6442,6556,53.25,34.25
2026_03_19,6556,1773924022,24250.25,B,6477,6594,34.25,49.25
2026_03_19,6594,1773924215,24299.5,T,6556,6698,49.25,91.25
2026_03_19,6698,1773924785,24208.25,B,6594,6741,91.25,36.75
2026_03_19,6741,1773925031,24245.0,T,6698,6934,36.75,58.25
2026_03_19,6934,1773926100,24186.75,B,6741,6998,58.25,106.5
2026_03_19,6998,1773926430,24293.25,T,6934,7083,106.5,95.25
2026_03_19,7083,1773926870,24198.0,B,6998,7101,95.25,33.75
2026_03_19,7101,1773926965,24231.75,T,7083,7113,33.75,114.5
2026_03_19,7113,1773927025,24117.25,B,7101,7120,114.5,46.5
2026_03_19,7120,1773927060,24163.75,T,7113,7123,46.5,34.0
2026_03_19,7123,1773927075,24129.75,B,7120,7136,34.0,42.25
2026_03_19,7136,1773927140,24172.0,T,7123,7144,42.25,48.75
2026_03_19,7144,1773927180,24123.25,B,7136,7151,48.75,39.25
2026_03_19,7151,1773927215,24162.5,T,7144,7182,39.25,48.75
2026_03_19,7182,1773927370,24113.75,B,7151,7222,48.75,81.25
2026_03_19,7222,1773927570,24195.0,T,7182,7228,81.25,34.25
2026_03_19,7228,1773927600,24160.75,B,7222,7251,34.25,75.0
2026_03_19,7251,1773927715,24235.75,T,7228,7255,75.0,33.25
2026_03_19,7255,1773927735,24202.5,B,7251,7277,33.25,36.75
2026_03_19,7277,1773927845,24239.25,T,7255,7297,36.75,41.25
2026_03_19,7297,1773927945,24198.0,B,7277,7304,41.25,35.0
2026_03_19,7304,1773927980,24233.0,T,7297,7312,35.0,54.75
2026_03_19,7312,1773928020,24178.25,B,7304,7373,54.75,109.75
2026_03_19,7373,1773928325,24288.0,T,7312,7379,109.75,35.0
2026_03_19,7379,1773928355,24253.0,B,7373,7407,35.0,55.5
2026_03_19,7407,1773928495,24308.5,T,7379,7439,55.5,59.75
2026_03_19,7439,1773928655,24248.75,B,7407,7479,59.75,68.5
2026_03_19,7479,1773928855,24317.25,T,7439,7526,68.5,46.5
2026_03_19,7526,1773929090,24270.75,B,7479,7533,46.5,39.5
2026_03_19,7533,1773929125,24310.25,T,7526,7551,39.5,41.0
2026_03_19,7551,1773929215,24269.25,B,7533,7554,41.0,30.25
2026_03_19,7554,1773929230,24299.5,T,7551,7592,30.25,42.0
2026_03_19,7592,1773929420,24257.5,B,7554,7623,42.0,75.5
2026_03_19,7623,1773929575,24333.0,T,7592,7700,75.5,86.5
2026_03_19,7700,1773929960,24246.5,B,7623,7714,86.5,35.5
2026_03_19,7714,1773930030,24282.0,T,7700,7745,35.5,66.25
2026_03_19,7745,1773930185,24215.75,B,7714,7770,66.25,31.25
2026_03_19,7770,1773930310,24247.0,T,7745,7816,31.25,51.5
2026_03_19,7816,1773930540,24195.5,B,7770,7899,51.5,131.5
2026_03_19,7899,1773930955,24327.0,T,7816,7939,131.5,91.25
2026_03_19,7939,1773931155,24235.75,B,7899,7960,91.25,60.0
2026_03_19,7960,1773931260,24295.75,T,7939,8041,60.0,56.5
2026_03_19,8041,1773931670,24239.25,B,7960,8090,56.5,73.75
2026_03_19,8090,1773931915,24313.0,T,8041,8138,73.75,55.0
2026_03_19,8138,1773932155,24258.0,B,8090,8171,55.0,49.0
2026_03_19,8171,1773932320,24307.0,T,8138,8211,49.0,38.75
2026_03_19,8211,1773932525,24268.25,B,8171,8272,38.75,96.0
2026_03_19,8272,1773932830,24364.25,T,8211,8296,96.0,67.5
2026_03_19,8296,1773932950,24296.75,B,8272,8389,67.5,54.25
2026_03_19,8389,1773933420,24351.0,T,8296,8628,54.25,161.25
2026_03_19,8628,1773934630,24189.75,B,8389,8705,161.25,40.5
2026_03_19,8705,1773935020,24230.25,T,8628,8726,40.5,42.75
2026_03_19,8726,1773935125,24187.5,B,8705,8995,42.75,122.25
2026_03_19,8995,1773936480,24309.75,T,8726,9032,122.25,61.75
2026_03_19,9032,1773936665,24248.0,B,8995,9052,61.75,37.75
2026_03_19,9052,1773936770,24285.75,T,9032,9167,37.75,63.25
2026_03_19,9167,1773937371,24222.5,B,9052,9260,63.25,44.75
2026_03_19,9260,1773937861,24267.25,T,9167,9317,44.75,40.0
2026_03_19,9317,1773938155,24227.25,B,9260,9388,40.0,62.25
2026_03_19,9388,1773938535,24289.5,T,9317,9507,62.25,78.5
2026_03_19,9507,1773939170,24211.0,B,9388,9590,78.5,40.0
2026_03_19,9590,1773939643,24251.0,T,9507,9753,40.0,84.5
2026_03_19,9753,1773940472,24166.5,B,9590,9944,84.5,90.0
2026_03_19,9944,1773941490,24256.5,T,9753,10046,90.0,57.0
2026_03_19,10046,1773942065,24199.5,B,9944,10173,57.0,69.0
2026_03_19,10173,1773942775,24268.5,T,10046,10284,69.0,55.25
2026_03_19,10284,1773943435,24213.25,B,10173,10399,55.25,93.75
2026_03_19,10399,1773944035,24307.0,T,10284,10794,93.75,98.75
2026_03_19,10794,1773946256,24208.25,B,10399,10932,98.75,172.25
2026_03_19,10932,1773946975,24380.5,T,10794,10947,172.25,36.0
2026_03_19,10947,1773947050,24344.5,B,10932,10982,36.0,129.5
2026_03_19,10982,1773947225,24474.0,T,10947,10995,129.5,73.25
2026_03_19,10995,1773947290,24400.75,B,10982,11010,73.25,59.25
2026_03_19,11010,1773947365,24460.0,T,10995,11021,59.25,58.25
2026_03_19,11021,1773947420,24401.75,B,11010,11033,58.25,73.25
2026_03_19,11033,1773947480,24475.0,T,11021,11062,73.25,82.75
2026_03_19,11062,1773947626,24392.25,B,11033,11089,82.75,66.5
2026_03_19,11089,1773947760,24458.75,T,11062,11126,66.5,44.75
2026_03_19,11126,1773947955,24414.0,B,11089,11134,44.75,37.75
2026_03_19,11134,1773947995,24451.75,T,11126,11235,37.75,91.75
2026_03_19,11235,1773948505,24360.0,B,11134,11301,91.75,39.5
2026_03_19,11301,1773948845,24399.5,T,11235,11321,39.5,69.75
2026_03_19,11321,1773948950,24329.75,B,11301,11420,69.75,60.5
2026_03_19,11420,1773949465,24390.25,T,11321,11429,60.5,36.75
2026_03_19,11429,1773949511,24353.5,B,11420,11460,36.75,32.5
2026_03_19,11460,1773949670,24386.0,T,11429,11494,32.5,39.75
2026_03_19,11494,1773949850,24346.25,B,11460,11573,39.75,34.0
2026_03_19,11573,1773950275,24380.25,T,11494,11633,34.0,31.75
2026_03_19,11633,1773950587,24348.5,B,11573,11798,31.75,75.0
2026_03_19,11798,1773951781,24423.5,T,11633,11954,75.0,33.5
2026_03_19,11954,1773957600,24390.0,B,11798,11961,33.5,48.0
2026_03_19,11961,1773957641,24438.0,T,11954,12002,48.0,51.75
2026_03_19,12002,1773957946,24386.25,B,11961,12279,51.75,57.5
2026_03_19,12279,1773961715,24443.75,T,12002,12442,57.5,54.25
2026_03_20,25,1773965078,24371.0,B,5,75,47.5,54.5
2026_03_20,75,1773965586,24425.5,T,25,207,54.5,59.0
2026_03_20,207,1773967041,24366.5,B,75,385,59.0,50.5
2026_03_20,385,1773969175,24417.0,T,207,432,50.5,41.25
2026_03_20,432,1773969718,24375.75,B,385,542,41.25,69.25
2026_03_20,542,1773971165,24445.0,T,432,606,69.25,51.5
2026_03_20,606,1773971882,24393.5,B,542,800,51.5,33.0
2026_03_20,800,1773975180,24426.5,T,606,900,33.0,38.5
2026_03_20,900,1773977282,24388.0,B,800,930,38.5,31.0
2026_03_20,930,1773977683,24419.0,T,900,1210,31.0,69.0
2026_03_20,1210,1773983603,24350.0,B,930,1266,69.0,42.0
2026_03_20,1266,1773984392,24392.0,T,1210,1638,42.0,121.75
2026_03_20,1638,1773990165,24270.25,B,1266,1919,121.75,122.0
2026_03_20,1919,1773992948,24392.25,T,1638,1997,122.0,30.5
2026_03_20,1997,1773993726,24361.75,B,1919,2078,30.5,35.75
2026_03_20,2078,1773994455,24397.5,T,1997,2166,35.75,57.0
2026_03_20,2166,1773995426,24340.5,B,2078,2183,57.0,32.25
2026_03_20,2183,1773995568,24372.75,T,2166,2188,32.25,30.25
2026_03_20,2188,1773995590,24342.5,B,2183,2205,30.25,42.0
2026_03_20,2205,1773995755,24384.5,T,2188,2372,42.0,59.75
2026_03_20,2372,1773997561,24324.75,B,2205,2395,59.75,48.75
2026_03_20,2395,1773997800,24373.5,T,2372,2712,48.75,178.0
2026_03_20,2712,1774000508,24195.5,B,2395,2739,178.0,31.0
2026_03_20,2739,1774000810,24226.5,T,2712,2842,31.0,119.0
2026_03_20,2842,1774001436,24107.5,B,2739,2882,119.0,45.0
2026_03_20,2882,1774001735,24152.5,T,2842,2921,45.0,32.25
2026_03_20,2921,1774002017,24120.25,B,2882,3048,32.25,97.75
2026_03_20,3048,1774003195,24218.0,T,2921,3123,97.75,36.75
2026_03_20,3123,1774003895,24181.25,B,3048,3265,36.75,70.5
2026_03_20,3265,1774005017,24251.75,T,3123,3500,70.5,56.25
2026_03_20,3500,1774007503,24195.5,B,3265,3552,56.25,55.5
2026_03_20,3552,1774008041,24251.0,T,3500,3582,55.5,42.5
2026_03_20,3582,1774008290,24208.5,B,3552,3637,42.5,74.5
2026_03_20,3637,1774008663,24283.0,T,3582,3683,74.5,58.0
2026_03_20,3683,1774009040,24225.0,B,3637,3763,58.0,63.0
2026_03_20,3763,1774009755,24288.0,T,3683,3814,63.0,50.0
2026_03_20,3814,1774010275,24238.0,B,3763,3818,50.0,33.75
2026_03_20,3818,1774010325,24271.75,T,3814,3850,33.75,48.75
2026_03_20,3850,1774010569,24223.0,B,3818,3883,48.75,44.5
2026_03_20,3883,1774010815,24267.5,T,3850,3895,44.5,33.5
2026_03_20,3895,1774010913,24234.0,B,3883,4003,33.5,61.0
2026_03_20,4003,1774011727,24295.0,T,3895,4075,61.0,52.5
2026_03_20,4075,1774012275,24242.5,B,4003,4195,52.5,77.5
2026_03_20,4195,1774013125,24320.0,T,4075,4234,77.5,44.5
2026_03_20,4234,1774013345,24275.5,B,4195,4234,44.5,39.5
2026_03_20,4234,1774013345,24315.0,T,4234,4237,39.5,55.0
2026_03_20,4237,1774013360,24260.0,B,4234,4238,55.0,45.0
2026_03_20,4238,1774013365,24305.0,T,4237,4238,45.0,45.5
2026_03_20,4238,1774013365,24259.5,B,4238,4240,45.5,45.25
2026_03_20,4240,1774013375,24304.75,T,4238,4240,45.25,43.75
2026_03_20,4240,1774013375,24261.0,B,4240,4241,43.75,43.0
2026_03_20,4241,1774013381,24304.0,T,4240,4243,43.0,44.5
