feature,d_IS,d_OOS,d_all,sign_match,min_abs_d
prior_vr_60_240,0.589861960776366,0.5533258354461663,0.4706595529734766,True,0.5533258354461663
prior_range,0.528989006170002,0.8294260891952698,0.7181734151793863,True,0.528989006170002
prior_intraday_range,0.528989006170002,0.9670773412801272,0.7108803793916476,True,0.528989006170002
range_compression,0.4141952335801888,0.8344816710822606,0.6080716033224813,True,0.4141952335801888
dow,0.3649547913631347,0.42486800363503535,0.3882119019935594,True,0.3649547913631347
