tf,n,accuracy,baseline,lift,pred_std,pred_mean_abs
1m,370729,0.6200027513358815,0.5821745803538434,0.037828170982038056,20.271386058561344,13.66902880992412
5m,74099,0.6231663045385228,0.5983211649280017,0.02484513961052115,34.98189459462166,24.116653953669747
15m,24691,0.6217245150054675,0.5642541816856345,0.05747033331983309,64.09361891926794,43.288812689862525
1h,6175,0.6864777327935223,0.6548987854251012,0.03157894736842115,111.5116162935212,79.58273038150624
4h,1648,0.7099514563106796,0.6862864077669902,0.023665048543689338,220.20486456135123,162.66299661147303
