feature,d_IS,d_OOS,d_all,sign_match,min_abs_d
prior_range,0.6378029887197058,0.881115711220046,0.7181734151793863,True,0.6378029887197058
prior_intraday_range,0.6378029887197058,1.8943562319288991,0.7108803793916476,True,0.6378029887197058
range_compression,0.49641562003364176,0.8810814683330749,0.6080716033224813,True,0.49641562003364176
prior_vr_60_240,0.4620561485714068,0.6975005470084789,0.4706595529734766,True,0.4620561485714068
mean_range_5d,0.44186955511762216,0.9606844023042378,0.5411100120545229,True,0.44186955511762216
variance_ratio_5_20,0.34998878888924995,0.3933972254048954,0.35835469150202875,True,0.34998878888924995
