day,pivot_ts,pivot_bar,n_bars,entry_ts,entry_bar,dir,entry_px,exit_ts,exit_bar,exit_px,exit_reason,ride_pnl_usd,stop_pnl_usd,combiner_P
2024_01_30,,-12,33,1706626260,21,1,17669.5,1706626800,30,17644.5,R_TRIGGER,-51.0,-51.0,0.7564
2024_01_30,1706625180.0,3,27,1706626800,30,-1,17644.5,1706627220,37,17650.75,R_TRIGGER,-13.5,-13.5,0.9709
2024_01_30,1706626920.0,32,11,1706627580,43,-1,17649.25,1706628720,62,17658.75,R_TRIGGER,-20.0,-20.0,0.7388
2024_01_30,1706628360.0,56,8,1706628840,64,-1,17661.25,1706631960,116,17648.25,R_TRIGGER,25.0,25.0,0.7381
2024_01_30,1706630100.0,85,31,1706631960,116,1,17648.25,1706634900,165,17618.75,R_TRIGGER,-60.0,-60.0,0.952
2024_01_30,1706632320.0,122,52,1706635440,174,-1,17597.0,1706638500,225,17583.0,R_TRIGGER,27.0,27.0,0.7358
2024_01_30,1706637960.0,216,9,1706638500,225,1,17583.0,1706640540,259,17573.25,R_TRIGGER,-20.5,-20.5,0.9524
2024_01_30,1706639400.0,240,35,1706641500,275,-1,17565.75,1706642580,293,17577.5,R_TRIGGER,-24.5,-24.5,0.7543
2024_01_30,1706641860.0,281,12,1706642580,293,1,17577.5,1706646840,364,17580.5,R_TRIGGER,5.0,5.0,0.9477
2024_01_30,1706646480.0,358,6,1706646840,364,-1,17580.5,1706649180,403,17557.75,R_TRIGGER,44.5,44.5,0.7545
2024_01_31,,-60,61,1706711460,1,-1,17389.0,1706711640,4,17415.0,R_TRIGGER,-53.0,-53.0,0.7567
2024_01_31,1706711400.0,0,5,1706711700,5,-1,17423.25,1706712600,20,17381.5,R_TRIGGER,82.5,82.5,0.8131
2024_01_31,1706712300.0,15,9,1706712840,24,-1,17379.25,1706716860,91,17319.75,R_TRIGGER,118.0,118.0,0.7637
2024_01_31,1706715420.0,67,25,1706716920,92,1,17319.75,1706727600,270,17345.5,R_TRIGGER,50.5,50.5,0.9469
2024_01_31,1706725200.0,230,40,1706727600,270,-1,17345.5,1706727900,275,17361.0,R_TRIGGER,-32.0,-32.0,0.8624
2024_01_31,1706727720.0,272,3,1706727900,275,-1,17361.0,1706729460,301,17348.5,R_TRIGGER,24.0,24.0,0.817
2024_01_31,1706728980.0,293,8,1706729460,301,-1,17348.5,1706729990,,17297.5,CAT_STOP,101.0,-101.0,0.7926
2024_01_31,1706731620.0,337,3,1706731800,340,-1,17297.5,1706732580,353,17322.75,R_TRIGGER,-51.5,-51.5,0.8333
2024_01_31,1706732400.0,350,5,1706732700,355,-1,17291.0,1706734620,387,17271.25,R_TRIGGER,38.5,38.5,0.7543
2024_01_31,1706734440.0,384,4,1706734680,388,-1,17258.5,1706735400,400,17263.0,R_TRIGGER,-10.0,-10.0,0.7608
2024_01_31,1706734860.0,391,11,1706735520,402,1,17264.5,1706735700,405,17265.75,SESSION_CLOSE,1.5,1.5,0.9558
2024_02_01,,-50,51,1706797860,1,-1,17315.25,1706798040,4,17333.75,R_TRIGGER,-38.0,-38.0,0.7394
2024_02_01,1706797860.0,1,3,1706798040,4,1,17333.75,1706799360,26,17298.25,R_TRIGGER,-72.0,-72.0,0.76
2024_02_01,1706798640.0,14,14,1706799480,28,-1,17292.0,1706799840,34,17316.25,R_TRIGGER,-49.5,-49.5,0.7651
2024_02_01,1706799600.0,30,6,1706799960,36,1,17312.0,1706800860,51,17314.5,R_TRIGGER,4.0,4.0,0.7785
2024_02_01,1706800920.0,52,8,1706801400,60,1,17366.25,1706802120,72,17342.0,R_TRIGGER,-49.5,-49.5,0.778
2024_02_01,1706801400.0,60,15,1706802300,75,1,17344.0,1706802895,,17357.75,CAT_STOP,26.5,-101.0,0.7431
2024_02_01,1706807400.0,160,12,1706808120,172,-1,17357.75,1706809620,197,17369.0,R_TRIGGER,-23.5,-23.5,0.9481
2024_02_01,1706808780.0,183,15,1706809680,198,1,17376.0,1706810280,208,17378.25,R_TRIGGER,3.5,3.5,0.9512
2024_02_01,1706810100.0,205,7,1706810520,212,-1,17361.75,1706811180,223,17369.5,R_TRIGGER,-16.5,-16.5,0.9582
2024_02_01,1706810820.0,217,8,1706811300,225,1,17368.5,1706812620,247,17354.25,R_TRIGGER,-29.5,-29.5,0.9502
2024_02_01,1706812440.0,244,3,1706812620,247,-1,17354.25,1706813400,260,17378.75,R_TRIGGER,-50.0,-50.0,0.9745
2024_02_01,1706812920.0,252,12,1706813640,264,1,17379.5,1706820600,380,17419.5,R_TRIGGER,79.0,79.0,0.9647
2024_02_01,1706820000.0,370,10,1706820600,380,-1,17419.5,1706821140,389,17440.0,R_TRIGGER,-42.0,-42.0,0.7816
2024_02_01,1706820780.0,383,8,1706821260,391,1,17462.0,1706822100,405,17557.25,SESSION_CLOSE,189.5,189.5,0.9694
2024_02_02,,-46,46,1706884200,0,1,17502.75,1706885460,21,17577.75,R_TRIGGER,149.0,149.0,0.7786
2024_02_02,1706885280.0,18,7,1706885700,25,1,17573.0,1706886540,39,17576.75,R_TRIGGER,6.5,6.5,0.7591
2024_02_02,1706886060.0,31,9,1706886600,40,1,17582.5,1706887860,61,17566.25,R_TRIGGER,-33.5,-33.5,0.7579
2024_02_02,1706887500.0,55,7,1706887920,62,-1,17555.5,1706888280,68,17591.5,R_TRIGGER,-73.0,-73.0,0.958
2024_02_02,1706887920.0,62,7,1706888340,69,1,17617.0,1706889660,91,17623.0,R_TRIGGER,11.0,11.0,0.9598
2024_02_02,1706888880.0,78,14,1706889720,92,-1,17609.5,1706890320,102,17654.0,R_TRIGGER,-90.0,-90.0,0.9653
2024_02_02,1706889840.0,94,13,1706890620,107,1,17654.5,1706895840,194,17682.5,R_TRIGGER,55.0,55.0,0.9673
2024_02_02,1706895120.0,182,12,1706895840,194,-1,17682.5,1706896740,209,17710.0,R_TRIGGER,-56.0,-56.0,0.7572
2024_02_02,1706895960.0,196,14,1706896800,210,1,17719.0,1706898360,236,17696.5,R_TRIGGER,-46.0,-46.0,0.9538
2024_02_02,1706897880.0,228,10,1706898480,238,-1,17709.25,1706899500,255,17725.5,R_TRIGGER,-33.5,-33.5,0.7756
2024_02_02,1706899020.0,247,21,1706900280,268,1,17727.0,1706907540,389,17729.5,R_TRIGGER,4.0,4.0,0.7454
2024_02_02,1706902920.0,312,77,1706907540,389,-1,17729.5,1706908500,405,17716.75,SESSION_CLOSE,24.5,24.5,0.7427
2024_02_05,,-32,32,1707143400,0,1,17713.75,1707143880,8,17703.0,R_TRIGGER,-22.5,-22.5,0.7353
2024_02_05,1707143640.0,4,4,1707143880,8,1,17703.0,1707144600,20,17679.0,R_TRIGGER,-49.0,-49.0,0.7705
2024_02_05,1707144960.0,26,4,1707145200,30,-1,17682.5,1707146520,52,17616.25,R_TRIGGER,131.5,131.5,0.971
2024_02_05,1707146760.0,56,7,1707147180,63,-1,17610.5,1707148080,78,17576.5,R_TRIGGER,67.0,67.0,0.7475
2024_02_05,1707147900.0,75,14,1707148740,89,1,17593.0,1707150360,116,17615.5,R_TRIGGER,44.0,44.0,0.952
2024_02_05,1707150540.0,119,6,1707150900,125,1,17639.25,1707151320,132,17619.5,R_TRIGGER,-40.5,-40.5,0.7661
2024_02_05,1707151320.0,132,6,1707151680,138,1,17643.5,1707155400,200,17698.0,R_TRIGGER,108.0,108.0,0.7386
2024_02_05,1707154680.0,188,15,1707155580,203,-1,17693.25,1707156300,215,17695.25,R_TRIGGER,-5.0,-5.0,0.9467
2024_02_05,1707156060.0,211,12,1707156780,223,1,17714.75,1707157260,231,17698.5,R_TRIGGER,-33.5,-33.5,0.9564
2024_02_05,1707156840.0,224,10,1707157440,234,-1,17691.25,1707159600,270,17690.5,R_TRIGGER,0.5,0.5,0.9568
2024_02_05,1707159300.0,265,13,1707160080,278,1,17703.75,1707163260,331,17723.75,R_TRIGGER,39.0,39.0,0.7391
2024_02_05,1707162600.0,320,13,1707163380,333,-1,17715.75,1707164520,352,17693.75,R_TRIGGER,43.0,43.0,0.961
2024_02_05,1707164160.0,346,11,1707164820,357,1,17715.0,1707165540,369,17700.5,R_TRIGGER,-30.0,-30.0,0.9564
2024_02_05,1707165540.0,369,12,1707166260,381,1,17722.75,1707166740,389,17697.25,R_TRIGGER,-52.0,-52.0,0.8524
2024_02_05,1707166560.0,386,4,1707166800,390,-1,17685.0,1707167100,395,17699.0,R_TRIGGER,-29.0,-29.0,0.9735
2024_02_05,1707166800.0,390,7,1707167220,397,-1,17705.0,1707167700,405,17700.5,SESSION_CLOSE,8.0,8.0,0.7398
2024_02_06,,-123,124,1707229860,1,1,17759.0,1707229980,3,17738.75,R_TRIGGER,-41.5,-41.5,0.8473
2024_02_06,1707229800.0,0,4,1707230040,4,-1,17729.25,1707230520,12,17724.25,R_TRIGGER,9.0,9.0,0.9737
2024_02_06,1707230220.0,7,10,1707230820,17,-1,17706.25,1707231240,24,17685.25,R_TRIGGER,41.0,41.0,0.7592
2024_02_06,1707231240.0,24,3,1707231420,27,-1,17667.5,1707232500,45,17639.5,R_TRIGGER,55.0,55.0,0.7404
2024_02_06,1707232200.0,40,11,1707232860,51,-1,17648.25,1707233280,58,17621.75,R_TRIGGER,52.0,52.0,0.7419
2024_02_06,1707233100.0,55,12,1707233820,67,1,17649.25,1707234000,70,17641.75,R_TRIGGER,-16.0,-16.0,0.9467
2024_02_06,1707234120.0,72,3,1707234300,75,1,17636.5,1707234600,80,17636.5,R_TRIGGER,-1.0,-1.0,0.7392
2024_02_06,1707234720.0,82,18,1707235800,100,1,17651.0,1707235980,103,17626.0,R_TRIGGER,-51.0,-51.0,0.7372
2024_02_06,1707235680.0,98,6,1707236040,104,-1,17627.5,1707236340,109,17645.0,R_TRIGGER,-36.0,-36.0,0.7672
2024_02_06,1707236040.0,104,13,1707236820,117,1,17648.75,1707237360,126,17635.0,R_TRIGGER,-28.5,-28.5,0.7359
2024_02_06,1707237060.0,121,5,1707237360,126,-1,17635.0,1707240360,176,17588.0,R_TRIGGER,93.0,93.0,0.754
2024_02_06,1707240060.0,171,8,1707240540,179,1,17604.0,1707240780,183,17590.0,R_TRIGGER,-29.0,-29.0,0.9572
2024_02_06,1707241440.0,194,11,1707242100,205,1,17601.25,1707243120,222,17599.0,R_TRIGGER,-5.5,-5.5,0.7541
2024_02_06,1707242940.0,219,3,1707243120,222,-1,17599.0,1707244200,240,17606.5,R_TRIGGER,-16.0,-16.0,0.7603
2024_02_06,1707243720.0,232,18,1707244800,250,1,17627.25,1707246300,275,17610.0,R_TRIGGER,-35.5,-35.5,0.8128
2024_02_06,1707245940.0,269,7,1707246360,276,-1,17602.0,1707247320,292,17591.5,R_TRIGGER,20.0,20.0,0.9782
2024_02_06,1707247080.0,288,8,1707247560,296,1,17596.5,1707248400,310,17595.0,R_TRIGGER,-4.0,-4.0,0.9567
2024_02_06,1707250020.0,337,12,1707250740,349,1,17639.5,1707253500,395,17646.5,R_TRIGGER,13.0,13.0,0.7587
2024_02_06,1707253320.0,392,11,1707253980,403,-1,17644.75,1707254100,405,17645.5,SESSION_CLOSE,-2.5,-2.5,0.9419
2024_02_07,,-3,8,1707316500,5,-1,17753.75,1707317280,18,17749.25,R_TRIGGER,8.0,8.0,0.7991
2024_02_07,1707317100.0,15,3,1707317280,18,1,17749.25,1707317760,26,17728.25,R_TRIGGER,-43.0,-43.0,0.7604
2024_02_07,1707317580.0,23,3,1707317760,26,-1,17728.25,1707318000,30,17749.0,R_TRIGGER,-42.5,-42.5,0.7397
2024_02_07,1707317760.0,26,15,1707318660,41,1,17768.0,1707320220,67,17847.75,R_TRIGGER,158.5,158.5,0.966
2024_02_07,1707320400.0,70,13,1707321180,83,1,17854.75,1707321300,85,17838.75,R_TRIGGER,-33.0,-33.0,0.7484
2024_02_07,1707321120.0,82,3,1707321300,85,1,17838.75,1707322620,107,17834.75,R_TRIGGER,-9.0,-9.0,0.7659
2024_02_07,1707322320.0,102,22,1707323640,124,-1,17807.75,1707324300,135,17828.5,R_TRIGGER,-42.5,-42.5,0.9717
2024_02_07,1707323760.0,126,18,1707324840,144,1,17842.0,1707325920,162,17827.5,R_TRIGGER,-30.0,-30.0,0.9492
2024_02_07,1707325920.0,162,6,1707326280,168,1,17849.25,1707326700,175,17823.0,R_TRIGGER,-53.5,-53.5,0.8309
2024_02_07,1707326220.0,167,9,1707326760,176,-1,17817.75,1707327960,196,17804.75,R_TRIGGER,25.0,25.0,0.9651
2024_02_07,1707327660.0,191,16,1707328620,207,1,17813.25,1707329040,214,17794.25,R_TRIGGER,-39.0,-39.0,0.9577
2024_02_07,1707328860.0,211,4,1707329100,215,-1,17801.75,1707329400,220,17822.0,R_TRIGGER,-41.5,-41.5,0.8024
2024_02_07,1707329040.0,214,19,1707330180,233,1,17833.0,1707334320,302,17833.25,R_TRIGGER,-0.5,-0.5,0.765
2024_02_07,1707334320.0,302,28,1707336000,330,1,17854.25,1707338580,373,17842.5,R_TRIGGER,-24.5,-24.5,0.7395
2024_02_07,1707336240.0,334,50,1707339240,384,-1,17835.5,1707340500,405,17858.5,SESSION_CLOSE,-47.0,-47.0,0.7512
2024_02_08,,-60,60,1707402600,0,1,17828.0,1707402780,3,17822.75,R_TRIGGER,-11.5,-11.5,0.8242
2024_02_08,1707402600.0,0,3,1707402780,3,1,17822.75,1707403200,10,17826.5,R_TRIGGER,6.5,6.5,0.798
2024_02_08,1707403020.0,7,8,1707403500,15,1,17822.25,1707404880,38,17841.25,R_TRIGGER,37.0,37.0,0.7372
2024_02_08,1707405120.0,42,7,1707405540,49,1,17857.25,1707405900,55,17837.5,R_TRIGGER,-40.5,-40.5,0.835
2024_02_08,1707405720.0,52,8,1707406200,60,-1,17827.75,1707406500,65,17857.5,R_TRIGGER,-60.5,-60.5,0.9694
2024_02_08,1707406560.0,66,6,1707406920,72,-1,17847.5,1707407100,75,17857.25,R_TRIGGER,-20.5,-20.5,0.7656
2024_02_08,1707406920.0,72,6,1707407280,78,1,17873.25,1707409560,116,17867.5,R_TRIGGER,-12.5,-12.5,0.9515
2024_02_08,1707409260.0,111,9,1707409800,120,-1,17869.0,1707410100,125,17880.75,R_TRIGGER,-24.5,-24.5,0.9646
2024_02_08,1707410700.0,135,12,1707411420,147,1,17887.25,1707411960,156,17872.25,R_TRIGGER,-31.0,-31.0,0.9438
2024_02_08,1707412080.0,158,17,1707413100,175,1,17885.25,1707414060,191,17873.0,R_TRIGGER,-25.5,-25.5,0.7361
2024_02_08,1707413280.0,178,14,1707414120,192,-1,17872.25,1707415260,211,17883.25,R_TRIGGER,-23.0,-23.0,0.9646
2024_02_08,1707414900.0,205,6,1707415260,211,1,17883.25,1707416160,226,17862.5,R_TRIGGER,-42.5,-42.5,0.9637
2024_02_08,1707415560.0,216,10,1707416160,226,1,17862.5,1707418200,260,17868.0,R_TRIGGER,10.0,10.0,0.7507
2024_02_08,1707417480.0,248,12,1707418200,260,-1,17868.0,1707420000,290,17858.75,R_TRIGGER,17.5,17.5,0.9594
2024_02_08,1707419280.0,278,16,1707420240,294,-1,17847.25,1707421380,313,17848.25,R_TRIGGER,-3.0,-3.0,0.7546
2024_02_08,1707421080.0,308,9,1707421620,317,1,17855.0,1707425040,374,17859.75,R_TRIGGER,8.5,8.5,0.9645
2024_02_08,1707424080.0,358,16,1707425040,374,-1,17859.75,1707425940,389,17865.25,R_TRIGGER,-12.0,-12.0,0.7354
2024_02_09,,-57,57,1707489000,0,-1,17895.0,1707489900,15,17903.5,R_TRIGGER,-18.0,-18.0,0.8252
2024_02_09,1707489540.0,9,14,1707490380,23,-1,17901.5,1707490820,,17943.0,CAT_STOP,-84.0,-101.0,0.7555
2024_02_09,1707491100.0,35,10,1707491700,45,1,17943.75,1707495960,116,17980.0,R_TRIGGER,71.5,71.5,0.7499
2024_02_09,1707495120.0,102,16,1707496080,118,-1,17981.75,1707496800,130,17993.75,R_TRIGGER,-25.0,-25.0,0.9589
2024_02_09,1707496500.0,125,8,1707496980,133,1,17993.0,1707498660,161,17982.0,R_TRIGGER,-23.0,-23.0,0.9445
2024_02_09,1707497520.0,142,19,1707498660,161,-1,17982.0,1707499860,181,18005.0,R_TRIGGER,-47.0,-47.0,0.96
2024_02_09,1707499140.0,169,13,1707499920,182,1,18002.25,1707508860,331,18042.5,R_TRIGGER,79.5,79.5,0.7538
2024_02_09,1707507960.0,316,15,1707508860,331,-1,18042.5,1707513300,405,18032.25,SESSION_CLOSE,19.5,19.5,0.9512
2024_02_12,,-299,300,1707748260,1,-1,18013.5,1707748440,4,18045.25,R_TRIGGER,-64.5,-64.5,0.7646
2024_02_12,1707748260.0,1,3,1707748440,4,1,18045.25,1707748860,11,18025.5,R_TRIGGER,-40.5,-40.5,0.9582
2024_02_12,1707749340.0,19,14,1707750180,33,1,18027.5,1707750480,38,18022.75,R_TRIGGER,-10.5,-10.5,0.7491
2024_02_12,1707749940.0,29,24,1707751380,53,-1,18021.75,1707751560,56,18032.25,R_TRIGGER,-22.0,-22.0,0.949
2024_02_12,1707750960.0,46,18,1707752040,64,1,18042.0,1707753720,92,18066.0,R_TRIGGER,47.0,47.0,0.9576
2024_02_12,1707754320.0,102,12,1707755040,114,1,18085.75,1707756120,132,18105.5,R_TRIGGER,38.5,38.5,0.8291
2024_02_12,1707755880.0,128,10,1707756480,138,-1,18090.0,1707756840,144,18102.5,R_TRIGGER,-26.0,-26.0,0.9598
2024_02_12,1707756540.0,139,11,1707757200,150,-1,18097.75,1707757560,156,18103.5,R_TRIGGER,-12.5,-12.5,0.7491
2024_02_12,1707757860.0,161,13,1707758640,174,-1,18076.5,1707760080,198,18091.25,R_TRIGGER,-30.5,-30.5,0.8466
2024_02_12,1707758760.0,176,22,1707760080,198,1,18091.25,1707762120,232,18084.5,R_TRIGGER,-14.5,-14.5,0.9571
2024_02_12,1707761820.0,227,6,1707762180,233,-1,18073.5,1707763500,255,18009.5,R_TRIGGER,127.0,127.0,0.9673
2024_02_12,1707763320.0,252,4,1707763560,256,1,18014.25,1707764520,272,18007.5,R_TRIGGER,-14.5,-14.5,0.7534
2024_02_12,1707764280.0,268,5,1707764580,273,-1,18010.75,1707764940,279,18013.75,R_TRIGGER,-7.0,-7.0,0.8005
2024_02_12,1707764700.0,275,9,1707765240,284,1,18005.75,1707765300,285,17991.75,R_TRIGGER,-29.0,-29.0,0.7649
2024_02_12,1707765120.0,282,3,1707765300,285,-1,17991.75,1707765780,293,17974.25,R_TRIGGER,34.0,34.0,0.9696
2024_02_12,1707765600.0,290,8,1707766080,298,-1,17974.25,1707766860,311,17987.0,R_TRIGGER,-26.5,-26.5,0.7403
2024_02_12,1707766560.0,306,6,1707766920,312,1,17984.0,1707767220,317,17969.5,R_TRIGGER,-30.0,-30.0,0.81
2024_02_12,1707766860.0,311,10,1707767460,321,-1,17955.5,1707768120,332,17961.75,R_TRIGGER,-13.5,-13.5,0.9662
2024_02_12,1707767880.0,328,7,1707768300,335,-1,17966.0,1707771120,382,17978.75,R_TRIGGER,-26.5,-26.5,0.7376
2024_02_12,1707770460.0,371,14,1707771300,385,-1,17953.0,1707772500,405,17927.5,SESSION_CLOSE,50.0,50.0,0.8018
2024_02_13,,-65,65,1707834600,0,-1,17616.75,1707834780,3,17629.75,R_TRIGGER,-27.0,-27.0,0.7729
2024_02_13,1707834600.0,0,5,1707834900,5,-1,17647.75,1707837600,50,17689.0,R_TRIGGER,-83.5,-83.5,0.797
2024_02_13,1707837420.0,47,3,1707837600,50,1,17689.0,1707839760,86,17745.25,R_TRIGGER,111.5,111.5,0.9738
2024_02_13,1707838980.0,73,14,1707839820,87,-1,17736.0,1707840540,99,17771.25,R_TRIGGER,-71.5,-71.5,0.952
2024_02_13,1707839940.0,89,10,1707840540,99,1,17771.25,1707843180,143,17725.25,R_TRIGGER,-93.0,-93.0,0.9547
2024_02_13,1707840540.0,99,44,1707843180,143,-1,17725.25,1707852960,306,17641.5,R_TRIGGER,166.5,166.5,0.9621
2024_02_13,1707851640.0,284,30,1707853440,314,-1,17632.75,1707856620,367,17592.5,R_TRIGGER,79.5,79.5,0.7511
2024_02_13,1707855720.0,352,15,1707856620,367,1,17592.5,1707858900,405,17690.5,SESSION_CLOSE,195.0,195.0,0.7441
2024_02_14,1707921060.0,1,3,1707921240,4,1,17787.0,1707922260,21,17757.75,R_TRIGGER,-59.5,-59.5,0.7352
2024_02_14,1707922080.0,18,3,1707922260,21,-1,17757.75,1707922740,29,17789.25,R_TRIGGER,-64.0,-64.0,0.7501
2024_02_14,1707922260.0,21,9,1707922800,30,1,17793.25,1707923520,42,17795.75,R_TRIGGER,4.0,4.0,0.9618
2024_02_14,1707923280.0,38,5,1707923580,43,1,17800.75,1707924960,66,17827.75,R_TRIGGER,53.0,53.0,0.7445
2024_02_14,1707924480.0,58,12,1707925200,70,-1,17803.5,1707926820,97,17741.25,R_TRIGGER,123.5,123.5,0.9695
2024_02_14,1707926880.0,98,14,1707927720,112,-1,17729.75,1707927780,113,17744.0,R_TRIGGER,-29.5,-29.5,0.7368
2024_02_14,1707927420.0,107,8,1707927900,115,1,17755.0,1707929040,134,17728.75,R_TRIGGER,-53.5,-53.5,0.9553
2024_02_14,1707928860.0,131,3,1707929040,134,-1,17728.75,1707930540,159,17719.0,R_TRIGGER,18.5,18.5,0.7933
2024_02_14,1707930360.0,156,7,1707930780,163,1,17730.0,1707934200,220,17755.75,R_TRIGGER,50.5,50.5,0.9568
2024_02_14,1707933840.0,214,6,1707934200,220,-1,17755.75,1707935520,242,17774.25,R_TRIGGER,-38.0,-38.0,0.9639
2024_02_14,1707934380.0,223,19,1707935520,242,1,17774.25,1707936960,266,17774.25,R_TRIGGER,-1.0,-1.0,0.9639
2024_02_14,1707936000.0,250,16,1707936960,266,-1,17774.25,1707937980,283,17759.5,R_TRIGGER,28.5,28.5,0.9465
2024_02_14,1707937680.0,278,5,1707937980,283,1,17759.5,1707945300,405,17869.25,SESSION_CLOSE,218.5,218.5,0.7745
2024_02_15,,-57,60,1708007580,3,-1,17889.25,1708009680,38,17827.75,R_TRIGGER,122.0,122.0,0.8979
2024_02_15,1708009440.0,34,8,1708009920,42,1,17850.25,1708010460,51,17830.75,R_TRIGGER,-40.0,-40.0,0.9626
2024_02_15,1708010280.0,48,6,1708010640,54,1,17847.5,1708013040,94,17804.5,R_TRIGGER,-87.0,-87.0,0.7352
2024_02_15,1708012440.0,84,10,1708013040,94,-1,17804.5,1708014060,111,17822.25,R_TRIGGER,-36.5,-36.5,0.9753
2024_02_15,1708013400.0,100,15,1708014300,115,1,17819.0,1708015920,142,17822.5,R_TRIGGER,6.0,6.0,0.9506
2024_02_15,1708015380.0,133,9,1708015920,142,-1,17822.5,1708017120,162,17849.75,R_TRIGGER,-55.5,-55.5,0.9651
2024_02_15,1708015920.0,142,20,1708017120,162,1,17849.75,1708023300,265,17902.5,R_TRIGGER,104.5,104.5,0.9496
2024_02_15,1708021800.0,240,33,1708023780,273,-1,17909.25,1708025700,305,17915.5,R_TRIGGER,-13.5,-13.5,0.7719
2024_02_15,1708024380.0,283,30,1708026180,313,1,17919.25,1708027740,339,17894.75,R_TRIGGER,-50.0,-50.0,0.7549
2024_02_15,1708026600.0,320,19,1708027740,339,-1,17894.75,1708030260,381,17908.5,R_TRIGGER,-28.5,-28.5,0.8131
2024_02_15,1708028640.0,354,28,1708030320,382,1,17905.0,1708031700,405,17954.5,SESSION_CLOSE,98.0,98.0,0.8369
2024_02_16,,-18,18,1708093800,0,-1,17918.0,1708094220,7,17913.5,R_TRIGGER,8.0,8.0,0.9677
2024_02_16,1708093980.0,3,4,1708094220,7,-1,17913.5,1708095840,34,17751.25,R_TRIGGER,323.5,323.5,0.7899
2024_02_16,1708095600.0,30,7,1708096020,37,-1,17756.0,1708097820,67,17784.75,R_TRIGGER,-58.5,-58.5,0.7626
2024_02_16,1708097640.0,64,6,1708098000,70,1,17812.0,1708103400,160,17856.0,R_TRIGGER,87.0,87.0,0.7992
2024_02_16,1708102680.0,148,13,1708103460,161,-1,17861.75,1708107900,235,17839.5,R_TRIGGER,43.5,43.5,0.9621
2024_02_16,1708107060.0,221,23,1708108440,244,1,17835.5,1708112280,308,17872.75,R_TRIGGER,73.5,73.5,0.9621
2024_02_16,1708110600.0,280,30,1708112400,310,-1,17873.5,1708118100,405,17721.5,SESSION_CLOSE,303.0,303.0,0.7421
2024_02_19,,-83,84,1708353060,1,1,17794.5,1708353840,14,17796.75,R_TRIGGER,3.5,3.5,0.7573
2024_02_19,1708353900.0,15,11,1708354560,26,-1,17794.5,1708355100,35,17797.5,R_TRIGGER,-7.0,-7.0,0.9498
2024_02_19,1708355160.0,36,11,1708355820,47,-1,17785.25,1708356960,66,17787.0,R_TRIGGER,-4.5,-4.5,0.9657
2024_02_19,1708357080.0,68,9,1708357620,77,-1,17776.25,1708358580,93,17783.5,R_TRIGGER,-15.5,-15.5,0.8125
2024_02_19,1708357620.0,77,16,1708358580,93,1,17783.5,1708358940,99,17775.25,R_TRIGGER,-17.5,-17.5,0.952
2024_02_19,1708358580.0,93,7,1708359000,100,-1,17777.75,1708359420,107,17783.0,R_TRIGGER,-11.5,-11.5,0.9642
2024_02_19,1708359000.0,100,12,1708359720,112,1,17784.75,1708365540,209,17788.5,SESSION_CLOSE,6.5,6.5,0.9352
2024_02_20,,-2,3,1708439460,1,1,17711.75,1708439700,5,17678.75,R_TRIGGER,-67.0,-67.0,0.9581
2024_02_20,1708439520.0,2,4,1708439760,6,1,17649.0,1708440060,11,17554.25,CAT_STOP,-190.5,-101.0,0.793
2024_02_20,1708440420.0,17,4,1708440660,21,-1,17554.25,1708441080,28,17576.5,R_TRIGGER,-45.5,-45.5,0.7412
2024_02_20,1708440720.0,22,8,1708441200,30,-1,17552.5,1708442220,47,17540.0,R_TRIGGER,24.0,24.0,0.7758
2024_02_20,1708442280.0,48,8,1708442760,56,-1,17512.25,1708443240,64,17506.0,R_TRIGGER,11.5,11.5,0.7566
2024_02_20,1708443000.0,60,16,1708443960,76,1,17542.75,1708445400,100,17564.75,R_TRIGGER,43.0,43.0,0.9444
2024_02_20,1708444860.0,91,9,1708445400,100,1,17564.75,1708448220,147,17454.0,CAT_STOP,-222.5,-101.0,0.7384
2024_02_20,1708450440.0,184,5,1708450740,189,-1,17454.0,1708450980,193,17491.25,R_TRIGGER,-75.5,-75.5,0.9632
2024_02_20,1708450800.0,190,4,1708451040,194,1,17498.0,1708453620,237,17492.25,R_TRIGGER,-12.5,-12.5,0.9537
2024_02_20,1708453440.0,234,4,1708453680,238,-1,17487.25,1708454460,251,17511.75,R_TRIGGER,-50.0,-50.0,0.7584
2024_02_20,1708454040.0,244,11,1708454700,255,1,17520.25,1708456920,292,17514.5,R_TRIGGER,-12.5,-12.5,0.9487
2024_02_20,1708456740.0,289,6,1708457100,295,1,17513.5,1708461120,362,17557.0,R_TRIGGER,86.0,86.0,0.7535
2024_02_20,1708460880.0,358,5,1708461180,363,-1,17537.0,1708461720,372,17563.5,R_TRIGGER,-54.0,-54.0,0.9765
2024_02_20,1708461300.0,365,7,1708461720,372,-1,17563.5,1708462795,,17582.5,CAT_STOP,-39.0,-101.0,0.7879
2024_02_21,,-24,24,1708525800,0,-1,17484.25,1708526040,4,17502.0,R_TRIGGER,-36.5,-36.5,0.7372
2024_02_21,1708525800.0,0,5,1708526100,5,-1,17491.0,1708527360,26,17483.0,R_TRIGGER,15.0,15.0,0.7715
2024_02_21,1708526820.0,17,15,1708527720,32,-1,17490.75,1708529820,67,17483.5,R_TRIGGER,13.5,13.5,0.8176
2024_02_21,1708529460.0,61,10,1708530060,71,-1,17479.75,1708531320,92,17478.25,R_TRIGGER,2.0,2.0,0.7442
2024_02_21,1708530360.0,76,20,1708531560,96,-1,17482.25,1708534380,143,17507.5,R_TRIGGER,-51.5,-51.5,0.7602
2024_02_21,1708534080.0,138,7,1708534500,145,1,17509.5,1708535100,155,17463.0,R_TRIGGER,-94.0,-94.0,0.9541
2024_02_21,1708534560.0,146,9,1708535100,155,-1,17463.0,1708537800,200,17466.75,R_TRIGGER,-8.5,-8.5,0.9584
2024_02_21,1708535580.0,163,44,1708538220,207,1,17475.25,1708538520,212,17431.0,R_TRIGGER,-89.5,-89.5,0.962
2024_02_21,1708538340.0,209,3,1708538520,212,-1,17431.0,1708538940,219,17461.75,R_TRIGGER,-62.5,-62.5,0.9084
2024_02_21,1708538520.0,212,13,1708539300,225,1,17476.0,1708540080,238,17458.5,R_TRIGGER,-36.0,-36.0,0.9543
2024_02_21,1708539480.0,228,15,1708540380,243,-1,17450.75,1708542300,275,17468.75,R_TRIGGER,-37.0,-37.0,0.9641
2024_02_21,1708542120.0,272,5,1708542420,277,1,17464.5,1708543140,289,17445.75,R_TRIGGER,-38.5,-38.5,0.8168
2024_02_21,1708542660.0,281,12,1708543380,293,-1,17420.75,1708545300,325,17408.75,R_TRIGGER,23.0,23.0,0.9683
2024_02_21,1708544580.0,313,13,1708545360,326,1,17409.0,1708550100,405,17532.75,SESSION_CLOSE,246.5,246.5,0.9678
2024_02_22,,-6,6,1708612200,0,1,17888.75,1708612380,3,17868.5,R_TRIGGER,-41.5,-41.5,0.9696
2024_02_22,1708612200.0,0,3,1708612380,3,1,17868.5,1708613580,23,17908.75,R_TRIGGER,79.5,79.5,0.7545
2024_02_22,1708613400.0,20,4,1708613640,24,-1,17901.5,1708614060,31,17930.5,R_TRIGGER,-59.0,-59.0,0.9764
2024_02_22,1708613640.0,24,10,1708614240,34,-1,17909.5,1708615800,60,17941.0,CAT_STOP,-64.0,-101.0,0.7441
2024_02_22,1708616940.0,79,20,1708618140,99,-1,17930.0,1708619730,,17970.25,CAT_STOP,-81.5,-101.0,0.7478
2024_02_22,1708621260.0,151,8,1708621740,159,1,17973.5,1708630860,311,18057.25,R_TRIGGER,166.5,166.5,0.9524
2024_02_22,1708629960.0,296,24,1708631400,320,-1,18053.5,1708632240,334,18068.75,R_TRIGGER,-31.5,-31.5,0.9623
2024_02_22,1708631820.0,327,8,1708632300,335,-1,18071.5,1708634400,370,18077.25,R_TRIGGER,-12.5,-12.5,0.7785
2024_02_22,1708633980.0,363,7,1708634400,370,1,18077.25,1708635420,387,18058.5,R_TRIGGER,-38.5,-38.5,0.9483
2024_02_22,1708634520.0,372,15,1708635420,387,1,18058.5,1708636500,405,18022.5,SESSION_CLOSE,-73.0,-73.0,0.8111
2024_02_23,,-298,300,1708698720,2,1,18133.75,1708699740,19,18108.75,R_TRIGGER,-51.0,-51.0,0.8582
2024_02_23,1708699020.0,7,18,1708700100,25,1,18113.5,1708700260,,18057.5,CAT_STOP,-113.0,-101.0,0.7486
2024_02_23,1708700640.0,34,19,1708701780,53,-1,18050.75,1708701960,56,18075.75,R_TRIGGER,-51.0,-51.0,0.7397
2024_02_23,1708702020.0,57,3,1708702200,60,-1,18043.75,1708702860,71,18059.75,R_TRIGGER,-33.0,-33.0,0.8321
2024_02_23,1708702200.0,60,12,1708702920,72,-1,18036.5,1708703520,82,18044.25,R_TRIGGER,-16.5,-16.5,0.7555
2024_02_23,1708703520.0,82,8,1708704000,90,-1,18008.25,1708705020,107,17978.5,R_TRIGGER,58.5,58.5,0.7494
2024_02_23,1708704780.0,103,13,1708705560,116,1,18001.5,1708708560,166,18030.75,R_TRIGGER,57.5,57.5,0.9435
2024_02_23,1708708320.0,162,4,1708708560,166,-1,18030.75,1708709880,188,18029.5,R_TRIGGER,1.5,1.5,0.7494
2024_02_23,1708709520.0,182,10,1708710120,192,-1,18011.5,1708712450,,18023.25,CAT_STOP,-24.5,-101.0,0.744
2024_02_23,1708716480.0,298,22,1708717800,320,-1,18007.0,1708720680,368,18001.5,R_TRIGGER,10.0,10.0,0.7396
2024_02_23,1708720200.0,360,13,1708720980,373,1,18000.25,1708721940,389,17986.0,R_TRIGGER,-29.5,-29.5,0.9607
2024_02_23,1708721520.0,382,8,1708722000,390,-1,17977.25,1708722900,405,17960.5,SESSION_CLOSE,32.5,32.5,0.9612
2024_02_26,,-5,5,1708957800,0,1,18033.25,1708958100,5,18020.0,R_TRIGGER,-27.5,-27.5,0.7809
2024_02_26,1708957920.0,2,3,1708958100,5,1,18020.0,1708958580,13,18012.25,R_TRIGGER,-16.5,-16.5,0.7925
2024_02_26,1708958280.0,8,5,1708958580,13,1,18012.25,1708959420,27,17980.5,R_TRIGGER,-64.5,-64.5,0.7919
2024_02_26,1708959240.0,24,4,1708959480,28,-1,17983.75,1708959840,34,17994.5,R_TRIGGER,-22.5,-22.5,0.7405
2024_02_26,1708959600.0,30,4,1708959840,34,-1,17994.5,1708960620,47,18011.0,R_TRIGGER,-34.0,-34.0,0.7492
2024_02_26,1708960260.0,41,7,1708960680,48,1,18012.75,1708961340,59,18021.0,R_TRIGGER,15.5,15.5,0.952
2024_02_26,1708961160.0,56,5,1708961460,61,-1,18019.25,1708961640,64,18034.5,R_TRIGGER,-31.5,-31.5,0.7591
2024_02_26,1708962360.0,76,12,1708963080,88,-1,18020.5,1708963860,101,18021.5,R_TRIGGER,-3.0,-3.0,0.7749
2024_02_26,1708963620.0,97,5,1708963920,102,1,18015.0,1708964580,113,18008.25,R_TRIGGER,-14.5,-14.5,0.7386
2024_02_26,1708964700.0,115,7,1708965120,122,1,18022.75,1708966800,150,18032.0,R_TRIGGER,17.5,17.5,0.9455
2024_02_26,1708966440.0,144,6,1708966800,150,-1,18032.0,1708967580,163,18040.5,R_TRIGGER,-18.0,-18.0,0.7702
2024_02_26,1708966920.0,152,21,1708968180,173,1,18043.75,1708969080,188,18037.25,R_TRIGGER,-14.0,-14.0,0.9522
2024_02_26,1708968720.0,182,12,1708969440,194,-1,18029.75,1708970640,214,18025.5,R_TRIGGER,7.5,7.5,0.963
2024_02_26,1708970460.0,211,9,1708971000,220,1,18042.5,1708971540,229,18015.5,R_TRIGGER,-55.0,-55.0,0.9544
2024_02_26,1708971000.0,220,10,1708971600,230,-1,18012.25,1708972800,250,17998.25,R_TRIGGER,27.0,27.0,0.964
2024_02_26,1708973160.0,256,10,1708973760,266,1,18006.0,1708974660,281,18017.5,R_TRIGGER,22.0,22.0,0.9531
2024_02_26,1708974420.0,277,4,1708974660,281,-1,18017.5,1708975320,292,18025.75,R_TRIGGER,-17.5,-17.5,0.7579
2024_02_26,1708974840.0,284,16,1708975800,300,1,18038.0,1708976220,307,18024.5,R_TRIGGER,-28.0,-28.0,0.9603
2024_02_26,1708977120.0,322,7,1708977540,329,1,18016.0,1708978680,348,18015.25,R_TRIGGER,-2.5,-2.5,0.7505
2024_02_26,1708978380.0,343,6,1708978740,349,-1,18014.0,1708982100,405,17964.5,SESSION_CLOSE,98.0,98.0,0.7524
2024_02_27,,-32,32,1709044200,0,-1,18020.5,1709045280,18,17969.5,R_TRIGGER,101.0,101.0,0.7537
2024_02_27,1709044980.0,13,14,1709045820,27,1,17987.75,1709046300,35,17987.75,R_TRIGGER,-1.0,-1.0,0.9602
2024_02_27,1709046000.0,30,6,1709046360,36,-1,17990.75,1709046540,39,18001.0,R_TRIGGER,-21.5,-21.5,0.7722
2024_02_27,1709046360.0,36,5,1709046660,41,1,18000.75,1709047620,57,17992.5,R_TRIGGER,-17.5,-17.5,0.7512
2024_02_27,1709048160.0,66,6,1709048520,72,-1,17989.5,1709048880,78,18023.25,R_TRIGGER,-68.5,-68.5,0.9677
2024_02_27,1709048700.0,75,6,1709049060,81,1,18020.75,1709049240,84,18006.5,R_TRIGGER,-29.5,-29.5,0.9476
2024_02_27,1709048940.0,79,17,1709049960,96,-1,18002.25,1709052600,140,17992.0,R_TRIGGER,19.5,19.5,0.9564
2024_02_27,1709052180.0,133,8,1709052660,141,1,17997.25,1709054340,169,17986.75,R_TRIGGER,-22.0,-22.0,0.9496
2024_02_27,1709053620.0,157,15,1709054520,172,-1,17969.75,1709056980,213,17939.5,R_TRIGGER,59.5,59.5,0.9657
2024_02_27,1709056800.0,210,3,1709056980,213,1,17939.5,1709058540,239,17941.25,R_TRIGGER,2.5,2.5,0.7954
2024_02_27,1709058240.0,234,11,1709058900,245,1,17945.5,1709066040,364,18005.5,R_TRIGGER,119.0,119.0,0.7411
2024_02_27,1709065620.0,357,7,1709066040,364,-1,18005.5,1709067000,380,18020.25,R_TRIGGER,-30.5,-30.5,0.9673
2024_02_27,1709066100.0,365,15,1709067000,380,1,18020.25,1709068500,405,18021.5,SESSION_CLOSE,1.5,1.5,0.9589
2024_02_28,1709130600.0,0,3,1709130780,3,-1,17905.0,1709130960,6,17940.25,R_TRIGGER,-71.5,-71.5,0.7656
2024_02_28,1709130780.0,3,11,1709131440,14,-1,17923.25,1709132220,27,17899.75,R_TRIGGER,46.0,46.0,0.7733
2024_02_28,1709131980.0,23,5,1709132280,28,1,17898.0,1709134020,57,17894.0,R_TRIGGER,-9.0,-9.0,0.7656
2024_02_28,1709133060.0,41,17,1709134080,58,1,17900.75,1709139720,152,17949.75,R_TRIGGER,97.0,97.0,0.7509
2024_02_28,1709138820.0,137,15,1709139720,152,-1,17949.75,1709142480,198,17922.75,R_TRIGGER,53.0,53.0,0.9617
2024_02_28,1709142000.0,190,15,1709142900,205,1,17923.0,1709143680,218,17902.75,R_TRIGGER,-41.5,-41.5,0.9595
2024_02_28,1709142900.0,205,20,1709144100,225,1,17916.0,1709147280,278,17928.25,R_TRIGGER,23.5,23.5,0.7891
2024_02_28,1709146860.0,271,8,1709147340,279,-1,17929.5,1709150160,326,17915.5,R_TRIGGER,27.0,27.0,0.7378
2024_02_28,1709149860.0,321,6,1709150220,327,1,17912.0,1709150880,338,17901.25,R_TRIGGER,-22.5,-22.5,0.7572
2024_02_28,1709150580.0,333,5,1709150880,338,-1,17901.25,1709151840,354,17918.25,R_TRIGGER,-35.0,-35.0,0.9711
2024_02_28,1709151060.0,341,13,1709151840,354,1,17918.25,1709153160,376,17902.0,R_TRIGGER,-33.5,-33.5,0.9619
2024_02_28,1709152500.0,365,11,1709153160,376,-1,17902.0,1709154900,405,17876.25,SESSION_CLOSE,50.5,50.5,0.9608
2024_02_29,,-107,108,1709217060,1,1,18042.25,1709217480,8,18053.75,R_TRIGGER,22.0,22.0,0.8376
2024_02_29,1709217300.0,5,3,1709217480,8,1,18053.75,1709219280,38,18043.0,R_TRIGGER,-22.5,-22.5,0.7559
2024_02_29,1709218980.0,33,7,1709219400,40,-1,18011.5,1709219880,48,18011.0,R_TRIGGER,0.0,0.0,0.9665
2024_02_29,1709219640.0,44,16,1709220600,60,1,18021.5,1709221380,73,18005.25,R_TRIGGER,-33.5,-33.5,0.9531
2024_02_29,1709221140.0,69,4,1709221380,73,1,18005.25,1709221980,83,18006.5,R_TRIGGER,1.5,1.5,0.7369
2024_02_29,1709221800.0,80,9,1709222340,89,1,18005.5,1709223960,116,17990.75,R_TRIGGER,-30.5,-30.5,0.7713
2024_02_29,1709223360.0,106,14,1709224200,120,-1,17971.75,1709225040,134,17937.0,R_TRIGGER,68.5,68.5,0.9609
2024_02_29,1709224860.0,131,9,1709225400,140,1,17960.25,1709227740,179,17972.0,R_TRIGGER,22.5,22.5,0.9447
2024_02_29,1709226120.0,152,42,1709228640,194,1,17986.0,1709232060,251,18028.5,R_TRIGGER,84.0,84.0,0.7463
2024_02_29,1709231460.0,241,13,1709232240,254,-1,18028.5,1709234040,284,18046.5,R_TRIGGER,-37.0,-37.0,0.9572
2024_02_29,1709232240.0,254,32,1709234160,286,1,18049.25,1709234700,295,18032.75,R_TRIGGER,-34.0,-34.0,0.9532
2024_02_29,1709234340.0,289,7,1709234760,296,-1,18027.75,1709236740,329,18037.0,R_TRIGGER,-19.5,-19.5,0.9568
2024_02_29,1709235900.0,315,14,1709236740,329,1,18037.0,1709240400,390,18064.5,R_TRIGGER,54.0,54.0,0.9554
2024_02_29,1709240220.0,387,4,1709240460,391,-1,18066.25,1709241060,401,18059.75,R_TRIGGER,12.0,12.0,0.8005
2024_03_01,1709304480.0,18,7,1709304900,25,1,18122.0,1709305380,33,18144.5,R_TRIGGER,44.0,44.0,0.7484
2024_03_01,1709305200.0,30,3,1709305380,33,1,18144.5,1709306340,49,18174.25,R_TRIGGER,58.5,58.5,0.8706
2024_03_01,1709306940.0,59,6,1709307300,65,-1,18162.75,1709307720,72,18168.25,R_TRIGGER,-12.0,-12.0,0.7659
2024_03_01,1709307240.0,64,12,1709307960,76,1,18183.75,1709310720,122,18218.75,R_TRIGGER,69.0,69.0,0.7668
2024_03_01,1709310060.0,111,12,1709310780,123,-1,18224.5,1709311200,130,18233.75,R_TRIGGER,-19.5,-19.5,0.7509
2024_03_01,1709310900.0,125,13,1709311680,138,1,18238.0,1709312700,155,18225.75,R_TRIGGER,-25.5,-25.5,0.9596
2024_03_01,1709311920.0,142,19,1709313060,161,1,18239.25,1709321040,294,18357.75,R_TRIGGER,236.0,236.0,0.8311
2024_03_01,1709320620.0,287,7,1709321040,294,1,18357.75,1709321640,304,18352.75,R_TRIGGER,-11.0,-11.0,0.7454
2024_03_01,1709321400.0,300,10,1709322000,310,-1,18346.0,1709322540,319,18355.75,R_TRIGGER,-20.5,-20.5,0.9643
2024_03_01,1709322000.0,310,13,1709322780,323,1,18364.5,1709323380,333,18346.25,R_TRIGGER,-37.5,-37.5,0.951
2024_03_01,1709323140.0,329,4,1709323380,333,-1,18346.25,1709324880,358,18346.0,R_TRIGGER,-0.5,-0.5,0.9736
2024_03_01,1709324160.0,346,30,1709325960,376,1,18342.5,1709326800,390,18325.0,R_TRIGGER,-36.0,-36.0,0.7673
2024_03_01,1709325960.0,376,15,1709326860,391,-1,18325.75,1709327700,405,18322.75,SESSION_CLOSE,5.0,5.0,0.8367
2024_03_04,,-70,70,1709562600,0,-1,18314.25,1709562960,6,18316.75,R_TRIGGER,-6.0,-6.0,0.7362
2024_03_04,1709562780.0,3,3,1709562960,6,-1,18316.75,1709564160,26,18310.0,R_TRIGGER,12.5,12.5,0.745
2024_03_04,1709563740.0,19,9,1709564280,28,-1,18299.75,1709565120,42,18306.25,R_TRIGGER,-14.0,-14.0,0.7524
2024_03_04,1709566080.0,58,8,1709566560,66,1,18317.0,1709567580,83,18313.5,R_TRIGGER,-8.0,-8.0,0.9469
2024_03_04,1709568360.0,96,13,1709569140,109,1,18316.0,1709569440,114,18303.75,R_TRIGGER,-25.5,-25.5,0.8369
2024_03_04,1709569140.0,109,12,1709569860,121,-1,18301.0,1709570340,129,18304.5,R_TRIGGER,-8.0,-8.0,0.9681
2024_03_04,1709570100.0,125,16,1709571060,141,1,18308.0,1709572080,158,18300.5,R_TRIGGER,-16.0,-16.0,0.9648
2024_03_04,1709571540.0,149,14,1709572380,163,1,18310.0,1709573760,186,18305.0,R_TRIGGER,-11.0,-11.0,0.8048
2024_03_04,1709573400.0,180,7,1709573820,187,-1,18309.0,1709577240,244,18294.25,R_TRIGGER,28.5,28.5,0.7665
2024_03_04,1709576700.0,235,13,1709577480,248,1,18294.25,1709584140,359,18321.0,R_TRIGGER,52.5,52.5,0.9529
2024_03_04,1709583240.0,344,15,1709584140,359,-1,18321.0,1709584740,369,18312.5,R_TRIGGER,16.0,16.0,0.9669
2024_03_04,1709584560.0,366,7,1709584980,373,-1,18301.5,1709586900,405,18243.75,SESSION_CLOSE,114.5,114.5,0.7677
2024_03_05,,-83,85,1709649120,2,-1,18091.5,1709650800,30,18064.25,R_TRIGGER,53.5,53.5,0.7684
2024_03_05,1709650080.0,18,12,1709650800,30,-1,18064.25,1709653980,83,17933.0,R_TRIGGER,261.5,261.5,0.7757
2024_03_05,1709654700.0,95,7,1709655120,102,-1,17920.25,1709655420,107,17942.25,R_TRIGGER,-45.0,-45.0,0.8351
2024_03_05,1709655120.0,102,9,1709655660,111,1,17959.0,1709656620,127,17935.25,R_TRIGGER,-48.5,-48.5,0.9518
2024_03_05,1709655840.0,114,15,1709656740,129,-1,17931.0,1709657280,138,17934.25,R_TRIGGER,-7.5,-7.5,0.9574
2024_03_05,1709657040.0,134,9,1709657580,143,-1,17917.0,1709657940,149,17938.75,R_TRIGGER,-44.5,-44.5,0.7467
2024_03_05,1709657700.0,145,6,1709658060,151,1,17944.0,1709660220,187,17951.0,R_TRIGGER,13.0,13.0,0.9446
2024_03_05,1709659800.0,180,10,1709660400,190,-1,17941.75,1709661360,206,17967.5,R_TRIGGER,-52.5,-52.5,0.9678
2024_03_05,1709660520.0,192,18,1709661600,210,-1,17946.0,1709665920,282,17901.5,R_TRIGGER,88.0,88.0,0.7643
2024_03_05,1709665260.0,271,14,1709666100,285,-1,17901.5,1709669100,335,17875.25,R_TRIGGER,51.5,51.5,0.7922
2024_03_05,1709669100.0,335,10,1709669700,345,-1,17851.5,1709670900,365,17858.25,R_TRIGGER,-14.5,-14.5,0.8486
2024_03_05,1709670660.0,361,10,1709671260,371,-1,17854.25,1709671800,380,17966.25,CAT_STOP,-225.0,-101.0,0.7862
2024_03_06,,-57,57,1709735400,0,1,18119.0,1709735640,4,18095.5,R_TRIGGER,-48.0,-48.0,0.7522
2024_03_06,1709735460.0,1,4,1709735700,5,1,18089.75,1709736480,18,18080.75,R_TRIGGER,-19.0,-19.0,0.7769
2024_03_06,1709736300.0,15,6,1709736660,21,-1,18068.75,1709737800,40,17999.75,R_TRIGGER,137.0,137.0,0.9633
2024_03_06,1709737620.0,37,14,1709738460,51,1,18027.5,1709738760,56,18011.75,R_TRIGGER,-32.5,-32.5,0.9484
2024_03_06,1709738580.0,53,7,1709739000,60,1,18010.0,1709739720,72,18032.25,R_TRIGGER,43.5,43.5,0.7635
2024_03_06,1709739720.0,72,6,1709740080,78,1,18047.0,1709742720,122,18078.0,R_TRIGGER,61.0,61.0,0.735
2024_03_06,1709741520.0,102,20,1709742720,122,-1,18078.0,1709743020,127,18093.5,R_TRIGGER,-32.0,-32.0,0.7541
2024_03_06,1709742840.0,124,12,1709743560,136,1,18098.0,1709746800,190,18147.0,R_TRIGGER,97.0,97.0,0.9596
2024_03_06,1709746320.0,182,10,1709746920,192,-1,18142.75,1709748900,225,18142.25,R_TRIGGER,0.0,0.0,0.9466
2024_03_06,1709747640.0,204,28,1709749320,232,1,18154.0,1709749920,242,18132.0,R_TRIGGER,-45.0,-45.0,0.9493
2024_03_06,1709749500.0,235,7,1709749920,242,1,18132.0,1709750020,,18047.25,CAT_STOP,-170.5,-101.0,0.7401
2024_03_06,1709750700.0,255,3,1709750880,258,-1,18047.25,1709751180,263,18062.75,R_TRIGGER,-32.0,-32.0,0.8116
2024_03_06,1709751000.0,260,3,1709751180,263,-1,18062.75,1709752020,277,18068.5,R_TRIGGER,-12.5,-12.5,0.7631
2024_03_06,1709752020.0,277,5,1709752320,282,-1,18073.0,1709752680,288,18049.25,R_TRIGGER,46.5,46.5,0.8026
2024_03_06,1709752500.0,285,4,1709752740,289,-1,18044.0,1709754120,312,18057.75,R_TRIGGER,-28.5,-28.5,0.7698
2024_03_06,1709754120.0,312,5,1709754420,317,-1,18019.75,1709754600,320,18048.75,R_TRIGGER,-59.0,-59.0,0.9754
2024_03_06,1709754420.0,317,3,1709754600,320,-1,18048.75,1709755440,334,18034.75,R_TRIGGER,27.0,27.0,0.7885
2024_03_06,1709755080.0,328,6,1709755440,334,-1,18034.75,1709756940,359,18018.5,R_TRIGGER,31.5,31.5,0.7444
2024_03_06,1709756580.0,353,10,1709757180,363,-1,18010.0,1709757540,369,18024.25,R_TRIGGER,-29.5,-29.5,0.7362
2024_03_06,1709757360.0,366,3,1709757540,369,-1,18024.25,1709758560,386,18048.5,R_TRIGGER,-49.5,-49.5,0.7508
2024_03_06,1709758380.0,383,3,1709758560,386,1,18048.5,1709759700,405,18035.75,SESSION_CLOSE,-26.5,-26.5,0.8259
2024_03_07,,-377,379,1709821920,2,1,18178.0,1709822460,11,18181.25,R_TRIGGER,5.5,5.5,0.7859
2024_03_07,1709822280.0,8,3,1709822460,11,-1,18181.25,1709823000,20,18163.25,R_TRIGGER,35.0,35.0,0.7924
2024_03_07,1709822760.0,16,8,1709823240,24,1,18194.0,1709826780,83,18244.75,R_TRIGGER,100.5,100.5,0.9501
2024_03_07,1709826480.0,78,9,1709827020,87,1,18249.75,1709833260,191,18290.5,R_TRIGGER,80.5,80.5,0.7482
2024_03_07,1709832000.0,170,21,1709833260,191,-1,18290.5,1709836140,239,18327.0,R_TRIGGER,-74.0,-74.0,0.9625
2024_03_07,1709833320.0,192,47,1709836140,239,1,18327.0,1709841600,330,18300.25,R_TRIGGER,-54.5,-54.5,0.7376
2024_03_07,1709837940.0,269,61,1709841600,330,-1,18300.25,1709844060,371,18327.0,R_TRIGGER,-54.5,-54.5,0.7731
2024_03_07,1709841600.0,330,43,1709844180,373,1,18328.25,1709845320,392,18297.75,R_TRIGGER,-62.0,-62.0,0.7974
2024_03_07,1709844900.0,385,8,1709845380,393,-1,18287.75,1709846100,405,18204.5,SESSION_CLOSE,165.5,165.5,0.9721
2024_03_08,,-28,29,1709908260,1,-1,18317.5,1709908500,5,18313.75,R_TRIGGER,6.5,6.5,0.7719
2024_03_08,1709908260.0,1,4,1709908500,5,1,18313.75,1709908680,8,18308.75,R_TRIGGER,-11.0,-11.0,0.8525
2024_03_08,1709908500.0,5,3,1709908680,8,-1,18308.75,1709909220,17,18349.5,R_TRIGGER,-82.5,-82.5,0.8453
2024_03_08,1709908740.0,9,13,1709909520,22,1,18363.25,1709912160,66,18379.5,R_TRIGGER,31.5,31.5,0.9636
2024_03_08,1709911800.0,60,6,1709912160,66,-1,18379.5,1709915700,125,18214.0,R_TRIGGER,330.0,330.0,0.9723
2024_03_08,1709915520.0,122,7,1709915940,129,-1,18224.5,1709916660,141,18205.75,R_TRIGGER,36.5,36.5,0.78
2024_03_08,1709916480.0,138,3,1709916660,141,-1,18205.75,1709917620,157,18193.25,R_TRIGGER,24.0,24.0,0.7792
2024_03_08,1709917200.0,150,7,1709917620,157,-1,18193.25,1709917980,163,18183.5,R_TRIGGER,18.5,18.5,0.8088
2024_03_08,1709917800.0,160,4,1709918040,164,-1,18173.25,1709918880,178,18185.0,R_TRIGGER,-24.5,-24.5,0.7938
2024_03_08,1709918640.0,174,14,1709919480,188,-1,18179.75,1709921340,219,18093.0,R_TRIGGER,172.5,172.5,0.7586
2024_03_08,1709920860.0,211,8,1709921340,219,1,18093.0,1709922300,235,18065.25,R_TRIGGER,-56.5,-56.5,0.7919
2024_03_08,1709921340.0,219,16,1709922300,235,-1,18065.25,1709924460,271,18061.5,R_TRIGGER,6.5,6.5,0.7367
2024_03_08,1709923320.0,252,19,1709924460,271,1,18061.5,1709927640,324,18129.5,R_TRIGGER,135.0,135.0,0.963
2024_03_08,1709927100.0,315,9,1709927640,324,-1,18129.5,1709932500,405,18065.75,SESSION_CLOSE,126.5,126.5,0.9693
2024_03_11,,-44,44,1710163800,0,1,18232.25,1710163860,1,18185.25,R_TRIGGER,-95.0,-95.0,0.7935
2024_03_11,,-8,9,1710163860,1,1,18185.25,1710164940,19,18212.25,R_TRIGGER,53.0,53.0,0.8233
2024_03_11,1710164760.0,16,3,1710164940,19,-1,18212.25,1710166680,48,18179.25,R_TRIGGER,65.0,65.0,0.7986
2024_03_11,1710165720.0,32,19,1710166860,51,-1,18162.25,1710167400,60,18203.25,R_TRIGGER,-83.0,-83.0,0.7634
2024_03_11,1710166980.0,53,8,1710167460,61,1,18209.5,1710167880,68,18194.5,R_TRIGGER,-31.0,-31.0,0.9605
2024_03_11,1710167580.0,63,5,1710167880,68,1,18194.5,1710169620,97,18229.5,R_TRIGGER,69.0,69.0,0.7531
2024_03_11,1710168900.0,85,16,1710169860,101,-1,18189.5,1710171900,135,18200.25,R_TRIGGER,-22.5,-22.5,0.9621
2024_03_11,1710171120.0,122,14,1710171960,136,1,18215.0,1710173040,154,18212.25,R_TRIGGER,-6.5,-6.5,0.9664
2024_03_11,1710172740.0,149,5,1710173040,154,-1,18212.25,1710173880,168,18231.5,R_TRIGGER,-39.5,-39.5,0.8064
2024_03_11,1710173460.0,161,8,1710173940,169,1,18231.75,1710176820,217,18213.25,R_TRIGGER,-38.0,-38.0,0.8113
2024_03_11,1710176460.0,211,12,1710177180,223,-1,18199.25,1710177780,233,18231.0,R_TRIGGER,-64.5,-64.5,0.9629
2024_03_11,1710177300.0,225,10,1710177900,235,1,18237.0,1710178740,249,18219.0,R_TRIGGER,-37.0,-37.0,0.9567
2024_03_11,1710178320.0,242,9,1710178860,251,-1,18203.25,1710180000,270,18213.75,R_TRIGGER,-22.0,-22.0,0.9732
2024_03_11,1710179280.0,258,16,1710180240,274,1,18232.25,1710183660,331,18231.0,R_TRIGGER,-3.5,-3.5,0.9491
2024_03_11,1710183000.0,320,11,1710183660,331,-1,18231.0,1710186300,375,18233.75,R_TRIGGER,-6.5,-6.5,0.9595
2024_03_11,1710185940.0,369,6,1710186300,375,1,18233.75,1710186720,382,18204.0,R_TRIGGER,-60.5,-60.5,0.9639
2024_03_11,1710186300.0,375,10,1710186900,385,1,18207.25,1710188100,405,18230.75,SESSION_CLOSE,46.0,46.0,0.8443
2024_03_12,,-11,11,1710250200,0,1,18329.25,1710250440,4,18264.75,R_TRIGGER,-130.0,-130.0,0.9596
2024_03_12,1710250200.0,0,4,1710250440,4,-1,18264.75,1710251520,22,18225.0,R_TRIGGER,78.5,78.5,0.982
2024_03_12,1710251340.0,19,6,1710251700,25,1,18256.75,1710258060,131,18406.25,R_TRIGGER,298.0,298.0,0.9586
2024_03_12,1710257040.0,114,17,1710258060,131,-1,18406.25,1710263880,228,18375.5,R_TRIGGER,60.5,60.5,0.9692
2024_03_12,1710261900.0,195,33,1710263880,228,1,18375.5,1710268980,313,18411.25,R_TRIGGER,70.5,70.5,0.9465
2024_03_12,1710268320.0,302,11,1710268980,313,-1,18411.25,1710269580,323,18460.25,R_TRIGGER,-99.0,-99.0,0.969
2024_03_12,1710268980.0,313,15,1710269880,328,1,18462.25,1710274500,405,18468.0,SESSION_CLOSE,10.5,10.5,0.7387
2024_03_13,,-114,114,1710336600,0,-1,18410.0,1710338700,35,18332.25,R_TRIGGER,154.5,154.5,0.9612
2024_03_13,1710338520.0,32,9,1710339060,41,-1,18348.5,1710340320,62,18346.25,R_TRIGGER,3.5,3.5,0.7358
2024_03_13,1710339360.0,46,17,1710340380,63,1,18361.5,1710340620,67,18343.25,R_TRIGGER,-37.5,-37.5,0.9639
2024_03_13,1710340380.0,63,8,1710340860,71,1,18352.0,1710341280,78,18351.75,R_TRIGGER,-1.5,-1.5,0.7616
2024_03_13,1710341100.0,75,8,1710341580,83,-1,18333.0,1710342240,94,18351.5,R_TRIGGER,-38.0,-38.0,0.9712
2024_03_13,1710341760.0,86,15,1710342660,101,1,18357.75,1710343620,117,18332.75,R_TRIGGER,-51.0,-51.0,0.9524
2024_03_13,1710342780.0,103,15,1710343680,118,-1,18327.25,1710345000,140,18312.5,R_TRIGGER,28.5,28.5,0.9608
2024_03_13,1710344580.0,133,12,1710345300,145,1,18336.5,1710347520,182,18322.0,R_TRIGGER,-30.0,-30.0,0.9421
2024_03_13,1710347100.0,175,15,1710348000,190,1,18342.75,1710350160,226,18355.5,R_TRIGGER,24.5,24.5,0.8269
2024_03_13,1710349800.0,220,6,1710350160,226,-1,18355.5,1710350940,239,18385.0,R_TRIGGER,-60.0,-60.0,0.7355
2024_03_13,1710351000.0,240,18,1710352080,258,1,18377.75,1710356700,335,18376.25,R_TRIGGER,-4.0,-4.0,0.7509
2024_03_13,1710355980.0,323,15,1710356880,338,-1,18373.75,1710358320,362,18312.0,R_TRIGGER,122.5,122.5,0.9708
2024_03_13,1710358140.0,359,4,1710358380,363,-1,18320.75,1710360360,396,18340.25,R_TRIGGER,-40.0,-40.0,0.7378
2024_03_14,,-47,48,1710423060,1,-1,18351.5,1710423300,5,18366.75,R_TRIGGER,-31.5,-31.5,0.7715
2024_03_14,1710423120.0,2,3,1710423300,5,-1,18366.75,1710425040,34,18244.5,R_TRIGGER,243.5,243.5,0.7957
2024_03_14,1710424860.0,31,10,1710425460,41,1,18292.0,1710426180,53,18291.0,R_TRIGGER,-3.0,-3.0,0.9589
2024_03_14,1710425760.0,46,7,1710426180,53,1,18291.0,1710427200,70,18299.0,R_TRIGGER,15.0,15.0,0.7452
2024_03_14,1710426900.0,65,6,1710427260,71,-1,18293.5,1710428460,91,18323.5,R_TRIGGER,-61.0,-61.0,0.8001
2024_03_14,1710428280.0,88,3,1710428460,91,1,18323.5,1710429600,110,18287.5,R_TRIGGER,-73.0,-73.0,0.8855
2024_03_14,1710429180.0,103,8,1710429660,111,-1,18278.0,1710430620,127,18304.5,R_TRIGGER,-54.0,-54.0,0.9593
2024_03_14,1710430080.0,118,10,1710430680,128,1,18296.5,1710432300,155,18269.5,R_TRIGGER,-55.0,-55.0,0.7595
2024_03_14,1710432060.0,151,5,1710432360,156,-1,18256.75,1710433440,174,18281.75,R_TRIGGER,-51.0,-51.0,0.7791
2024_03_14,1710432900.0,165,12,1710433620,177,1,18280.75,1710434820,197,18260.0,R_TRIGGER,-42.5,-42.5,0.9549
2024_03_14,1710434220.0,187,18,1710435300,205,-1,18260.75,1710437100,235,18249.25,R_TRIGGER,22.0,22.0,0.9647
2024_03_14,1710436740.0,229,6,1710437100,235,1,18249.25,1710441060,301,18289.25,R_TRIGGER,79.0,79.0,0.9483
2024_03_14,1710439920.0,282,20,1710441120,302,-1,18289.0,1710442080,318,18306.5,R_TRIGGER,-36.0,-36.0,0.7782
2024_03_14,1710441600.0,310,9,1710442140,319,-1,18298.25,1710445200,370,18201.0,R_TRIGGER,193.5,193.5,0.7499
2024_03_14,1710445020.0,367,3,1710445200,370,-1,18201.0,1710445920,382,18265.0,CAT_STOP,-129.0,-101.0,0.7559
2024_03_15,,-169,171,1710509520,2,-1,18145.75,1710511860,41,18095.25,R_TRIGGER,100.0,100.0,0.7713
2024_03_15,1710511560.0,36,14,1710512400,50,1,18108.75,1710515280,98,18099.25,R_TRIGGER,-20.0,-20.0,0.9787
2024_03_15,1710514140.0,79,20,1710515340,99,-1,18109.5,1710525300,265,18078.0,R_TRIGGER,62.0,62.0,0.7425
2024_03_15,1710521940.0,209,56,1710525300,265,1,18078.0,1710533700,405,18070.0,SESSION_CLOSE,-17.0,-17.0,0.9616
2024_03_18,,-299,300,1710768660,1,1,18313.25,1710769740,19,18330.0,R_TRIGGER,32.5,32.5,0.7366
2024_03_18,1710769560.0,16,11,1710770220,27,-1,18298.75,1710770820,37,18327.0,R_TRIGGER,-57.5,-57.5,0.9714
2024_03_18,1710770460.0,31,10,1710771060,41,1,18346.75,1710772380,63,18353.5,R_TRIGGER,12.5,12.5,0.9407
2024_03_18,1710772140.0,59,6,1710772500,65,1,18357.0,1710775020,107,18281.0,CAT_STOP,-153.0,-101.0,0.7346
2024_03_18,1710778440.0,164,16,1710779400,180,1,18281.0,1710783360,246,18268.0,R_TRIGGER,-27.0,-27.0,0.7521
2024_03_18,1710783120.0,242,6,1710783480,248,-1,18254.25,1710784740,269,18273.0,R_TRIGGER,-38.5,-38.5,0.9593
2024_03_18,1710783660.0,251,19,1710784800,270,-1,18271.0,1710788820,337,18289.5,R_TRIGGER,-38.0,-38.0,0.7461
2024_03_18,1710787320.0,312,25,1710788820,337,1,18289.5,1710790920,372,18268.75,R_TRIGGER,-42.5,-42.5,0.9644
2024_03_18,1710789120.0,342,38,1710791400,380,-1,18261.0,1710792900,405,18230.5,SESSION_CLOSE,60.0,60.0,0.7754
2024_03_19,,-62,63,1710855060,1,-1,18116.5,1710856260,21,18090.75,R_TRIGGER,50.5,50.5,0.9772
2024_03_19,1710855780.0,13,12,1710856500,25,-1,18089.75,1710858360,56,18099.75,R_TRIGGER,-21.0,-21.0,0.7585
2024_03_19,1710858360.0,56,3,1710858540,59,-1,18075.5,1710858840,64,18093.5,R_TRIGGER,-37.0,-37.0,0.7398
2024_03_19,1710858600.0,60,10,1710859200,70,1,18117.25,1710860400,90,18118.75,R_TRIGGER,2.0,2.0,0.9493
2024_03_19,1710859800.0,80,16,1710860760,96,1,18134.75,1710863640,144,18135.75,R_TRIGGER,1.0,1.0,0.8505
2024_03_19,1710862620.0,127,17,1710863640,144,-1,18135.75,1710864300,155,18163.0,R_TRIGGER,-55.5,-55.5,0.9596
2024_03_19,1710863700.0,145,12,1710864420,157,1,18170.75,1710867900,215,18254.5,R_TRIGGER,166.5,166.5,0.967
2024_03_19,1710867660.0,211,14,1710868500,225,-1,18235.5,1710869400,240,18262.75,R_TRIGGER,-55.5,-55.5,0.9563
2024_03_19,1710868560.0,226,14,1710869400,240,-1,18262.75,1710872160,286,18275.0,R_TRIGGER,-25.5,-25.5,0.751
2024_03_19,1710871920.0,282,5,1710872220,287,1,18279.75,1710874500,325,18255.5,R_TRIGGER,-49.5,-49.5,0.9586
2024_03_19,1710873180.0,303,22,1710874500,325,-1,18255.5,1710877140,369,18253.25,R_TRIGGER,3.5,3.5,0.9625
2024_03_19,1710875700.0,345,24,1710877140,369,1,18253.25,1710879300,405,18271.0,SESSION_CLOSE,34.5,34.5,0.9562
2024_03_20,,-49,50,1710941460,1,1,18332.0,1710941640,4,18305.0,R_TRIGGER,-55.0,-55.0,0.8142
2024_03_20,1710941460.0,1,4,1710941700,5,-1,18298.75,1710944580,53,18278.5,R_TRIGGER,39.5,39.5,0.7902
2024_03_20,1710942480.0,18,36,1710944640,54,1,18285.5,1710945300,65,18272.75,R_TRIGGER,-26.5,-26.5,0.9473
2024_03_20,1710944880.0,58,8,1710945360,66,-1,18258.75,1710946980,93,18274.0,R_TRIGGER,-31.5,-31.5,0.9578
2024_03_20,1710946140.0,79,15,1710947040,94,1,18278.5,1710949080,128,18270.0,R_TRIGGER,-18.0,-18.0,0.9371
2024_03_20,1710948600.0,120,15,1710949500,135,-1,18267.0,1710950100,145,18279.75,R_TRIGGER,-26.5,-26.5,0.9575
2024_03_20,1710949680.0,138,8,1710950160,146,1,18284.25,1710951240,164,18257.0,R_TRIGGER,-55.5,-55.5,0.9424
2024_03_20,1710951300.0,165,11,1710951960,176,1,18282.0,1710952320,182,18263.5,R_TRIGGER,-38.0,-38.0,0.9433
2024_03_20,1710952020.0,177,5,1710952320,182,-1,18263.5,1710952740,189,18281.0,R_TRIGGER,-36.0,-36.0,0.9554
2024_03_20,1710952320.0,182,8,1710952800,190,1,18283.25,1710954780,223,18262.5,R_TRIGGER,-42.5,-42.5,0.9595
2024_03_20,1710953940.0,209,14,1710954780,223,-1,18262.5,1710957240,264,18271.5,R_TRIGGER,-19.0,-19.0,0.8364
2024_03_20,1710956760.0,256,10,1710957360,266,1,18274.25,1710958080,278,18353.25,R_TRIGGER,157.0,157.0,0.9648
2024_03_20,1710957900.0,275,3,1710958080,278,1,18353.25,1710958500,285,18339.0,R_TRIGGER,-29.5,-29.5,0.7819
2024_03_20,1710958320.0,282,8,1710958800,290,1,18339.25,1710959580,303,18327.5,R_TRIGGER,-24.5,-24.5,0.7979
2024_03_20,1710959400.0,300,4,1710959640,304,-1,18297.75,1710959880,308,18359.75,CAT_STOP,-125.0,-101.0,0.9857
2024_03_20,1710959700.0,305,5,1710960000,310,-1,18350.0,1710960170,,18464.25,CAT_STOP,-229.5,-101.0,0.7491
2024_03_20,1710961440.0,334,3,1710961620,337,1,18464.25,1710961980,343,18426.25,R_TRIGGER,-77.0,-77.0,0.9009
2024_03_20,1710961680.0,338,5,1710961980,343,1,18426.25,1710963480,368,18477.0,R_TRIGGER,100.5,100.5,0.7797
2024_03_20,1710963240.0,364,6,1710963600,370,1,18478.5,1710965700,405,18529.5,SESSION_CLOSE,101.0,101.0,0.7518
2024_03_21,,-244,245,1711027860,1,1,18678.5,1711028040,4,18659.25,R_TRIGGER,-39.5,-39.5,0.7403
2024_03_21,,-1,5,1711028040,4,-1,18659.25,1711028400,10,18703.75,R_TRIGGER,-90.0,-90.0,0.7395
2024_03_21,1711028460.0,11,3,1711028640,14,-1,18670.0,1711030140,39,18662.25,R_TRIGGER,14.5,14.5,0.7458
2024_03_21,1711029420.0,27,15,1711030320,42,-1,18661.25,1711032420,77,18655.25,R_TRIGGER,11.0,11.0,0.7682
2024_03_21,1711032060.0,71,7,1711032480,78,1,18664.5,1711033500,95,18637.0,R_TRIGGER,-56.0,-56.0,0.9424
2024_03_21,1711032540.0,79,18,1711033620,97,-1,18618.5,1711034520,112,18653.25,R_TRIGGER,-70.5,-70.5,0.9521
2024_03_21,1711033620.0,97,17,1711034640,114,1,18658.5,1711040520,212,18673.5,R_TRIGGER,29.0,29.0,0.9588
2024_03_21,1711038600.0,180,55,1711041900,235,-1,18662.25,1711046760,316,18586.75,R_TRIGGER,150.0,150.0,0.7445
2024_03_21,1711046580.0,313,8,1711047060,321,-1,18583.5,1711048320,342,18592.5,R_TRIGGER,-19.0,-19.0,0.7448
2024_03_21,1711047420.0,327,26,1711048980,353,-1,18577.75,1711052100,405,18575.0,SESSION_CLOSE,4.5,4.5,0.7611
2024_03_22,,-55,57,1711114320,2,1,18527.75,1711115040,14,18508.25,R_TRIGGER,-40.0,-40.0,0.7898
2024_03_22,,-14,29,1711115100,15,-1,18509.25,1711115580,23,18532.5,R_TRIGGER,-47.5,-47.5,0.7381
2024_03_22,1711115100.0,15,17,1711116120,32,1,18546.0,1711116660,41,18536.25,R_TRIGGER,-20.5,-20.5,0.9798
2024_03_22,1711116360.0,36,20,1711117560,56,-1,18514.0,1711119780,93,18536.5,R_TRIGGER,-46.0,-46.0,0.9608
2024_03_22,1711119060.0,81,14,1711119900,95,1,18539.5,1711124160,166,18538.75,R_TRIGGER,-2.5,-2.5,0.942
2024_03_22,1711123320.0,152,14,1711124160,166,-1,18538.75,1711126020,197,18562.0,R_TRIGGER,-47.5,-47.5,0.9686
2024_03_22,1711125360.0,186,11,1711126020,197,1,18562.0,1711131540,289,18594.0,R_TRIGGER,63.0,63.0,0.949
2024_03_22,1711130160.0,266,32,1711132080,298,1,18611.25,1711134735,,18572.25,CAT_STOP,-79.0,-101.0,0.9625
2024_03_22,1711137180.0,383,7,1711137600,390,-1,18569.25,1711138500,405,18560.25,SESSION_CLOSE,17.0,17.0,0.7674
2024_03_25,,-56,57,1711373460,1,-1,18457.5,1711373580,3,18470.5,R_TRIGGER,-27.0,-27.0,0.7575
2024_03_25,1711373400.0,0,3,1711373580,3,-1,18470.5,1711374360,16,18447.5,R_TRIGGER,45.0,45.0,0.7486
2024_03_25,1711374180.0,13,8,1711374660,21,1,18480.25,1711376940,59,18513.0,R_TRIGGER,64.5,64.5,0.9313
2024_03_25,1711376460.0,51,26,1711378020,77,-1,18504.0,1711378920,92,18531.0,R_TRIGGER,-55.0,-55.0,0.9532
2024_03_25,1711378440.0,84,8,1711378920,92,1,18531.0,1711382580,153,18523.75,R_TRIGGER,-15.5,-15.5,0.9454
2024_03_25,1711381740.0,139,14,1711382580,153,-1,18523.75,1711387020,227,18536.25,R_TRIGGER,-26.0,-26.0,0.9541
2024_03_25,1711384800.0,190,63,1711388580,253,1,18554.25,1711393860,341,18538.25,R_TRIGGER,-33.0,-33.0,0.8382
2024_03_25,1711393020.0,327,25,1711394520,352,-1,18532.0,1711396020,377,18553.25,R_TRIGGER,-43.5,-43.5,0.8113
2024_03_25,1711395000.0,360,18,1711396080,378,1,18547.25,1711396320,382,18530.25,R_TRIGGER,-35.0,-35.0,0.7538
2024_03_25,1711396020.0,377,5,1711396320,382,-1,18530.25,1711397700,405,18515.0,SESSION_CLOSE,29.5,29.5,0.9678
2024_03_26,,-144,145,1711459860,1,-1,18563.75,1711460040,4,18587.75,R_TRIGGER,-49.0,-49.0,0.8005
2024_03_26,,-12,17,1711460100,5,-1,18583.5,1711461540,29,18589.25,R_TRIGGER,-12.5,-12.5,0.8002
2024_03_26,1711460580.0,13,16,1711461540,29,1,18589.25,1711462260,41,18580.0,R_TRIGGER,-19.5,-19.5,0.959
2024_03_26,1711461840.0,34,11,1711462500,45,1,18589.25,1711463220,57,18573.25,R_TRIGGER,-33.0,-33.0,0.7361
2024_03_26,1711462740.0,49,9,1711463280,58,-1,18566.75,1711463880,68,18557.0,R_TRIGGER,18.5,18.5,0.9716
2024_03_26,1711463880.0,68,5,1711464180,73,-1,18546.25,1711464900,85,18556.75,R_TRIGGER,-22.0,-22.0,0.7441
2024_03_26,1711464120.0,72,27,1711465740,99,1,18566.25,1711470000,170,18558.0,R_TRIGGER,-17.5,-17.5,0.9511
2024_03_26,1711468860.0,151,20,1711470060,171,-1,18556.25,1711474500,245,18553.25,R_TRIGGER,5.0,5.0,0.816
2024_03_26,1711472400.0,210,45,1711475100,255,-1,18534.25,1711483200,390,18468.5,R_TRIGGER,130.5,130.5,0.9554
2024_03_26,1711483020.0,387,3,1711483200,390,-1,18468.5,1711484100,405,18472.25,SESSION_CLOSE,-8.5,-8.5,0.7366
2024_03_27,,-1,3,1711546320,2,-1,18536.25,1711547220,17,18507.0,R_TRIGGER,57.5,57.5,0.9711
2024_03_27,1711547040.0,14,3,1711547220,17,1,18507.0,1711547640,24,18467.5,R_TRIGGER,-80.0,-80.0,0.7501
2024_03_27,1711547460.0,21,3,1711547640,24,-1,18467.5,1711548360,36,18416.25,R_TRIGGER,101.5,101.5,0.7756
2024_03_27,1711548180.0,33,4,1711548420,37,-1,18408.75,1711548900,45,18427.75,R_TRIGGER,-39.0,-39.0,0.7392
2024_03_27,1711548720.0,42,9,1711549260,51,-1,18422.0,1711550100,65,18427.0,R_TRIGGER,-11.0,-11.0,0.7381
2024_03_27,1711549920.0,62,5,1711550220,67,1,18436.0,1711550940,79,18405.5,R_TRIGGER,-62.0,-62.0,0.959
2024_03_27,1711551660.0,91,4,1711551900,95,1,18414.0,1711553340,119,18401.0,R_TRIGGER,-27.0,-27.0,0.7348
2024_03_27,1711552620.0,107,13,1711553400,120,-1,18405.0,1711553760,126,18410.5,R_TRIGGER,-12.0,-12.0,0.7484
2024_03_27,1711553520.0,122,11,1711554180,133,1,18425.25,1711555080,148,18403.0,R_TRIGGER,-45.5,-45.5,0.9614
2024_03_27,1711554240.0,134,16,1711555200,150,-1,18405.75,1711555560,156,18418.75,R_TRIGGER,-27.0,-27.0,0.965
2024_03_27,1711555200.0,150,18,1711556280,168,1,18422.75,1711559100,215,18429.5,R_TRIGGER,12.5,12.5,0.9476
2024_03_27,1711558140.0,199,18,1711559220,217,-1,18419.25,1711559940,229,18433.5,R_TRIGGER,-29.5,-29.5,0.9681
2024_03_27,1711559400.0,220,12,1711560120,232,1,18436.75,1711563000,280,18415.5,R_TRIGGER,-43.5,-43.5,0.9546
2024_03_27,1711560120.0,232,48,1711563000,280,-1,18415.5,1711563420,287,18443.75,R_TRIGGER,-57.5,-57.5,0.962
2024_03_27,1711563000.0,280,7,1711563420,287,1,18443.75,1711564500,305,18438.25,R_TRIGGER,-12.0,-12.0,0.9453
2024_03_27,1711563960.0,296,10,1711564560,306,-1,18437.25,1711567440,354,18421.25,R_TRIGGER,31.0,31.0,0.9549
2024_03_27,1711567140.0,349,9,1711567680,358,1,18436.5,1711570500,405,18519.25,SESSION_CLOSE,164.5,164.5,0.9566
2024_03_28,,-15,16,1711632660,1,-1,18470.0,1711633020,7,18486.5,R_TRIGGER,-34.0,-34.0,0.9594
2024_03_28,1711632720.0,2,13,1711633500,15,1,18515.0,1711634880,38,18505.0,R_TRIGGER,-21.0,-21.0,0.9599
2024_03_28,1711634640.0,34,9,1711635180,43,-1,18489.25,1711636500,65,18506.75,R_TRIGGER,-36.0,-36.0,0.9643
2024_03_28,1711635780.0,53,13,1711636560,66,1,18514.25,1711641960,156,18485.0,R_TRIGGER,-59.5,-59.5,0.9535
2024_03_28,1711641540.0,149,7,1711641960,156,-1,18485.0,1711652160,326,18490.25,R_TRIGGER,-11.5,-11.5,0.8501
2024_03_28,1711651380.0,313,20,1711652580,333,1,18498.5,1711652820,337,18481.0,R_TRIGGER,-36.0,-36.0,0.7382
2024_03_28,1711652460.0,331,6,1711652820,337,-1,18481.0,1711653960,356,18507.5,R_TRIGGER,-54.0,-54.0,0.9697
2024_03_28,1711652820.0,337,20,1711654020,357,1,18500.25,1711655340,379,18483.0,R_TRIGGER,-35.5,-35.5,0.7879
2024_03_28,1711654200.0,360,19,1711655340,379,-1,18483.0,1711656900,405,18475.5,SESSION_CLOSE,14.0,14.0,0.9604
2024_04_01,,-345,346,1711978260,1,-1,18493.0,1711978320,2,18515.5,R_TRIGGER,-46.0,-46.0,0.8092
2024_04_01,,-14,16,1711978320,2,-1,18515.5,1711978550,,18579.75,CAT_STOP,-129.5,-101.0,0.8165
2024_04_01,1711980900.0,45,3,1711981080,48,-1,18538.75,1711981440,54,18544.5,R_TRIGGER,-12.5,-12.5,0.9772
2024_04_01,1711981200.0,50,10,1711981800,60,-1,18536.75,1711985040,114,18451.5,R_TRIGGER,169.5,169.5,0.7411
2024_04_01,1711984860.0,111,3,1711985040,114,1,18451.5,1711986720,142,18442.5,R_TRIGGER,-19.0,-19.0,0.742
2024_04_01,1711985760.0,126,17,1711986780,143,-1,18436.25,1711987440,154,18450.75,R_TRIGGER,-30.0,-30.0,0.968
2024_04_01,1711987200.0,150,5,1711987500,155,1,18455.75,1711990920,212,18470.5,R_TRIGGER,28.5,28.5,0.9546
2024_04_01,1711989900.0,195,33,1711991880,228,-1,18454.0,1711993020,247,18453.75,R_TRIGGER,-0.5,-0.5,0.7392
2024_04_01,1711992240.0,234,13,1711993020,247,1,18453.75,1712002500,405,18498.75,SESSION_CLOSE,89.0,89.0,0.9643
2024_04_02,,-309,313,1712064840,4,-1,18267.5,1712066580,33,18266.0,R_TRIGGER,2.0,2.0,0.8886
2024_04_02,1712066400.0,30,4,1712066640,34,1,18273.25,1712067000,40,18229.0,R_TRIGGER,-89.5,-89.5,0.7545
2024_04_02,1712067480.0,48,18,1712068560,66,1,18246.5,1712069820,87,18213.25,R_TRIGGER,-67.5,-67.5,0.9573
2024_04_02,1712067900.0,55,32,1712069820,87,-1,18213.25,1712070600,100,18246.0,R_TRIGGER,-66.5,-66.5,0.9698
2024_04_02,1712069940.0,89,11,1712070600,100,1,18246.0,1712073000,140,18243.5,R_TRIGGER,-6.0,-6.0,0.9525
2024_04_02,1712072220.0,127,48,1712075100,175,-1,18244.25,1712075820,187,18266.75,R_TRIGGER,-46.0,-46.0,0.7647
2024_04_02,1712073540.0,149,50,1712076540,199,1,18280.75,1712085540,349,18278.5,R_TRIGGER,-5.5,-5.5,0.7498
2024_04_02,1712084880.0,338,12,1712085600,350,-1,18287.75,1712086320,362,18314.25,R_TRIGGER,-54.0,-54.0,0.7423
2024_04_02,1712085540.0,349,22,1712086860,371,1,18326.25,1712088900,405,18340.5,SESSION_CLOSE,27.5,27.5,0.7431
2024_04_03,,-84,84,1712151000,0,-1,18253.5,1712151120,2,18267.0,R_TRIGGER,-28.0,-28.0,0.7465
2024_04_03,,-2,9,1712151420,7,-1,18277.75,1712152860,31,18370.25,CAT_STOP,-186.0,-101.0,0.7359
2024_04_03,1712153400.0,40,5,1712153700,45,1,18388.0,1712159460,141,18412.5,R_TRIGGER,48.0,48.0,0.7476
2024_04_03,1712158200.0,120,21,1712159460,141,-1,18412.5,1712161140,169,18415.25,R_TRIGGER,-6.5,-6.5,0.7984
2024_04_03,1712160600.0,160,13,1712161380,173,1,18422.0,1712162220,187,18405.25,R_TRIGGER,-34.5,-34.5,0.9568
2024_04_03,1712161980.0,183,4,1712162220,187,-1,18405.25,1712162460,191,18412.0,R_TRIGGER,-14.5,-14.5,0.7452
2024_04_03,1712162280.0,188,11,1712162940,199,-1,18415.5,1712171880,348,18350.0,R_TRIGGER,130.0,130.0,0.7481
2024_04_03,1712171700.0,345,3,1712171880,348,-1,18350.0,1712172900,365,18353.5,R_TRIGGER,-8.0,-8.0,0.7457
2024_04_03,1712172600.0,360,5,1712172900,365,1,18353.5,1712175300,405,18394.5,SESSION_CLOSE,81.0,81.0,0.9684
2024_04_04,,-377,379,1712237520,2,1,18539.25,1712238000,10,18539.25,R_TRIGGER,-1.0,-1.0,0.7506
2024_04_04,1712237820.0,7,8,1712238300,15,1,18538.75,1712240580,53,18537.25,CAT_STOP,-4.0,-101.0,0.7404
2024_04_04,1712249580.0,203,49,1712252520,252,-1,18526.0,1712254980,293,18400.5,R_TRIGGER,250.0,250.0,0.8403
2024_04_04,1712254740.0,289,5,1712255040,294,1,18400.5,1712255220,297,18359.25,R_TRIGGER,-83.5,-83.5,0.7875
2024_04_04,1712254980.0,293,5,1712255280,298,-1,18341.25,1712255700,305,18297.75,R_TRIGGER,86.0,86.0,0.7615
2024_04_04,1712255520.0,302,8,1712256000,310,-1,18301.25,1712256480,318,18273.75,R_TRIGGER,54.0,54.0,0.7427
2024_04_04,1712256300.0,315,3,1712256480,318,-1,18273.75,1712257680,338,18199.5,R_TRIGGER,147.5,147.5,0.7942
2024_04_04,1712257440.0,334,4,1712257680,338,-1,18199.5,1712258520,352,18156.5,R_TRIGGER,85.0,85.0,0.7759
2024_04_04,1712258220.0,347,5,1712258520,352,-1,18156.5,1712259180,363,18129.5,R_TRIGGER,53.0,53.0,0.7997
2024_04_04,1712259000.0,360,6,1712259360,366,-1,18113.0,1712259900,375,18115.5,R_TRIGGER,-6.0,-6.0,0.7517
2024_04_04,1712260200.0,380,3,1712260380,383,-1,18104.75,1712260920,392,18095.75,R_TRIGGER,17.0,17.0,0.755
2024_04_04,1712260680.0,388,10,1712261280,398,-1,18093.25,1712261700,405,18086.75,SESSION_CLOSE,12.0,12.0,0.7366
2024_04_05,,-46,47,1712323860,1,-1,18158.25,1712324580,13,18165.0,R_TRIGGER,-14.5,-14.5,0.7415
2024_04_05,1712324400.0,10,7,1712324820,17,1,18182.5,1712327160,56,18196.25,R_TRIGGER,26.5,26.5,0.9726
2024_04_05,1712326320.0,42,15,1712327220,57,-1,18189.0,1712327880,68,18236.0,R_TRIGGER,-95.0,-95.0,0.9744
2024_04_05,1712327220.0,57,15,1712328120,72,1,18234.75,1712329980,103,18267.75,R_TRIGGER,65.0,65.0,0.9596
2024_04_05,1712329260.0,91,14,1712330100,105,-1,18254.5,1712331120,122,18290.25,R_TRIGGER,-72.5,-72.5,0.9605
2024_04_05,1712330160.0,106,16,1712331120,122,1,18290.25,1712336880,218,18357.5,R_TRIGGER,133.5,133.5,0.953
2024_04_05,1712336400.0,210,8,1712336880,218,-1,18357.5,1712340420,277,18311.25,R_TRIGGER,91.5,91.5,0.8095
2024_04_05,1712340060.0,271,7,1712340480,278,1,18316.5,1712341680,298,18290.25,R_TRIGGER,-53.5,-53.5,0.7394
2024_04_05,1712341320.0,292,8,1712341800,300,1,18292.25,1712348100,405,18287.0,SESSION_CLOSE,-11.5,-11.5,0.7844
2024_04_08,,-34,34,1712583000,0,-1,18319.0,1712583780,13,18284.0,R_TRIGGER,69.0,69.0,0.8239
2024_04_08,1712583600.0,10,3,1712583780,13,1,18284.0,1712588520,92,18331.5,R_TRIGGER,94.0,94.0,0.7884
2024_04_08,1712588100.0,85,7,1712588520,92,-1,18331.5,1712593800,180,18287.75,R_TRIGGER,86.5,86.5,0.9586
2024_04_08,1712593380.0,173,10,1712593980,183,1,18292.75,1712598480,258,18282.0,R_TRIGGER,-22.5,-22.5,0.9552
2024_04_08,1712595660.0,211,57,1712599080,268,1,18308.5,1712601960,316,18287.25,R_TRIGGER,-43.5,-43.5,0.9558
2024_04_08,1712600100.0,285,33,1712602080,318,-1,18296.75,1712604720,362,18321.0,R_TRIGGER,-49.5,-49.5,0.7517
2024_04_08,1712601960.0,316,55,1712605260,371,-1,18301.0,1712607300,405,18314.0,SESSION_CLOSE,-27.0,-27.0,0.9704
2024_04_09,,-170,172,1712669520,2,-1,18399.0,1712669880,8,18383.0,R_TRIGGER,31.0,31.0,0.7654
2024_04_09,1712670060.0,11,7,1712670480,18,-1,18365.5,1712672100,45,18360.25,R_TRIGGER,9.5,9.5,0.7764
2024_04_09,1712671740.0,39,10,1712672340,49,-1,18350.0,1712674680,88,18205.0,R_TRIGGER,289.0,289.0,0.7386
2024_04_09,1712674440.0,84,8,1712674920,92,1,18212.5,1712676480,118,18225.75,R_TRIGGER,25.5,25.5,0.9639
2024_04_09,1712675820.0,107,20,1712677020,127,1,18231.0,1712681580,203,18270.5,R_TRIGGER,78.0,78.0,0.8295
2024_04_09,1712680980.0,193,10,1712681580,203,-1,18270.5,1712682360,216,18287.5,R_TRIGGER,-35.0,-35.0,0.9709
2024_04_09,1712682120.0,212,11,1712682780,223,-1,18283.75,1712686140,279,18268.75,R_TRIGGER,29.0,29.0,0.7574
2024_04_09,1712685720.0,272,16,1712686680,288,1,18275.5,1712687580,303,18250.75,R_TRIGGER,-50.5,-50.5,0.9618
2024_04_09,1712686920.0,292,18,1712688000,310,1,18249.5,1712691540,369,18308.0,R_TRIGGER,116.0,116.0,0.7919
2024_04_09,1712691060.0,361,9,1712691600,370,1,18313.0,1712693700,405,18392.25,SESSION_CLOSE,157.5,157.5,0.7592
2024_04_10,,-20,21,1712755860,1,1,18141.5,1712756820,17,18131.5,R_TRIGGER,-21.0,-21.0,0.7678
2024_04_10,1712756640.0,14,3,1712756820,17,-1,18131.5,1712757240,24,18193.0,R_TRIGGER,-124.0,-124.0,0.8579
2024_04_10,1712756940.0,19,5,1712757240,24,1,18193.0,1712760660,81,18168.5,R_TRIGGER,-50.0,-50.0,0.8064
2024_04_10,1712759880.0,68,13,1712760660,81,-1,18168.5,1712768160,206,18190.5,R_TRIGGER,-45.0,-45.0,0.958
2024_04_10,1712763900.0,135,76,1712768460,211,1,18165.25,1712768640,214,18143.75,R_TRIGGER,-44.0,-44.0,0.7956
2024_04_10,1712768340.0,209,5,1712768640,214,-1,18143.75,1712769660,231,18195.0,R_TRIGGER,-103.5,-103.5,0.9821
2024_04_10,1712769060.0,221,11,1712769720,232,1,18215.75,1712770275,,18144.75,CAT_STOP,-143.0,-101.0,0.7344
2024_04_10,1712770020.0,237,6,1712770380,243,-1,18139.75,1712771760,266,18186.5,R_TRIGGER,-94.5,-94.5,0.9744
2024_04_10,1712770800.0,250,16,1712771760,266,1,18186.5,1712772035,,18143.75,CAT_STOP,-86.5,-101.0,0.9707
2024_04_10,1712771820.0,267,28,1712773500,295,1,18144.75,1712777580,363,18153.0,R_TRIGGER,15.5,15.5,0.7629
2024_04_10,1712777100.0,355,10,1712777700,365,-1,18167.75,1712778360,376,18215.5,R_TRIGGER,-96.5,-96.5,0.7449
2024_04_10,1712777580.0,363,16,1712778540,379,1,18209.75,1712779440,394,18155.25,CAT_STOP,-110.0,-101.0,0.7803
2024_04_11,,-18,19,1712842260,1,-1,18232.0,1712842500,5,18267.5,R_TRIGGER,-72.0,-72.0,0.9661
2024_04_11,1712842320.0,2,4,1712842560,6,-1,18254.75,1712843100,15,18259.75,R_TRIGGER,-11.0,-11.0,0.8201
2024_04_11,1712842800.0,10,6,1712843160,16,-1,18242.0,1712845260,51,18202.5,R_TRIGGER,78.0,78.0,0.7727
2024_04_11,1712844960.0,46,11,1712845620,57,-1,18200.25,1712846700,75,18330.25,CAT_STOP,-261.0,-101.0,0.7512
2024_04_11,1712853000.0,180,34,1712855040,214,1,18347.5,1712865540,389,18481.75,R_TRIGGER,267.5,267.5,0.8194
2024_04_11,1712864700.0,375,14,1712865540,389,-1,18481.75,1712866500,405,18490.75,SESSION_CLOSE,-19.0,-19.0,0.9689
2024_04_12,,-100,102,1712928720,2,1,18321.25,1712930580,33,18292.5,R_TRIGGER,-58.5,-58.5,0.7723
2024_04_12,1712930340.0,29,8,1712930820,37,-1,18286.25,1712931540,49,18299.75,R_TRIGGER,-28.0,-28.0,0.9585
2024_04_12,1712931300.0,45,4,1712931540,49,1,18299.75,1712932440,64,18260.75,R_TRIGGER,-79.0,-79.0,0.7808
2024_04_12,1712931780.0,53,13,1712932560,66,-1,18244.5,1712935080,108,18244.0,R_TRIGGER,0.0,0.0,0.7436
2024_04_12,1712933940.0,89,20,1712935140,109,1,18241.75,1712937720,152,18245.5,R_TRIGGER,6.5,6.5,0.8506
2024_04_12,1712936100.0,125,30,1712937900,155,-1,18258.0,1712942100,225,18185.75,R_TRIGGER,143.5,143.5,0.7482
2024_04_12,1712941320.0,212,18,1712942400,230,-1,18152.0,1712943960,256,18172.0,R_TRIGGER,-41.0,-41.0,0.853
2024_04_12,1712943480.0,248,15,1712944380,263,-1,18171.75,1712950920,372,18166.25,R_TRIGGER,10.0,10.0,0.7551
2024_04_12,1712948400.0,330,45,1712951100,375,1,18187.75,1712952900,405,18188.25,SESSION_CLOSE,0.0,0.0,0.7872
2024_04_15,,-14,14,1713187800,0,-1,18309.0,1713188400,10,18310.25,R_TRIGGER,-3.5,-3.5,0.963
2024_04_15,1713188100.0,5,10,1713188700,15,-1,18298.5,1713190500,45,18250.25,R_TRIGGER,95.5,95.5,0.7464
2024_04_15,1713190560.0,46,5,1713190860,51,-1,18212.75,1713191580,63,18230.0,R_TRIGGER,-35.5,-35.5,0.7359
2024_04_15,1713190920.0,52,12,1713191640,64,-1,18218.75,1713195060,121,18195.25,R_TRIGGER,46.0,46.0,0.7349
2024_04_15,1713194580.0,113,10,1713195180,123,1,18201.75,1713196140,139,18184.25,R_TRIGGER,-36.0,-36.0,0.9745
2024_04_15,1713197400.0,160,8,1713197880,168,-1,18188.25,1713200820,217,18123.0,R_TRIGGER,129.5,129.5,0.9674
2024_04_15,1713199440.0,194,23,1713200820,217,1,18123.0,1713201360,226,18093.5,R_TRIGGER,-60.0,-60.0,0.9595
2024_04_15,1713200880.0,218,10,1713201480,228,-1,18066.75,1713202440,244,17928.25,R_TRIGGER,276.0,276.0,0.9728
2024_04_15,1713202260.0,241,5,1713202560,246,-1,17925.75,1713202980,253,17920.75,R_TRIGGER,9.0,9.0,0.8019
2024_04_15,1713202800.0,250,5,1713203100,255,-1,17919.0,1713203700,265,17909.25,R_TRIGGER,18.5,18.5,0.7513
2024_04_15,1713203460.0,261,7,1713203880,268,-1,17928.5,1713205620,297,17905.0,R_TRIGGER,46.0,46.0,0.7592
2024_04_15,1713205380.0,293,5,1713205680,298,-1,17895.0,1713208980,353,17885.0,R_TRIGGER,19.0,19.0,0.756
2024_04_15,1713208740.0,349,6,1713209100,355,-1,17880.25,1713212100,405,17863.25,SESSION_CLOSE,33.0,33.0,0.7624
2024_04_16,,-45,46,1713274260,1,-1,17860.25,1713275400,20,17869.5,R_TRIGGER,-19.5,-19.5,0.7508
2024_04_16,1713275220.0,17,10,1713275820,27,1,17896.25,1713276420,37,17886.0,R_TRIGGER,-21.5,-21.5,0.9501
2024_04_16,1713275880.0,28,10,1713276480,38,1,17888.75,1713277260,51,17890.0,R_TRIGGER,1.5,1.5,0.7697
2024_04_16,1713276900.0,45,14,1713277740,59,-1,17859.0,1713278700,75,17871.5,R_TRIGGER,-26.0,-26.0,0.9661
2024_04_16,1713278220.0,67,29,1713279960,96,1,17887.75,1713283140,149,17890.75,R_TRIGGER,5.0,5.0,0.9615
2024_04_16,1713282900.0,145,4,1713283140,149,-1,17890.75,1713283680,158,17902.5,R_TRIGGER,-24.5,-24.5,0.7791
2024_04_16,1713283380.0,153,12,1713284100,165,1,17916.0,1713287040,214,17893.5,R_TRIGGER,-46.0,-46.0,0.9639
2024_04_16,1713286260.0,201,19,1713287400,220,1,17912.25,1713288645,,17832.5,CAT_STOP,-160.5,-101.0,0.7581
2024_04_16,1713288480.0,238,3,1713288660,241,-1,17832.5,1713288900,245,17885.5,R_TRIGGER,-107.0,-107.0,0.835
2024_04_16,1713288720.0,242,3,1713288900,245,-1,17885.5,1713290100,265,17880.75,R_TRIGGER,8.5,8.5,0.8476
2024_04_16,1713289920.0,262,3,1713290100,265,1,17880.75,1713291300,285,17902.5,R_TRIGGER,42.5,42.5,0.7558
2024_04_16,1713291120.0,282,4,1713291360,286,-1,17902.75,1713291960,296,17887.5,R_TRIGGER,29.5,29.5,0.8742
2024_04_16,1713291660.0,291,6,1713292020,297,-1,17868.5,1713292440,304,17897.25,R_TRIGGER,-58.5,-58.5,0.7607
2024_04_16,1713292140.0,299,5,1713292440,304,-1,17897.25,1713294000,330,17919.75,CAT_STOP,-46.0,-101.0,0.7942
2024_04_16,1713296100.0,365,10,1713296700,375,-1,17919.75,1713298500,405,17880.5,SESSION_CLOSE,77.5,77.5,0.7482
2024_04_17,,-3,4,1713360660,1,-1,17950.5,1713363960,56,17847.25,R_TRIGGER,205.5,205.5,0.9667
2024_04_17,1713365280.0,78,4,1713365520,82,-1,17789.0,1713365820,87,17799.75,R_TRIGGER,-22.5,-22.5,0.7711
2024_04_17,1713365640.0,84,7,1713366060,91,1,17840.0,1713366420,97,17818.5,R_TRIGGER,-44.0,-44.0,0.9586
2024_04_17,1713366240.0,94,15,1713367140,109,-1,17781.5,1713370320,162,17711.75,R_TRIGGER,138.5,138.5,0.9688
2024_04_17,1713370080.0,158,9,1713370620,167,-1,17702.75,1713372600,200,17643.5,R_TRIGGER,117.5,117.5,0.7749
2024_04_17,1713372360.0,196,4,1713372600,200,1,17643.5,1713375960,256,17698.0,R_TRIGGER,108.0,108.0,0.7483
2024_04_17,1713375420.0,247,9,1713375960,256,-1,17698.0,1713376200,260,17730.0,R_TRIGGER,-65.0,-65.0,0.9594
2024_04_17,1713375960.0,256,8,1713376440,264,-1,17730.0,1713379260,311,17741.25,R_TRIGGER,-23.5,-23.5,0.7655
2024_04_17,1713379020.0,307,5,1713379320,312,1,17771.75,1713379740,319,17754.75,R_TRIGGER,-35.0,-35.0,0.7357
2024_04_17,1713379560.0,316,3,1713379740,319,1,17754.75,1713380040,324,17657.5,CAT_STOP,-195.5,-101.0,0.7454
2024_04_17,1713381420.0,347,11,1713382080,358,-1,17657.5,1713382980,373,17683.0,R_TRIGGER,-52.0,-52.0,0.7638
2024_04_17,1713382800.0,370,5,1713383100,375,-1,17681.75,1713384900,405,17661.0,SESSION_CLOSE,40.5,40.5,0.7537
2024_04_18,,-104,106,1713447120,2,-1,17637.5,1713447720,12,17579.0,R_TRIGGER,116.0,116.0,0.7561
2024_04_18,1713447540.0,9,9,1713448080,18,1,17623.75,1713448380,23,17618.25,R_TRIGGER,-12.0,-12.0,0.7641
2024_04_18,1713448200.0,20,7,1713448620,27,1,17606.75,1713452640,94,17696.0,R_TRIGGER,177.5,177.5,0.7689
2024_04_18,1713452160.0,86,11,1713452820,97,1,17705.0,1713454140,119,17705.75,R_TRIGGER,0.5,0.5,0.7367
2024_04_18,1713453720.0,112,16,1713454680,128,-1,17698.25,1713458220,187,17679.25,R_TRIGGER,37.0,37.0,0.9719
2024_04_18,1713458040.0,184,8,1713458520,192,-1,17649.5,1713461340,239,17586.75,R_TRIGGER,124.5,124.5,0.7424
2024_04_18,1713461040.0,234,5,1713461340,239,1,17586.75,1713461880,248,17556.5,R_TRIGGER,-61.5,-61.5,0.7721
2024_04_18,1713462060.0,251,8,1713462540,259,-1,17571.25,1713464100,285,17560.75,R_TRIGGER,20.0,20.0,0.737
2024_04_18,1713463920.0,282,3,1713464100,285,-1,17560.75,1713465780,313,17557.0,R_TRIGGER,6.5,6.5,0.7349
2024_04_18,1713465240.0,304,13,1713466020,317,-1,17546.0,1713468900,365,17578.25,R_TRIGGER,-65.5,-65.5,0.7525
2024_04_18,1713468120.0,352,17,1713469140,369,1,17562.75,1713470040,384,17538.0,R_TRIGGER,-50.5,-50.5,0.7426
2024_04_18,1713469860.0,381,3,1713470040,384,-1,17538.0,1713470580,393,17554.5,R_TRIGGER,-34.0,-34.0,0.9758
2024_04_18,1713470400.0,390,4,1713470640,394,-1,17542.5,1713471300,405,17548.5,SESSION_CLOSE,-13.0,-13.0,0.7735
2024_04_19,,-56,56,1713533400,0,-1,17470.25,1713534240,14,17489.5,R_TRIGGER,-39.5,-39.5,0.7486
2024_04_19,1713534360.0,16,4,1713534600,20,-1,17449.0,1713537900,75,17400.5,R_TRIGGER,96.0,96.0,0.7461
2024_04_19,1713536880.0,58,17,1713537900,75,-1,17400.5,1713545400,200,17268.5,R_TRIGGER,263.0,263.0,0.7607
2024_04_19,1713544800.0,190,15,1713545700,205,1,17267.0,1713547740,239,17261.0,R_TRIGGER,-13.0,-13.0,0.7581
2024_04_19,1713547080.0,228,12,1713547800,240,-1,17282.5,1713549060,261,17319.0,R_TRIGGER,-74.0,-74.0,0.7764
2024_04_19,1713547740.0,239,22,1713549060,261,1,17319.0,1713549600,270,17268.5,R_TRIGGER,-102.0,-102.0,0.9615
2024_04_19,1713549300.0,265,5,1713549600,270,-1,17268.5,1713553740,339,17172.0,R_TRIGGER,192.0,192.0,0.9667
2024_04_19,1713553560.0,336,4,1713553800,340,1,17171.0,1713555360,366,17145.75,R_TRIGGER,-51.5,-51.5,0.8027
2024_04_19,1713553980.0,343,23,1713555360,366,-1,17145.75,1713556380,383,17169.5,R_TRIGGER,-48.5,-48.5,0.9698
2024_04_19,1713555960.0,376,10,1713556560,386,1,17190.75,1713557700,405,17180.5,SESSION_CLOSE,-21.5,-21.5,0.9629
2024_04_22,,-9,10,1713792660,1,1,17272.75,1713794280,28,17292.75,R_TRIGGER,39.0,39.0,0.7958
2024_04_22,1713793740.0,19,11,1713794400,30,-1,17296.75,1713796800,70,17218.0,R_TRIGGER,156.5,156.5,0.8055
2024_04_22,1713796080.0,58,20,1713797280,78,-1,17214.25,1713799500,115,17185.0,R_TRIGGER,57.5,57.5,0.7757
2024_04_22,1713798900.0,105,12,1713799620,117,1,17190.75,1713803040,174,17258.75,R_TRIGGER,135.0,135.0,0.7422
2024_04_22,1713802680.0,168,12,1713803400,180,-1,17247.25,1713804420,197,17268.0,R_TRIGGER,-42.5,-42.5,0.946
2024_04_22,1713803580.0,183,19,1713804720,202,-1,17264.0,1713806580,233,17409.75,CAT_STOP,-292.5,-101.0,0.7445
2024_04_22,1713811920.0,322,25,1713813420,347,-1,17414.5,1713815160,376,17366.0,R_TRIGGER,96.0,96.0,0.7712
2024_04_22,1713814800.0,370,8,1713815280,378,-1,17373.25,1713816900,405,17334.25,SESSION_CLOSE,77.0,77.0,0.7423
2024_04_23,,-72,72,1713879000,0,1,17420.25,1713879540,9,17441.0,R_TRIGGER,40.5,40.5,0.7629
2024_04_23,1713879540.0,9,3,1713879720,12,1,17475.0,1713880140,19,17486.5,R_TRIGGER,22.0,22.0,0.7348
2024_04_23,1713880260.0,21,6,1713880620,27,1,17497.75,1713880800,30,17494.75,R_TRIGGER,-7.0,-7.0,0.7429
2024_04_23,1713880560.0,26,5,1713880860,31,-1,17494.25,1713881160,36,17512.25,R_TRIGGER,-37.0,-37.0,0.748
2024_04_23,1713880980.0,33,5,1713881280,38,1,17524.25,1713883500,75,17561.5,R_TRIGGER,73.5,73.5,0.973
2024_04_23,1713882840.0,64,17,1713883860,81,-1,17562.0,1713884100,85,17584.75,R_TRIGGER,-46.5,-46.5,0.9516
2024_04_23,1713883860.0,81,11,1713884520,92,-1,17544.0,1713885060,101,17574.75,R_TRIGGER,-62.5,-62.5,0.7836
2024_04_23,1713884700.0,95,13,1713885480,108,1,17583.0,1713886320,122,17579.5,R_TRIGGER,-8.0,-8.0,0.9547
2024_04_23,1713885900.0,115,7,1713886320,122,1,17579.5,1713891300,205,17586.75,R_TRIGGER,13.5,13.5,0.7344
2024_04_23,1713890100.0,185,20,1713891300,205,-1,17586.75,1713891960,216,17608.5,R_TRIGGER,-44.5,-44.5,0.9612
2024_04_23,1713891300.0,205,15,1713892200,220,-1,17590.0,1713892920,232,17600.0,R_TRIGGER,-21.0,-21.0,0.7366
2024_04_23,1713892380.0,223,23,1713893760,246,1,17600.5,1713898860,331,17624.25,R_TRIGGER,46.5,46.5,0.9603
2024_04_23,1713897840.0,314,17,1713898860,331,-1,17624.25,1713899580,343,17639.0,R_TRIGGER,-30.5,-30.5,0.9611
2024_04_23,1713899220.0,337,35,1713901320,372,-1,17622.5,1713902520,392,17618.5,R_TRIGGER,7.0,7.0,0.7446
2024_04_23,1713902280.0,388,4,1713902520,392,1,17618.5,1713902880,398,17630.75,R_TRIGGER,23.5,23.5,0.8023
2024_04_24,1713965400.0,0,3,1713965580,3,1,17716.0,1713966840,24,17763.5,R_TRIGGER,94.0,94.0,0.788
2024_04_24,1713966660.0,21,3,1713966840,24,-1,17763.5,1713967500,35,17749.5,R_TRIGGER,27.0,27.0,0.815
2024_04_24,1713966960.0,26,16,1713967920,42,-1,17747.25,1713972660,121,17664.75,R_TRIGGER,164.0,164.0,0.7615
2024_04_24,1713972240.0,114,14,1713973080,128,1,17675.75,1713973380,133,17639.25,R_TRIGGER,-74.0,-74.0,0.9554
2024_04_24,1713973140.0,129,4,1713973380,133,-1,17639.25,1713977520,202,17604.0,R_TRIGGER,69.5,69.5,0.9667
2024_04_24,1713976440.0,184,20,1713977640,204,1,17608.0,1713981900,275,17668.25,R_TRIGGER,119.5,119.5,0.9612
2024_04_24,1713980820.0,257,18,1713981900,275,-1,17668.25,1713985800,340,17637.25,R_TRIGGER,61.0,61.0,0.9734
2024_04_24,1713985560.0,336,4,1713985800,340,-1,17637.25,1713988140,379,17545.0,CAT_STOP,183.5,-101.0,0.7345
2024_04_25,,-60,61,1714051860,1,-1,17324.5,1714052520,12,17356.5,R_TRIGGER,-65.0,-65.0,0.7476
2024_04_25,1714051920.0,2,21,1714053180,23,-1,17366.25,1714053960,36,17380.0,R_TRIGGER,-28.5,-28.5,0.7549
2024_04_25,1714053780.0,33,3,1714053960,36,1,17380.0,1714055580,63,17398.5,R_TRIGGER,36.0,36.0,0.9566
2024_04_25,1714055280.0,58,6,1714055640,64,-1,17382.25,1714057380,93,17380.0,R_TRIGGER,3.5,3.5,0.9633
2024_04_25,1714056900.0,85,20,1714058100,105,-1,17377.25,1714060680,148,17412.0,R_TRIGGER,-70.5,-70.5,0.7375
2024_04_25,1714059180.0,123,36,1714061340,159,1,17425.5,1714065780,233,17465.75,R_TRIGGER,79.5,79.5,0.7392
2024_04_25,1714064640.0,214,19,1714065780,233,-1,17465.75,1714066500,245,17513.5,R_TRIGGER,-96.5,-96.5,0.9669
2024_04_25,1714065780.0,233,17,1714066800,250,1,17537.25,1714069680,298,17540.25,R_TRIGGER,5.0,5.0,0.843
2024_04_25,1714069020.0,287,11,1714069680,298,-1,17540.25,1714071660,331,17529.0,R_TRIGGER,21.5,21.5,0.9701
2024_04_25,1714071120.0,322,10,1714071720,332,1,17557.0,1714074000,370,17550.0,R_TRIGGER,-15.0,-15.0,0.9722
2024_04_25,1714073040.0,354,16,1714074000,370,-1,17550.0,1714075200,390,17618.0,R_TRIGGER,-137.0,-137.0,0.7432
2024_04_25,1714074120.0,372,18,1714075200,390,1,17618.0,1714075215,,17788.75,CAT_STOP,340.5,-101.0,0.9743
2024_04_26,,-27,29,1714138320,2,-1,17668.75,1714138490,,17735.5,CAT_STOP,-134.5,-101.0,0.7363
2024_04_26,1714138320.0,2,3,1714138500,5,-1,17735.5,1714139520,22,17828.75,CAT_STOP,-187.5,-101.0,0.7543
2024_04_26,1714141860.0,61,10,1714142460,71,1,17837.0,1714144260,101,17827.5,R_TRIGGER,-20.0,-20.0,0.7373
2024_04_26,1714143780.0,93,8,1714144260,101,-1,17827.5,1714146240,134,17861.25,R_TRIGGER,-68.5,-68.5,0.9688
2024_04_26,1714144320.0,102,32,1714146240,134,1,17861.25,1714147200,150,17831.75,R_TRIGGER,-60.0,-60.0,0.9503
2024_04_26,1714146480.0,138,12,1714147200,150,-1,17831.75,1714150500,205,17876.25,R_TRIGGER,-90.0,-90.0,0.952
2024_04_26,1714147200.0,150,63,1714150980,213,1,17877.5,1714155180,283,17854.75,R_TRIGGER,-46.5,-46.5,0.749
2024_04_26,1714152840.0,244,41,1714155300,285,-1,17858.75,1714159380,353,17884.75,R_TRIGGER,-53.0,-53.0,0.7361
2024_04_26,1714156380.0,303,62,1714160100,365,-1,17877.0,1714162500,405,17837.25,SESSION_CLOSE,78.5,78.5,0.7552
2024_04_29,,-210,212,1714397520,2,1,17943.0,1714397820,7,17906.0,R_TRIGGER,-75.0,-75.0,0.9595
2024_04_29,1714397580.0,3,7,1714398000,10,-1,17877.25,1714398420,17,17864.0,R_TRIGGER,25.5,25.5,0.9725
2024_04_29,1714398840.0,24,6,1714399200,30,1,17881.0,1714401480,68,17881.5,R_TRIGGER,0.0,0.0,0.9481
2024_04_29,1714401240.0,64,5,1714401540,69,-1,17877.0,1714401840,74,17894.75,R_TRIGGER,-36.5,-36.5,0.8237
2024_04_29,1714401840.0,74,21,1714403100,95,-1,17863.75,1714403700,105,17881.5,R_TRIGGER,-36.5,-36.5,0.9576
2024_04_29,1714405020.0,127,7,1714405440,134,1,17883.25,1714408860,191,17888.25,R_TRIGGER,9.0,9.0,0.9471
2024_04_29,1714408200.0,180,15,1714409100,195,1,17905.5,1714413600,270,17906.0,R_TRIGGER,0.0,0.0,0.7545
2024_04_29,1714412820.0,257,13,1714413600,270,-1,17906.0,1714416000,310,17871.5,R_TRIGGER,68.0,68.0,0.9632
2024_04_29,1714415520.0,302,9,1714416060,311,1,17871.0,1714417260,331,17851.75,R_TRIGGER,-39.5,-39.5,0.7531
2024_04_29,1714417080.0,328,3,1714417260,331,-1,17851.75,1714417800,340,17828.0,R_TRIGGER,46.5,46.5,0.8669
2024_04_29,1714417620.0,337,10,1714418220,347,-1,17831.5,1714420260,381,17918.0,CAT_STOP,-174.0,-101.0,0.7672
2024_04_30,,-56,58,1714483920,2,-1,17834.0,1714484700,15,17880.25,CAT_STOP,-93.5,-101.0,0.7995
2024_04_30,1714485060.0,21,11,1714485720,32,1,17875.25,1714486260,41,17855.75,R_TRIGGER,-40.0,-40.0,0.9748
2024_04_30,1714485720.0,32,10,1714486320,42,-1,17846.5,1714486620,47,17875.25,R_TRIGGER,-58.5,-58.5,0.7496
2024_04_30,1714486680.0,48,9,1714487220,57,-1,17847.25,1714488060,71,17854.25,R_TRIGGER,-15.0,-15.0,0.9605
2024_04_30,1714487460.0,61,11,1714488120,72,1,17862.75,1714488780,83,17841.5,R_TRIGGER,-43.5,-43.5,0.9516
2024_04_30,1714488360.0,76,8,1714488840,84,-1,17841.0,1714492620,147,17765.5,R_TRIGGER,150.0,150.0,0.9583
2024_04_30,1714492140.0,139,15,1714493040,154,-1,17751.5,1714496580,213,17717.25,R_TRIGGER,67.5,67.5,0.7559
2024_04_30,1714495500.0,195,25,1714497000,220,-1,17704.0,1714497900,235,17709.0,R_TRIGGER,-11.0,-11.0,0.7534
2024_04_30,1714497480.0,228,10,1714498080,238,-1,17701.25,1714502400,310,17713.75,R_TRIGGER,-26.0,-26.0,0.7779
2024_04_30,1714501740.0,299,16,1714502700,315,-1,17704.0,1714504200,340,17699.0,R_TRIGGER,9.0,9.0,0.7401
2024_04_30,1714503000.0,320,20,1714504200,340,1,17699.0,1714504920,352,17664.5,R_TRIGGER,-70.0,-70.0,0.9663
2024_04_30,1714504200.0,340,12,1714504920,352,-1,17664.5,1714505520,362,17696.25,R_TRIGGER,-64.5,-64.5,0.9653
2024_04_30,1714504980.0,353,10,1714505580,363,1,17701.75,1714506720,382,17653.5,R_TRIGGER,-97.5,-97.5,0.9525
2024_04_30,1714506540.0,379,3,1714506720,382,-1,17653.5,1714507440,394,17605.5,R_TRIGGER,95.0,95.0,0.9841
2024_04_30,1714507260.0,391,3,1714507440,394,-1,17605.5,1714508100,405,17546.0,SESSION_CLOSE,118.0,118.0,0.7907
2024_05_01,,-8,9,1714570260,1,1,17486.5,1714571340,19,17479.5,R_TRIGGER,-15.0,-15.0,0.7836
2024_05_01,1714570920.0,12,15,1714571820,27,-1,17461.0,1714573620,57,17477.0,R_TRIGGER,-33.0,-33.0,0.7761
2024_05_01,1714572780.0,43,17,1714573800,60,1,17467.75,1714576080,98,17462.25,R_TRIGGER,-12.0,-12.0,0.753
2024_05_01,1714575420.0,87,12,1714576140,99,-1,17453.0,1714577220,117,17449.75,R_TRIGGER,5.5,5.5,0.9701
2024_05_01,1714576740.0,109,11,1714577400,120,1,17452.5,1714578660,141,17438.5,R_TRIGGER,-29.0,-29.0,0.961
2024_05_01,1714578120.0,132,9,1714578660,141,-1,17438.5,1714579800,160,17443.0,R_TRIGGER,-10.0,-10.0,0.9667
2024_05_01,1714579200.0,150,11,1714579860,161,1,17448.25,1714582020,197,17433.75,R_TRIGGER,-30.0,-30.0,0.9501
2024_05_01,1714580940.0,179,21,1714582200,200,-1,17428.0,1714584180,233,17449.0,R_TRIGGER,-43.0,-43.0,0.9705
2024_05_01,1714583880.0,228,5,1714584180,233,1,17449.0,1714586880,278,17506.75,R_TRIGGER,114.5,114.5,0.9549
2024_05_01,1714586700.0,275,3,1714586880,278,1,17506.75,1714588380,303,17540.75,R_TRIGGER,67.0,67.0,0.7681
2024_05_01,1714588200.0,300,3,1714588380,303,-1,17540.75,1714588680,308,17579.5,R_TRIGGER,-78.5,-78.5,0.9192
2024_05_01,1714588500.0,305,3,1714588680,308,-1,17579.5,1714588855,,17703.0,CAT_STOP,-248.0,-101.0,0.9176
2024_05_01,1714589340.0,319,3,1714589520,322,1,17703.0,1714590300,335,17739.0,R_TRIGGER,71.0,71.0,0.8459
2024_05_01,1714590120.0,332,3,1714590300,335,1,17739.0,1714590660,341,17736.5,R_TRIGGER,-6.0,-6.0,0.8452
2024_05_01,1714590480.0,338,3,1714590660,341,1,17736.5,1714591200,350,17716.25,R_TRIGGER,-41.5,-41.5,0.8982
2024_05_01,1714590900.0,345,5,1714591200,350,1,17716.25,1714591800,360,17687.25,R_TRIGGER,-59.0,-59.0,0.8244
2024_05_01,1714591620.0,357,3,1714591800,360,-1,17687.25,1714592700,375,17579.25,R_TRIGGER,215.0,215.0,0.8819
2024_05_01,1714592340.0,369,6,1714592700,375,-1,17579.25,1714593720,392,17466.0,R_TRIGGER,225.5,225.5,0.8411
2024_05_01,1714593540.0,389,7,1714593960,396,-1,17466.75,1714594500,405,17455.0,SESSION_CLOSE,22.5,22.5,0.7372
2024_05_02,,-21,21,1714656600,0,1,17579.5,1714656780,3,17563.75,R_TRIGGER,-32.5,-32.5,0.7816
2024_05_02,1714656600.0,0,4,1714656840,4,-1,17545.25,1714657500,15,17547.5,R_TRIGGER,-5.5,-5.5,0.7763
2024_05_02,1714657200.0,10,5,1714657500,15,-1,17547.5,1714658160,26,17522.75,R_TRIGGER,48.5,48.5,0.7503
2024_05_02,1714657980.0,23,5,1714658280,28,-1,17511.5,1714659120,42,17428.75,R_TRIGGER,164.5,164.5,0.7582
2024_05_02,1714658940.0,39,6,1714659300,45,-1,17469.75,1714659840,54,17497.25,R_TRIGGER,-56.0,-56.0,0.7479
2024_05_02,1714659660.0,51,4,1714659900,55,1,17504.5,1714660740,69,17495.5,R_TRIGGER,-19.0,-19.0,0.7861
2024_05_02,1714660500.0,65,4,1714660740,69,1,17495.5,1714661175,,17530.5,CAT_STOP,69.0,-101.0,0.7633
2024_05_02,1714662600.0,100,17,1714663620,117,-1,17518.75,1714664460,131,17521.5,R_TRIGGER,-6.5,-6.5,0.9589
2024_05_02,1714663920.0,122,10,1714664520,132,-1,17527.25,1714667100,175,17537.0,R_TRIGGER,-20.5,-20.5,0.7711
2024_05_02,1714667160.0,176,10,1714667760,186,-1,17502.75,1714668000,190,17526.25,R_TRIGGER,-48.0,-48.0,0.7413
2024_05_02,1714667820.0,187,10,1714668420,197,1,17534.25,1714671300,245,17577.75,R_TRIGGER,86.0,86.0,0.9679
2024_05_02,1714671060.0,241,5,1714671360,246,-1,17580.75,1714672980,273,17602.0,R_TRIGGER,-43.5,-43.5,0.7464
2024_05_02,1714671360.0,246,27,1714672980,273,1,17602.0,1714673880,288,17611.0,R_TRIGGER,17.0,17.0,0.7698
2024_05_02,1714673880.0,288,26,1714675440,314,-1,17639.75,1714678020,357,17673.25,R_TRIGGER,-68.0,-68.0,0.7638
2024_05_02,1714678020.0,357,6,1714678380,363,-1,17651.5,1714679940,389,17648.25,R_TRIGGER,5.5,5.5,0.7501
2024_05_02,1714679700.0,385,5,1714680000,390,1,17675.25,1714680900,405,17652.0,SESSION_CLOSE,-47.5,-47.5,0.9747
2024_05_03,,-46,46,1714743000,0,1,17950.75,1714744980,33,17949.0,R_TRIGGER,-4.5,-4.5,0.8451
2024_05_03,1714744800.0,30,5,1714745100,35,1,17953.0,1714746065,,17933.75,CAT_STOP,-39.5,-101.0,0.8325
2024_05_03,1714746900.0,65,9,1714747440,74,1,17982.25,1714747920,82,17940.0,R_TRIGGER,-85.5,-85.5,0.9663
2024_05_03,1714747620.0,77,5,1714747920,82,-1,17940.0,1714749720,112,17943.75,R_TRIGGER,-8.5,-8.5,0.7905
2024_05_03,1714749000.0,100,12,1714749720,112,-1,17943.75,1714751020,,18025.5,CAT_STOP,-164.5,-101.0,0.7592
2024_05_06,,-326,326,1715002200,0,1,18051.25,1715002320,2,18048.5,R_TRIGGER,-6.5,-6.5,0.7744
2024_05_06,,-1,3,1715002320,2,-1,18048.5,1715002500,5,18076.75,R_TRIGGER,-57.5,-57.5,0.7679
2024_05_06,1715002320.0,2,5,1715002620,7,1,18095.25,1715002860,11,18074.25,R_TRIGGER,-43.0,-43.0,0.9601
2024_05_06,1715002860.0,11,17,1715003880,28,1,18099.25,1715004660,41,18092.75,R_TRIGGER,-14.0,-14.0,0.7498
2024_05_06,1715004360.0,36,13,1715005140,49,1,18090.75,1715007660,91,18086.75,R_TRIGGER,-9.0,-9.0,0.7572
2024_05_06,1715006520.0,72,19,1715007660,91,-1,18086.75,1715009460,121,18100.25,R_TRIGGER,-28.0,-28.0,0.9563
2024_05_06,1715007900.0,95,26,1715009460,121,1,18100.25,1715011800,160,18096.75,R_TRIGGER,-8.0,-8.0,0.9502
2024_05_06,1715010420.0,137,23,1715011800,160,-1,18096.75,1715013120,182,18100.75,R_TRIGGER,-9.0,-9.0,0.7504
2024_05_06,1715012460.0,171,11,1715013120,182,1,18100.75,1715015460,221,18096.0,R_TRIGGER,-10.5,-10.5,0.9461
2024_05_06,1715014920.0,212,9,1715015460,221,-1,18096.0,1715017320,252,18120.0,R_TRIGGER,-49.0,-49.0,0.9584
2024_05_06,1715015820.0,227,25,1715017320,252,1,18120.0,1715026500,405,18180.75,SESSION_CLOSE,120.5,120.5,0.7622
2024_05_07,,-107,109,1715088720,2,1,18229.5,1715089200,10,18215.25,R_TRIGGER,-29.5,-29.5,0.817
2024_05_07,1715088720.0,2,12,1715089440,14,1,18219.75,1715091660,51,18202.5,R_TRIGGER,-35.5,-35.5,0.7555
2024_05_07,1715091480.0,48,18,1715092560,66,1,18202.0,1715095980,123,18236.75,R_TRIGGER,68.5,68.5,0.8214
2024_05_07,1715098260.0,161,23,1715099640,184,-1,18239.75,1715102580,233,18254.25,R_TRIGGER,-30.0,-30.0,0.9605
2024_05_07,1715100900.0,205,28,1715102580,233,1,18254.25,1715103660,251,18240.0,R_TRIGGER,-29.5,-29.5,0.9559
2024_05_07,1715103120.0,242,10,1715103720,252,-1,18239.75,1715104980,273,18206.5,R_TRIGGER,65.5,65.5,0.9629
2024_05_07,1715104740.0,269,8,1715105220,277,-1,18202.0,1715107380,313,18189.25,R_TRIGGER,24.5,24.5,0.7634
2024_05_07,1715106960.0,306,15,1715107860,321,1,18191.25,1715109480,348,18186.5,R_TRIGGER,-10.5,-10.5,0.9705
2024_05_07,1715109480.0,348,20,1715110680,368,1,18195.0,1715112000,390,18199.0,R_TRIGGER,7.0,7.0,0.7863
2024_05_07,1715111580.0,383,7,1715112000,390,1,18199.0,1715112900,405,18211.5,SESSION_CLOSE,24.0,24.0,0.7681
2024_05_08,,-52,55,1715175180,3,1,18096.25,1715177520,42,18156.0,R_TRIGGER,118.5,118.5,0.7573
2024_05_08,1715177640.0,44,35,1715179740,79,1,18235.25,1715180220,87,18216.25,R_TRIGGER,-39.0,-39.0,0.7908
2024_05_08,1715179740.0,79,9,1715180280,88,-1,18216.75,1715180520,92,18226.25,R_TRIGGER,-20.0,-20.0,0.7746
2024_05_08,1715180520.0,92,3,1715180700,95,-1,18208.25,1715185140,169,18188.25,R_TRIGGER,39.0,39.0,0.945
2024_05_08,1715183220.0,137,32,1715185140,169,1,18188.25,1715186100,185,18160.25,R_TRIGGER,-57.0,-57.0,0.9363
2024_05_08,1715185200.0,170,15,1715186100,185,-1,18160.25,1715186460,191,18169.75,R_TRIGGER,-20.0,-20.0,0.9608
2024_05_08,1715186160.0,186,24,1715187600,210,-1,18170.25,1715187840,214,18172.0,R_TRIGGER,-4.5,-4.5,0.7534
2024_05_08,1715187660.0,211,4,1715187900,215,1,18172.25,1715188200,220,18158.75,R_TRIGGER,-28.0,-28.0,0.9603
2024_05_08,1715187900.0,215,10,1715188500,225,1,18160.75,1715194680,328,18171.75,R_TRIGGER,21.0,21.0,0.7696
2024_05_08,1715192280.0,288,40,1715194680,328,-1,18171.75,1715195820,347,18180.25,R_TRIGGER,-18.0,-18.0,0.7423
2024_05_08,1715194800.0,330,17,1715195820,347,1,18180.25,1715198460,391,18180.75,R_TRIGGER,0.0,0.0,0.965
2024_05_08,1715198280.0,388,7,1715198700,395,-1,18171.25,1715199300,405,18161.0,SESSION_CLOSE,19.5,19.5,0.9649
2024_05_09,,-21,22,1715261460,1,1,18191.0,1715262110,,18140.5,CAT_STOP,-102.0,-101.0,0.7588
2024_05_09,1715263500.0,35,10,1715264100,45,-1,18152.75,1715264580,53,18161.25,R_TRIGGER,-18.0,-18.0,0.9529
2024_05_09,1715264340.0,49,4,1715264580,53,-1,18161.25,1715265555,,18199.25,CAT_STOP,-77.0,-101.0,0.7637
2024_05_09,1715270520.0,152,13,1715271300,165,1,18197.75,1715275200,230,18198.0,R_TRIGGER,-0.5,-0.5,0.9566
2024_05_09,1715274720.0,222,8,1715275200,230,-1,18198.0,1715275620,237,18218.0,R_TRIGGER,-41.0,-41.0,0.9728
2024_05_09,1715275200.0,230,20,1715276400,250,1,18215.0,1715277660,271,18201.5,R_TRIGGER,-28.0,-28.0,0.9504
2024_05_09,1715276700.0,255,16,1715277660,271,-1,18201.5,1715279280,298,18215.75,R_TRIGGER,-29.5,-29.5,0.8938
2024_05_09,1715279040.0,294,4,1715279280,298,1,18215.75,1715281980,343,18214.0,R_TRIGGER,-4.5,-4.5,0.9506
2024_05_09,1715281140.0,329,14,1715281980,343,-1,18214.0,1715285220,397,18222.25,R_TRIGGER,-17.5,-17.5,0.9559
2024_05_09,1715284140.0,379,18,1715285220,397,1,18222.25,1715285700,405,18230.5,SESSION_CLOSE,15.5,15.5,0.9553
2024_05_10,,-30,31,1715347860,1,-1,18282.75,1715348940,19,18301.5,CAT_STOP,-38.5,-101.0,0.7628
2024_05_10,1715349660.0,31,4,1715349900,35,-1,18312.75,1715351040,54,18259.0,R_TRIGGER,106.5,106.5,0.7345
2024_05_10,1715350860.0,51,6,1715351220,57,-1,18241.0,1715351940,69,18239.5,R_TRIGGER,2.0,2.0,0.7512
2024_05_10,1715351760.0,66,7,1715352180,73,1,18250.75,1715352360,76,18242.25,R_TRIGGER,-18.0,-18.0,0.9422
2024_05_10,1715352180.0,73,10,1715352780,83,-1,18207.25,1715353080,88,18218.25,R_TRIGGER,-23.0,-23.0,0.9684
2024_05_10,1715352900.0,85,13,1715353680,98,-1,18220.0,1715353980,103,18232.5,R_TRIGGER,-26.0,-26.0,0.7413
2024_05_10,1715353740.0,99,4,1715353980,103,1,18232.5,1715355420,127,18216.0,R_TRIGGER,-34.0,-34.0,0.9544
2024_05_10,1715355060.0,121,13,1715355840,134,-1,18203.5,1715356140,139,18224.25,R_TRIGGER,-42.5,-42.5,0.9614
2024_05_10,1715355960.0,136,7,1715356380,143,1,18231.0,1715356920,152,18223.0,R_TRIGGER,-17.0,-17.0,0.9519
2024_05_10,1715357160.0,156,34,1715359200,190,1,18229.0,1715360580,213,18232.0,R_TRIGGER,5.0,5.0,0.7473
2024_05_10,1715360160.0,206,12,1715360880,218,-1,18225.0,1715363400,260,18232.25,R_TRIGGER,-15.5,-15.5,0.9562
2024_05_10,1715363220.0,257,4,1715363460,261,1,18231.75,1715365800,300,18240.5,R_TRIGGER,16.5,16.5,0.7465
2024_05_10,1715365140.0,289,11,1715365800,300,-1,18240.5,1715367000,320,18253.5,R_TRIGGER,-27.0,-27.0,0.9605
2024_05_10,1715366100.0,305,15,1715367000,320,1,18253.5,1715371320,392,18249.25,R_TRIGGER,-9.5,-9.5,0.9571
2024_05_10,1715371140.0,389,8,1715371620,397,-1,18249.25,1715372100,405,18249.0,SESSION_CLOSE,-0.5,-0.5,0.9577
2024_05_13,,-1,4,1715607180,3,-1,18310.5,1715608260,21,18274.5,R_TRIGGER,71.0,71.0,0.7573
2024_05_13,1715608020.0,17,16,1715608980,33,1,18293.25,1715610660,61,18285.25,R_TRIGGER,-17.0,-17.0,0.9452
2024_05_13,1715610360.0,56,5,1715610660,61,-1,18285.25,1715611740,79,18300.25,R_TRIGGER,-31.0,-31.0,0.9649
2024_05_13,1715610660.0,61,18,1715611740,79,-1,18300.25,1715613000,100,18305.25,R_TRIGGER,-11.0,-11.0,0.7746
2024_05_13,1715612580.0,93,14,1715613420,107,1,18303.75,1715613660,111,18286.75,R_TRIGGER,-35.0,-35.0,0.9531
2024_05_13,1715613120.0,102,17,1715614140,119,-1,18279.75,1715614380,123,18285.25,R_TRIGGER,-12.0,-12.0,0.9705
2024_05_13,1715614200.0,120,17,1715615220,137,1,18284.25,1715619780,213,18285.75,R_TRIGGER,2.0,2.0,0.9594
2024_05_13,1715618100.0,185,32,1715620020,217,-1,18254.5,1715620380,223,18262.75,R_TRIGGER,-17.5,-17.5,0.9761
2024_05_13,1715620200.0,220,6,1715620560,226,1,18279.25,1715622420,257,18276.5,R_TRIGGER,-6.5,-6.5,0.9547
2024_05_13,1715621220.0,237,20,1715622420,257,-1,18276.5,1715626920,332,18292.5,R_TRIGGER,-33.0,-33.0,0.7453
2024_05_13,1715623380.0,273,67,1715627400,340,-1,18285.0,1715631300,405,18289.0,SESSION_CLOSE,-9.0,-9.0,0.7571
2024_05_14,,-27,28,1715693460,1,1,18288.0,1715693580,3,18268.0,R_TRIGGER,-41.0,-41.0,0.7384
2024_05_14,1715693400.0,0,3,1715693580,3,1,18268.0,1715695020,27,18300.5,R_TRIGGER,64.0,64.0,0.782
2024_05_14,1715694360.0,16,14,1715695200,30,-1,18289.75,1715695800,40,18302.0,R_TRIGGER,-25.5,-25.5,0.7872
2024_05_14,1715695620.0,37,7,1715696040,44,-1,18303.0,1715696460,51,18307.0,R_TRIGGER,-9.0,-9.0,0.7857
2024_05_14,1715696280.0,48,5,1715696580,53,1,18329.75,1715697300,65,18339.0,R_TRIGGER,17.5,17.5,0.9759
2024_05_14,1715696880.0,58,9,1715697420,67,-1,18308.25,1715698320,82,18306.5,R_TRIGGER,2.5,2.5,0.9709
2024_05_14,1715697600.0,70,18,1715698680,88,1,18333.75,1715700180,113,18340.75,R_TRIGGER,13.0,13.0,0.9471
2024_05_14,1715699820.0,107,15,1715700720,122,-1,18333.75,1715702940,159,18328.25,R_TRIGGER,10.0,10.0,0.9609
2024_05_14,1715703180.0,163,9,1715703720,172,-1,18308.5,1715707680,238,18321.75,R_TRIGGER,-27.5,-27.5,0.8205
2024_05_14,1715705160.0,196,42,1715707680,238,1,18321.75,1715716800,390,18412.25,R_TRIGGER,180.0,180.0,0.9413
2024_05_14,1715716560.0,386,4,1715716800,390,-1,18412.25,1715717700,405,18410.75,SESSION_CLOSE,2.0,2.0,0.7872
2024_05_15,,-49,50,1715779860,1,-1,18510.25,1715781540,29,18483.0,R_TRIGGER,53.5,53.5,0.7563
2024_05_15,1715781060.0,21,12,1715781780,33,1,18505.75,1715803320,392,18676.75,R_TRIGGER,341.0,341.0,0.9622
2024_05_15,1715800980.0,353,39,1715803320,392,-1,18676.75,1715804100,405,18682.0,SESSION_CLOSE,-11.5,-11.5,0.7774
2024_05_16,,-60,60,1715866200,0,-1,18681.25,1715866620,7,18691.5,R_TRIGGER,-21.5,-21.5,0.8023
2024_05_16,1715866260.0,1,6,1715866620,7,-1,18691.5,1715868600,40,18695.75,R_TRIGGER,-9.5,-9.5,0.7561
2024_05_16,1715868420.0,37,6,1715868780,43,-1,18702.75,1715871600,90,18745.0,CAT_STOP,-85.5,-101.0,0.7452
2024_05_16,1715872860.0,111,12,1715873580,123,1,18747.75,1715873880,128,18734.75,R_TRIGGER,-27.0,-27.0,0.951
2024_05_16,1715873640.0,124,26,1715875200,150,-1,18731.75,1715878080,198,18729.75,R_TRIGGER,3.0,3.0,0.9678
2024_05_16,1715877000.0,180,22,1715878320,202,1,18731.0,1715880060,231,18694.0,R_TRIGGER,-75.0,-75.0,0.9411
2024_05_16,1715879700.0,225,6,1715880060,231,-1,18694.0,1715880420,237,18699.0,R_TRIGGER,-11.0,-11.0,0.9688
2024_05_16,1715880120.0,232,16,1715881080,248,-1,18693.75,1715881920,262,18705.25,R_TRIGGER,-24.0,-24.0,0.7348
2024_05_16,1715881740.0,259,9,1715882280,268,1,18711.0,1715882760,276,18688.5,R_TRIGGER,-46.0,-46.0,0.9604
2024_05_16,1715882340.0,269,8,1715882820,277,-1,18687.5,1715883660,291,18687.25,R_TRIGGER,-0.5,-0.5,0.9725
2024_05_16,1715883360.0,286,12,1715884080,298,-1,18678.0,1715889000,380,18673.25,R_TRIGGER,8.5,8.5,0.7405
2024_05_16,1715888760.0,376,4,1715889000,380,-1,18673.25,1715890500,405,18641.25,SESSION_CLOSE,63.0,63.0,0.7392
2024_05_17,,-31,32,1715952660,1,-1,18660.0,1715954520,32,18648.75,R_TRIGGER,21.5,21.5,0.8488
2024_05_17,1715955060.0,41,13,1715955840,54,1,18652.25,1715958120,92,18650.25,R_TRIGGER,-5.0,-5.0,0.9454
2024_05_17,1715957340.0,79,13,1715958120,92,-1,18650.25,1715961360,146,18646.25,R_TRIGGER,7.0,7.0,0.9654
2024_05_17,1715960940.0,139,15,1715961840,154,1,18655.25,1715963460,181,18632.75,R_TRIGGER,-46.0,-46.0,0.7422
2024_05_17,1715961840.0,154,27,1715963460,181,-1,18632.75,1715964660,201,18634.0,R_TRIGGER,-3.5,-3.5,0.7431
2024_05_17,1715964300.0,195,7,1715964720,202,1,18638.5,1715966340,229,18614.25,R_TRIGGER,-49.5,-49.5,0.9559
2024_05_17,1715965140.0,209,20,1715966340,229,-1,18614.25,1715970360,296,18573.0,R_TRIGGER,81.5,81.5,0.958
2024_05_17,1715970180.0,293,8,1715970660,301,1,18577.75,1715976900,405,18625.25,SESSION_CLOSE,94.0,94.0,0.9527
2024_05_20,,-110,112,1716211920,2,1,18665.5,1716212460,11,18693.0,R_TRIGGER,54.0,54.0,0.7414
2024_05_20,1716212460.0,11,10,1716213060,21,1,18730.25,1716213960,36,18742.0,R_TRIGGER,22.5,22.5,0.781
2024_05_20,1716213960.0,36,11,1716214620,47,1,18748.0,1716216960,86,18747.5,R_TRIGGER,-2.0,-2.0,0.838
2024_05_20,1716216600.0,80,8,1716217080,88,-1,18739.0,1716218700,115,18752.5,R_TRIGGER,-28.0,-28.0,0.9565
2024_05_20,1716218160.0,106,9,1716218700,115,1,18752.5,1716219780,133,18740.5,R_TRIGGER,-25.0,-25.0,0.9592
2024_05_20,1716219180.0,123,10,1716219780,133,-1,18740.5,1716221040,154,18754.0,R_TRIGGER,-28.0,-28.0,0.9577
2024_05_20,1716220500.0,145,9,1716221040,154,1,18754.0,1716225660,231,18773.75,R_TRIGGER,38.5,38.5,0.9452
2024_05_20,1716224340.0,209,22,1716225660,231,-1,18773.75,1716228660,281,18736.0,R_TRIGGER,74.5,74.5,0.9618
2024_05_20,1716228480.0,278,4,1716228720,282,-1,18739.25,1716232140,339,18764.0,R_TRIGGER,-50.5,-50.5,0.7379
2024_05_20,1716231600.0,330,13,1716232380,343,1,18768.25,1716233640,364,18765.75,R_TRIGGER,-6.0,-6.0,0.9517
2024_05_20,1716233460.0,361,11,1716234120,372,-1,18760.5,1716235140,389,18766.5,R_TRIGGER,-13.0,-13.0,0.9716
2024_05_20,1716235200.0,390,7,1716235620,397,-1,18746.75,1716236100,405,18743.0,SESSION_CLOSE,6.5,6.5,0.7785
2024_05_21,,-138,140,1716298320,2,1,18696.5,1716299160,16,18685.0,R_TRIGGER,-24.0,-24.0,0.7424
2024_05_21,1716298500.0,5,11,1716299160,16,-1,18685.0,1716299520,22,18712.5,R_TRIGGER,-56.0,-56.0,0.8405
2024_05_21,1716299160.0,16,8,1716299640,24,1,18717.75,1716310680,208,18745.5,R_TRIGGER,54.5,54.5,0.9363
2024_05_21,1716308220.0,167,41,1716310680,208,-1,18745.5,1716313080,248,18766.0,R_TRIGGER,-42.0,-42.0,0.8712
2024_05_21,1716311460.0,221,49,1716314400,270,1,18774.5,1716322500,405,18800.5,SESSION_CLOSE,51.0,51.0,0.8123
2024_05_22,1716384780.0,3,9,1716385320,12,1,18796.25,1716386820,37,18811.5,R_TRIGGER,29.5,29.5,0.7632
2024_05_22,1716385980.0,23,17,1716387000,40,1,18807.75,1716387720,52,18806.25,R_TRIGGER,-4.0,-4.0,0.7706
2024_05_22,1716387360.0,46,11,1716388020,57,1,18807.0,1716393000,140,18812.0,R_TRIGGER,9.0,9.0,0.7607
2024_05_22,1716391200.0,110,30,1716393000,140,-1,18812.0,1716393960,156,18825.5,R_TRIGGER,-28.0,-28.0,0.9522
2024_05_22,1716393000.0,140,16,1716393960,156,1,18825.5,1716395760,186,18811.25,R_TRIGGER,-29.5,-29.5,0.9449
2024_05_22,1716395040.0,174,22,1716396360,196,-1,18809.5,1716397680,218,18813.25,R_TRIGGER,-8.5,-8.5,0.7341
2024_05_22,1716396720.0,202,36,1716398880,238,-1,18820.5,1716400740,269,18771.25,R_TRIGGER,97.5,97.5,0.7524
2024_05_22,1716400560.0,266,4,1716400800,270,-1,18758.5,1716401160,276,18752.75,R_TRIGGER,10.5,10.5,0.832
2024_05_22,1716400980.0,273,8,1716401460,281,-1,18752.5,1716402300,295,18727.0,R_TRIGGER,50.0,50.0,0.7437
2024_05_22,1716402120.0,292,3,1716402300,295,-1,18727.0,1716403560,316,18707.5,R_TRIGGER,38.0,38.0,0.7692
2024_05_22,1716403320.0,312,7,1716403740,319,1,18730.5,1716405540,349,18702.25,R_TRIGGER,-57.5,-57.5,0.9555
2024_05_22,1716404940.0,339,10,1716405540,349,-1,18702.25,1716405720,352,18724.0,R_TRIGGER,-44.5,-44.5,0.9601
2024_05_22,1716405540.0,349,6,1716405900,355,1,18736.25,1716406740,369,18755.5,R_TRIGGER,37.5,37.5,0.9586
2024_05_22,1716406320.0,362,7,1716406740,369,1,18755.5,1716408420,397,18799.25,R_TRIGGER,86.5,86.5,0.7432
2024_05_22,1716408240.0,394,10,1716408840,404,-1,18791.75,1716408900,405,18794.0,SESSION_CLOSE,-5.5,-5.5,0.947
2024_05_23,,-43,43,1716471000,0,-1,18969.0,1716472920,32,18860.5,R_TRIGGER,216.0,216.0,0.7514
2024_05_23,1716472740.0,29,10,1716473340,39,-1,18875.75,1716474480,58,18886.75,R_TRIGGER,-23.0,-23.0,0.7483
2024_05_23,1716474120.0,52,8,1716474600,60,1,18876.25,1716475380,73,18884.0,R_TRIGGER,14.5,14.5,0.7871
2024_05_23,1716475200.0,70,3,1716475380,73,-1,18884.0,1716476460,91,18839.25,R_TRIGGER,88.5,88.5,0.761
2024_05_23,1716476280.0,88,9,1716476820,97,1,18861.5,1716480420,157,18908.5,R_TRIGGER,93.0,93.0,0.9503
2024_05_23,1716480060.0,151,11,1716480720,162,-1,18897.25,1716481140,169,18910.25,R_TRIGGER,-27.0,-27.0,0.97
2024_05_23,1716480720.0,162,12,1716481440,174,1,18915.75,1716482580,193,18903.25,R_TRIGGER,-26.0,-26.0,0.9588
2024_05_23,1716481860.0,181,13,1716482640,194,-1,18897.0,1716484380,223,18853.25,R_TRIGGER,86.5,86.5,0.9706
2024_05_23,1716483840.0,214,14,1716484680,228,-1,18844.0,1716485280,238,18845.0,R_TRIGGER,-3.0,-3.0,0.7718
2024_05_23,1716485340.0,239,6,1716485700,245,-1,18821.0,1716487740,279,18708.25,R_TRIGGER,224.5,224.5,0.744
2024_05_23,1716487560.0,276,3,1716487740,279,1,18708.25,1716488280,288,18691.5,R_TRIGGER,-34.5,-34.5,0.7811
2024_05_23,1716488100.0,285,3,1716488280,288,-1,18691.5,1716488820,297,18690.25,R_TRIGGER,1.5,1.5,0.7577
2024_05_23,1716488640.0,294,6,1716489000,300,-1,18673.75,1716489360,306,18670.0,R_TRIGGER,6.5,6.5,0.7833
2024_05_23,1716489660.0,311,3,1716489840,314,-1,18662.5,1716490860,331,18661.25,R_TRIGGER,1.5,1.5,0.774
2024_05_23,1716490680.0,328,3,1716490860,331,1,18661.25,1716491100,335,18642.0,R_TRIGGER,-39.5,-39.5,0.8161
2024_05_23,1716490860.0,331,4,1716491100,335,-1,18642.0,1716491340,339,18645.5,R_TRIGGER,-8.0,-8.0,0.789
2024_05_23,1716491160.0,336,3,1716491340,339,-1,18645.5,1716493470,,18696.5,CAT_STOP,-103.0,-101.0,0.7887
2024_05_23,1716494100.0,385,4,1716494340,389,1,18696.5,1716495300,405,18693.0,SESSION_CLOSE,-8.0,-8.0,0.7732
2024_05_24,1716558360.0,16,8,1716558840,24,-1,18734.25,1716559200,30,18792.5,R_TRIGGER,-117.5,-117.5,0.9604
2024_05_24,1716558840.0,24,6,1716559200,30,1,18792.5,1716570420,217,18878.75,R_TRIGGER,171.5,171.5,0.9624
2024_05_24,1716563640.0,104,113,1716570420,217,-1,18878.75,1716573720,272,18914.0,R_TRIGGER,-71.5,-71.5,0.7359
2024_05_24,1716570660.0,221,56,1716574020,277,1,18916.25,1716575700,305,18885.25,R_TRIGGER,-63.0,-63.0,0.759
2024_05_24,1716574680.0,288,35,1716576780,323,-1,18884.5,1716579480,368,18877.25,R_TRIGGER,13.5,13.5,0.7428
2024_05_24,1716577320.0,332,51,1716580380,383,1,18867.5,1716581700,405,18869.75,SESSION_CLOSE,3.5,3.5,0.7903
2024_05_27,1716817260.0,11,8,1716817740,19,-1,18893.0,1716820500,65,18886.25,R_TRIGGER,12.5,12.5,0.9543
2024_05_27,1716818940.0,39,26,1716820500,65,1,18886.25,1716827580,183,18943.25,R_TRIGGER,113.0,113.0,0.9433
2024_05_27,1716827400.0,180,3,1716827580,183,-1,18943.25,1716828360,196,18951.0,R_TRIGGER,-16.5,-16.5,0.9576
2024_05_27,1716827700.0,185,17,1716828720,202,1,18955.25,1716829140,209,18951.0,SESSION_CLOSE,-9.5,-9.5,0.9489
2024_05_28,1716903060.0,1,4,1716903300,5,1,18910.25,1716903960,16,18882.25,CAT_STOP,-57.0,-101.0,0.7853
2024_05_28,1716906660.0,61,7,1716907080,68,-1,18885.75,1716907380,73,18904.75,R_TRIGGER,-39.0,-39.0,0.7458
2024_05_28,1716907080.0,68,7,1716907500,75,1,18910.5,1716908520,92,18905.75,R_TRIGGER,-10.5,-10.5,0.8042
2024_05_28,1716908280.0,88,11,1716908940,99,1,18905.0,1716912480,158,18916.0,R_TRIGGER,21.0,21.0,0.7381
2024_05_28,1716910320.0,122,38,1716912600,160,-1,18918.75,1716914460,191,18934.5,R_TRIGGER,-32.5,-32.5,0.7378
2024_05_28,1716913200.0,170,30,1716915000,200,-1,18933.0,1716916200,220,18923.75,R_TRIGGER,17.5,17.5,0.7446
2024_05_28,1716915960.0,216,13,1716916740,229,1,18929.0,1716918360,256,18920.75,R_TRIGGER,-17.5,-17.5,0.95
2024_05_28,1716918000.0,250,6,1716918360,256,-1,18920.75,1716919560,276,18913.25,R_TRIGGER,14.0,14.0,0.9631
2024_05_28,1716919320.0,272,9,1716919860,281,-1,18925.25,1716921720,312,18841.75,R_TRIGGER,166.0,166.0,0.7374
2024_05_28,1716921540.0,309,18,1716922620,327,1,18861.0,1716925440,374,18880.5,R_TRIGGER,38.0,38.0,0.961
2024_05_28,1716924840.0,364,11,1716925500,375,1,18887.0,1716927240,404,18944.25,R_TRIGGER,113.5,113.5,0.7697
2024_05_29,,-75,75,1716989400,0,1,18797.75,1716990120,12,18786.25,R_TRIGGER,-24.0,-24.0,0.9519
2024_05_29,1716989880.0,8,4,1716990120,12,1,18786.25,1716991560,36,18826.5,R_TRIGGER,79.5,79.5,0.759
2024_05_29,1716990900.0,25,11,1716991560,36,1,18826.5,1716995160,96,18849.0,R_TRIGGER,44.0,44.0,0.7482
2024_05_29,1716994320.0,82,17,1716995340,99,-1,18835.5,1716996240,114,18853.5,R_TRIGGER,-37.0,-37.0,0.9637
2024_05_29,1716995880.0,108,9,1716996420,117,1,18855.0,1716996840,124,18832.0,R_TRIGGER,-47.0,-47.0,0.951
2024_05_29,1716996420.0,117,29,1716998160,146,1,18850.25,1717002120,212,18852.5,R_TRIGGER,3.5,3.5,0.8223
2024_05_29,1717001760.0,206,6,1717002120,212,-1,18852.5,1717005000,260,18844.0,R_TRIGGER,16.0,16.0,0.8973
2024_05_29,1717004220.0,247,15,1717005120,262,1,18857.25,1717007400,300,18840.0,R_TRIGGER,-35.5,-35.5,0.9554
2024_05_29,1717006140.0,279,21,1717007400,300,-1,18840.0,1717010520,352,18848.25,R_TRIGGER,-17.5,-17.5,0.908
2024_05_29,1717008300.0,315,37,1717010520,352,1,18848.25,1717011840,374,18836.75,R_TRIGGER,-24.0,-24.0,0.959
2024_05_29,1717010940.0,359,15,1717011840,374,-1,18836.75,1717013700,405,18799.5,SESSION_CLOSE,73.5,73.5,0.9728
2024_05_30,,-45,45,1717075800,0,1,18745.0,1717077360,26,18727.25,R_TRIGGER,-36.5,-36.5,0.7656
2024_05_30,1717077360.0,26,6,1717077720,32,1,18733.25,1717078260,41,18705.75,R_TRIGGER,-56.0,-56.0,0.7354
2024_05_30,1717077960.0,36,6,1717078320,42,-1,18699.5,1717078560,46,18719.25,R_TRIGGER,-40.5,-40.5,0.984
2024_05_30,1717078380.0,43,14,1717079220,57,-1,18729.25,1717080600,80,18665.75,R_TRIGGER,126.0,126.0,0.76
2024_05_30,1717080600.0,80,15,1717081500,95,-1,18643.75,1717081740,99,18651.5,R_TRIGGER,-16.5,-16.5,0.8446
2024_05_30,1717081500.0,95,13,1717082280,108,1,18656.25,1717084740,149,18669.0,R_TRIGGER,24.5,24.5,0.7358
2024_05_30,1717083720.0,132,17,1717084740,149,-1,18669.0,1717085100,155,18696.75,R_TRIGGER,-56.5,-56.5,0.9616
2024_05_30,1717084740.0,149,11,1717085400,160,-1,18687.5,1717093140,289,18682.0,R_TRIGGER,10.0,10.0,0.7581
2024_05_30,1717093200.0,290,26,1717094760,316,-1,18666.0,1717097520,362,18635.75,R_TRIGGER,59.5,59.5,0.7536
2024_05_30,1717097040.0,354,8,1717097520,362,-1,18635.75,1717098780,383,18603.0,R_TRIGGER,64.5,64.5,0.7501
2024_05_30,1717098600.0,380,4,1717098840,384,1,18614.75,1717099080,388,18602.75,R_TRIGGER,-25.0,-25.0,0.9679
2024_05_30,1717098900.0,385,3,1717099080,388,1,18602.75,1717100100,405,18560.25,SESSION_CLOSE,-86.0,-86.0,0.7829
2024_05_31,,-40,41,1717162260,1,-1,18605.5,1717162740,9,18615.0,R_TRIGGER,-20.0,-20.0,0.7429
2024_05_31,1717162980.0,13,4,1717163220,17,-1,18585.25,1717164420,37,18544.75,R_TRIGGER,80.0,80.0,0.7417
2024_05_31,1717164060.0,31,7,1717164480,38,1,18541.0,1717164720,42,18516.75,R_TRIGGER,-49.5,-49.5,0.7571
2024_05_31,1717164480.0,38,4,1717164720,42,-1,18516.75,1717167360,86,18396.75,R_TRIGGER,239.0,239.0,0.775
2024_05_31,1717166820.0,77,13,1717167600,90,-1,18382.5,1717173540,189,18280.25,R_TRIGGER,203.5,203.5,0.7541
2024_05_31,1717172580.0,173,16,1717173540,189,1,18280.25,1717178460,271,18335.5,R_TRIGGER,109.5,109.5,0.9644
2024_05_31,1717176720.0,242,30,1717178520,272,-1,18334.5,1717180980,313,18352.25,R_TRIGGER,-36.5,-36.5,0.7367
2024_05_31,1717180380.0,303,10,1717180980,313,1,18352.25,1717181580,323,18331.5,R_TRIGGER,-42.5,-42.5,0.9591
2024_05_31,1717181100.0,315,15,1717182000,330,1,18344.0,1717185840,394,18613.25,R_TRIGGER,537.5,537.5,0.7803
2024_05_31,1717185660.0,391,5,1717185960,396,-1,18589.75,1717186500,405,18575.25,SESSION_CLOSE,28.0,28.0,0.7597
2024_06_03,,-55,55,1717421400,0,1,18705.25,1717421700,5,18707.75,R_TRIGGER,4.0,4.0,0.7451
2024_06_03,1717421520.0,2,5,1717421820,7,1,18723.25,1717422540,19,18731.0,R_TRIGGER,14.5,14.5,0.7795
2024_06_03,1717422360.0,16,4,1717422600,20,-1,18715.75,1717423140,29,18675.0,R_TRIGGER,80.5,80.5,0.8007
2024_06_03,1717422960.0,26,3,1717423140,29,-1,18675.0,1717423205,,18685.5,CAT_STOP,-22.0,-101.0,0.8173
2024_06_03,1717423800.0,40,3,1717423980,43,-1,18685.5,1717424580,53,18702.25,R_TRIGGER,-34.5,-34.5,0.7857
2024_06_03,1717424400.0,50,7,1717424820,57,1,18702.5,1717425060,61,18682.0,R_TRIGGER,-42.0,-42.0,0.9718
2024_06_03,1717424640.0,54,7,1717425060,61,1,18682.0,1717425900,75,18645.25,R_TRIGGER,-74.5,-74.5,0.737
2024_06_03,1717425720.0,72,3,1717425900,75,-1,18645.25,1717427280,98,18589.5,R_TRIGGER,110.5,110.5,0.758
2024_06_03,1717427100.0,95,11,1717427760,106,-1,18593.5,1717429920,142,18619.25,R_TRIGGER,-52.5,-52.5,0.7466
2024_06_03,1717429980.0,143,7,1717430400,150,1,18614.0,1717431180,163,18487.75,CAT_STOP,-253.5,-101.0,0.7688
2024_06_03,1717432020.0,177,4,1717432260,181,-1,18487.75,1717432620,187,18502.0,R_TRIGGER,-29.5,-29.5,0.8122
2024_06_03,1717432800.0,190,10,1717433400,200,-1,18492.25,1717433760,206,18496.0,R_TRIGGER,-8.5,-8.5,0.7355
2024_06_03,1717433580.0,203,5,1717433880,208,-1,18491.25,1717434840,224,18464.25,R_TRIGGER,53.0,53.0,0.7621
2024_06_03,1717434660.0,221,7,1717435080,228,1,18487.0,1717437060,261,18554.5,R_TRIGGER,134.0,134.0,0.9606
2024_06_03,1717436640.0,254,7,1717437060,261,-1,18554.5,1717438080,278,18565.0,R_TRIGGER,-22.0,-22.0,0.7747
2024_06_03,1717437360.0,266,14,1717438200,280,1,18571.75,1717438380,283,18541.25,R_TRIGGER,-62.0,-62.0,0.7589
2024_06_03,1717438080.0,278,5,1717438380,283,-1,18541.25,1717438860,291,18566.5,R_TRIGGER,-51.5,-51.5,0.7559
2024_06_03,1717438440.0,284,8,1717438920,292,1,18558.75,1717439340,299,18538.0,R_TRIGGER,-42.5,-42.5,0.7519
2024_06_03,1717439160.0,296,3,1717439340,299,-1,18538.0,1717439760,306,18562.75,R_TRIGGER,-50.5,-50.5,0.7374
2024_06_03,1717439340.0,299,11,1717440000,310,1,18574.5,1717440600,320,18556.75,R_TRIGGER,-36.5,-36.5,0.962
2024_06_03,1717440120.0,312,14,1717440960,326,-1,18544.0,1717441260,331,18569.25,R_TRIGGER,-51.5,-51.5,0.9611
2024_06_03,1717440960.0,326,5,1717441260,331,-1,18569.25,1717443960,376,18598.5,R_TRIGGER,-59.5,-59.5,0.7563
2024_06_03,1717443600.0,370,6,1717443960,376,1,18598.5,1717445700,405,18665.0,SESSION_CLOSE,132.0,132.0,0.7458
2024_06_04,,-81,82,1717507860,1,1,18630.0,1717507980,3,18614.0,R_TRIGGER,-33.0,-33.0,0.7611
2024_06_04,1717507800.0,0,3,1717507980,3,1,18614.0,1717509360,26,18594.5,R_TRIGGER,-40.0,-40.0,0.8563
2024_06_04,1717508760.0,16,11,1717509420,27,-1,18584.0,1717509600,30,18632.0,R_TRIGGER,-97.0,-97.0,0.8279
2024_06_04,1717509420.0,27,3,1717509600,30,1,18632.0,1717509840,34,18632.5,R_TRIGGER,0.0,0.0,0.9733
2024_06_04,1717509660.0,31,3,1717509840,34,-1,18632.5,1717510620,47,18593.0,R_TRIGGER,78.0,78.0,0.7668
2024_06_04,1717510440.0,44,4,1717510680,48,1,18601.5,1717510980,53,18585.25,R_TRIGGER,-33.5,-33.5,0.7512
2024_06_04,1717510980.0,53,8,1717511460,61,1,18636.5,1717511760,66,18613.5,R_TRIGGER,-47.0,-47.0,0.9552
2024_06_04,1717511520.0,62,5,1717511820,67,1,18610.25,1717512480,78,18624.0,R_TRIGGER,26.5,26.5,0.7375
2024_06_04,1717512060.0,71,14,1717512900,85,1,18621.0,1717514040,104,18593.75,R_TRIGGER,-55.5,-55.5,0.7453
2024_06_04,1717513800.0,100,4,1717514040,104,-1,18593.75,1717514280,108,18615.0,R_TRIGGER,-43.5,-43.5,0.7495
2024_06_04,1717514520.0,112,6,1717514880,118,-1,18608.75,1717518480,178,18600.0,R_TRIGGER,16.5,16.5,0.7485
2024_06_04,1717517880.0,168,11,1717518540,179,1,18607.75,1717519980,203,18626.0,R_TRIGGER,35.5,35.5,0.9675
2024_06_04,1717519680.0,198,5,1717519980,203,-1,18626.0,1717521060,221,18620.0,R_TRIGGER,11.0,11.0,0.782
2024_06_04,1717520820.0,217,10,1717521420,227,1,18631.75,1717522440,244,18620.25,R_TRIGGER,-24.0,-24.0,0.9604
2024_06_04,1717522200.0,240,10,1717522800,250,1,18628.5,1717527360,326,18729.5,R_TRIGGER,201.0,201.0,0.7513
2024_06_04,1717527060.0,321,7,1717527480,328,-1,18712.25,1717528260,341,18657.0,R_TRIGGER,109.5,109.5,0.9649
2024_06_04,1717528020.0,337,4,1717528260,341,1,18657.0,1717529820,367,18662.75,R_TRIGGER,10.5,10.5,0.7924
2024_06_04,1717529580.0,363,4,1717529820,367,-1,18662.75,1717530120,372,18673.5,R_TRIGGER,-22.5,-22.5,0.7893
2024_06_04,1717529880.0,368,4,1717530120,372,-1,18673.5,1717532100,405,18702.0,SESSION_CLOSE,-58.0,-58.0,0.746
2024_06_05,,-58,58,1717594200,0,-1,18825.0,1717595040,14,18835.0,R_TRIGGER,-21.0,-21.0,0.9636
2024_06_05,1717595220.0,17,4,1717595460,21,-1,18840.5,1717595640,24,18848.25,R_TRIGGER,-16.5,-16.5,0.7922
2024_06_05,1717595460.0,21,3,1717595640,24,-1,18848.25,1717596180,33,18843.5,R_TRIGGER,8.5,8.5,0.7394
2024_06_05,1717596000.0,30,3,1717596180,33,-1,18843.5,1717596780,43,18836.0,R_TRIGGER,14.0,14.0,0.7994
2024_06_05,1717596540.0,39,4,1717596780,43,-1,18836.0,1717597560,56,18928.25,CAT_STOP,-185.5,-101.0,0.7657
2024_06_05,1717599480.0,88,7,1717599900,95,1,18939.75,1717601220,117,18963.0,R_TRIGGER,45.5,45.5,0.7987
2024_06_05,1717601220.0,117,21,1717602480,138,-1,18975.25,1717604520,172,18980.25,R_TRIGGER,-11.0,-11.0,0.7721
2024_06_05,1717603200.0,150,23,1717604580,173,1,18978.25,1717607940,229,18996.25,R_TRIGGER,35.0,35.0,0.8088
2024_06_05,1717607520.0,222,7,1717607940,229,-1,18996.25,1717608600,240,19001.0,R_TRIGGER,-10.5,-10.5,0.9702
2024_06_05,1717608060.0,231,13,1717608840,244,1,19008.75,1717609620,257,19007.25,R_TRIGGER,-4.0,-4.0,0.9506
2024_06_05,1717609260.0,251,9,1717609800,260,1,19012.25,1717615560,356,19035.75,R_TRIGGER,46.0,46.0,0.7446
2024_06_05,1717615080.0,348,8,1717615560,356,-1,19035.75,1717616160,366,19046.75,R_TRIGGER,-23.0,-23.0,0.7416
2024_06_05,1717616340.0,369,11,1717617000,380,-1,19039.0,1717617180,383,19060.25,R_TRIGGER,-43.5,-43.5,0.9675
2024_06_05,1717617360.0,386,10,1717617960,396,1,19061.75,1717618500,405,19061.0,SESSION_CLOSE,-2.5,-2.5,0.7567
2024_06_06,,-50,50,1717680600,0,1,19092.25,1717681500,15,19086.75,R_TRIGGER,-12.0,-12.0,0.7406
2024_06_06,1717681200.0,10,5,1717681500,15,1,19086.75,1717682330,,19056.5,CAT_STOP,-61.5,-101.0,0.7912
2024_06_06,1717683120.0,42,6,1717683480,48,-1,19057.0,1717683780,53,19083.5,R_TRIGGER,-54.0,-54.0,0.7407
2024_06_06,1717683420.0,47,6,1717683780,53,1,19083.5,1717684020,57,19074.5,R_TRIGGER,-19.0,-19.0,0.9586
2024_06_06,1717684680.0,68,45,1717687380,113,-1,19070.75,1717691100,175,19065.0,R_TRIGGER,10.5,10.5,0.9612
2024_06_06,1717690560.0,166,14,1717691400,180,-1,19050.0,1717693200,210,19063.0,R_TRIGGER,-27.0,-27.0,0.743
2024_06_06,1717692060.0,191,19,1717693200,210,1,19063.0,1717697040,274,19057.75,R_TRIGGER,-11.5,-11.5,0.9664
2024_06_06,1717695540.0,249,25,1717697040,274,-1,19057.75,1717697880,288,19054.5,R_TRIGGER,5.5,5.5,0.9705
2024_06_06,1717697400.0,280,9,1717697940,289,1,19051.75,1717701300,345,19052.5,R_TRIGGER,0.5,0.5,0.7614
2024_06_06,1717699980.0,323,29,1717701720,352,-1,19048.0,1717703340,379,19066.75,R_TRIGGER,-38.5,-38.5,0.9692
2024_06_06,1717703400.0,380,22,1717704720,402,1,19066.0,1717704900,405,19064.0,SESSION_CLOSE,-5.0,-5.0,0.9642
2024_06_07,,-2,13,1717767660,11,1,18995.0,1717772220,87,19074.75,R_TRIGGER,158.5,158.5,0.7832
2024_06_07,1717771740.0,79,12,1717772460,91,-1,19057.5,1717773900,115,19060.5,R_TRIGGER,-7.0,-7.0,0.7522
2024_06_07,1717773060.0,101,25,1717774560,126,1,19064.0,1717783200,270,19085.5,R_TRIGGER,42.0,42.0,0.736
2024_06_07,1717781040.0,234,36,1717783200,270,-1,19085.5,1717784820,297,19046.75,R_TRIGGER,76.5,76.5,0.9047
2024_06_07,1717784100.0,285,13,1717784880,298,1,19047.5,1717787580,343,19012.75,R_TRIGGER,-70.5,-70.5,0.9585
2024_06_07,1717786080.0,318,25,1717787580,343,-1,19012.75,1717788480,358,19050.0,R_TRIGGER,-75.5,-75.5,0.9692
2024_06_07,1717788060.0,351,16,1717789020,367,-1,19039.0,1717791300,405,19024.75,SESSION_CLOSE,27.5,27.5,0.7366
2024_06_10,1718026260.0,1,4,1718026500,5,-1,19023.0,1718027820,27,19002.0,R_TRIGGER,41.0,41.0,0.7955
2024_06_10,1718027640.0,24,16,1718028600,40,1,19015.0,1718035140,149,19088.25,R_TRIGGER,145.5,145.5,0.7553
2024_06_10,1718034960.0,146,4,1718035200,150,-1,19088.75,1718036160,166,19115.25,R_TRIGGER,-54.0,-54.0,0.7706
2024_06_10,1718035140.0,149,25,1718036640,174,-1,19106.0,1718041560,256,19090.75,R_TRIGGER,29.5,29.5,0.7587
2024_06_10,1718041080.0,248,8,1718041560,256,1,19090.75,1718042940,279,19078.0,R_TRIGGER,-26.5,-26.5,0.9535
2024_06_10,1718041740.0,259,20,1718042940,279,-1,19078.0,1718044560,306,19067.5,R_TRIGGER,20.0,20.0,0.9694
2024_06_10,1718044320.0,302,5,1718044620,307,1,19067.0,1718047920,362,19099.25,R_TRIGGER,63.5,63.5,0.9644
2024_06_10,1718046900.0,345,17,1718047920,362,-1,19099.25,1718050500,405,19092.25,SESSION_CLOSE,13.0,13.0,0.9583
2024_06_11,,-23,29,1718112960,6,1,19079.0,1718113140,9,19058.0,R_TRIGGER,-43.0,-43.0,0.7368
2024_06_11,1718112900.0,5,12,1718113620,17,-1,19013.75,1718113860,21,19030.25,R_TRIGGER,-34.0,-34.0,0.9668
2024_06_11,1718114100.0,25,4,1718114340,29,1,19032.25,1718118240,94,19116.0,R_TRIGGER,166.5,166.5,0.7456
2024_06_11,1718118000.0,90,4,1718118240,94,-1,19116.0,1718119680,118,19118.25,R_TRIGGER,-5.5,-5.5,0.7344
2024_06_11,1718119020.0,107,14,1718119860,121,1,19125.5,1718120220,127,19111.75,R_TRIGGER,-28.5,-28.5,0.9661
2024_06_11,1718119980.0,123,10,1718120580,133,-1,19079.75,1718121420,147,19087.0,R_TRIGGER,-15.5,-15.5,0.9632
2024_06_11,1718121000.0,140,10,1718121600,150,-1,19079.25,1718125440,214,19131.5,CAT_STOP,-105.5,-101.0,0.7826
2024_06_11,1718126640.0,234,11,1718127300,245,1,19131.5,1718129220,277,19155.5,R_TRIGGER,47.0,47.0,0.9435
2024_06_11,1718129460.0,281,26,1718131020,307,-1,19215.0,1718132580,333,19216.5,R_TRIGGER,-4.0,-4.0,0.7561
2024_06_11,1718132160.0,326,13,1718132940,339,-1,19208.25,1718135580,383,19218.25,R_TRIGGER,-21.0,-21.0,0.7447
2024_06_11,1718134500.0,365,20,1718135700,385,1,19231.5,1718136900,405,19255.0,SESSION_CLOSE,46.0,46.0,0.9588
2024_06_12,,-20,20,1718199000,0,-1,19380.25,1718199180,3,19428.75,R_TRIGGER,-98.0,-98.0,0.9531
2024_06_12,1718199000.0,0,5,1718199300,5,1,19426.5,1718203140,69,19513.0,R_TRIGGER,172.0,172.0,0.742
2024_06_12,1718202780.0,63,6,1718203140,69,-1,19513.0,1718203680,78,19531.0,R_TRIGGER,-37.0,-37.0,0.9447
2024_06_12,1718203680.0,78,5,1718203980,83,-1,19500.5,1718204700,95,19514.75,R_TRIGGER,-29.5,-29.5,0.7496
2024_06_12,1718204220.0,87,10,1718204820,97,1,19520.0,1718205300,105,19503.75,R_TRIGGER,-33.5,-33.5,0.943
2024_06_12,1718205960.0,116,24,1718207400,140,-1,19510.5,1718210880,198,19517.5,R_TRIGGER,-15.0,-15.0,0.961
2024_06_12,1718210220.0,187,53,1718213400,240,-1,19514.0,1718215140,269,19515.0,R_TRIGGER,-3.0,-3.0,0.7861
2024_06_12,1718213520.0,242,27,1718215140,269,1,19515.0,1718215200,270,19487.5,CAT_STOP,-56.0,-101.0,0.7758
2024_06_12,1718215320.0,272,3,1718215500,275,-1,19487.5,1718215800,280,19495.75,R_TRIGGER,-17.5,-17.5,0.8435
2024_06_12,1718215620.0,277,3,1718215800,280,-1,19495.75,1718217540,309,19540.0,R_TRIGGER,-89.5,-89.5,0.742
2024_06_12,1718217360.0,306,5,1718217660,311,1,19524.25,1718217780,313,19516.75,R_TRIGGER,-16.0,-16.0,0.8284
2024_06_12,1718217540.0,309,5,1718217840,314,1,19498.75,1718219160,336,19517.75,R_TRIGGER,37.0,37.0,0.7739
2024_06_12,1718218920.0,332,4,1718219160,336,1,19517.75,1718220240,354,19511.5,R_TRIGGER,-13.5,-13.5,0.7647
2024_06_12,1718220060.0,351,3,1718220240,354,-1,19511.5,1718220960,366,19488.25,R_TRIGGER,45.5,45.5,0.9822
2024_06_12,1718220720.0,362,4,1718220960,366,-1,19488.25,1718221620,377,19474.25,R_TRIGGER,27.0,27.0,0.8103
2024_06_12,1718221320.0,372,5,1718221620,377,-1,19474.25,1718222220,387,19540.75,CAT_STOP,-134.0,-101.0,0.7864
2024_06_13,,-40,42,1718285520,2,1,19642.0,1718286300,15,19643.25,R_TRIGGER,1.5,1.5,0.7427
2024_06_13,1718286000.0,10,10,1718286600,20,1,19649.0,1718287800,40,19612.5,R_TRIGGER,-74.0,-74.0,0.768
2024_06_13,1718287320.0,32,8,1718287800,40,-1,19612.5,1718288940,59,19574.25,R_TRIGGER,75.5,75.5,0.9434
2024_06_13,1718288640.0,54,10,1718289240,64,-1,19573.0,1718291280,98,19579.75,R_TRIGGER,-14.5,-14.5,0.7486
2024_06_13,1718291520.0,102,4,1718291760,106,-1,19567.5,1718292600,120,19585.75,R_TRIGGER,-37.5,-37.5,0.7398
2024_06_13,1718292120.0,112,8,1718292600,120,1,19585.75,1718294400,150,19576.25,R_TRIGGER,-20.0,-20.0,0.9524
2024_06_13,1718293440.0,134,17,1718294460,151,-1,19564.75,1718296380,183,19539.75,R_TRIGGER,49.0,49.0,0.9634
2024_06_13,1718296200.0,180,10,1718296800,190,1,19542.5,1718297280,198,19513.5,R_TRIGGER,-59.0,-59.0,0.9646
2024_06_13,1718297280.0,198,11,1718297940,209,1,19544.0,1718300220,247,19554.25,R_TRIGGER,19.5,19.5,0.7644
2024_06_13,1718299680.0,238,17,1718300700,255,1,19578.0,1718306100,345,19589.25,R_TRIGGER,21.5,21.5,0.761
2024_06_13,1718305740.0,339,6,1718306100,345,-1,19589.25,1718308500,385,19617.25,R_TRIGGER,-57.0,-57.0,0.7507
2024_06_13,1718306100.0,345,40,1718308500,385,1,19617.25,1718308920,392,19597.0,R_TRIGGER,-41.5,-41.5,0.7789
2024_06_13,1718308740.0,389,6,1718309100,395,1,19623.5,1718309700,405,19614.0,SESSION_CLOSE,-20.0,-20.0,0.7432
2024_06_14,,-91,91,1718371800,0,1,19577.75,1718373720,32,19620.5,R_TRIGGER,84.5,84.5,0.8376
2024_06_14,1718373540.0,29,4,1718373780,33,1,19608.75,1718375280,58,19624.75,R_TRIGGER,31.0,31.0,0.7627
2024_06_14,1718375040.0,54,12,1718375760,66,-1,19592.5,1718376180,73,19601.25,R_TRIGGER,-18.5,-18.5,0.9595
2024_06_14,1718375880.0,68,6,1718376240,74,1,19604.5,1718377320,92,19620.5,R_TRIGGER,31.0,31.0,0.7406
2024_06_14,1718379120.0,122,9,1718379660,131,-1,19600.25,1718380380,143,19589.0,R_TRIGGER,21.5,21.5,0.9598
2024_06_14,1718380200.0,140,9,1718380740,149,1,19617.75,1718381940,169,19618.75,R_TRIGGER,1.0,1.0,0.9498
2024_06_14,1718381520.0,162,14,1718382360,176,-1,19616.75,1718383080,188,19627.0,R_TRIGGER,-21.5,-21.5,0.9624
2024_06_14,1718382720.0,182,13,1718383500,195,1,19629.25,1718387820,267,19647.0,R_TRIGGER,34.5,34.5,0.963
2024_06_14,1718386740.0,249,19,1718387880,268,-1,19652.75,1718389320,292,19655.5,R_TRIGGER,-6.5,-6.5,0.7649
2024_06_14,1718389020.0,287,6,1718389380,293,1,19658.75,1718389980,303,19651.0,R_TRIGGER,-16.5,-16.5,0.9526
2024_06_14,1718389560.0,296,13,1718390340,309,1,19650.0,1718394180,373,19651.5,R_TRIGGER,2.0,2.0,0.7426
2024_06_14,1718393040.0,354,19,1718394180,373,-1,19651.5,1718394960,386,19670.0,R_TRIGGER,-38.0,-38.0,0.9639
2024_06_14,1718394300.0,375,12,1718395020,387,1,19668.25,1718396100,405,19686.75,SESSION_CLOSE,36.0,36.0,0.7351
2024_06_17,,-36,36,1718631000,0,1,19960.25,1718631240,4,19940.0,R_TRIGGER,-41.5,-41.5,0.9427
2024_06_17,1718631060.0,1,3,1718631240,4,-1,19940.0,1718631480,8,19953.0,R_TRIGGER,-27.0,-27.0,0.7774
2024_06_17,1718631540.0,9,5,1718631840,14,-1,19943.5,1718632440,24,19932.5,R_TRIGGER,21.0,21.0,0.7596
2024_06_17,1718632140.0,19,15,1718633040,34,1,19952.75,1718634060,51,19968.0,R_TRIGGER,29.5,29.5,0.9714
2024_06_17,1718633820.0,47,9,1718634360,56,-1,19946.0,1718634720,62,19962.0,R_TRIGGER,-33.0,-33.0,0.9488
2024_06_17,1718634540.0,59,8,1718635020,67,1,19975.0,1718635740,79,19957.5,R_TRIGGER,-36.0,-36.0,0.9597
2024_06_17,1718639700.0,145,30,1718641500,175,1,20056.75,1718643540,209,20095.25,R_TRIGGER,76.0,76.0,0.797
2024_06_17,1718643540.0,209,18,1718644620,227,1,20140.5,1718646240,254,20193.5,R_TRIGGER,105.0,105.0,0.7512
2024_06_17,1718646060.0,251,6,1718646420,257,1,20205.0,1718648040,284,20219.25,R_TRIGGER,27.5,27.5,0.7348
2024_06_17,1718647860.0,281,3,1718648040,284,-1,20219.25,1718648220,287,20238.75,R_TRIGGER,-40.0,-40.0,0.9714
2024_06_17,1718648040.0,284,20,1718649240,304,-1,20242.75,1718650200,320,20236.25,R_TRIGGER,12.0,12.0,0.7518
2024_06_17,1718651100.0,335,12,1718651820,347,1,20253.0,1718652840,364,20247.75,R_TRIGGER,-11.5,-11.5,0.9468
2024_06_17,1718652540.0,359,7,1718652960,366,-1,20239.75,1718655300,405,20178.5,SESSION_CLOSE,121.5,121.5,0.967
2024_06_18,,-60,60,1718717400,0,-1,20189.25,1718717700,5,20213.75,R_TRIGGER,-50.0,-50.0,0.8378
2024_06_18,1718717400.0,0,5,1718717700,5,-1,20213.75,1718719020,27,20196.5,R_TRIGGER,33.5,33.5,0.7736
2024_06_18,1718719020.0,27,3,1718719200,30,-1,20178.5,1718719560,36,20200.25,R_TRIGGER,-44.5,-44.5,0.736
2024_06_18,1718719260.0,31,10,1718719860,41,1,20208.75,1718720280,48,20185.0,R_TRIGGER,-48.5,-48.5,0.9604
2024_06_18,1718720100.0,45,3,1718720280,48,1,20185.0,1718721720,72,20170.0,R_TRIGGER,-31.0,-31.0,0.7524
2024_06_18,1718721360.0,66,7,1718721780,73,-1,20170.75,1718724060,111,20155.75,R_TRIGGER,29.0,29.0,0.8556
2024_06_18,1718723640.0,104,10,1718724240,114,1,20164.0,1718727660,171,20174.25,R_TRIGGER,19.5,19.5,0.9382
2024_06_18,1718726820.0,157,48,1718729700,205,1,20193.0,1718733540,269,20202.5,R_TRIGGER,18.0,18.0,0.9484
2024_06_18,1718733000.0,260,9,1718733540,269,-1,20202.5,1718734020,277,20191.5,R_TRIGGER,21.0,21.0,0.9735
2024_06_18,1718733840.0,274,11,1718734500,285,-1,20190.0,1718740440,384,20200.75,R_TRIGGER,-22.5,-22.5,0.7914
2024_06_19,,-1,4,1718803980,3,1,20245.0,1718804100,5,20241.75,R_TRIGGER,-7.5,-7.5,0.7694
2024_06_19,1718804640.0,14,43,1718807220,57,-1,20236.25,1718807940,69,20233.5,R_TRIGGER,4.5,4.5,0.8054
2024_06_19,1718807700.0,65,7,1718808120,72,1,20236.0,1718813220,157,20235.0,R_TRIGGER,-3.0,-3.0,0.9496
2024_06_19,1718813580.0,163,20,1718814780,183,1,20240.25,1718815860,201,20229.0,R_TRIGGER,-23.5,-23.5,0.9606
2024_06_20,,-170,171,1718890260,1,-1,20221.25,1718890680,8,20226.75,R_TRIGGER,-12.0,-12.0,0.7385
2024_06_20,1718890440.0,4,10,1718891040,14,1,20260.25,1718891460,21,20234.0,R_TRIGGER,-53.5,-53.5,0.96
2024_06_20,1718891220.0,17,5,1718891520,22,-1,20233.5,1718893320,52,20155.25,R_TRIGGER,155.5,155.5,0.7414
2024_06_20,1718893140.0,49,6,1718893500,55,-1,20167.25,1718895600,90,20204.25,CAT_STOP,-75.0,-101.0,0.7417
2024_06_20,1718897160.0,116,18,1718898240,134,-1,20202.75,1718898720,142,20182.5,R_TRIGGER,39.5,39.5,0.752
2024_06_20,1718898540.0,139,5,1718898840,144,-1,20176.0,1718901600,190,20048.75,R_TRIGGER,253.5,253.5,0.7431
2024_06_20,1718901420.0,187,3,1718901600,190,-1,20048.75,1718903460,221,20038.0,R_TRIGGER,20.5,20.5,0.7486
2024_06_20,1718903280.0,218,3,1718903460,221,1,20038.0,1718904180,233,20022.5,R_TRIGGER,-32.0,-32.0,0.7467
2024_06_20,1718903820.0,227,7,1718904240,234,-1,20016.75,1718905320,252,19994.0,R_TRIGGER,44.5,44.5,0.7399
2024_06_20,1718905140.0,249,3,1718905320,252,1,19994.0,1718907120,282,20051.5,R_TRIGGER,114.0,114.0,0.7822
2024_06_20,1718906880.0,278,4,1718907120,282,-1,20051.5,1718908080,298,20072.75,R_TRIGGER,-43.5,-43.5,0.7745
2024_06_20,1718908140.0,299,7,1718908560,306,-1,20037.5,1718910420,337,20004.5,R_TRIGGER,65.0,65.0,0.9737
2024_06_20,1718910180.0,333,12,1718910900,345,-1,20019.5,1718911620,357,20015.5,R_TRIGGER,7.0,7.0,0.748
2024_06_20,1718911440.0,354,4,1718911680,358,1,20021.25,1718912280,368,20027.25,R_TRIGGER,11.0,11.0,0.9657
2024_06_20,1718912100.0,365,6,1718912460,371,1,20045.0,1718913420,387,20039.75,R_TRIGGER,-11.5,-11.5,0.7791
2024_06_20,1718913240.0,384,3,1718913420,387,-1,20039.75,1718914020,397,20043.25,R_TRIGGER,-8.0,-8.0,0.8318
2024_06_20,1718913540.0,389,15,1718914440,404,-1,20035.5,1718914500,405,20037.75,SESSION_CLOSE,-5.5,-5.5,0.9574
2024_06_21,,-14,14,1718976600,0,-1,19993.0,1718978400,30,19973.5,R_TRIGGER,38.0,38.0,0.9556
2024_06_21,1718978100.0,25,17,1718979120,42,1,19983.5,1718979840,54,19958.25,R_TRIGGER,-51.5,-51.5,0.9686
2024_06_21,1718979360.0,46,9,1718979900,55,-1,19969.0,1718981340,79,19997.25,R_TRIGGER,-57.5,-57.5,0.7706
2024_06_21,1718980260.0,61,18,1718981340,79,1,19997.25,1718983800,120,19990.5,R_TRIGGER,-14.5,-14.5,0.9665
2024_06_21,1718983200.0,110,10,1718983800,120,-1,19990.5,1718984640,134,20021.5,R_TRIGGER,-63.0,-63.0,0.9692
2024_06_21,1718983980.0,123,11,1718984640,134,1,20021.5,1718988240,194,20023.5,R_TRIGGER,3.0,3.0,0.9468
2024_06_21,1718985900.0,155,40,1718988300,195,-1,20013.25,1718994360,296,19989.5,R_TRIGGER,46.5,46.5,0.8087
2024_06_21,1718991360.0,246,60,1718994960,306,1,19988.5,1719000900,405,20009.0,SESSION_CLOSE,40.0,40.0,0.7441
2024_06_24,,-17,19,1719235920,2,1,19934.5,1719236220,7,19927.0,R_TRIGGER,-16.0,-16.0,0.7739
2024_06_24,1719236040.0,4,6,1719236400,10,1,19915.5,1719238380,43,19966.25,R_TRIGGER,100.5,100.5,0.8054
2024_06_24,1719238140.0,39,6,1719238500,45,1,19956.25,1719239335,,19886.0,CAT_STOP,-141.5,-101.0,0.7521
2024_06_24,1719239940.0,69,3,1719240120,72,-1,19886.0,1719240900,85,19861.5,R_TRIGGER,48.0,48.0,0.7708
2024_06_24,1719240540.0,79,7,1719240960,86,1,19860.5,1719242640,114,19892.5,R_TRIGGER,63.0,63.0,0.7552
2024_06_24,1719242460.0,111,4,1719242700,115,-1,19892.25,1719243000,120,19900.75,R_TRIGGER,-18.0,-18.0,0.7625
2024_06_24,1719242820.0,117,6,1719243180,123,-1,19907.0,1719245880,168,19910.0,R_TRIGGER,-7.0,-7.0,0.7904
2024_06_24,1719245580.0,163,26,1719247140,189,-1,19896.75,1719249360,226,19831.25,R_TRIGGER,130.0,130.0,0.7378
2024_06_24,1719249180.0,223,7,1719249600,230,-1,19824.75,1719250620,247,19819.25,R_TRIGGER,10.0,10.0,0.7529
2024_06_24,1719250440.0,244,4,1719250680,248,1,19826.5,1719252000,270,19805.0,R_TRIGGER,-44.0,-44.0,0.7766
2024_06_24,1719251760.0,266,9,1719252300,275,1,19806.75,1719257640,364,19827.5,R_TRIGGER,40.5,40.5,0.7641
2024_06_24,1719256020.0,337,29,1719257760,366,1,19831.75,1719258540,379,19758.0,CAT_STOP,-148.5,-101.0,0.7371
2024_06_25,,-16,17,1719322260,1,-1,19823.0,1719322920,12,19828.0,R_TRIGGER,-11.0,-11.0,0.7387
2024_06_25,1719322740.0,9,3,1719322920,12,1,19828.0,1719323700,25,19828.25,R_TRIGGER,-0.5,-0.5,0.7452
2024_06_25,1719323700.0,25,5,1719324000,30,1,19849.5,1719325020,47,19869.5,R_TRIGGER,39.0,39.0,0.9697
2024_06_25,1719324840.0,44,9,1719325380,53,1,19871.25,1719326640,74,19875.75,R_TRIGGER,8.0,8.0,0.7402
2024_06_25,1719325980.0,63,20,1719327180,83,-1,19860.0,1719327660,91,19883.5,R_TRIGGER,-48.0,-48.0,0.9695
2024_06_25,1719327420.0,87,6,1719327780,93,1,19892.0,1719331860,161,19943.5,R_TRIGGER,102.0,102.0,0.9503
2024_06_25,1719331320.0,152,11,1719331980,163,-1,19936.25,1719335340,219,19868.0,R_TRIGGER,135.5,135.5,0.9604
2024_06_25,1719335160.0,216,8,1719335640,224,1,19887.25,1719341280,318,19920.5,R_TRIGGER,65.5,65.5,0.9622
2024_06_25,1719340200.0,300,18,1719341280,318,-1,19920.5,1719341760,326,19948.5,R_TRIGGER,-57.0,-57.0,0.9607
2024_06_25,1719341280.0,318,9,1719341820,327,-1,19945.0,1719345540,389,19967.25,R_TRIGGER,-45.5,-45.5,0.7358
2024_06_25,1719345000.0,380,23,1719346380,403,1,19964.5,1719346500,405,19962.25,SESSION_CLOSE,-5.5,-5.5,0.961
2024_06_26,,-23,25,1719408720,2,1,19947.25,1719410340,29,19971.75,R_TRIGGER,48.0,48.0,0.7643
2024_06_26,1719410340.0,29,7,1719410760,36,1,20003.75,1719412020,57,19982.25,R_TRIGGER,-44.0,-44.0,0.9646
2024_06_26,1719411780.0,53,5,1719412080,58,-1,19956.5,1719412320,62,19979.25,R_TRIGGER,-46.5,-46.5,0.9708
2024_06_26,1719412140.0,59,6,1719412500,65,-1,19991.5,1719414900,105,19943.25,R_TRIGGER,95.5,95.5,0.7395
2024_06_26,1719414660.0,101,9,1719415200,110,1,19972.0,1719415860,121,19951.0,R_TRIGGER,-43.0,-43.0,0.9551
2024_06_26,1719415440.0,114,11,1719416100,125,1,19962.75,1719417900,155,20003.0,R_TRIGGER,79.5,79.5,0.7352
2024_06_26,1719417240.0,144,11,1719417900,155,1,20003.0,1719420505,,19946.5,CAT_STOP,-114.0,-101.0,0.742
2024_06_26,1719422040.0,224,6,1719422400,230,-1,19939.0,1719423240,244,19969.5,R_TRIGGER,-62.0,-62.0,0.9753
2024_06_26,1719422400.0,230,18,1719423480,248,-1,19966.5,1719427740,319,19981.75,R_TRIGGER,-31.5,-31.5,0.7871
2024_06_26,1719427320.0,312,7,1719427740,319,1,19981.75,1719428160,326,19955.25,R_TRIGGER,-54.0,-54.0,0.963
2024_06_26,1719427800.0,320,6,1719428160,326,-1,19955.25,1719430140,359,19960.0,R_TRIGGER,-10.5,-10.5,0.9557
2024_06_26,1719429240.0,344,15,1719430140,359,1,19960.0,1719432000,390,19982.75,R_TRIGGER,44.5,44.5,0.9601
2024_06_26,1719431760.0,386,5,1719432060,391,-1,19926.5,1719432070,,19965.25,CAT_STOP,-78.5,-101.0,0.9809
2024_06_26,1719432060.0,391,5,1719432360,396,-1,19976.0,1719432900,405,19950.25,SESSION_CLOSE,50.5,50.5,0.7492
2024_06_27,1719495540.0,9,5,1719495840,14,-1,20074.75,1719495960,16,20089.25,R_TRIGGER,-30.0,-30.0,0.7575
2024_06_27,1719495960.0,16,6,1719496320,22,-1,20023.25,1719496500,25,20037.25,R_TRIGGER,-29.0,-29.0,0.9601
2024_06_27,1719496320.0,22,8,1719496800,30,-1,20070.25,1719497460,41,20080.5,R_TRIGGER,-21.5,-21.5,0.7687
2024_06_27,1719497280.0,38,3,1719497460,41,1,20080.5,1719497880,48,20085.25,R_TRIGGER,8.5,8.5,0.9604
2024_06_27,1719497700.0,45,4,1719497940,49,1,20070.75,1719498660,61,20069.5,R_TRIGGER,-3.5,-3.5,0.7341
2024_06_27,1719498420.0,57,4,1719498660,61,-1,20069.5,1719499200,70,20063.0,R_TRIGGER,12.0,12.0,0.9661
2024_06_27,1719499200.0,70,5,1719499500,75,-1,20044.25,1719500100,85,20029.75,R_TRIGGER,28.0,28.0,0.7809
2024_06_27,1719499920.0,82,11,1719500580,93,-1,20026.25,1719502740,129,19983.75,R_TRIGGER,84.0,84.0,0.7626
2024_06_27,1719503100.0,135,14,1719503940,149,-1,19989.75,1719505860,181,20046.5,CAT_STOP,-114.5,-101.0,0.7403
2024_06_27,1719508740.0,229,10,1719509340,239,1,20053.0,1719511080,268,20039.25,R_TRIGGER,-28.5,-28.5,0.9569
2024_06_27,1719510060.0,251,17,1719511080,268,-1,20039.25,1719511620,277,20019.75,R_TRIGGER,38.0,38.0,0.9662
2024_06_27,1719511380.0,273,14,1719512220,287,-1,20010.75,1719512640,294,20017.25,R_TRIGGER,-14.0,-14.0,0.7374
2024_06_27,1719512340.0,289,7,1719512760,296,-1,20013.0,1719518220,387,20028.75,R_TRIGGER,-32.5,-32.5,0.7367
2024_06_27,1719518040.0,384,4,1719518280,388,-1,20025.25,1719518940,399,20069.25,CAT_STOP,-89.0,-101.0,0.7501
2024_06_28,,-59,60,1719581460,1,-1,20049.75,1719581820,7,20086.0,R_TRIGGER,-73.5,-73.5,0.7567
2024_06_28,1719581640.0,4,4,1719581880,8,1,20087.5,1719584280,48,20235.75,R_TRIGGER,295.5,295.5,0.7572
2024_06_28,1719584100.0,45,7,1719584520,52,1,20246.0,1719585625,,20082.5,CAT_STOP,-328.0,-101.0,0.7393
2024_06_28,1719588240.0,114,3,1719588420,117,-1,20082.5,1719588660,121,20115.5,R_TRIGGER,-67.0,-67.0,0.7548
2024_06_28,1719589260.0,131,23,1719590640,154,-1,20095.75,1719591960,176,20067.0,R_TRIGGER,56.5,56.5,0.9759
2024_06_28,1719591480.0,168,12,1719592200,180,1,20068.25,1719592440,184,20041.25,R_TRIGGER,-55.0,-55.0,0.9571
2024_06_28,1719592200.0,180,7,1719592620,187,-1,20033.75,1719593340,199,20019.0,R_TRIGGER,28.5,28.5,0.8049
2024_06_28,1719592860.0,191,16,1719593820,207,-1,20020.0,1719595430,,20066.75,CAT_STOP,-94.5,-101.0,0.7376
2024_06_28,1719596820.0,257,27,1719598440,284,1,20066.75,1719598920,292,20014.0,R_TRIGGER,-106.5,-106.5,0.9647
2024_06_28,1719598500.0,285,8,1719598980,293,-1,20017.0,1719603420,367,19962.5,R_TRIGGER,108.0,108.0,0.7535
2024_06_28,1719603240.0,364,4,1719603480,368,1,19973.75,1719604380,383,19980.25,R_TRIGGER,12.0,12.0,0.969
2024_06_28,1719603840.0,374,10,1719604440,384,-1,19967.75,1719605040,394,19948.0,R_TRIGGER,38.5,38.5,0.8645
2024_06_28,1719604740.0,389,7,1719605160,396,-1,19949.25,1719605700,405,19962.25,SESSION_CLOSE,-27.0,-27.0,0.7372
2024_07_01,,-27,28,1719840660,1,-1,19976.5,1719841080,8,19969.25,R_TRIGGER,13.5,13.5,0.7805
2024_07_01,1719840840.0,4,6,1719841200,10,-1,19928.0,1719842220,27,19877.75,R_TRIGGER,99.5,99.5,0.7441
2024_07_01,1719841800.0,20,8,1719842280,28,1,19889.0,1719843060,41,19853.25,R_TRIGGER,-72.5,-72.5,0.7769
2024_07_01,1719842880.0,38,3,1719843060,41,-1,19853.25,1719843480,48,19896.75,R_TRIGGER,-88.0,-88.0,0.9788
2024_07_01,1719843300.0,45,4,1719843540,49,1,19914.75,1719844500,65,19920.5,R_TRIGGER,10.5,10.5,0.9594
2024_07_01,1719844080.0,58,8,1719844560,66,1,19936.0,1719844915,,19876.25,CAT_STOP,-120.5,-101.0,0.7469
2024_07_01,1719845280.0,78,6,1719845640,84,-1,19866.25,1719845820,87,19900.0,R_TRIGGER,-68.5,-68.5,0.741
2024_07_01,1719845640.0,84,6,1719846000,90,-1,19901.75,1719847620,117,19947.75,R_TRIGGER,-93.0,-93.0,0.7841
2024_07_01,1719847440.0,114,10,1719848040,124,1,19946.0,1719848340,129,19930.5,R_TRIGGER,-32.0,-32.0,0.7598
2024_07_01,1719848340.0,129,9,1719848880,138,1,19955.75,1719853500,215,19999.75,R_TRIGGER,87.0,87.0,0.7759
2024_07_01,1719852780.0,203,29,1719854520,232,1,19991.75,1719856980,273,19990.75,R_TRIGGER,-3.0,-3.0,0.7515
2024_07_01,1719854880.0,238,37,1719857100,275,1,19998.5,1719858360,296,20013.25,R_TRIGGER,28.5,28.5,0.8436
2024_07_01,1719857940.0,289,8,1719858420,297,-1,20014.25,1719860700,335,20025.5,R_TRIGGER,-23.5,-23.5,0.9568
2024_07_01,1719858600.0,300,35,1719860700,335,1,20025.5,1719861900,355,20008.25,R_TRIGGER,-35.5,-35.5,0.9502
2024_07_01,1719861240.0,344,12,1719861960,356,-1,19985.25,1719862380,363,20019.75,R_TRIGGER,-70.0,-70.0,0.7944
2024_07_01,1719861960.0,356,8,1719862440,364,1,20026.0,1719864720,402,20042.0,R_TRIGGER,31.0,31.0,0.9504
2024_07_01,1719863760.0,386,16,1719864720,402,-1,20042.0,1719864900,405,20041.0,SESSION_CLOSE,1.0,1.0,0.9555
2024_07_02,,-37,38,1719927060,1,1,20006.75,1719927360,6,20007.25,R_TRIGGER,0.0,0.0,0.7425
2024_07_02,1719927180.0,3,4,1719927420,7,1,20037.0,1719928200,20,20050.0,R_TRIGGER,25.0,25.0,0.7696
2024_07_02,1719928020.0,17,3,1719928200,20,1,20050.0,1719928860,31,20054.0,R_TRIGGER,7.0,7.0,0.741
2024_07_02,1719928860.0,31,4,1719929100,35,1,20073.5,1719929460,41,20032.0,CAT_STOP,-84.0,-101.0,0.7589
2024_07_02,1719929280.0,38,6,1719929640,44,1,20048.75,1719930180,53,20032.75,R_TRIGGER,-33.0,-33.0,0.7988
2024_07_02,1719930000.0,50,3,1719930180,53,1,20032.75,1719931440,74,20077.0,R_TRIGGER,87.5,87.5,0.7861
2024_07_02,1719931200.0,70,4,1719931440,74,1,20077.0,1719933660,111,20087.25,R_TRIGGER,19.5,19.5,0.7572
2024_07_02,1719932940.0,99,12,1719933660,111,-1,20087.25,1719933840,114,20126.75,R_TRIGGER,-80.0,-80.0,0.9626
2024_07_02,1719933660.0,111,5,1719933960,116,1,20121.5,1719935640,144,20126.75,R_TRIGGER,9.5,9.5,0.7449
2024_07_02,1719934800.0,130,15,1719935700,145,-1,20124.75,1719937620,177,20094.0,R_TRIGGER,60.5,60.5,0.965
2024_07_02,1719936600.0,160,18,1719937680,178,1,20102.75,1719951300,405,20248.5,SESSION_CLOSE,290.5,290.5,0.9567
2024_07_03,,-49,50,1720013460,1,1,20256.5,1720015200,30,20247.5,R_TRIGGER,-19.0,-19.0,0.9597
2024_07_03,1720014960.0,26,4,1720015200,30,1,20247.5,1720016700,55,20257.5,R_TRIGGER,19.0,19.0,0.7902
2024_07_03,1720016220.0,47,9,1720016760,56,-1,20262.0,1720017480,68,20281.0,R_TRIGGER,-39.0,-39.0,0.7531
2024_07_03,1720016760.0,56,39,1720019100,95,1,20312.75,1720024980,193,20389.5,R_TRIGGER,152.5,152.5,0.7515
2024_07_03,1720024140.0,179,15,1720025040,194,-1,20385.0,1720025700,205,20407.0,R_TRIGGER,-45.0,-45.0,0.9662
2024_07_03,1720025220.0,197,11,1720025880,208,1,20405.25,1720026840,224,20419.0,SESSION_CLOSE,26.5,26.5,0.9517
2024_07_04,,-9,9,1720099800,0,-1,20401.75,1720100340,9,20395.0,R_TRIGGER,12.5,12.5,0.9417
2024_07_04,1720100340.0,9,10,1720100940,19,-1,20387.5,1720102860,51,20377.75,R_TRIGGER,18.5,18.5,0.8105
2024_07_04,1720104720.0,82,9,1720105260,91,1,20381.0,1720108080,138,20387.0,R_TRIGGER,11.0,11.0,0.9564
2024_07_04,1720107420.0,127,12,1720108140,139,-1,20386.5,1720110000,170,20379.75,R_TRIGGER,12.5,12.5,0.9537
2024_07_04,1720109640.0,164,14,1720110480,178,1,20383.0,1720111500,195,20380.75,R_TRIGGER,-5.5,-5.5,0.9569
2024_07_04,1720111560.0,196,4,1720111800,200,1,20384.0,1720112340,209,20381.5,SESSION_CLOSE,-6.0,-6.0,0.7621
2024_07_05,,-25,27,1720186320,2,1,20462.5,1720187100,15,20445.5,R_TRIGGER,-35.0,-35.0,0.8034
2024_07_05,1720186740.0,9,6,1720187100,15,1,20445.5,1720188360,36,20500.25,R_TRIGGER,108.5,108.5,0.7357
2024_07_05,1720188120.0,32,5,1720188420,37,-1,20507.0,1720188900,45,20495.5,R_TRIGGER,22.0,22.0,0.7599
2024_07_05,1720188660.0,41,12,1720189380,53,-1,20513.25,1720190460,71,20529.5,R_TRIGGER,-33.5,-33.5,0.7631
2024_07_05,1720190220.0,67,12,1720190940,79,1,20542.5,1720191540,89,20524.0,R_TRIGGER,-38.0,-38.0,0.7359
2024_07_05,1720191660.0,91,6,1720192020,97,1,20537.25,1720197420,187,20589.75,R_TRIGGER,104.0,104.0,0.8478
2024_07_05,1720196700.0,175,18,1720197780,193,-1,20589.75,1720200060,231,20606.25,R_TRIGGER,-34.0,-34.0,0.966
2024_07_05,1720199220.0,217,18,1720200300,235,1,20618.25,1720202640,274,20608.25,R_TRIGGER,-21.0,-21.0,0.7915
2024_07_05,1720201860.0,261,34,1720203900,295,-1,20612.0,1720206480,338,20625.25,R_TRIGGER,-27.5,-27.5,0.8135
2024_07_05,1720204320.0,302,45,1720207020,347,-1,20617.5,1720210500,405,20612.5,SESSION_CLOSE,9.0,9.0,0.7449
2024_07_08,,-5,5,1720445400,0,-1,20628.25,1720445940,9,20612.75,R_TRIGGER,30.0,30.0,0.9617
2024_07_08,1720445760.0,6,8,1720446240,14,-1,20622.75,1720447440,34,20622.75,R_TRIGGER,-1.0,-1.0,0.7494
2024_07_08,1720447260.0,31,3,1720447440,34,1,20622.75,1720448340,49,20619.0,R_TRIGGER,-8.5,-8.5,0.7534
2024_07_08,1720447920.0,42,8,1720448400,50,-1,20610.5,1720448640,54,20617.75,R_TRIGGER,-15.5,-15.5,0.9653
2024_07_08,1720448400.0,50,9,1720448940,59,-1,20624.25,1720449540,69,20608.5,R_TRIGGER,30.5,30.5,0.7422
2024_07_08,1720449360.0,66,4,1720449600,70,-1,20610.5,1720450800,90,20605.75,R_TRIGGER,8.5,8.5,0.7732
2024_07_08,1720450560.0,86,10,1720451160,96,1,20622.5,1720452360,116,20649.5,R_TRIGGER,53.0,53.0,0.9362
2024_07_08,1720453920.0,142,16,1720454880,158,-1,20640.0,1720455240,164,20635.75,R_TRIGGER,7.5,7.5,0.9636
2024_07_08,1720455960.0,176,17,1720456980,193,1,20623.75,1720460940,259,20651.5,R_TRIGGER,54.5,54.5,0.7447
2024_07_08,1720460400.0,250,9,1720460940,259,-1,20651.5,1720463040,294,20648.75,R_TRIGGER,4.5,4.5,0.7415
2024_07_08,1720462020.0,277,17,1720463040,294,1,20648.75,1720463460,301,20637.5,R_TRIGGER,-23.5,-23.5,0.9636
2024_07_08,1720463160.0,296,5,1720463460,301,-1,20637.5,1720464540,319,20627.75,R_TRIGGER,18.5,18.5,0.9717
2024_07_08,1720464360.0,316,9,1720464900,325,1,20644.0,1720466100,345,20628.75,R_TRIGGER,-31.5,-31.5,0.949
2024_07_08,1720465140.0,329,17,1720466160,346,-1,20628.75,1720467840,374,20639.25,R_TRIGGER,-22.0,-22.0,0.9709
2024_07_08,1720467120.0,362,12,1720467840,374,1,20639.25,1720468680,388,20653.0,R_TRIGGER,26.5,26.5,0.9456
2024_07_08,1720468500.0,385,4,1720468740,389,-1,20666.25,1720468860,391,20675.75,R_TRIGGER,-20.0,-20.0,0.8098
2024_07_08,1720468680.0,388,3,1720468860,391,1,20675.75,1720469700,405,20679.25,SESSION_CLOSE,6.0,6.0,0.7701
2024_07_09,1720532040.0,4,5,1720532340,9,1,20732.5,1720532880,18,20730.75,R_TRIGGER,-4.5,-4.5,0.7397
2024_07_09,1720533120.0,22,8,1720533600,30,1,20745.5,1720533660,31,20736.25,R_TRIGGER,-19.5,-19.5,0.738
2024_07_09,1720533660.0,31,3,1720533840,34,1,20742.5,1720534020,37,20730.5,R_TRIGGER,-25.0,-25.0,0.7647
2024_07_09,1720533840.0,34,6,1720534200,40,1,20737.75,1720534920,52,20739.0,R_TRIGGER,1.5,1.5,0.7728
2024_07_09,1720534500.0,45,10,1720535100,55,-1,20710.75,1720535640,64,20708.5,R_TRIGGER,3.5,3.5,0.9778
2024_07_09,1720535460.0,61,14,1720536300,75,1,20735.25,1720536600,80,20723.25,R_TRIGGER,-25.0,-25.0,0.9633
2024_07_09,1720537320.0,92,3,1720537500,95,-1,20705.25,1720538040,104,20701.0,R_TRIGGER,7.5,7.5,0.9712
2024_07_09,1720537860.0,101,11,1720538520,112,-1,20696.5,1720538880,118,20683.25,R_TRIGGER,25.5,25.5,0.7679
2024_07_09,1720539240.0,124,6,1720539600,130,-1,20686.75,1720539780,133,20691.25,R_TRIGGER,-10.0,-10.0,0.7751
2024_07_09,1720539540.0,129,16,1720540500,145,1,20700.0,1720540980,153,20689.75,R_TRIGGER,-21.5,-21.5,0.953
2024_07_09,1720541580.0,163,20,1720542780,183,-1,20696.25,1720543920,202,20658.75,R_TRIGGER,74.0,74.0,0.9624
2024_07_09,1720543680.0,198,15,1720544580,213,1,20682.0,1720545300,225,20670.25,R_TRIGGER,-24.5,-24.5,0.9494
2024_07_09,1720544640.0,214,13,1720545420,227,-1,20647.75,1720546140,239,20633.0,R_TRIGGER,28.5,28.5,0.9699
2024_07_09,1720545900.0,235,10,1720546500,245,1,20649.25,1720548180,273,20654.25,R_TRIGGER,9.0,9.0,0.9507
2024_07_09,1720549200.0,290,10,1720549800,300,-1,20644.5,1720550100,305,20662.25,R_TRIGGER,-36.5,-36.5,0.9606
2024_07_09,1720549920.0,302,11,1720550580,313,1,20670.75,1720551120,322,20659.75,R_TRIGGER,-23.0,-23.0,0.9627
2024_07_09,1720550940.0,319,4,1720551180,323,-1,20658.75,1720551540,329,20671.5,R_TRIGGER,-26.5,-26.5,0.7905
2024_07_09,1720551360.0,326,4,1720551600,330,1,20668.25,1720552860,351,20659.5,R_TRIGGER,-18.5,-18.5,0.7361
2024_07_09,1720552440.0,344,7,1720552860,351,1,20659.5,1720554960,386,20671.25,R_TRIGGER,22.5,22.5,0.7527
2024_07_09,1720554600.0,380,6,1720554960,386,-1,20671.25,1720556100,405,20677.75,SESSION_CLOSE,-14.0,-14.0,0.7532
2024_07_10,,-49,52,1720618380,3,-1,20741.75,1720618860,11,20744.0,R_TRIGGER,-5.5,-5.5,0.9683
2024_07_10,1720618680.0,8,11,1720619340,19,1,20774.5,1720619520,22,20758.5,R_TRIGGER,-33.0,-33.0,0.9521
2024_07_10,1720619340.0,19,13,1720620120,32,1,20765.5,1720621080,48,20767.5,R_TRIGGER,3.0,3.0,0.7417
2024_07_10,1720620900.0,45,3,1720621080,48,-1,20767.5,1720621560,56,20768.5,R_TRIGGER,-3.0,-3.0,0.7496
2024_07_10,1720621740.0,59,5,1720622040,64,-1,20753.5,1720622400,70,20759.25,R_TRIGGER,-12.5,-12.5,0.7734
2024_07_10,1720622160.0,66,6,1720622520,72,-1,20746.25,1720623000,80,20752.25,R_TRIGGER,-13.0,-13.0,0.7546
2024_07_10,1720623000.0,80,5,1720623300,85,-1,20731.25,1720624020,97,20725.0,R_TRIGGER,11.5,11.5,0.801
2024_07_10,1720623780.0,93,15,1720624680,108,-1,20730.0,1720626240,134,20763.5,R_TRIGGER,-68.0,-68.0,0.7436
2024_07_10,1720626060.0,131,19,1720627200,150,1,20760.5,1720631520,222,20847.75,R_TRIGGER,173.5,173.5,0.7506
2024_07_10,1720631760.0,226,7,1720632180,233,-1,20851.25,1720632600,240,20857.5,R_TRIGGER,-13.5,-13.5,0.7388
2024_07_10,1720632300.0,235,5,1720632600,240,1,20857.5,1720635600,290,20867.5,R_TRIGGER,19.0,19.0,0.7343
2024_07_10,1720637460.0,321,9,1720638000,330,-1,20871.5,1720638900,345,20869.25,R_TRIGGER,3.5,3.5,0.9515
2024_07_10,1720638300.0,335,23,1720639680,358,1,20869.75,1720641540,389,20893.75,R_TRIGGER,47.0,47.0,0.7601
2024_07_10,1720641240.0,384,14,1720642080,398,-1,20884.0,1720642500,405,20882.5,SESSION_CLOSE,2.0,2.0,0.9693
2024_07_11,,-9,9,1720704600,0,-1,20882.75,1720705560,16,20886.5,R_TRIGGER,-8.5,-8.5,0.968
2024_07_11,1720705380.0,13,7,1720705800,20,-1,20860.25,1720706220,27,20867.0,R_TRIGGER,-14.5,-14.5,0.7569
2024_07_11,1720706040.0,24,7,1720706460,31,-1,20853.75,1720708020,57,20690.75,R_TRIGGER,325.0,325.0,0.7471
2024_07_11,1720707840.0,54,6,1720708200,60,-1,20720.0,1720710480,98,20629.0,R_TRIGGER,181.0,181.0,0.7448
2024_07_11,1720710120.0,92,6,1720710480,98,1,20629.0,1720710780,103,20598.75,R_TRIGGER,-61.5,-61.5,0.7622
2024_07_11,1720710600.0,100,3,1720710780,103,-1,20598.75,1720712700,135,20536.0,R_TRIGGER,124.5,124.5,0.7682
2024_07_11,1720712520.0,132,3,1720712700,135,-1,20536.0,1720714020,157,20496.5,R_TRIGGER,78.0,78.0,0.8062
2024_07_11,1720713780.0,153,5,1720714080,158,1,20506.5,1720714500,165,20484.0,R_TRIGGER,-46.0,-46.0,0.7713
2024_07_11,1720714320.0,162,10,1720714920,172,-1,20475.0,1720715340,179,20512.0,R_TRIGGER,-75.0,-75.0,0.9674
2024_07_11,1720714920.0,172,11,1720715580,183,1,20523.75,1720716300,195,20499.0,R_TRIGGER,-50.5,-50.5,0.9486
2024_07_11,1720715760.0,186,10,1720716360,196,-1,20495.25,1720717740,219,20453.0,R_TRIGGER,83.5,83.5,0.7411
2024_07_11,1720717380.0,213,6,1720717740,219,-1,20453.0,1720721700,285,20416.0,R_TRIGGER,73.0,73.0,0.737
2024_07_11,1720720980.0,273,17,1720722000,290,1,20423.25,1720726020,357,20445.5,R_TRIGGER,43.5,43.5,0.9581
2024_07_11,1720724700.0,335,22,1720726020,357,-1,20445.5,1720726560,366,20471.75,R_TRIGGER,-53.5,-53.5,0.9723
2024_07_11,1720726140.0,359,7,1720726560,366,-1,20471.75,1720728480,398,20457.25,R_TRIGGER,28.0,28.0,0.7403
2024_07_11,1720728000.0,390,12,1720728720,402,-1,20443.75,1720728900,405,20440.5,SESSION_CLOSE,5.5,5.5,0.753
2024_07_12,,-7,8,1720791060,1,1,20455.0,1720791240,4,20440.0,R_TRIGGER,-31.0,-31.0,0.9633
2024_07_12,1720791060.0,1,4,1720791300,5,1,20441.75,1720791900,15,20452.5,R_TRIGGER,20.5,20.5,0.7841
2024_07_12,1720791900.0,15,3,1720792080,18,1,20483.25,1720793820,47,20553.75,R_TRIGGER,140.0,140.0,0.7913
2024_07_12,1720793460.0,41,11,1720794120,52,1,20530.25,1720797780,113,20626.25,R_TRIGGER,191.0,191.0,0.7724
2024_07_12,1720797060.0,101,12,1720797780,113,-1,20626.25,1720798860,131,20658.0,R_TRIGGER,-64.5,-64.5,0.959
2024_07_12,1720797840.0,114,17,1720798860,131,1,20658.0,1720799880,148,20623.25,R_TRIGGER,-70.5,-70.5,0.9611
2024_07_12,1720799040.0,134,15,1720799940,149,-1,20595.5,1720801440,174,20594.25,R_TRIGGER,1.5,1.5,0.9682
2024_07_12,1720800660.0,161,14,1720801500,175,1,20593.25,1720807200,270,20712.75,R_TRIGGER,238.0,238.0,0.9588
2024_07_12,1720806960.0,266,4,1720807200,270,-1,20712.75,1720814040,384,20564.25,R_TRIGGER,296.0,296.0,0.9581
2024_07_12,1720813800.0,380,4,1720814040,384,-1,20564.25,1720815300,405,20540.25,SESSION_CLOSE,47.0,47.0,0.8056
2024_07_15,1721050860.0,11,4,1721051100,15,1,20599.25,1721051880,28,20615.25,R_TRIGGER,31.0,31.0,0.7771
2024_07_15,1721051880.0,28,6,1721052240,34,1,20665.5,1721053140,49,20662.5,R_TRIGGER,-7.0,-7.0,0.9798
2024_07_15,1721053140.0,49,9,1721053680,58,1,20676.5,1721057160,116,20760.75,R_TRIGGER,167.5,167.5,0.7506
2024_07_15,1721056920.0,112,5,1721057220,117,-1,20754.75,1721057820,127,20727.0,R_TRIGGER,54.5,54.5,0.9647
2024_07_15,1721057640.0,124,8,1721058120,132,-1,20719.5,1721058540,139,20694.0,R_TRIGGER,50.0,50.0,0.7562
2024_07_15,1721058360.0,136,6,1721058720,142,-1,20684.5,1721059200,150,20698.75,R_TRIGGER,-29.5,-29.5,0.7372
2024_07_15,1721059260.0,151,5,1721059560,156,-1,20666.75,1721060580,173,20650.0,R_TRIGGER,32.5,32.5,0.7963
2024_07_15,1721060400.0,170,9,1721060940,179,1,20663.75,1721061900,195,20645.75,R_TRIGGER,-37.0,-37.0,0.9508
2024_07_15,1721061720.0,192,3,1721061900,195,1,20645.75,1721062860,211,20604.5,R_TRIGGER,-83.5,-83.5,0.8259
2024_07_15,1721062680.0,208,3,1721062860,211,-1,20604.5,1721063160,216,20633.5,R_TRIGGER,-59.0,-59.0,0.8419
2024_07_15,1721062980.0,213,7,1721063400,220,-1,20625.75,1721064060,231,20619.0,R_TRIGGER,12.5,12.5,0.7392
2024_07_15,1721063820.0,227,7,1721064240,234,1,20647.5,1721064420,237,20616.5,R_TRIGGER,-63.0,-63.0,0.9583
2024_07_15,1721064240.0,234,6,1721064600,240,1,20599.75,1721065620,257,20564.0,R_TRIGGER,-72.5,-72.5,0.7857
2024_07_15,1721065020.0,247,10,1721065620,257,-1,20564.0,1721065800,260,20586.0,R_TRIGGER,-45.0,-45.0,0.7634
2024_07_15,1721065620.0,257,3,1721065800,260,-1,20586.0,1721067720,292,20579.5,R_TRIGGER,12.0,12.0,0.736
2024_07_15,1721067180.0,283,9,1721067720,292,-1,20579.5,1721068370,,20614.25,CAT_STOP,-70.5,-101.0,0.7778
2024_07_15,1721068920.0,312,15,1721069820,327,-1,20600.5,1721073300,385,20574.75,R_TRIGGER,50.5,50.5,0.7546
2024_07_15,1721073120.0,382,3,1721073300,385,1,20574.75,1721074500,405,20603.5,SESSION_CLOSE,56.5,56.5,0.98
2024_07_16,,-39,39,1721136600,0,1,20637.5,1721137020,7,20639.25,R_TRIGGER,2.5,2.5,0.7985
2024_07_16,1721136840.0,4,3,1721137020,7,1,20639.25,1721137440,14,20631.75,R_TRIGGER,-16.0,-16.0,0.8017
2024_07_16,1721137260.0,11,4,1721137500,15,1,20630.75,1721138160,26,20598.0,R_TRIGGER,-66.5,-66.5,0.7853
2024_07_16,1721137980.0,23,3,1721138160,26,-1,20598.0,1721139120,42,20516.0,R_TRIGGER,163.0,163.0,0.7774
2024_07_16,1721138940.0,39,3,1721139120,42,-1,20516.0,1721139540,49,20540.75,R_TRIGGER,-50.5,-50.5,0.7501
2024_07_16,1721139360.0,46,6,1721139720,52,-1,20502.75,1721140080,58,20532.75,R_TRIGGER,-61.0,-61.0,0.7483
2024_07_16,1721140320.0,62,3,1721140500,65,-1,20519.5,1721140740,69,20549.75,R_TRIGGER,-61.5,-61.5,0.7391
2024_07_16,1721140560.0,66,5,1721140860,71,1,20570.75,1721141220,77,20558.0,R_TRIGGER,-26.5,-26.5,0.9688
2024_07_16,1721140920.0,72,5,1721141220,77,1,20558.0,1721142840,104,20573.0,R_TRIGGER,29.0,29.0,0.7538
2024_07_16,1721142660.0,101,14,1721143500,115,1,20572.25,1721145480,148,20550.25,R_TRIGGER,-45.0,-45.0,0.7417
2024_07_16,1721145120.0,142,6,1721145480,148,-1,20550.25,1721146980,173,20503.5,R_TRIGGER,92.5,92.5,0.7713
2024_07_16,1721146620.0,167,12,1721147340,179,-1,20487.25,1721147820,187,20508.25,R_TRIGGER,-43.0,-43.0,0.7499
2024_07_16,1721147580.0,183,5,1721147880,188,1,20503.25,1721148180,193,20486.25,R_TRIGGER,-35.0,-35.0,0.7594
2024_07_16,1721147880.0,188,6,1721148240,194,-1,20473.75,1721148420,197,20505.75,R_TRIGGER,-65.0,-65.0,0.7833
2024_07_16,1721148240.0,194,6,1721148600,200,1,20522.0,1721149500,215,20521.0,R_TRIGGER,-3.0,-3.0,0.9554
2024_07_16,1721149140.0,209,7,1721149560,216,-1,20526.75,1721150760,236,20526.25,R_TRIGGER,0.0,0.0,0.7391
2024_07_16,1721150160.0,226,12,1721150880,238,-1,20518.0,1721152080,258,20523.5,R_TRIGGER,-12.0,-12.0,0.7767
2024_07_16,1721151600.0,250,15,1721152500,265,1,20527.75,1721152920,272,20509.0,R_TRIGGER,-38.5,-38.5,0.9555
2024_07_16,1721152740.0,269,17,1721153760,286,-1,20497.0,1721154060,291,20523.25,R_TRIGGER,-53.5,-53.5,0.9682
2024_07_16,1721153880.0,288,6,1721154240,294,1,20544.25,1721155920,322,20565.5,R_TRIGGER,41.5,41.5,0.9568
2024_07_16,1721155620.0,317,8,1721156100,325,1,20569.0,1721156760,336,20572.25,R_TRIGGER,5.5,5.5,0.7692
2024_07_16,1721156340.0,329,11,1721157000,340,1,20575.5,1721159160,376,20568.5,R_TRIGGER,-15.0,-15.0,0.7594
2024_07_16,1721159160.0,376,5,1721159460,381,1,20593.25,1721160180,393,20587.5,R_TRIGGER,-12.5,-12.5,0.8203
2024_07_16,1721159880.0,388,9,1721160420,397,1,20596.5,1721160900,405,20601.75,SESSION_CLOSE,9.5,9.5,0.7368
2024_07_17,,-74,76,1721223120,2,-1,20248.25,1721225700,45,20140.25,R_TRIGGER,215.0,215.0,0.7703
2024_07_17,1721225520.0,42,3,1721225700,45,1,20140.25,1721226360,56,20115.0,R_TRIGGER,-51.5,-51.5,0.8156
2024_07_17,1721225880.0,48,8,1721226360,56,-1,20115.0,1721226840,64,20153.75,R_TRIGGER,-78.5,-78.5,0.7495
2024_07_17,1721226360.0,56,11,1721227020,67,-1,20146.25,1721229660,111,20138.0,R_TRIGGER,15.5,15.5,0.7477
2024_07_17,1721229780.0,113,3,1721229960,116,-1,20097.25,1721230440,124,20126.0,R_TRIGGER,-58.5,-58.5,0.7405
2024_07_17,1721229960.0,116,14,1721230800,130,-1,20098.75,1721235180,203,20050.75,R_TRIGGER,95.0,95.0,0.7486
2024_07_17,1721234940.0,199,5,1721235240,204,1,20047.75,1721236140,219,20023.0,R_TRIGGER,-50.5,-50.5,0.8008
2024_07_17,1721235540.0,209,17,1721236560,226,-1,20019.25,1721236860,231,20051.0,R_TRIGGER,-64.5,-64.5,0.9792
2024_07_17,1721236560.0,226,7,1721236980,233,-1,20046.0,1721239860,281,20052.5,R_TRIGGER,-14.0,-14.0,0.7852
2024_07_17,1721239320.0,272,10,1721239920,282,1,20057.25,1721241780,313,20036.5,R_TRIGGER,-42.5,-42.5,0.9563
2024_07_17,1721241120.0,302,16,1721242080,318,-1,20021.75,1721243460,341,20040.75,R_TRIGGER,-39.0,-39.0,0.9704
2024_07_17,1721243160.0,336,5,1721243460,341,-1,20040.75,1721245800,380,20068.25,R_TRIGGER,-56.0,-56.0,0.7708
2024_07_17,1721245860.0,381,6,1721246220,387,-1,20004.75,1721246640,394,20000.0,R_TRIGGER,8.5,8.5,0.9804
2024_07_17,1721246460.0,391,6,1721246820,397,-1,19995.5,1721247300,405,20002.75,SESSION_CLOSE,-15.5,-15.5,0.7616
2024_07_18,,-24,25,1721309460,1,-1,20110.75,1721310600,20,20072.25,R_TRIGGER,76.0,76.0,0.7553
2024_07_18,1721310300.0,15,5,1721310600,20,-1,20072.25,1721311020,27,20067.5,R_TRIGGER,8.5,8.5,0.7626
2024_07_18,1721310840.0,24,8,1721311320,32,-1,20049.75,1721311565,,19953.5,CAT_STOP,191.5,-101.0,0.7438
2024_07_18,1721313840.0,74,6,1721314200,80,-1,19969.25,1721314460,,19833.0,CAT_STOP,271.5,-101.0,0.7878
2024_07_18,1721316780.0,123,4,1721317020,127,1,19849.0,1721317620,137,19814.75,R_TRIGGER,-69.5,-69.5,0.753
2024_07_18,1721317380.0,133,5,1721317680,138,-1,19801.25,1721318820,157,19826.25,R_TRIGGER,-51.0,-51.0,0.7762
2024_07_18,1721318580.0,153,5,1721318880,158,1,19817.0,1721319420,167,19810.75,R_TRIGGER,-13.5,-13.5,0.7714
2024_07_18,1721318940.0,159,9,1721319480,168,-1,19802.75,1721319660,171,19834.0,R_TRIGGER,-63.5,-63.5,0.7477
2024_07_18,1721319420.0,167,5,1721319720,172,1,19826.25,1721321340,199,19866.5,R_TRIGGER,79.5,79.5,0.9603
2024_07_18,1721321100.0,195,5,1721321400,200,-1,19873.0,1721321880,208,19893.25,R_TRIGGER,-41.5,-41.5,0.7613
2024_07_18,1721321400.0,200,9,1721321940,209,1,19913.25,1721322300,215,19882.25,R_TRIGGER,-63.0,-63.0,0.8078
2024_07_18,1721322060.0,211,8,1721322540,219,1,19864.25,1721323560,236,19905.25,R_TRIGGER,81.0,81.0,0.7342
2024_07_18,1721323380.0,233,6,1721323740,239,1,19901.75,1721324100,245,19902.25,R_TRIGGER,0.0,0.0,0.7375
2024_07_18,1721323920.0,242,12,1721324640,254,1,19905.75,1721325715,,19850.5,CAT_STOP,-111.5,-101.0,0.7363
2024_07_18,1721326200.0,280,3,1721326380,283,-1,19850.5,1721327040,294,19886.0,R_TRIGGER,-72.0,-72.0,0.7782
2024_07_18,1721327040.0,294,5,1721327340,299,-1,19849.0,1721328900,325,19849.0,R_TRIGGER,-1.0,-1.0,0.7677
2024_07_18,1721328720.0,322,3,1721328900,325,-1,19849.0,1721330220,347,19797.5,R_TRIGGER,102.0,102.0,0.7666
2024_07_18,1721330040.0,344,3,1721330220,347,-1,19797.5,1721331410,,19893.5,CAT_STOP,-193.0,-101.0,0.8003
2024_07_18,1721332440.0,384,5,1721332740,389,1,19893.5,1721333700,405,19905.0,SESSION_CLOSE,22.0,22.0,0.877
2024_07_19,,-30,31,1721395860,1,-1,19844.25,1721396090,,19897.75,CAT_STOP,-108.0,-101.0,0.744
2024_07_19,1721395920.0,2,3,1721396100,5,1,19897.75,1721396640,14,19901.0,R_TRIGGER,5.5,5.5,0.7981
2024_07_19,1721396460.0,11,3,1721396640,14,1,19901.0,1721397600,30,19858.5,R_TRIGGER,-86.0,-86.0,0.8493
2024_07_19,1721397060.0,21,9,1721397600,30,-1,19858.5,1721398020,37,19896.75,R_TRIGGER,-77.5,-77.5,0.7604
2024_07_19,1721397780.0,33,4,1721398020,37,-1,19896.75,1721398620,47,19901.0,R_TRIGGER,-9.5,-9.5,0.777
2024_07_19,1721398440.0,44,3,1721398620,47,-1,19901.0,1721400840,84,19821.5,R_TRIGGER,158.0,158.0,0.7401
2024_07_19,1721400300.0,75,15,1721401200,90,1,19857.0,1721401740,99,19809.75,R_TRIGGER,-95.5,-95.5,0.9725
2024_07_19,1721401560.0,96,3,1721401740,99,-1,19809.75,1721404140,139,19762.75,R_TRIGGER,93.0,93.0,0.8264
2024_07_19,1721403540.0,129,10,1721404140,139,1,19762.75,1721406060,171,19755.25,R_TRIGGER,-16.0,-16.0,0.9579
2024_07_19,1721404860.0,151,20,1721406060,171,-1,19755.25,1721411340,259,19715.5,R_TRIGGER,78.5,78.5,0.962
2024_07_19,1721409780.0,233,27,1721411400,260,-1,19704.75,1721415600,330,19738.0,R_TRIGGER,-67.5,-67.5,0.7719
2024_07_19,1721414820.0,317,16,1721415780,333,1,19748.5,1721417640,364,19731.75,R_TRIGGER,-34.5,-34.5,0.7828
2024_07_19,1721416980.0,353,11,1721417640,364,-1,19731.75,1721420100,405,19700.25,SESSION_CLOSE,62.0,62.0,0.9672
2024_07_22,,-368,368,1721655000,0,-1,19909.75,1721655360,6,19933.75,R_TRIGGER,-49.0,-49.0,0.9761
2024_07_22,1721655180.0,3,5,1721655480,8,1,19974.25,1721655780,13,19942.5,R_TRIGGER,-64.5,-64.5,0.9562
2024_07_22,1721655480.0,8,5,1721655780,13,1,19942.5,1721656620,27,19969.5,R_TRIGGER,53.0,53.0,0.7855
2024_07_22,1721656200.0,20,7,1721656620,27,1,19969.5,1721657205,,19924.75,CAT_STOP,-90.5,-101.0,0.7678
2024_07_22,1721657760.0,46,11,1721658420,57,-1,19934.0,1721658480,58,19962.25,R_TRIGGER,-57.5,-57.5,0.7422
2024_07_22,1721658180.0,53,12,1721658900,65,1,19982.0,1721659800,80,19973.0,R_TRIGGER,-19.0,-19.0,0.9642
2024_07_22,1721659200.0,70,19,1721660340,89,-1,19955.0,1721660640,94,19986.75,R_TRIGGER,-64.5,-64.5,0.981
2024_07_22,1721660340.0,89,8,1721660820,97,-1,19994.0,1721662800,130,19836.0,R_TRIGGER,315.0,315.0,0.7874
2024_07_22,1721662380.0,123,9,1721662920,132,-1,19824.0,1721663880,148,19880.25,CAT_STOP,-113.5,-101.0,0.7473
2024_07_22,1721664300.0,155,3,1721664480,158,1,19880.25,1721674800,330,19996.0,R_TRIGGER,230.5,230.5,0.9706
2024_07_22,1721672700.0,295,35,1721674800,330,-1,19996.0,1721675460,341,20012.25,R_TRIGGER,-33.5,-33.5,0.7704
2024_07_22,1721674860.0,331,10,1721675460,341,1,20012.25,1721676360,356,19985.5,R_TRIGGER,-54.5,-54.5,0.753
2024_07_22,1721675460.0,341,16,1721676420,357,-1,19989.25,1721677140,369,20019.5,R_TRIGGER,-61.5,-61.5,0.7417
2024_07_22,1721676360.0,356,16,1721677320,372,1,20028.25,1721678040,384,19992.25,R_TRIGGER,-73.0,-73.0,0.9593
2024_07_22,1721677620.0,377,10,1721678220,387,-1,19989.75,1721679300,405,19984.0,SESSION_CLOSE,10.5,10.5,0.9798
2024_07_23,,-24,26,1721741520,2,-1,19941.25,1721741700,5,19980.75,R_TRIGGER,-80.0,-80.0,0.8829
2024_07_23,1721741520.0,2,3,1721741700,5,-1,19980.75,1721742295,,20013.5,CAT_STOP,-66.5,-101.0,0.7725
2024_07_23,1721742840.0,24,6,1721743200,30,1,20013.5,1721743380,33,19972.75,R_TRIGGER,-82.5,-82.5,0.7672
2024_07_23,1721743380.0,33,3,1721743560,36,1,20009.0,1721743980,43,19986.75,R_TRIGGER,-45.5,-45.5,0.739
2024_07_23,1721743800.0,40,3,1721743980,43,1,19986.75,1721744700,55,20016.25,R_TRIGGER,58.0,58.0,0.7486
2024_07_23,1721744460.0,51,4,1721744700,55,1,20016.25,1721745900,75,19960.5,R_TRIGGER,-112.5,-112.5,0.7384
2024_07_23,1721745720.0,72,3,1721745900,75,-1,19960.5,1721746560,86,19961.25,R_TRIGGER,-2.5,-2.5,0.7476
2024_07_23,1721746260.0,81,9,1721746800,90,1,19986.75,1721749440,134,20049.5,R_TRIGGER,124.5,124.5,0.9638
2024_07_23,1721747940.0,109,33,1721749920,142,-1,20038.0,1721753280,198,19974.0,R_TRIGGER,127.0,127.0,0.9642
2024_07_23,1721751960.0,176,27,1721753580,203,-1,19952.75,1721754120,212,19953.75,R_TRIGGER,-3.0,-3.0,0.7499
2024_07_23,1721753820.0,207,9,1721754360,216,-1,19955.25,1721755260,231,19954.5,R_TRIGGER,0.5,0.5,0.7751
2024_07_23,1721754720.0,222,11,1721755380,233,1,19964.25,1721759160,296,19957.0,R_TRIGGER,-15.5,-15.5,0.9567
2024_07_23,1721758080.0,278,18,1721759160,296,-1,19957.0,1721759880,308,19986.25,R_TRIGGER,-59.5,-59.5,0.9684
2024_07_23,1721759160.0,296,13,1721759940,309,1,19986.25,1721763600,370,19961.75,R_TRIGGER,-50.0,-50.0,0.9569
2024_07_23,1721762760.0,356,15,1721763660,371,-1,19953.0,1721764140,379,19960.75,R_TRIGGER,-16.5,-16.5,0.9687
2024_07_23,1721763780.0,373,6,1721764140,379,1,19960.75,1721764440,384,19908.0,R_TRIGGER,-106.5,-106.5,0.7413
2024_07_23,1721764200.0,380,4,1721764440,384,-1,19908.0,1721764800,390,19941.0,R_TRIGGER,-67.0,-67.0,0.8025
2024_07_23,1721764440.0,384,6,1721764800,390,-1,19941.0,1721764965,,19937.25,CAT_STOP,6.5,-101.0,0.8563
2024_07_24,,-42,43,1721827860,1,-1,19645.5,1721835060,121,19407.0,R_TRIGGER,476.0,476.0,0.8151
2024_07_24,1721834640.0,114,7,1721835060,121,1,19407.0,1721835960,136,19378.0,R_TRIGGER,-59.0,-59.0,0.7574
2024_07_24,1721835180.0,123,19,1721836320,142,1,19390.25,1721837160,156,19329.5,CAT_STOP,-122.5,-101.0,0.7432
2024_07_24,1721837820.0,167,18,1721838900,185,1,19348.25,1721842200,240,19340.25,R_TRIGGER,-17.0,-17.0,0.7937
2024_07_24,1721841660.0,231,11,1721842320,242,-1,19340.5,1721842680,248,19367.5,R_TRIGGER,-55.0,-55.0,0.9608
2024_07_24,1721842320.0,242,9,1721842860,251,1,19370.25,1721843340,259,19338.75,R_TRIGGER,-64.0,-64.0,0.9532
2024_07_24,1721842860.0,251,9,1721843400,260,-1,19335.0,1721849580,363,19258.25,R_TRIGGER,152.5,152.5,0.9648
2024_07_24,1721849340.0,359,5,1721849640,364,1,19267.75,1721850300,375,19273.0,R_TRIGGER,9.5,9.5,0.973
2024_07_24,1721850060.0,371,6,1721850420,377,-1,19267.0,1721851200,390,19208.0,R_TRIGGER,117.0,117.0,0.7713
2024_07_24,1721850900.0,385,5,1721851200,390,-1,19208.0,1721851860,401,19240.75,CAT_STOP,-66.5,-101.0,0.8462
2024_07_25,,-6,7,1721914260,1,1,19190.25,1721914450,,19139.75,CAT_STOP,-102.0,-101.0,0.7358
2024_07_25,1721914920.0,12,3,1721915100,15,-1,19139.75,1721916960,46,18985.25,R_TRIGGER,308.0,308.0,0.8481
2024_07_25,1721916780.0,43,5,1721917080,48,1,18966.75,1721919720,92,19167.25,R_TRIGGER,400.0,400.0,0.8113
2024_07_25,1721919540.0,89,5,1721919840,94,1,19165.75,1721920800,110,19222.0,R_TRIGGER,111.5,111.5,0.8032
2024_07_25,1721920620.0,107,5,1721920920,112,-1,19221.0,1721922420,137,19192.5,R_TRIGGER,56.0,56.0,0.7798
2024_07_25,1721922180.0,133,5,1721922480,138,-1,19182.25,1721923200,150,19251.0,CAT_STOP,-138.5,-101.0,0.7627
2024_07_25,1721923740.0,159,3,1721923920,162,1,19251.0,1721926260,201,19304.25,R_TRIGGER,105.5,105.5,0.7572
2024_07_25,1721925180.0,183,22,1721926500,205,1,19322.0,1721927640,224,19341.25,R_TRIGGER,37.5,37.5,0.8119
2024_07_25,1721927400.0,220,4,1721927640,224,-1,19341.25,1721930280,268,19300.0,R_TRIGGER,81.5,81.5,0.8452
2024_07_25,1721928840.0,244,25,1721930340,269,1,19290.0,1721930700,275,19248.25,R_TRIGGER,-84.5,-84.5,0.7537
2024_07_25,1721930280.0,268,7,1721930700,275,-1,19248.25,1721932440,304,19243.5,R_TRIGGER,8.5,8.5,0.8748
2024_07_25,1721931840.0,294,11,1721932500,305,-1,19224.75,1721934060,331,19170.75,R_TRIGGER,107.0,107.0,0.7741
2024_07_25,1721933700.0,325,6,1721934060,331,1,19170.75,1721935980,363,19190.25,R_TRIGGER,38.0,38.0,0.7684
2024_07_25,1721935620.0,357,6,1721935980,363,-1,19190.25,1721938380,403,18992.25,R_TRIGGER,395.0,395.0,0.7379
2024_07_26,,-60,62,1722000720,2,-1,19147.0,1722001020,7,19125.5,R_TRIGGER,42.0,42.0,0.7939
2024_07_26,1722000840.0,4,6,1722001200,10,-1,19096.0,1722001560,16,19108.5,R_TRIGGER,-26.0,-26.0,0.8301
2024_07_26,1722001380.0,13,4,1722001620,17,-1,19081.0,1722001920,22,19107.75,R_TRIGGER,-54.5,-54.5,0.7999
2024_07_26,1722001740.0,19,3,1722001920,22,-1,19107.75,1722002460,31,19112.25,CAT_STOP,-10.0,-101.0,0.7845
2024_07_26,1722002880.0,38,4,1722003120,42,-1,19122.75,1722003720,52,19096.5,R_TRIGGER,51.5,51.5,0.8067
2024_07_26,1722003480.0,48,4,1722003720,52,-1,19096.5,1722003855,,19108.75,CAT_STOP,-25.5,-101.0,0.7376
2024_07_26,1722004500.0,65,8,1722004980,73,-1,19108.75,1722005460,81,19073.5,R_TRIGGER,69.5,69.5,0.8146
2024_07_26,1722005220.0,77,6,1722005580,83,-1,19075.75,1722005980,,19133.25,CAT_STOP,-116.0,-101.0,0.7911
2024_07_26,1722007620.0,117,12,1722008340,129,1,19144.75,1722015240,244,19231.5,R_TRIGGER,172.5,172.5,0.7488
2024_07_26,1722014940.0,239,5,1722015240,244,-1,19231.5,1722015900,255,19203.0,R_TRIGGER,56.0,56.0,0.9798
2024_07_26,1722015540.0,249,6,1722015900,255,-1,19203.0,1722016980,273,19210.0,R_TRIGGER,-15.0,-15.0,0.7644
2024_07_26,1722016320.0,262,11,1722016980,273,1,19210.0,1722017940,289,19170.25,R_TRIGGER,-80.5,-80.5,0.9691
2024_07_26,1722017580.0,283,6,1722017940,289,-1,19170.25,1722019500,315,19164.75,R_TRIGGER,10.0,10.0,0.8024
2024_07_26,1722019320.0,312,3,1722019500,315,-1,19164.75,1722021240,344,19130.75,R_TRIGGER,67.0,67.0,0.8163
2024_07_26,1722020760.0,336,10,1722021360,346,-1,19121.0,1722022015,,19165.5,CAT_STOP,-90.0,-101.0,0.8143
2024_07_26,1722022440.0,364,6,1722022800,370,-1,19165.5,1722023880,388,19152.75,R_TRIGGER,24.5,24.5,0.8111
2024_07_26,1722023700.0,385,3,1722023880,388,1,19152.75,1722024900,405,19178.0,SESSION_CLOSE,49.5,49.5,0.8104
2024_07_29,,-53,54,1722259860,1,-1,19232.25,1722259990,,19272.75,CAT_STOP,-82.0,-101.0,0.8071
2024_07_29,1722259920.0,2,3,1722260100,5,-1,19272.75,1722260380,,19333.75,CAT_STOP,-123.0,-101.0,0.8894
2024_07_29,1722261120.0,22,4,1722261360,26,1,19325.25,1722261840,34,19353.75,R_TRIGGER,56.0,56.0,0.8001
2024_07_29,1722261660.0,31,3,1722261840,34,1,19353.75,1722262190,,19285.75,CAT_STOP,-137.0,-101.0,0.7996
2024_07_29,1722262980.0,53,4,1722263220,57,-1,19275.75,1722263940,69,19282.75,R_TRIGGER,-15.0,-15.0,0.7795
2024_07_29,1722263520.0,62,7,1722263940,69,-1,19282.75,1722265560,96,19220.0,R_TRIGGER,124.5,124.5,0.7527
2024_07_29,1722265260.0,91,6,1722265620,97,-1,19204.5,1722266760,116,19181.5,R_TRIGGER,45.0,45.0,0.7505
2024_07_29,1722266520.0,112,8,1722267000,120,-1,19152.75,1722267420,127,19147.75,R_TRIGGER,9.0,9.0,0.7919
2024_07_29,1722267240.0,124,11,1722267900,135,1,19178.0,1722270300,175,19299.75,R_TRIGGER,242.5,242.5,0.9695
2024_07_29,1722270000.0,170,7,1722270420,177,-1,19302.0,1722271200,190,19337.25,R_TRIGGER,-71.5,-71.5,0.7553
2024_07_29,1722271320.0,192,10,1722271920,202,1,19305.25,1722273360,226,19311.5,R_TRIGGER,11.5,11.5,0.734
2024_07_29,1722273180.0,223,13,1722273960,236,-1,19283.5,1722274680,248,19281.5,R_TRIGGER,3.0,3.0,0.9785
2024_07_29,1722274200.0,240,15,1722275100,255,-1,19279.5,1722278640,314,19207.25,R_TRIGGER,143.5,143.5,0.8097
2024_07_29,1722278340.0,309,5,1722278640,314,1,19207.25,1722278820,317,19191.75,R_TRIGGER,-32.0,-32.0,0.747
2024_07_29,1722278640.0,314,3,1722278820,317,-1,19191.75,1722279480,328,19223.75,R_TRIGGER,-65.0,-65.0,0.7474
2024_07_29,1722278880.0,318,13,1722279660,331,-1,19231.5,1722284100,405,19198.0,SESSION_CLOSE,66.0,66.0,0.7463
2024_07_30,,-226,231,1722346500,5,1,19294.5,1722347100,15,19236.25,R_TRIGGER,-117.5,-117.5,0.812
2024_07_30,1722346920.0,12,3,1722347100,15,1,19236.25,1722348120,32,19198.5,CAT_STOP,-76.5,-101.0,0.8179
2024_07_30,1722348420.0,37,4,1722348660,41,-1,19209.0,1722348900,45,19223.5,R_TRIGGER,-30.0,-30.0,0.7597
2024_07_30,1722348660.0,41,7,1722349080,48,-1,19199.0,1722350400,70,19137.5,R_TRIGGER,122.0,122.0,0.7401
2024_07_30,1722350220.0,67,6,1722350580,73,-1,19124.75,1722352200,100,19017.25,R_TRIGGER,214.0,214.0,0.7483
2024_07_30,1722351960.0,96,4,1722352200,100,-1,19017.25,1722352680,108,19016.75,R_TRIGGER,0.0,0.0,0.7726
2024_07_30,1722352440.0,104,11,1722353100,115,-1,19032.0,1722354480,138,18956.5,R_TRIGGER,150.0,150.0,0.7715
2024_07_30,1722354180.0,133,5,1722354480,138,1,18956.5,1722356280,168,18957.25,R_TRIGGER,0.5,0.5,0.8222
2024_07_30,1722355740.0,159,13,1722356520,172,-1,18918.75,1722357540,189,18940.5,R_TRIGGER,-44.5,-44.5,0.8518
2024_07_30,1722357600.0,190,5,1722357900,195,-1,18915.5,1722359160,216,18835.75,R_TRIGGER,158.5,158.5,0.7741
2024_07_30,1722358980.0,213,11,1722359640,224,1,18878.75,1722364020,297,18956.25,R_TRIGGER,154.0,154.0,0.9584
2024_07_30,1722364080.0,298,10,1722364680,308,1,18985.75,1722365160,316,18965.25,R_TRIGGER,-42.0,-42.0,0.8494
2024_07_30,1722364620.0,307,12,1722365340,319,-1,18948.25,1722365640,324,18956.0,R_TRIGGER,-16.5,-16.5,0.9726
2024_07_30,1722365340.0,319,5,1722365640,324,-1,18956.0,1722367080,348,18942.25,R_TRIGGER,26.5,26.5,0.7864
2024_07_30,1722366840.0,344,16,1722367800,360,-1,18937.75,1722368760,376,18936.5,R_TRIGGER,1.5,1.5,0.7584
2024_07_30,1722368580.0,373,3,1722368760,376,1,18936.5,1722369180,383,18995.25,R_TRIGGER,116.5,116.5,0.8664
2024_07_30,1722368940.0,379,5,1722369240,384,1,18976.75,1722369645,,18818.5,CAT_STOP,-317.5,-101.0,0.8271
2024_07_31,,-220,220,1722432600,0,1,19361.5,1722432780,3,19342.0,R_TRIGGER,-40.0,-40.0,0.7354
2024_07_31,1722432600.0,0,3,1722432780,3,-1,19342.0,1722433080,8,19357.25,R_TRIGGER,-31.5,-31.5,0.8986
2024_07_31,1722432840.0,4,7,1722433260,11,1,19407.5,1722433425,,19352.5,CAT_STOP,-111.0,-101.0,0.9601
2024_07_31,1722433320.0,12,3,1722433500,15,1,19352.5,1722435900,55,19430.0,R_TRIGGER,154.0,154.0,0.768
2024_07_31,1722435600.0,50,5,1722435900,55,1,19430.0,1722436980,73,19455.75,R_TRIGGER,50.5,50.5,0.7659
2024_07_31,1722436740.0,69,4,1722436980,73,-1,19455.75,1722437940,89,19451.75,R_TRIGGER,7.0,7.0,0.7576
2024_07_31,1722437640.0,84,7,1722438060,91,-1,19455.0,1722439905,,19482.5,CAT_STOP,-56.0,-101.0,0.7591
2024_07_31,1722441480.0,148,24,1722442920,172,-1,19479.5,1722445620,217,19462.0,R_TRIGGER,34.0,34.0,0.7371
2024_07_31,1722445200.0,210,9,1722445740,219,1,19454.5,1722446700,235,19436.0,R_TRIGGER,-38.0,-38.0,0.9654
2024_07_31,1722446340.0,229,6,1722446700,235,-1,19436.0,1722447900,255,19391.25,R_TRIGGER,88.5,88.5,0.9765
2024_07_31,1722447720.0,252,3,1722447900,255,-1,19391.25,1722448435,,19452.5,CAT_STOP,-123.5,-101.0,0.8106
2024_07_31,1722448800.0,270,5,1722449100,275,1,19452.5,1722450960,306,19466.5,R_TRIGGER,27.0,27.0,0.8594
2024_07_31,1722450780.0,303,3,1722450960,306,-1,19466.5,1722451200,310,19501.0,R_TRIGGER,-70.0,-70.0,0.7653
2024_07_31,1722450960.0,306,4,1722451200,310,1,19501.0,1722452760,336,19548.75,R_TRIGGER,94.5,94.5,0.8455
2024_07_31,1722452580.0,333,4,1722452820,337,1,19556.75,1722453540,349,19512.75,CAT_STOP,-89.0,-101.0,0.8301
2024_07_31,1722453420.0,347,3,1722453600,350,-1,19512.75,1722454320,362,19476.0,R_TRIGGER,72.5,72.5,0.8203
2024_07_31,1722454080.0,358,4,1722454320,362,1,19476.0,1722455280,378,19499.75,R_TRIGGER,46.5,46.5,0.7604
2024_07_31,1722455100.0,375,3,1722455280,378,-1,19499.75,1722455760,386,19488.5,R_TRIGGER,21.5,21.5,0.7925
2024_07_31,1722455580.0,383,3,1722455760,386,1,19488.5,1722456480,398,19575.0,R_TRIGGER,172.0,172.0,0.8934
2024_07_31,1722456300.0,395,5,1722456600,400,1,19578.25,1722456855,,19560.75,CAT_STOP,-36.0,-101.0,0.7778
2024_08_01,,-58,60,1722519120,2,1,19543.0,1722520320,22,19623.75,R_TRIGGER,160.5,160.5,0.8488
2024_08_01,1722520140.0,19,3,1722520320,22,-1,19623.75,1722520560,26,19667.75,R_TRIGGER,-89.0,-89.0,0.7448
2024_08_01,1722520620.0,27,5,1722520920,32,1,19662.0,1722521095,,19556.75,CAT_STOP,-211.5,-101.0,0.7756
2024_08_01,1722521640.0,44,3,1722521820,47,-1,19556.75,1722523920,82,19382.5,R_TRIGGER,347.5,347.5,0.9866
2024_08_01,1722523740.0,79,5,1722524040,84,-1,19367.0,1722525420,107,19307.0,R_TRIGGER,119.0,119.0,0.7931
2024_08_01,1722524880.0,98,10,1722525480,108,-1,19293.75,1722527520,142,19194.25,R_TRIGGER,198.0,198.0,0.7569
2024_08_01,1722527100.0,135,7,1722527520,142,-1,19194.25,1722528360,156,19205.75,R_TRIGGER,-24.0,-24.0,0.736
2024_08_01,1722528000.0,150,7,1722528420,157,1,19228.25,1722529140,169,19185.5,R_TRIGGER,-86.5,-86.5,0.9633
2024_08_01,1722528960.0,166,4,1722529200,170,-1,19175.5,1722534840,264,18977.25,R_TRIGGER,395.5,395.5,0.844
2024_08_01,1722534660.0,261,7,1722535080,268,1,18992.0,1722535500,275,18984.0,R_TRIGGER,-17.0,-17.0,0.9723
2024_08_01,1722535200.0,270,5,1722535500,275,1,18984.0,1722536245,,18886.75,CAT_STOP,-195.5,-101.0,0.8
2024_08_01,1722537600.0,310,7,1722538020,317,-1,18886.75,1722538920,332,18919.75,R_TRIGGER,-67.0,-67.0,0.7747
2024_08_01,1722538140.0,319,15,1722539040,334,-1,18915.25,1722540250,,19001.0,CAT_STOP,-172.5,-101.0,0.7891
2024_08_01,1722541380.0,373,4,1722541620,377,1,19001.0,1722542040,384,18993.0,R_TRIGGER,-17.0,-17.0,0.8031
2024_08_01,1722541800.0,380,5,1722542100,385,1,18987.0,1722542465,,18948.25,CAT_STOP,-78.5,-101.0,0.7949
2024_08_01,1722542460.0,391,3,1722542640,394,1,18948.25,1722543000,400,18938.25,R_TRIGGER,-21.0,-21.0,0.7873
2024_08_01,1722542820.0,397,3,1722543000,400,-1,18938.25,1722543300,405,18935.0,SESSION_CLOSE,5.5,5.5,0.7856
2024_08_02,,-54,55,1722605460,1,1,18620.5,1722605580,3,18562.75,R_TRIGGER,-116.5,-116.5,0.7742
2024_08_02,,-12,15,1722605580,3,-1,18562.75,1722605585,,18663.0,CAT_STOP,-201.5,-101.0,0.743
2024_08_02,1722605640.0,4,4,1722605880,8,1,18663.0,1722606360,16,18640.75,R_TRIGGER,-45.5,-45.5,0.7382
2024_08_02,1722606060.0,11,5,1722606360,16,1,18640.75,1722606780,23,18411.25,CAT_STOP,-460.0,-101.0,0.7687
2024_08_02,1722609060.0,61,8,1722609540,69,-1,18411.25,1722609780,73,18512.75,CAT_STOP,-204.0,-101.0,0.9736
2024_08_02,1722609660.0,71,8,1722610140,79,1,18541.5,1722610365,,18445.25,CAT_STOP,-193.5,-101.0,0.9712
2024_08_02,1722610200.0,80,5,1722610500,85,-1,18445.25,1722611485,,18507.25,CAT_STOP,-125.0,-101.0,0.7435
2024_08_02,1722610800.0,90,33,1722612780,123,1,18507.25,1722615120,162,18523.25,R_TRIGGER,31.0,31.0,0.8267
2024_08_02,1722614220.0,147,15,1722615120,162,-1,18523.25,1722615600,170,18615.75,CAT_STOP,-186.0,-101.0,0.7632
2024_08_02,1722615180.0,163,29,1722616920,192,1,18610.25,1722617185,,18519.5,CAT_STOP,-182.5,-101.0,0.9138
2024_08_02,1722616860.0,191,10,1722617460,201,-1,18519.5,1722623340,299,18553.0,R_TRIGGER,-68.0,-68.0,0.977
2024_08_02,1722620460.0,251,48,1722623340,299,1,18553.0,1722624335,,18486.5,CAT_STOP,-134.0,-101.0,0.7806
2024_08_02,1722623520.0,302,70,1722627720,372,1,18478.75,1722629700,405,18552.5,SESSION_CLOSE,146.5,146.5,0.7989
2024_08_05,,-23,23,1722864600,0,-1,17556.75,1722864720,2,17680.75,CAT_STOP,-249.0,-101.0,0.9755
2024_08_05,1722864600.0,0,3,1722864780,3,-1,17680.75,1722865015,,18020.5,CAT_STOP,-680.5,-101.0,0.7895
2024_08_05,1722868140.0,59,11,1722868800,70,-1,17975.5,1722868815,,18090.5,CAT_STOP,-231.0,-101.0,0.7861
2024_08_05,1722870060.0,91,7,1722870480,98,1,18090.5,1722870485,,18128.5,CAT_STOP,75.0,-101.0,0.8526
2024_08_05,1722875280.0,178,17,1722876300,195,-1,18128.5,1722888060,391,18065.5,R_TRIGGER,125.0,125.0,0.8532
2024_08_05,1722884220.0,327,64,1722888060,391,1,18065.5,1722888900,405,18079.5,SESSION_CLOSE,27.0,27.0,0.7484
2024_08_06,,-120,120,1722951000,0,1,18119.0,1722951015,,18063.25,CAT_STOP,-112.5,-101.0,0.7574
2024_08_06,1722951120.0,2,4,1722951360,6,-1,18063.25,1722952080,18,18075.5,R_TRIGGER,-25.5,-25.5,0.8028
2024_08_06,1722951900.0,15,3,1722952080,18,-1,18075.5,1722952405,,18229.0,CAT_STOP,-308.0,-101.0,0.8221
2024_08_06,1722954660.0,61,7,1722955080,68,1,18229.0,1722957300,105,18237.25,R_TRIGGER,15.5,15.5,0.8288
2024_08_06,1722955740.0,79,26,1722957300,105,-1,18237.25,1722957830,,18273.25,CAT_STOP,-73.0,-101.0,0.9761
2024_08_06,1722958140.0,119,17,1722959160,136,-1,18261.25,1722959400,140,18372.0,CAT_STOP,-222.5,-101.0,0.7387
2024_08_06,1722971820.0,347,7,1722972240,354,1,18372.0,1722972620,,18265.25,CAT_STOP,-214.5,-101.0,0.9686
2024_08_06,1722972300.0,355,22,1722973620,377,-1,18265.25,1722975300,405,18159.25,SESSION_CLOSE,211.0,211.0,0.9889
2024_08_07,,-15,19,1723037640,4,1,18493.5,1723038120,12,18496.75,R_TRIGGER,5.5,5.5,0.7482
2024_08_07,1723037940.0,9,3,1723038120,12,1,18496.75,1723038780,23,18515.0,R_TRIGGER,35.5,35.5,0.7971
2024_08_07,1723038600.0,20,3,1723038780,23,-1,18515.0,1723039140,29,18520.25,R_TRIGGER,-11.5,-11.5,0.862
2024_08_07,1723038900.0,25,4,1723039140,29,1,18520.25,1723039440,34,18486.5,R_TRIGGER,-68.5,-68.5,0.839
2024_08_07,1723039260.0,31,4,1723039500,35,1,18487.75,1723040220,47,18482.25,R_TRIGGER,-12.0,-12.0,0.7634
2024_08_07,1723039920.0,42,5,1723040220,47,-1,18482.25,1723040520,52,18484.0,R_TRIGGER,-4.5,-4.5,0.7465
2024_08_07,1723040340.0,49,4,1723040580,53,-1,18477.75,1723041120,62,18464.75,R_TRIGGER,25.0,25.0,0.7776
2024_08_07,1723040880.0,58,7,1723041300,65,-1,18452.25,1723041840,74,18503.25,R_TRIGGER,-103.0,-103.0,0.8084
2024_08_07,1723041660.0,71,4,1723041900,75,1,18519.0,1723042860,91,18496.25,R_TRIGGER,-46.5,-46.5,0.9679
2024_08_07,1723042320.0,82,10,1723042920,92,1,18508.75,1723043460,101,18505.25,R_TRIGGER,-8.0,-8.0,0.7815
2024_08_07,1723043160.0,96,7,1723043580,103,-1,18492.25,1723044720,122,18470.25,R_TRIGGER,43.0,43.0,0.7606
2024_08_07,1723044300.0,115,9,1723044840,124,-1,18465.25,1723045980,143,18397.75,R_TRIGGER,134.0,134.0,0.7873
2024_08_07,1723045680.0,138,5,1723045980,143,-1,18397.75,1723046820,157,18324.75,R_TRIGGER,145.0,145.0,0.7694
2024_08_07,1723046640.0,154,7,1723047060,161,-1,18336.0,1723047690,,18199.25,CAT_STOP,272.5,-101.0,0.7413
2024_08_07,1723051080.0,228,4,1723051320,232,-1,18199.25,1723052280,248,18231.0,R_TRIGGER,-64.5,-64.5,0.7434
2024_08_07,1723052280.0,248,3,1723052460,251,-1,18196.25,1723054980,293,18062.5,R_TRIGGER,266.5,266.5,0.7853
2024_08_07,1723054740.0,289,5,1723055040,294,1,18061.25,1723055460,301,18049.5,R_TRIGGER,-24.5,-24.5,0.8208
2024_08_07,1723055160.0,296,5,1723055460,301,-1,18049.5,1723056000,310,18069.75,R_TRIGGER,-41.5,-41.5,0.7561
2024_08_07,1723055820.0,307,6,1723056180,313,-1,18046.75,1723056900,325,18047.0,R_TRIGGER,-1.5,-1.5,0.8046
2024_08_07,1723056480.0,318,12,1723057200,330,-1,18027.0,1723057380,333,18112.5,CAT_STOP,-172.0,-101.0,0.7636
2024_08_07,1723058040.0,344,4,1723058280,348,1,18112.5,1723058580,353,18090.75,R_TRIGGER,-44.5,-44.5,0.7384
2024_08_07,1723058400.0,350,3,1723058580,353,1,18090.75,1723059780,373,18070.75,R_TRIGGER,-41.0,-41.0,0.7976
2024_08_07,1723059480.0,368,6,1723059840,374,-1,18072.5,1723061580,403,17997.25,R_TRIGGER,149.5,149.5,0.9769
2024_08_08,,-218,219,1723123860,1,1,18214.5,1723124220,7,18164.25,R_TRIGGER,-101.5,-101.5,0.8129
2024_08_08,,-12,19,1723124220,7,1,18164.25,1723124875,,18337.5,CAT_STOP,345.5,-101.0,0.8643
2024_08_08,1723128600.0,80,21,1723129860,101,-1,18337.5,1723130630,,18406.25,CAT_STOP,-138.5,-101.0,0.9793
2024_08_08,1723130220.0,107,9,1723130760,116,1,18406.25,1723132190,,18379.25,CAT_STOP,-55.0,-101.0,0.961
2024_08_08,1723133400.0,160,27,1723135020,187,-1,18379.25,1723136140,,18456.0,CAT_STOP,-154.5,-101.0,0.762
2024_08_08,1723136760.0,216,15,1723137660,231,1,18457.5,1723143720,332,18464.25,R_TRIGGER,12.5,12.5,0.7565
2024_08_08,1723140960.0,286,46,1723143720,332,-1,18464.25,1723146180,373,18495.0,R_TRIGGER,-62.5,-62.5,0.8008
2024_08_08,1723145760.0,366,7,1723146180,373,1,18495.0,1723148100,405,18525.0,SESSION_CLOSE,59.0,59.0,0.9704
2024_08_09,,-54,55,1723210260,1,1,18483.75,1723210920,12,18465.5,R_TRIGGER,-37.5,-37.5,0.8533
2024_08_09,1723210740.0,9,4,1723210980,13,-1,18473.0,1723211700,25,18468.25,R_TRIGGER,8.5,8.5,0.858
2024_08_09,1723211160.0,16,9,1723211700,25,1,18468.25,1723211880,28,18436.75,R_TRIGGER,-64.0,-64.0,0.8128
2024_08_09,1723211700.0,25,3,1723211880,28,1,18436.75,1723213020,47,18514.0,R_TRIGGER,153.5,153.5,0.7975
2024_08_09,1723212780.0,43,4,1723213020,47,1,18514.0,1723213915,,18508.75,CAT_STOP,-11.5,-101.0,0.7632
2024_08_09,1723216080.0,98,22,1723217400,120,1,18510.0,1723218960,146,18481.25,R_TRIGGER,-58.5,-58.5,0.7977
2024_08_09,1723218780.0,143,3,1723218960,146,-1,18481.25,1723221540,189,18511.25,R_TRIGGER,-61.0,-61.0,0.761
2024_08_09,1723220640.0,174,15,1723221540,189,1,18511.25,1723225800,260,18619.25,R_TRIGGER,215.0,215.0,0.9718
2024_08_09,1723224600.0,240,20,1723225800,260,-1,18619.25,1723230900,345,18618.75,R_TRIGGER,0.0,0.0,0.9627
2024_08_09,1723229760.0,326,19,1723230900,345,1,18618.75,1723234500,405,18615.0,SESSION_CLOSE,-8.5,-8.5,0.968
2024_08_12,,-60,60,1723469400,0,-1,18662.75,1723470840,24,18576.75,R_TRIGGER,171.0,171.0,0.7566
2024_08_12,1723470540.0,19,6,1723470900,25,-1,18569.0,1723471320,32,18566.0,R_TRIGGER,5.0,5.0,0.7721
2024_08_12,1723471080.0,28,4,1723471320,32,-1,18566.0,1723471665,,18616.25,CAT_STOP,-101.5,-101.0,0.7716
2024_08_12,1723476300.0,115,3,1723476480,118,-1,18616.25,1723477860,141,18640.0,CAT_STOP,-48.5,-101.0,0.7353
2024_08_12,1723482000.0,210,14,1723482840,224,-1,18640.0,1723485780,273,18631.5,R_TRIGGER,16.0,16.0,0.7485
2024_08_12,1723485120.0,262,12,1723485840,274,1,18629.75,1723491360,366,18611.0,R_TRIGGER,-38.5,-38.5,0.9579
2024_08_12,1723489200.0,330,37,1723491420,367,-1,18605.5,1723492740,389,18644.5,R_TRIGGER,-79.0,-79.0,0.9757
2024_08_12,1723492380.0,383,7,1723492800,390,1,18654.0,1723493700,405,18644.0,SESSION_CLOSE,-21.0,-21.0,0.9679
2024_08_13,,-43,44,1723555860,1,1,18857.0,1723556460,11,18838.0,R_TRIGGER,-39.0,-39.0,0.7354
2024_08_13,1723556040.0,4,7,1723556460,11,1,18838.0,1723559460,61,18873.5,R_TRIGGER,70.0,70.0,0.7618
2024_08_13,1723559580.0,63,59,1723563120,122,-1,18961.75,1723565985,,19059.0,CAT_STOP,-195.5,-101.0,0.8067
2024_08_13,1723571160.0,256,13,1723571940,269,1,19057.75,1723576860,351,19033.5,R_TRIGGER,-49.5,-49.5,0.9536
2024_08_13,1723575540.0,329,22,1723576860,351,-1,19033.5,1723578300,375,19080.25,R_TRIGGER,-94.5,-94.5,0.8394
2024_08_13,1723576860.0,351,26,1723578420,377,1,19080.0,1723580100,405,19112.25,SESSION_CLOSE,63.5,63.5,0.7521
2024_08_14,,-55,55,1723642200,0,1,19162.5,1723642440,4,19108.25,R_TRIGGER,-109.5,-109.5,0.7716
2024_08_14,1723642260.0,1,3,1723642440,4,1,19108.25,1723643080,,19043.25,CAT_STOP,-131.0,-101.0,0.7639
2024_08_14,1723643220.0,17,4,1723643460,21,-1,19043.25,1723645200,50,18994.75,R_TRIGGER,96.0,96.0,0.7581
2024_08_14,1723645020.0,47,3,1723645200,50,-1,18994.75,1723646220,67,18964.0,R_TRIGGER,60.5,60.5,0.7386
2024_08_14,1723646040.0,64,11,1723646700,75,1,18992.75,1723652040,164,19162.0,R_TRIGGER,337.5,337.5,0.74
2024_08_14,1723651080.0,148,16,1723652040,164,-1,19162.0,1723654440,204,19069.75,R_TRIGGER,183.5,183.5,0.9621
2024_08_14,1723653900.0,195,13,1723654680,208,1,19071.5,1723655460,221,19067.25,R_TRIGGER,-9.5,-9.5,0.9578
2024_08_14,1723655220.0,217,10,1723655820,227,1,19083.5,1723657320,252,19066.25,R_TRIGGER,-35.5,-35.5,0.7392
2024_08_14,1723656660.0,241,14,1723657500,255,1,19075.0,1723662780,343,19064.25,R_TRIGGER,-22.5,-22.5,0.7552
2024_08_14,1723661880.0,328,15,1723662780,343,-1,19064.25,1723664880,378,19087.0,R_TRIGGER,-46.5,-46.5,0.741
2024_08_14,1723662840.0,344,35,1723664940,379,1,19091.25,1723666500,405,19160.5,SESSION_CLOSE,137.5,137.5,0.7593
2024_08_15,,-12,12,1723728600,0,1,19357.25,1723730700,35,19432.25,R_TRIGGER,149.0,149.0,0.9595
2024_08_15,1723730520.0,32,3,1723730700,35,-1,19432.25,1723731180,43,19452.25,R_TRIGGER,-41.0,-41.0,0.9766
2024_08_15,1723730700.0,35,20,1723731900,55,1,19471.75,1723733700,85,19484.75,R_TRIGGER,25.0,25.0,0.9458
2024_08_15,1723733280.0,78,12,1723734000,90,1,19481.25,1723740420,197,19524.25,R_TRIGGER,85.0,85.0,0.7429
2024_08_15,1723738980.0,173,24,1723740420,197,-1,19524.25,1723742820,237,19553.0,R_TRIGGER,-58.5,-58.5,0.8436
2024_08_15,1723740420.0,197,65,1723744320,262,1,19581.75,1723751400,380,19567.0,R_TRIGGER,-30.5,-30.5,0.7462
2024_08_15,1723751040.0,374,6,1723751400,380,-1,19567.0,1723751940,389,19588.0,R_TRIGGER,-43.0,-43.0,0.9778
2024_08_15,1723751580.0,383,7,1723752000,390,-1,19587.5,1723752900,405,19570.0,SESSION_CLOSE,34.0,34.0,0.7815
2024_08_16,,-51,51,1723815000,0,1,19465.75,1723819680,78,19512.25,R_TRIGGER,92.0,92.0,0.7497
2024_08_16,1723818000.0,50,28,1723819680,78,-1,19512.25,1723819920,82,19555.25,R_TRIGGER,-87.0,-87.0,0.9744
2024_08_16,1723819740.0,79,5,1723820040,84,-1,19522.25,1723822560,126,19550.5,R_TRIGGER,-57.5,-57.5,0.7556
2024_08_16,1723821600.0,110,54,1723824840,164,1,19610.0,1723830600,260,19612.5,R_TRIGGER,4.0,4.0,0.837
2024_08_16,1723827480.0,208,52,1723830600,260,-1,19612.5,1723839300,405,19616.0,SESSION_CLOSE,-8.0,-8.0,0.7664
2024_08_19,,-14,14,1724074200,0,-1,19594.0,1724074860,11,19588.25,R_TRIGGER,10.5,10.5,0.8243
2024_08_19,1724074680.0,8,3,1724074860,11,1,19588.25,1724075640,24,19583.25,R_TRIGGER,-11.0,-11.0,0.7663
2024_08_19,1724075280.0,18,6,1724075640,24,-1,19583.25,1724076420,37,19603.25,R_TRIGGER,-41.0,-41.0,0.7576
2024_08_19,1724076180.0,33,7,1724076600,40,1,19619.25,1724076960,46,19582.75,R_TRIGGER,-74.0,-74.0,0.9616
2024_08_19,1724076660.0,41,5,1724076960,46,1,19582.75,1724077155,,19601.5,CAT_STOP,36.5,-101.0,0.7496
2024_08_19,1724077920.0,62,8,1724078400,70,1,19601.5,1724080560,106,19653.5,R_TRIGGER,103.0,103.0,0.7475
2024_08_19,1724080200.0,100,7,1724080620,107,-1,19635.75,1724081040,114,19662.5,R_TRIGGER,-54.5,-54.5,0.969
2024_08_19,1724080620.0,107,17,1724081640,124,1,19665.5,1724083020,147,19644.75,R_TRIGGER,-42.5,-42.5,0.9609
2024_08_19,1724082720.0,142,5,1724083020,147,-1,19644.75,1724083800,160,19650.75,R_TRIGGER,-13.0,-13.0,0.7548
2024_08_19,1724083080.0,148,18,1724084160,166,1,19655.0,1724094300,335,19760.0,R_TRIGGER,209.0,209.0,0.9521
2024_08_19,1724093340.0,319,36,1724095500,355,1,19781.0,1724098500,405,19852.25,SESSION_CLOSE,141.5,141.5,0.9634
2024_08_20,,-3,4,1724160660,1,1,19839.75,1724162580,33,19894.5,R_TRIGGER,108.5,108.5,0.958
2024_08_20,1724162400.0,30,3,1724162580,33,-1,19894.5,1724163720,52,19845.75,R_TRIGGER,96.5,96.5,0.7636
2024_08_20,1724163720.0,52,4,1724163960,56,-1,19824.25,1724165160,76,19780.5,R_TRIGGER,86.5,86.5,0.7441
2024_08_20,1724164980.0,73,10,1724165580,83,1,19808.5,1724165820,87,19783.25,R_TRIGGER,-51.5,-51.5,0.9601
2024_08_20,1724165640.0,84,6,1724166000,90,1,19790.0,1724167680,118,19787.5,R_TRIGGER,-6.0,-6.0,0.7771
2024_08_20,1724167440.0,114,4,1724167680,118,-1,19787.5,1724168100,125,19815.75,R_TRIGGER,-57.5,-57.5,0.7498
2024_08_20,1724168280.0,128,6,1724168640,134,-1,19795.0,1724169120,142,19810.75,R_TRIGGER,-32.5,-32.5,0.7929
2024_08_20,1724168700.0,135,9,1724169240,144,1,19824.25,1724170440,164,19832.5,R_TRIGGER,15.5,15.5,0.8463
2024_08_20,1724169660.0,151,15,1724170560,166,-1,19820.25,1724173560,216,19774.75,R_TRIGGER,90.0,90.0,0.9655
2024_08_20,1724173200.0,210,7,1724173620,217,1,19780.0,1724179920,322,19839.0,R_TRIGGER,117.0,117.0,0.7586
2024_08_20,1724178240.0,294,28,1724179920,322,-1,19839.0,1724183400,380,19839.5,R_TRIGGER,-2.0,-2.0,0.9714
2024_08_20,1724182380.0,363,17,1724183400,380,1,19839.5,1724183580,383,19825.75,R_TRIGGER,-28.5,-28.5,0.9688
2024_08_20,1724183400.0,380,3,1724183580,383,1,19825.75,1724184900,405,19830.0,SESSION_CLOSE,7.5,7.5,0.8038
2024_08_21,,-60,65,1724247300,5,1,19832.25,1724249760,46,19869.0,R_TRIGGER,72.5,72.5,0.7346
2024_08_21,1724249580.0,43,3,1724249760,46,1,19869.0,1724250300,55,19878.25,R_TRIGGER,17.5,17.5,0.784
2024_08_21,1724250720.0,62,3,1724250900,65,-1,19869.25,1724251010,,19841.0,CAT_STOP,55.5,-101.0,0.7783
2024_08_21,1724252460.0,91,3,1724252640,94,-1,19850.0,1724256480,158,19800.25,R_TRIGGER,98.5,98.5,0.7598
2024_08_21,1724256180.0,153,13,1724256960,166,1,19817.0,1724260860,231,19862.25,R_TRIGGER,89.5,89.5,0.9639
2024_08_21,1724259840.0,214,17,1724260860,231,-1,19862.25,1724262480,258,19878.0,R_TRIGGER,-32.5,-32.5,0.9654
2024_08_21,1724260860.0,231,27,1724262480,258,1,19878.0,1724263380,273,19904.0,R_TRIGGER,51.0,51.0,0.9567
2024_08_21,1724263200.0,270,3,1724263380,273,1,19904.0,1724265300,305,19912.0,R_TRIGGER,15.0,15.0,0.7858
2024_08_21,1724265120.0,302,5,1724265420,307,-1,19922.75,1724266260,321,19914.0,R_TRIGGER,16.5,16.5,0.7547
2024_08_21,1724265900.0,315,12,1724266620,327,-1,19910.0,1724268360,356,19865.75,R_TRIGGER,87.5,87.5,0.7362
2024_08_21,1724268120.0,352,4,1724268360,356,1,19865.75,1724270940,399,19889.75,R_TRIGGER,47.0,47.0,0.8004
2024_08_22,,-53,55,1724333520,2,1,19993.25,1724333580,3,19994.25,R_TRIGGER,1.0,1.0,0.7987
2024_08_22,1724333400.0,0,3,1724333580,3,1,19994.25,1724334540,19,19974.0,R_TRIGGER,-41.5,-41.5,0.8659
2024_08_22,1724334960.0,26,10,1724335560,36,-1,19947.75,1724336040,44,19912.0,R_TRIGGER,70.5,70.5,0.9803
2024_08_22,1724335860.0,41,3,1724336040,44,-1,19912.0,1724336640,54,19918.25,R_TRIGGER,-13.5,-13.5,0.7828
2024_08_22,1724336400.0,50,5,1724336700,55,-1,19922.0,1724337360,66,19907.25,R_TRIGGER,28.5,28.5,0.7563
2024_08_22,1724337180.0,63,5,1724337480,68,-1,19896.25,1724338440,84,19883.5,R_TRIGGER,24.5,24.5,0.7361
2024_08_22,1724338140.0,79,16,1724339100,95,1,19906.5,1724339400,100,19869.0,R_TRIGGER,-76.0,-76.0,0.9499
2024_08_22,1724339220.0,97,3,1724339400,100,-1,19869.0,1724341680,138,19682.25,R_TRIGGER,372.5,372.5,0.7957
2024_08_22,1724341500.0,135,3,1724341680,138,-1,19682.25,1724342640,154,19704.0,CAT_STOP,-44.5,-101.0,0.769
2024_08_22,1724346360.0,216,5,1724346660,221,1,19732.0,1724346840,224,19695.5,R_TRIGGER,-74.0,-74.0,0.7382
2024_08_22,1724346660.0,221,3,1724346840,224,-1,19695.5,1724347080,228,19716.75,R_TRIGGER,-43.5,-43.5,0.7885
2024_08_22,1724346840.0,224,6,1724347200,230,-1,19716.5,1724348160,246,19658.5,R_TRIGGER,115.0,115.0,0.7541
2024_08_22,1724347980.0,243,3,1724348160,246,-1,19658.5,1724350260,281,19618.75,R_TRIGGER,78.5,78.5,0.7704
2024_08_22,1724350020.0,277,8,1724350500,285,-1,19639.75,1724353320,332,19661.0,R_TRIGGER,-43.5,-43.5,0.7407
2024_08_22,1724353140.0,329,4,1724353380,333,1,19653.0,1724353800,340,19630.0,R_TRIGGER,-47.0,-47.0,0.7506
2024_08_22,1724353440.0,334,10,1724354040,344,1,19638.25,1724354545,,19569.25,CAT_STOP,-139.0,-101.0,0.7349
2024_08_22,1724355540.0,369,5,1724355840,374,-1,19563.5,1724356080,378,19588.0,R_TRIGGER,-50.0,-50.0,0.761
2024_08_22,1724355840.0,374,6,1724356200,380,1,19586.0,1724356380,383,19557.25,R_TRIGGER,-58.5,-58.5,0.8031
2024_08_22,1724356200.0,380,4,1724356440,384,-1,19571.0,1724356800,390,19586.25,R_TRIGGER,-31.5,-31.5,0.8277
2024_08_22,1724356620.0,387,3,1724356800,390,-1,19586.25,1724357700,405,19604.75,SESSION_CLOSE,-38.0,-38.0,0.7738
2024_08_23,,-11,14,1724419980,3,-1,19710.0,1724420880,18,19753.0,R_TRIGGER,-87.0,-87.0,0.7751
2024_08_23,1724420040.0,4,26,1724421600,30,1,19816.75,1724421900,35,19807.75,R_TRIGGER,-19.0,-19.0,0.9681
2024_08_23,1724421720.0,32,3,1724421900,35,1,19807.75,1724422560,46,19842.25,R_TRIGGER,68.0,68.0,0.784
2024_08_23,1724422380.0,43,3,1724422560,46,1,19842.25,1724422655,,19845.0,CAT_STOP,4.5,-101.0,0.7749
2024_08_23,1724423280.0,58,5,1724423580,63,1,19858.25,1724423915,,19767.5,CAT_STOP,-182.5,-101.0,0.7555
2024_08_23,1724424180.0,73,3,1724424360,76,-1,19767.5,1724424840,84,19681.5,R_TRIGGER,171.0,171.0,0.8208
2024_08_23,1724424660.0,81,3,1724424840,84,-1,19681.5,1724425560,96,19724.25,R_TRIGGER,-86.5,-86.5,0.791
2024_08_23,1724425380.0,93,3,1724425560,96,1,19724.25,1724425800,100,19676.5,R_TRIGGER,-96.5,-96.5,0.9654
2024_08_23,1724425560.0,96,4,1724425800,100,1,19676.5,1724426820,117,19761.5,R_TRIGGER,169.0,169.0,0.7943
2024_08_23,1724426340.0,109,8,1724426820,117,1,19761.5,1724427840,134,19749.5,R_TRIGGER,-25.0,-25.0,0.7851
2024_08_23,1724427660.0,131,3,1724427840,134,-1,19749.5,1724428140,139,19748.5,R_TRIGGER,1.0,1.0,0.9858
2024_08_23,1724427960.0,136,5,1724428260,141,-1,19725.5,1724429340,159,19691.0,R_TRIGGER,68.0,68.0,0.7928
2024_08_23,1724429160.0,156,3,1724429340,159,-1,19691.0,1724430000,170,19679.25,R_TRIGGER,22.5,22.5,0.758
2024_08_23,1724429820.0,167,7,1724430240,174,-1,19662.75,1724430660,181,19676.75,R_TRIGGER,-29.0,-29.0,0.7568
2024_08_23,1724430960.0,186,5,1724431260,191,-1,19664.25,1724431800,200,19641.75,R_TRIGGER,44.0,44.0,0.7375
2024_08_23,1724431560.0,196,6,1724431920,202,1,19652.75,1724432400,210,19669.25,R_TRIGGER,32.0,32.0,0.7504
2024_08_23,1724432220.0,207,3,1724432400,210,1,19669.25,1724435460,261,19736.25,R_TRIGGER,133.0,133.0,0.75
2024_08_23,1724435040.0,254,10,1724435640,264,1,19744.75,1724439480,328,19734.75,R_TRIGGER,-21.0,-21.0,0.7722
2024_08_23,1724439120.0,322,6,1724439480,328,-1,19734.75,1724440140,339,19743.0,R_TRIGGER,-17.5,-17.5,0.9735
2024_08_23,1724439720.0,332,9,1724440260,341,1,19758.25,1724441760,366,19774.0,R_TRIGGER,30.5,30.5,0.9635
2024_08_23,1724441340.0,359,7,1724441760,366,-1,19774.0,1724442540,379,19763.0,R_TRIGGER,21.0,21.0,0.9642
2024_08_23,1724442300.0,375,4,1724442540,379,1,19763.0,1724443920,402,19777.0,R_TRIGGER,27.0,27.0,0.833
2024_08_23,1724442900.0,385,17,1724443920,402,-1,19777.0,1724444100,405,19786.0,SESSION_CLOSE,-19.0,-19.0,0.9594
2024_08_26,,-46,46,1724679000,0,1,19768.25,1724679060,1,19760.0,R_TRIGGER,-17.5,-17.5,0.7684
2024_08_26,,-6,7,1724679060,1,-1,19760.0,1724679240,4,19792.0,R_TRIGGER,-65.0,-65.0,0.9723
2024_08_26,1724679060.0,1,3,1724679240,4,1,19792.0,1724679660,11,19767.25,R_TRIGGER,-50.5,-50.5,0.9749
2024_08_26,1724679240.0,4,14,1724680080,18,-1,19732.75,1724681100,35,19716.5,R_TRIGGER,31.5,31.5,0.9737
2024_08_26,1724680860.0,31,5,1724681160,36,-1,19716.25,1724682180,53,19636.25,R_TRIGGER,159.0,159.0,0.792
2024_08_26,1724682300.0,55,3,1724682480,58,-1,19622.5,1724683380,73,19551.75,R_TRIGGER,140.5,140.5,0.7568
2024_08_26,1724683200.0,70,12,1724683920,82,1,19576.5,1724684820,97,19591.75,R_TRIGGER,29.5,29.5,0.9667
2024_08_26,1724684580.0,93,5,1724684880,98,-1,19596.5,1724685180,103,19607.25,R_TRIGGER,-22.5,-22.5,0.7657
2024_08_26,1724685180.0,103,4,1724685420,107,-1,19586.75,1724685780,113,19627.25,R_TRIGGER,-82.0,-82.0,0.7535
2024_08_26,1724685360.0,106,8,1724685840,114,1,19622.0,1724686020,117,19605.25,R_TRIGGER,-34.5,-34.5,0.8279
2024_08_26,1724686620.0,127,5,1724686920,132,1,19611.0,1724687160,136,19584.5,R_TRIGGER,-54.0,-54.0,0.8402
2024_08_26,1724686980.0,133,4,1724687220,137,-1,19579.0,1724687400,140,19586.0,R_TRIGGER,-15.0,-15.0,0.9661
2024_08_26,1724687400.0,140,3,1724687580,143,-1,19567.0,1724688960,166,19572.0,R_TRIGGER,-11.0,-11.0,0.7643
2024_08_26,1724688060.0,151,19,1724689200,170,1,19588.5,1724691180,203,19604.75,R_TRIGGER,31.5,31.5,0.9584
2024_08_26,1724690700.0,195,8,1724691180,203,-1,19604.75,1724692560,226,19598.75,R_TRIGGER,11.0,11.0,0.965
2024_08_26,1724692260.0,221,12,1724692980,233,1,19608.75,1724693340,239,19595.25,R_TRIGGER,-28.0,-28.0,0.7437
2024_08_26,1724693100.0,235,13,1724693880,248,-1,19581.0,1724696040,284,19551.25,R_TRIGGER,58.5,58.5,0.969
2024_08_26,1724695740.0,279,6,1724696100,285,-1,19549.75,1724697350,,19593.5,CAT_STOP,-88.5,-101.0,0.7435
2024_08_26,1724701560.0,376,10,1724702160,386,-1,19571.0,1724703300,405,19572.25,SESSION_CLOSE,-3.5,-3.5,0.7476
2024_08_27,,-26,28,1724765520,2,1,19512.0,1724765880,8,19478.25,R_TRIGGER,-68.5,-68.5,0.7723
2024_08_27,1724765640.0,4,4,1724765880,8,-1,19478.25,1724766480,18,19493.25,R_TRIGGER,-31.0,-31.0,0.7979
2024_08_27,1724766300.0,15,4,1724766540,19,1,19495.25,1724771880,108,19655.75,R_TRIGGER,320.0,320.0,0.7343
2024_08_27,1724770800.0,90,18,1724771880,108,-1,19655.75,1724775180,163,19635.5,R_TRIGGER,39.5,39.5,0.7888
2024_08_27,1724776380.0,183,9,1724776920,192,-1,19597.75,1724777340,199,19629.25,R_TRIGGER,-64.0,-64.0,0.9663
2024_08_27,1724776920.0,192,7,1724777340,199,1,19629.25,1724785380,333,19644.5,R_TRIGGER,29.5,29.5,0.9538
2024_08_27,1724781660.0,271,62,1724785380,333,-1,19644.5,1724789700,405,19645.5,SESSION_CLOSE,-3.0,-3.0,0.7652
2024_08_28,,-12,12,1724851800,0,1,19653.75,1724852160,6,19605.25,R_TRIGGER,-98.0,-98.0,0.9721
2024_08_28,1724851920.0,2,8,1724852400,10,1,19607.0,1724852860,,19557.25,CAT_STOP,-100.5,-101.0,0.7561
2024_08_28,1724855160.0,56,9,1724855700,65,-1,19557.25,1724858880,118,19377.25,R_TRIGGER,359.0,359.0,0.7702
2024_08_28,1724858100.0,105,15,1724859000,120,-1,19379.75,1724860715,,19404.75,CAT_STOP,-51.0,-101.0,0.763
2024_08_28,1724862180.0,173,10,1724862780,183,1,19421.5,1724865240,224,19417.25,R_TRIGGER,-9.5,-9.5,0.9628
2024_08_28,1724864520.0,212,12,1724865240,224,-1,19417.25,1724868480,278,19324.75,R_TRIGGER,184.0,184.0,0.9685
2024_08_28,1724868000.0,270,17,1724869020,287,1,19326.75,1724872020,337,19427.0,R_TRIGGER,199.5,199.5,0.9599
2024_08_28,1724871720.0,332,5,1724872020,337,1,19427.0,1724875020,387,19432.25,R_TRIGGER,9.5,9.5,0.7898
2024_08_28,1724874780.0,383,4,1724875020,387,-1,19432.25,1724876100,405,19409.5,SESSION_CLOSE,44.5,44.5,0.7604
2024_08_29,,-46,47,1724938260,1,1,19529.5,1724938860,11,19552.25,R_TRIGGER,44.5,44.5,0.7435
2024_08_29,1724938560.0,6,5,1724938860,11,1,19552.25,1724939520,22,19550.75,R_TRIGGER,-4.0,-4.0,0.8245
2024_08_29,1724939340.0,19,3,1724939520,22,1,19550.75,1724940180,33,19629.25,R_TRIGGER,156.0,156.0,0.7941
2024_08_29,1724940000.0,30,3,1724940180,33,1,19629.25,1724940595,,19638.25,CAT_STOP,17.0,-101.0,0.7854
2024_08_29,1724943120.0,82,6,1724943480,88,1,19651.25,1724944680,108,19643.5,R_TRIGGER,-16.5,-16.5,0.7356
2024_08_29,1724944500.0,105,6,1724944860,111,-1,19599.5,1724945400,120,19645.75,R_TRIGGER,-93.5,-93.5,0.9782
2024_08_29,1724944920.0,112,22,1724946240,134,-1,19622.75,1724947640,,19618.25,CAT_STOP,8.0,-101.0,0.784
2024_08_29,1724953680.0,258,7,1724954100,265,1,19618.25,1724954520,272,19591.0,R_TRIGGER,-55.5,-55.5,0.7532
2024_08_29,1724954340.0,269,6,1724954700,275,1,19597.5,1724956080,298,19367.75,CAT_STOP,-460.5,-101.0,0.7668
2024_08_29,1724957700.0,325,5,1724958000,330,-1,19367.75,1724958300,335,19406.75,R_TRIGGER,-79.0,-79.0,0.8123
2024_08_29,1724958120.0,332,3,1724958300,335,-1,19406.75,1724958960,346,19394.75,R_TRIGGER,23.0,23.0,0.8403
2024_08_29,1724958720.0,342,6,1724959080,348,1,19383.5,1724959260,351,19367.0,R_TRIGGER,-34.0,-34.0,0.8464
2024_08_29,1724959020.0,347,5,1724959320,352,-1,19361.0,1724959500,355,19401.25,R_TRIGGER,-81.5,-81.5,0.8116
2024_08_29,1724959320.0,352,3,1724959500,355,1,19401.25,1724960760,376,19407.75,R_TRIGGER,12.0,12.0,0.7822
2024_08_29,1724960280.0,368,8,1724960760,376,1,19407.75,1724962500,405,19441.5,SESSION_CLOSE,66.5,66.5,0.7502
2024_08_30,,-26,26,1725024600,0,1,19557.0,1725024780,3,19525.5,R_TRIGGER,-64.0,-64.0,0.7579
2024_08_30,1725024600.0,0,3,1725024780,3,-1,19525.5,1725025260,11,19565.0,R_TRIGGER,-80.0,-80.0,0.8619
2024_08_30,1725025020.0,7,4,1725025260,11,1,19565.0,1725025800,20,19540.25,R_TRIGGER,-50.5,-50.5,0.7649
2024_08_30,1725025560.0,16,5,1725025860,21,1,19586.75,1725025865,,19588.25,CAT_STOP,2.0,-101.0,0.7371
2024_08_30,1725026520.0,32,4,1725026760,36,-1,19588.25,1725028260,61,19562.25,R_TRIGGER,51.0,51.0,0.7425
2024_08_30,1725027900.0,55,9,1725028440,64,-1,19559.0,1725029280,78,19574.0,R_TRIGGER,-31.0,-31.0,0.7351
2024_08_30,1725029340.0,79,7,1725029760,86,-1,19526.0,1725030180,93,19489.0,R_TRIGGER,73.0,73.0,0.9737
2024_08_30,1725030000.0,90,3,1725030180,93,-1,19489.0,1725032100,125,19459.0,R_TRIGGER,59.0,59.0,0.7594
2024_08_30,1725031920.0,122,3,1725032100,125,-1,19459.0,1725033900,155,19457.5,R_TRIGGER,2.0,2.0,0.7388
2024_08_30,1725033660.0,151,13,1725034440,164,1,19467.25,1725035220,177,19432.0,R_TRIGGER,-71.5,-71.5,0.7678
2024_08_30,1725034200.0,160,17,1725035220,177,-1,19432.0,1725036540,199,19413.5,R_TRIGGER,36.0,36.0,0.9795
2024_08_30,1725035820.0,187,13,1725036600,200,1,19423.25,1725038580,233,19458.25,R_TRIGGER,69.0,69.0,0.9535
2024_08_30,1725037380.0,213,22,1725038700,235,-1,19471.0,1725039360,246,19479.0,R_TRIGGER,-17.0,-17.0,0.7425
2024_08_30,1725038580.0,233,17,1725039600,250,-1,19472.75,1725041520,282,19465.5,R_TRIGGER,13.5,13.5,0.7413
2024_08_30,1725040800.0,270,16,1725041760,286,1,19470.0,1725046440,364,19534.75,R_TRIGGER,128.5,128.5,0.9561
2024_08_30,1725046200.0,360,5,1725046500,365,1,19531.5,1725048900,405,19603.25,SESSION_CLOSE,142.5,142.5,0.7354
2024_09_02,1725284160.0,6,8,1725284640,14,1,19640.25,1725285540,29,19619.5,R_TRIGGER,-42.5,-42.5,0.9474
2024_09_02,1725284760.0,16,16,1725285720,32,-1,19614.0,1725287340,59,19607.0,R_TRIGGER,13.0,13.0,0.9628
2024_09_02,1725286920.0,52,8,1725287400,60,1,19611.5,1725290820,117,19651.0,R_TRIGGER,78.0,78.0,0.9331
2024_09_02,1725290400.0,110,7,1725290820,117,-1,19651.0,1725296280,208,19646.75,R_TRIGGER,7.5,7.5,0.9434
2024_09_02,1725296100.0,205,3,1725296280,208,-1,19646.75,1725296340,209,19646.75,SESSION_CLOSE,-1.0,-1.0,0.7428
2024_09_03,,-6,6,1725370200,0,-1,19453.25,1725371160,16,19387.25,R_TRIGGER,131.0,131.0,0.971
2024_09_03,1725370920.0,12,5,1725371220,17,-1,19396.5,1725372180,33,19354.75,R_TRIGGER,82.5,82.5,0.7742
2024_09_03,1725372000.0,30,3,1725372180,33,-1,19354.75,1725373380,53,19305.5,R_TRIGGER,97.5,97.5,0.8127
2024_09_03,1725373020.0,47,12,1725373740,59,-1,19317.0,1725375780,93,19193.0,R_TRIGGER,247.0,247.0,0.8042
2024_09_03,1725375600.0,90,4,1725375840,94,-1,19203.0,1725377700,125,19218.75,R_TRIGGER,-32.5,-32.5,0.752
2024_09_03,1725377760.0,126,18,1725378840,144,-1,19168.75,1725380100,165,19176.5,R_TRIGGER,-16.5,-16.5,0.7712
2024_09_03,1725379920.0,162,3,1725380100,165,-1,19176.5,1725384060,231,19168.0,R_TRIGGER,16.0,16.0,0.7863
2024_09_03,1725383640.0,224,8,1725384120,232,1,19165.25,1725384720,242,19141.5,R_TRIGGER,-48.5,-48.5,0.9624
2024_09_03,1725384360.0,236,6,1725384720,242,1,19141.5,1725386520,272,19044.75,CAT_STOP,-194.5,-101.0,0.7444
2024_09_03,1725388500.0,305,10,1725389100,315,-1,19044.75,1725393000,380,18969.75,R_TRIGGER,149.0,149.0,0.7592
2024_09_03,1725392820.0,377,3,1725393000,380,-1,18969.75,1725393630,,19019.0,CAT_STOP,-99.5,-101.0,0.8186
2024_09_04,,-42,43,1725456660,1,-1,18867.0,1725456890,,18910.5,CAT_STOP,-88.0,-101.0,0.7514
2024_09_04,1725456720.0,2,3,1725456900,5,1,18910.5,1725457200,10,18904.0,R_TRIGGER,-14.0,-14.0,0.7394
2024_09_04,1725457200.0,10,5,1725457500,15,-1,18967.5,1725458160,26,18973.0,R_TRIGGER,-12.0,-12.0,0.7537
2024_09_04,1725457980.0,23,3,1725458160,26,-1,18973.0,1725458580,33,18945.5,R_TRIGGER,54.0,54.0,0.7549
2024_09_04,1725458400.0,30,3,1725458580,33,-1,18945.5,1725459000,40,18998.75,R_TRIGGER,-107.5,-107.5,0.7884
2024_09_04,1725458820.0,37,4,1725459060,41,-1,18973.0,1725459420,47,18920.0,R_TRIGGER,105.0,105.0,0.7949
2024_09_04,1725459240.0,44,3,1725459420,47,-1,18920.0,1725459425,,18969.0,CAT_STOP,-99.0,-101.0,0.7943
2024_09_04,1725459660.0,51,3,1725459840,54,1,18969.0,1725461280,78,19019.75,R_TRIGGER,100.5,100.5,0.9728
2024_09_04,1725461280.0,78,3,1725461460,81,1,19046.5,1725462540,99,19064.0,R_TRIGGER,34.0,34.0,0.7859
2024_09_04,1725462360.0,96,8,1725462840,104,-1,19056.5,1725463980,123,19014.75,R_TRIGGER,82.5,82.5,0.9659
2024_09_04,1725463800.0,120,6,1725464160,126,-1,19009.0,1725464820,137,19014.5,R_TRIGGER,-12.0,-12.0,0.7349
2024_09_04,1725465240.0,144,3,1725465420,147,-1,18991.5,1725466200,160,19014.75,R_TRIGGER,-47.5,-47.5,0.7692
2024_09_04,1725465900.0,155,5,1725466200,160,-1,19014.75,1725467445,,19058.5,CAT_STOP,-88.5,-101.0,0.7767
2024_09_04,1725468360.0,196,7,1725468780,203,-1,19054.25,1725470520,232,19058.75,R_TRIGGER,-10.0,-10.0,0.739
2024_09_04,1725470220.0,227,9,1725470760,236,-1,19036.25,1725473400,280,19010.25,R_TRIGGER,51.0,51.0,0.7456
2024_09_04,1725473100.0,275,13,1725473880,288,-1,19000.5,1725474300,295,19012.75,R_TRIGGER,-25.5,-25.5,0.7405
2024_09_04,1725474060.0,291,11,1725474720,302,1,19014.25,1725474900,305,18980.75,R_TRIGGER,-68.0,-68.0,0.9641
2024_09_04,1725474720.0,302,3,1725474900,305,-1,18980.75,1725477720,352,18946.5,R_TRIGGER,67.5,67.5,0.9731
2024_09_04,1725477000.0,340,13,1725477780,353,1,18937.75,1725479640,384,18975.75,R_TRIGGER,75.0,75.0,0.809
2024_09_04,1725479460.0,381,4,1725479700,385,1,18974.75,1725480900,405,18938.25,SESSION_CLOSE,-74.0,-74.0,0.7401
2024_09_05,,-49,49,1725543000,0,-1,18896.5,1725543220,,19014.0,CAT_STOP,-236.0,-101.0,0.7374
2024_09_05,1725544140.0,19,3,1725544320,22,1,19014.0,1725545400,40,19069.5,R_TRIGGER,110.0,110.0,0.7484
2024_09_05,1725545220.0,37,8,1725545700,45,1,19031.0,1725546720,62,19108.0,R_TRIGGER,153.0,153.0,0.7903
2024_09_05,1725546420.0,57,18,1725547500,75,-1,19036.0,1725548760,96,18973.0,R_TRIGGER,125.0,125.0,0.9746
2024_09_05,1725548460.0,91,5,1725548760,96,-1,18973.0,1725550560,126,18889.75,R_TRIGGER,165.5,165.5,0.7472
2024_09_05,1725550380.0,123,9,1725550920,132,-1,18882.25,1725552120,152,18896.75,R_TRIGGER,-30.0,-30.0,0.7351
2024_09_05,1725551880.0,148,5,1725552180,153,1,18906.75,1725552780,163,18887.75,R_TRIGGER,-39.0,-39.0,0.7728
2024_09_05,1725552540.0,159,6,1725552900,165,1,18887.5,1725555960,216,18914.0,R_TRIGGER,52.0,52.0,0.7378
2024_09_05,1725554520.0,192,34,1725556560,226,-1,18912.25,1725557760,246,18931.25,R_TRIGGER,-39.0,-39.0,0.9629
2024_09_05,1725557340.0,239,8,1725557820,247,1,18950.25,1725562680,328,18992.5,R_TRIGGER,83.5,83.5,0.9592
2024_09_05,1725562260.0,321,9,1725562800,330,-1,18976.25,1725564180,353,18943.0,R_TRIGGER,65.5,65.5,0.968
2024_09_05,1725563700.0,345,14,1725564540,359,1,18963.25,1725565200,370,18950.75,R_TRIGGER,-26.0,-26.0,0.962
2024_09_05,1725564840.0,364,7,1725565260,371,-1,18942.5,1725566100,385,18938.75,R_TRIGGER,6.5,6.5,0.9704
2024_09_05,1725565860.0,381,4,1725566100,385,-1,18938.75,1725566580,393,18958.5,CAT_STOP,-40.5,-101.0,0.7961
2024_09_06,,-57,57,1725629400,0,1,18958.25,1725629520,2,18893.0,R_TRIGGER,-131.5,-131.5,0.7569
2024_09_06,,-6,9,1725629580,3,1,18906.5,1725629865,,18818.5,CAT_STOP,-177.0,-101.0,0.8126
2024_09_06,1725630420.0,17,3,1725630600,20,-1,18818.5,1725631680,38,18777.25,R_TRIGGER,81.5,81.5,0.854
2024_09_06,1725631200.0,30,8,1725631680,38,-1,18777.25,1725634800,90,18627.5,R_TRIGGER,298.5,298.5,0.8129
2024_09_06,1725634620.0,87,3,1725634800,90,1,18627.5,1725634805,,18559.0,CAT_STOP,-138.0,-101.0,0.9814
2024_09_06,1725634860.0,91,4,1725635100,95,1,18554.0,1725635850,,18476.0,CAT_STOP,-157.0,-101.0,0.8182
2024_09_06,1725643500.0,235,11,1725644160,246,-1,18476.0,1725649440,334,18502.25,R_TRIGGER,-53.5,-53.5,0.7498
2024_09_06,1725647160.0,296,40,1725649560,336,1,18496.75,1725652380,383,18469.75,R_TRIGGER,-55.0,-55.0,0.8709
2024_09_06,1725650760.0,356,27,1725652380,383,-1,18469.75,1725653700,405,18435.25,SESSION_CLOSE,68.0,68.0,0.838
2024_09_09,,-61,62,1725888660,1,1,18632.0,1725891480,48,18656.5,R_TRIGGER,48.0,48.0,0.7565
2024_09_09,1725891060.0,41,7,1725891480,48,1,18656.5,1725892255,,18533.5,CAT_STOP,-247.0,-101.0,0.7438
2024_09_09,1725893700.0,85,3,1725893880,88,-1,18533.5,1725895560,116,18541.5,R_TRIGGER,-17.0,-17.0,0.7792
2024_09_09,1725894780.0,103,15,1725895680,118,1,18558.25,1725903060,241,18688.75,R_TRIGGER,260.0,260.0,0.9529
2024_09_09,1725901920.0,222,19,1725903060,241,-1,18688.75,1725907500,315,18612.75,R_TRIGGER,151.0,151.0,0.9671
2024_09_09,1725907200.0,310,10,1725907800,320,1,18619.75,1725911580,383,18627.0,R_TRIGGER,13.5,13.5,0.9662
2024_09_09,1725911400.0,380,4,1725911640,384,1,18652.0,1725912900,405,18708.5,SESSION_CLOSE,112.0,112.0,0.7597
2024_09_10,1725975120.0,2,3,1725975300,5,1,18769.5,1725976260,21,18755.5,R_TRIGGER,-29.0,-29.0,0.763
2024_09_10,1725976080.0,18,3,1725976260,21,-1,18755.5,1725976440,24,18777.5,R_TRIGGER,-45.0,-45.0,0.7928
2024_09_10,1725976560.0,26,4,1725976800,30,-1,18770.5,1725976920,32,18778.75,R_TRIGGER,-17.5,-17.5,0.7922
2024_09_10,1725976980.0,33,3,1725977160,36,-1,18758.75,1725977310,,18796.0,CAT_STOP,-75.5,-101.0,0.8138
2024_09_10,1725977160.0,36,3,1725977340,39,-1,18796.0,1725977940,49,18729.5,R_TRIGGER,132.0,132.0,0.8062
2024_09_10,1725977760.0,46,3,1725977940,49,-1,18729.5,1725978420,57,18744.75,R_TRIGGER,-31.5,-31.5,0.7987
2024_09_10,1725978240.0,54,5,1725978540,59,1,18781.0,1725978720,62,18749.5,R_TRIGGER,-64.0,-64.0,0.9744
2024_09_10,1725978540.0,59,3,1725978720,62,1,18749.5,1725979380,73,18734.0,R_TRIGGER,-32.0,-32.0,0.8057
2024_09_10,1725979200.0,70,3,1725979380,73,1,18734.0,1725979865,,18759.0,CAT_STOP,49.0,-101.0,0.7556
2024_09_10,1725982200.0,120,7,1725982620,127,-1,18757.5,1725984360,156,18627.5,R_TRIGGER,259.0,259.0,0.8435
2024_09_10,1725984180.0,153,3,1725984360,156,-1,18627.5,1725985080,168,18631.25,R_TRIGGER,-8.5,-8.5,0.747
2024_09_10,1725984900.0,165,10,1725985500,175,1,18644.5,1725987540,209,18688.5,R_TRIGGER,87.0,87.0,0.9751
2024_09_10,1725987300.0,205,8,1725987780,213,1,18697.75,1725989340,239,18747.75,R_TRIGGER,99.0,99.0,0.7672
2024_09_10,1725988680.0,228,17,1725989700,245,1,18760.75,1725992520,292,18808.0,R_TRIGGER,93.5,93.5,0.7471
2024_09_10,1725992100.0,285,8,1725992580,293,-1,18818.25,1725993060,301,18836.25,R_TRIGGER,-37.0,-37.0,0.7593
2024_09_10,1725992520.0,292,30,1725994320,322,-1,18820.75,1725996715,,18855.25,CAT_STOP,-70.0,-101.0,0.7762
2024_09_10,1725997800.0,380,10,1725998400,390,-1,18849.0,1725999300,405,18846.75,SESSION_CLOSE,3.5,3.5,0.7376
2024_09_11,,-8,8,1726061400,0,-1,18860.75,1726062180,13,18830.0,R_TRIGGER,60.5,60.5,0.9649
2024_09_11,1726062000.0,10,3,1726062180,13,-1,18830.0,1726063380,33,18791.0,R_TRIGGER,77.0,77.0,0.8534
2024_09_11,1726063200.0,30,4,1726063440,34,-1,18800.0,1726064580,53,18682.0,R_TRIGGER,235.0,235.0,0.7649
2024_09_11,1726064220.0,47,12,1726064940,59,-1,18655.25,1726066740,89,18604.0,R_TRIGGER,101.5,101.5,0.7717
2024_09_11,1726066500.0,85,6,1726066860,91,1,18584.25,1726070100,145,18764.75,R_TRIGGER,360.0,360.0,0.7541
2024_09_11,1726069620.0,137,9,1726070160,146,-1,18734.25,1726070340,149,18789.25,R_TRIGGER,-111.0,-111.0,0.9652
2024_09_11,1726070160.0,146,6,1726070520,152,1,18811.0,1726073040,194,18893.25,R_TRIGGER,163.5,163.5,0.97
2024_09_11,1726072740.0,189,15,1726073640,204,1,18916.5,1726077420,267,19025.25,R_TRIGGER,216.5,216.5,0.7666
2024_09_11,1726077060.0,261,11,1726077720,272,1,19038.75,1726080420,317,19136.75,R_TRIGGER,195.0,195.0,0.7343
2024_09_11,1726080120.0,312,11,1726080780,323,1,19116.75,1726084920,392,19241.0,R_TRIGGER,247.5,247.5,0.7749
2024_09_11,1726084740.0,389,5,1726085040,394,1,19234.25,1726085700,405,19251.5,SESSION_CLOSE,33.5,33.5,0.7734
2024_09_12,,-45,45,1726147800,0,-1,19235.75,1726148040,4,19267.75,R_TRIGGER,-65.0,-65.0,0.7365
2024_09_12,1726147860.0,1,3,1726148040,4,1,19267.75,1726148820,17,19221.75,R_TRIGGER,-93.0,-93.0,0.9738
2024_09_12,1726148400.0,10,7,1726148820,17,-1,19221.75,1726149180,23,19245.25,R_TRIGGER,-48.0,-48.0,0.779
2024_09_12,1726149000.0,20,3,1726149180,23,1,19245.25,1726150080,38,19237.25,R_TRIGGER,-17.0,-17.0,0.7753
2024_09_12,1726149780.0,33,6,1726150140,39,1,19245.5,1726151820,67,19301.5,R_TRIGGER,111.0,111.0,0.7399
2024_09_12,1726151640.0,64,3,1726151820,67,-1,19301.5,1726152240,74,19312.75,R_TRIGGER,-23.5,-23.5,0.9461
2024_09_12,1726151940.0,69,6,1726152300,75,-1,19317.25,1726152840,84,19328.75,R_TRIGGER,-24.0,-24.0,0.8005
2024_09_12,1726152480.0,78,7,1726152900,85,1,19347.75,1726153030,,19305.75,CAT_STOP,-85.0,-101.0,0.965
2024_09_12,1726152900.0,85,5,1726153200,90,-1,19266.25,1726153380,93,19305.5,R_TRIGGER,-79.5,-79.5,0.7671
2024_09_12,1726153980.0,103,12,1726154700,115,-1,19304.0,1726156320,142,19289.25,R_TRIGGER,28.5,28.5,0.9675
2024_09_12,1726155960.0,136,7,1726156380,143,1,19271.5,1726167060,321,19380.25,R_TRIGGER,216.5,216.5,0.7765
2024_09_12,1726166160.0,306,15,1726167060,321,-1,19380.25,1726167065,,19433.5,CAT_STOP,-107.5,-101.0,0.9766
2024_09_12,1726167120.0,322,3,1726167300,325,-1,19433.5,1726171200,390,19450.25,R_TRIGGER,-34.5,-34.5,0.7729
2024_09_12,1726171200.0,390,7,1726171620,397,-1,19404.75,1726172100,405,19421.0,SESSION_CLOSE,-33.5,-33.5,0.9678
2024_09_13,,-33,33,1726234200,0,-1,19419.5,1726234380,3,19436.5,R_TRIGGER,-35.0,-35.0,0.8602
2024_09_13,1726234200.0,0,5,1726234500,5,1,19445.25,1726235700,25,19472.0,R_TRIGGER,52.5,52.5,0.7842
2024_09_13,1726235040.0,14,16,1726236000,30,1,19458.25,1726237680,58,19481.0,R_TRIGGER,44.5,44.5,0.9727
2024_09_13,1726237500.0,55,5,1726237800,60,-1,19430.75,1726238040,64,19455.5,R_TRIGGER,-50.5,-50.5,0.9759
2024_09_13,1726237860.0,61,3,1726238040,64,-1,19455.5,1726238640,74,19526.75,CAT_STOP,-143.5,-101.0,0.7493
2024_09_13,1726239420.0,87,16,1726240380,103,1,19532.75,1726241820,127,19507.0,R_TRIGGER,-52.5,-52.5,0.7737
2024_09_13,1726240860.0,111,19,1726242000,130,1,19526.0,1726243560,156,19522.0,R_TRIGGER,-9.0,-9.0,0.7801
2024_09_13,1726243320.0,152,4,1726243560,156,-1,19522.0,1726246260,201,19518.5,R_TRIGGER,6.0,6.0,0.7465
2024_09_13,1726246020.0,197,4,1726246260,201,1,19518.5,1726249020,247,19545.5,R_TRIGGER,53.0,53.0,0.7448
2024_09_13,1726248660.0,241,9,1726249200,250,1,19560.75,1726250400,270,19515.5,R_TRIGGER,-91.5,-91.5,0.7561
2024_09_13,1726249980.0,263,7,1726250400,270,-1,19515.5,1726250580,273,19546.0,R_TRIGGER,-62.0,-62.0,0.971
2024_09_13,1726250400.0,270,3,1726250580,273,-1,19546.0,1726255380,353,19525.0,R_TRIGGER,41.0,41.0,0.7503
2024_09_13,1726254120.0,332,21,1726255380,353,1,19525.0,1726257660,391,19515.75,R_TRIGGER,-19.5,-19.5,0.965
2024_09_13,1726257300.0,385,16,1726258260,401,-1,19514.75,1726258500,405,19511.0,SESSION_CLOSE,6.5,6.5,0.9707
2024_09_16,,-153,154,1726493460,1,-1,19646.0,1726493880,8,19597.25,R_TRIGGER,96.5,96.5,0.757
2024_09_16,1726493700.0,5,5,1726494000,10,-1,19598.5,1726494540,19,19685.0,CAT_STOP,-174.0,-101.0,0.7381
2024_09_16,1726495800.0,40,5,1726496100,45,1,19688.75,1726496220,47,19667.0,R_TRIGGER,-44.5,-44.5,0.7803
2024_09_16,1726496040.0,44,10,1726496640,54,-1,19639.0,1726497480,68,19560.75,R_TRIGGER,155.5,155.5,0.9671
2024_09_16,1726497660.0,71,4,1726497900,75,-1,19573.25,1726498260,81,19585.25,R_TRIGGER,-25.0,-25.0,0.8014
2024_09_16,1726498080.0,78,7,1726498500,85,-1,19576.75,1726499220,97,19572.5,R_TRIGGER,7.5,7.5,0.7414
2024_09_16,1726498980.0,93,5,1726499280,98,-1,19572.75,1726499920,,19588.0,CAT_STOP,-31.5,-101.0,0.7404
2024_09_16,1726501680.0,138,12,1726502400,150,-1,19603.25,1726502880,158,19609.75,R_TRIGGER,-14.0,-14.0,0.7463
2024_09_16,1726502700.0,155,3,1726502880,158,1,19609.75,1726503180,163,19583.5,R_TRIGGER,-53.5,-53.5,0.9736
2024_09_16,1726503000.0,160,8,1726503480,168,-1,19559.0,1726503900,175,19579.0,R_TRIGGER,-41.0,-41.0,0.9673
2024_09_16,1726503660.0,171,5,1726503960,176,1,19593.0,1726504380,183,19576.75,R_TRIGGER,-33.5,-33.5,0.9592
2024_09_16,1726504380.0,183,17,1726505400,200,1,19599.5,1726507260,231,19599.25,R_TRIGGER,-1.5,-1.5,0.7632
2024_09_16,1726505880.0,208,24,1726507320,232,1,19601.0,1726507740,239,19618.5,R_TRIGGER,34.0,34.0,0.7419
2024_09_16,1726507740.0,239,11,1726508400,250,1,19644.25,1726509900,275,19648.0,R_TRIGGER,6.5,6.5,0.8265
2024_09_16,1726509120.0,262,13,1726509900,275,-1,19648.0,1726510260,281,19665.75,R_TRIGGER,-36.5,-36.5,0.7633
2024_09_16,1726509900.0,275,7,1726510320,282,1,19664.75,1726512000,310,19645.25,R_TRIGGER,-40.0,-40.0,0.8246
2024_09_16,1726511280.0,298,14,1726512120,312,-1,19646.75,1726513080,328,19653.5,R_TRIGGER,-14.5,-14.5,0.9703
2024_09_16,1726512300.0,315,14,1726513140,329,1,19665.5,1726514100,345,19645.5,R_TRIGGER,-41.0,-41.0,0.9554
2024_09_16,1726513140.0,329,21,1726514400,350,1,19646.25,1726517640,404,19660.75,R_TRIGGER,28.0,28.0,0.7555
2024_09_17,,-3,3,1726579800,0,1,19809.0,1726580040,4,19772.25,R_TRIGGER,-74.5,-74.5,0.7482
2024_09_17,1726579860.0,1,3,1726580040,4,1,19772.25,1726581000,20,19757.75,R_TRIGGER,-30.0,-30.0,0.8157
2024_09_17,1726580820.0,17,3,1726581000,20,-1,19757.75,1726581480,28,19757.0,R_TRIGGER,0.5,0.5,0.9801
2024_09_17,1726581240.0,24,7,1726581660,31,-1,19753.0,1726582100,,19802.5,CAT_STOP,-100.0,-101.0,0.767
2024_09_17,1726582980.0,53,9,1726583520,62,1,19791.0,1726583580,63,19782.75,R_TRIGGER,-17.5,-17.5,0.7518
2024_09_17,1726583160.0,56,9,1726583700,65,1,19773.25,1726584960,86,19807.0,R_TRIGGER,66.5,66.5,0.7604
2024_09_17,1726584420.0,77,11,1726585080,88,-1,19780.75,1726585320,92,19784.25,R_TRIGGER,-8.0,-8.0,0.9773
2024_09_17,1726585140.0,89,3,1726585320,92,-1,19784.25,1726587960,136,19776.25,R_TRIGGER,15.0,15.0,0.7517
2024_09_17,1726587600.0,130,23,1726588980,153,1,19777.0,1726589400,160,19752.25,R_TRIGGER,-50.5,-50.5,0.9695
2024_09_17,1726588980.0,153,12,1726589700,165,-1,19738.25,1726590420,177,19680.0,R_TRIGGER,115.5,115.5,0.9672
2024_09_17,1726590240.0,174,3,1726590420,177,-1,19680.0,1726592040,204,19641.75,R_TRIGGER,75.5,75.5,0.8143
2024_09_17,1726591800.0,200,6,1726592160,206,1,19659.25,1726592820,217,19635.75,R_TRIGGER,-48.0,-48.0,0.7818
2024_09_17,1726592220.0,207,18,1726593300,225,-1,19639.5,1726593600,230,19660.75,R_TRIGGER,-43.5,-43.5,0.7396
2024_09_17,1726593060.0,221,12,1726593780,233,1,19671.75,1726594440,244,19658.5,R_TRIGGER,-27.5,-27.5,0.9536
2024_09_17,1726594260.0,241,9,1726594800,250,-1,19639.5,1726595280,258,19622.75,R_TRIGGER,32.5,32.5,0.9677
2024_09_17,1726595100.0,255,5,1726595400,260,-1,19650.5,1726599660,331,19651.75,R_TRIGGER,-3.5,-3.5,0.7375
2024_09_17,1726598880.0,318,17,1726599900,335,-1,19640.75,1726601460,361,19657.0,R_TRIGGER,-33.5,-33.5,0.7863
2024_09_17,1726600980.0,353,19,1726602120,372,-1,19645.25,1726604100,405,19694.5,SESSION_CLOSE,-99.5,-99.5,0.7682
2024_09_18,,-3,8,1726666500,5,1,19689.0,1726667280,18,19677.75,R_TRIGGER,-23.5,-23.5,0.734
2024_09_18,1726667040.0,14,5,1726667340,19,-1,19691.0,1726667580,23,19698.75,R_TRIGGER,-16.5,-16.5,0.8459
2024_09_18,1726667400.0,20,3,1726667580,23,-1,19698.75,1726668840,44,19687.5,R_TRIGGER,21.5,21.5,0.7482
2024_09_18,1726668660.0,41,4,1726668900,45,-1,19687.5,1726669680,58,19686.0,R_TRIGGER,2.0,2.0,0.7652
2024_09_18,1726669500.0,55,9,1726670040,64,-1,19680.25,1726670400,70,19703.0,R_TRIGGER,-46.5,-46.5,0.7367
2024_09_18,1726670220.0,67,3,1726670400,70,1,19703.0,1726671060,81,19699.0,R_TRIGGER,-9.0,-9.0,0.9459
2024_09_18,1726670820.0,77,5,1726671120,82,-1,19698.5,1726673280,118,19663.0,R_TRIGGER,70.0,70.0,0.7605
2024_09_18,1726673100.0,115,5,1726673400,120,-1,19643.25,1726674900,145,19612.25,R_TRIGGER,61.0,61.0,0.7496
2024_09_18,1726674420.0,137,13,1726675200,150,-1,19601.25,1726675800,160,19622.25,R_TRIGGER,-43.0,-43.0,0.7563
2024_09_18,1726675440.0,154,7,1726675860,161,1,19625.0,1726679760,226,19687.0,R_TRIGGER,123.0,123.0,0.9348
2024_09_18,1726678740.0,209,18,1726679820,227,-1,19686.5,1726680540,239,19704.0,R_TRIGGER,-36.0,-36.0,0.96
2024_09_18,1726680240.0,234,6,1726680600,240,1,19709.25,1726681020,247,19697.75,R_TRIGGER,-24.0,-24.0,0.9436
2024_09_18,1726680720.0,242,5,1726681020,247,-1,19697.75,1726681500,255,19702.25,R_TRIGGER,-10.0,-10.0,0.9733
2024_09_18,1726681500.0,255,7,1726681920,262,-1,19688.25,1726682340,269,19693.25,R_TRIGGER,-11.0,-11.0,0.7732
2024_09_18,1726681920.0,262,7,1726682340,269,-1,19693.25,1726682400,270,19807.25,CAT_STOP,-229.0,-101.0,0.8635
2024_09_18,1726682640.0,274,3,1726682820,277,1,19807.25,1726682915,,19782.75,CAT_STOP,-50.0,-101.0,0.8771
2024_09_18,1726682820.0,277,3,1726683000,280,1,19782.75,1726683120,282,19798.5,CAT_STOP,30.5,-101.0,0.8357
2024_09_18,1726683660.0,291,5,1726683960,296,-1,19792.0,1726684200,300,19818.0,R_TRIGGER,-53.0,-53.0,0.7583
2024_09_18,1726684020.0,297,3,1726684200,300,1,19818.0,1726684620,307,19822.0,CAT_STOP,7.0,-101.0,0.8313
2024_09_18,1726684500.0,305,3,1726684680,308,-1,19822.0,1726685220,317,19754.25,R_TRIGGER,134.5,134.5,0.8619
2024_09_18,1726685040.0,314,3,1726685220,317,1,19754.25,1726685400,320,19776.5,R_TRIGGER,43.5,43.5,0.8552
2024_09_18,1726685220.0,317,4,1726685460,321,-1,19789.0,1726685580,323,19816.75,R_TRIGGER,-56.5,-56.5,0.7507
2024_09_18,1726685400.0,320,5,1726685700,325,1,19800.25,1726685880,328,19763.25,R_TRIGGER,-75.0,-75.0,0.7406
2024_09_18,1726685640.0,324,4,1726685880,328,-1,19763.25,1726686600,340,19616.75,R_TRIGGER,292.0,292.0,0.796
2024_09_18,1726686420.0,337,3,1726686600,340,-1,19616.75,1726686780,343,19684.75,CAT_STOP,-137.0,-101.0,0.8633
2024_09_18,1726687260.0,351,3,1726687440,354,-1,19684.75,1726687555,,19675.25,CAT_STOP,18.0,-101.0,0.8839
2024_09_18,1726688340.0,369,3,1726688520,372,1,19675.25,1726688700,375,19620.75,CAT_STOP,-110.0,-101.0,0.7673
2024_09_18,1726688520.0,372,3,1726688700,375,1,19620.75,1726688925,,19593.75,CAT_STOP,-55.0,-101.0,0.9005
2024_09_18,1726689180.0,383,3,1726689360,386,1,19593.75,1726690500,405,19643.25,SESSION_CLOSE,98.0,98.0,0.7369
2024_09_19,,-23,23,1726752600,0,1,20034.75,1726752840,4,20024.75,R_TRIGGER,-21.0,-21.0,0.8094
2024_09_19,,-1,6,1726752900,5,-1,20020.0,1726753200,10,20060.5,R_TRIGGER,-82.0,-82.0,0.7874
2024_09_19,1726753020.0,7,4,1726753260,11,1,20068.5,1726753500,15,20051.25,R_TRIGGER,-35.5,-35.5,0.8032
2024_09_19,1726753320.0,12,3,1726753500,15,1,20051.25,1726753840,,20128.25,CAT_STOP,153.0,-101.0,0.7361
2024_09_19,1726756320.0,62,12,1726757040,74,1,20117.5,1726757770,,20080.5,CAT_STOP,-75.0,-101.0,0.7681
2024_09_19,1726758360.0,96,3,1726758540,99,-1,20080.5,1726758960,106,20126.0,R_TRIGGER,-92.0,-92.0,0.748
2024_09_19,1726758540.0,99,7,1726758960,106,1,20126.0,1726761060,141,20113.5,R_TRIGGER,-26.0,-26.0,0.964
2024_09_19,1726760880.0,138,4,1726761120,142,-1,20104.0,1726761720,152,20123.75,R_TRIGGER,-40.5,-40.5,0.9684
2024_09_19,1726761420.0,147,10,1726762020,157,1,20132.75,1726762500,165,20126.0,R_TRIGGER,-14.5,-14.5,0.9477
2024_09_19,1726762260.0,161,4,1726762500,165,1,20126.0,1726765980,223,20142.75,R_TRIGGER,32.5,32.5,0.752
2024_09_19,1726765980.0,223,15,1726766880,238,1,20159.75,1726769400,280,20167.0,R_TRIGGER,13.5,13.5,0.7463
2024_09_19,1726768500.0,265,15,1726769400,280,-1,20167.0,1726770180,293,20149.75,R_TRIGGER,33.5,33.5,0.9666
2024_09_19,1726769880.0,288,5,1726770180,293,1,20149.75,1726771680,318,20133.75,R_TRIGGER,-33.0,-33.0,0.7377
2024_09_19,1726770600.0,300,19,1726771740,319,-1,20123.25,1726772220,327,20134.25,R_TRIGGER,-23.0,-23.0,0.782
2024_09_19,1726771860.0,321,8,1726772340,329,1,20148.75,1726772940,339,20125.0,R_TRIGGER,-48.5,-48.5,0.777
2024_09_19,1726772400.0,330,9,1726772940,339,-1,20125.0,1726773780,353,20108.75,R_TRIGGER,31.5,31.5,0.74
2024_09_19,1726773600.0,350,4,1726773840,354,1,20114.5,1726774320,362,20091.0,R_TRIGGER,-48.0,-48.0,0.7512
2024_09_19,1726773840.0,354,8,1726774320,362,-1,20091.0,1726774500,365,20115.25,R_TRIGGER,-49.5,-49.5,0.7871
2024_09_19,1726774320.0,362,8,1726774800,370,1,20128.5,1726775040,374,20107.0,R_TRIGGER,-44.0,-44.0,0.9654
2024_09_19,1726775040.0,374,6,1726775400,380,1,20087.25,1726775460,381,20078.75,R_TRIGGER,-18.0,-18.0,0.7776
2024_09_19,1726775280.0,378,5,1726775580,383,-1,20075.0,1726775940,389,20081.75,R_TRIGGER,-14.5,-14.5,0.9797
2024_09_19,1726775580.0,383,6,1726775940,389,-1,20081.75,1726776900,405,20059.0,SESSION_CLOSE,44.5,44.5,0.7893
2024_09_20,,-19,20,1726839060,1,1,20065.25,1726839660,11,20040.5,R_TRIGGER,-50.5,-50.5,0.9719
2024_09_20,1726839480.0,8,4,1726839720,12,1,20048.75,1726840690,,19984.25,CAT_STOP,-130.0,-101.0,0.7468
2024_09_20,1726841220.0,37,5,1726841520,42,-1,19984.25,1726842300,55,20003.5,R_TRIGGER,-39.5,-39.5,0.7844
2024_09_20,1726842120.0,52,6,1726842480,58,-1,20007.75,1726843080,68,20006.75,R_TRIGGER,1.0,1.0,0.743
2024_09_20,1726843140.0,69,30,1726844940,99,-1,19922.5,1726845600,110,19917.75,R_TRIGGER,8.5,8.5,0.7634
2024_09_20,1726845360.0,106,10,1726845960,116,1,19915.0,1726853040,234,19997.25,R_TRIGGER,163.5,163.5,0.9509
2024_09_20,1726851180.0,203,31,1726853040,234,-1,19997.25,1726853760,246,20028.0,R_TRIGGER,-62.5,-62.5,0.968
2024_09_20,1726853220.0,237,15,1726854120,252,1,20021.5,1726855020,267,19994.5,R_TRIGGER,-55.0,-55.0,0.953
2024_09_20,1726853760.0,246,25,1726855260,271,-1,19984.0,1726858380,323,19978.0,R_TRIGGER,11.0,11.0,0.9825
2024_09_20,1726857480.0,308,15,1726858380,323,1,19978.0,1726861620,377,20045.5,R_TRIGGER,134.0,134.0,0.961
2024_09_20,1726861140.0,369,9,1726861680,378,-1,20050.75,1726863300,405,20009.75,SESSION_CLOSE,81.0,81.0,0.7721
2024_09_23,,-26,28,1727098320,2,-1,20041.75,1727099100,15,20064.0,R_TRIGGER,-45.5,-45.5,0.7447
2024_09_23,1727098500.0,5,11,1727099160,16,-1,20047.75,1727099400,20,20084.5,CAT_STOP,-74.5,-101.0,0.8026
2024_09_23,1727100000.0,30,6,1727100360,36,-1,20084.75,1727101080,48,20078.75,R_TRIGGER,11.0,11.0,0.7863
2024_09_23,1727100900.0,45,7,1727101320,52,1,20101.25,1727101560,56,20092.5,R_TRIGGER,-18.5,-18.5,0.9551
2024_09_23,1727101380.0,53,4,1727101620,57,1,20086.0,1727103360,86,20087.5,R_TRIGGER,2.0,2.0,0.7745
2024_09_23,1727103180.0,83,13,1727103960,96,-1,20060.75,1727104380,103,20077.5,R_TRIGGER,-34.5,-34.5,0.9714
2024_09_23,1727103960.0,96,25,1727105460,121,1,20097.75,1727107680,158,20093.75,R_TRIGGER,-9.0,-9.0,0.9605
2024_09_23,1727107020.0,147,13,1727107800,160,-1,20086.5,1727108580,173,20071.25,R_TRIGGER,29.5,29.5,0.967
2024_09_23,1727108100.0,165,23,1727109480,188,-1,20058.25,1727111940,229,20051.75,R_TRIGGER,12.0,12.0,0.7411
2024_09_23,1727110860.0,211,23,1727112240,234,-1,20039.5,1727120940,379,20085.0,R_TRIGGER,-92.0,-92.0,0.7556
2024_09_23,1727120700.0,375,6,1727121060,381,1,20074.25,1727122500,405,20070.5,SESSION_CLOSE,-8.5,-8.5,0.7489
2024_09_24,1727184600.0,0,3,1727184780,3,-1,20111.25,1727186940,39,20011.5,R_TRIGGER,198.5,198.5,0.7774
2024_09_24,1727186760.0,36,9,1727187300,45,-1,20024.5,1727187960,56,19998.75,R_TRIGGER,50.5,50.5,0.7826
2024_09_24,1727187780.0,53,4,1727188020,57,-1,20000.5,1727189100,75,20001.0,R_TRIGGER,-2.0,-2.0,0.7379
2024_09_24,1727188920.0,72,8,1727189400,80,1,20035.75,1727195040,174,20186.5,R_TRIGGER,300.5,300.5,0.9542
2024_09_24,1727193300.0,145,32,1727195220,177,-1,20189.0,1727195700,185,20194.25,R_TRIGGER,-11.5,-11.5,0.7628
2024_09_24,1727195160.0,176,15,1727196060,191,1,20196.75,1727196900,205,20180.0,R_TRIGGER,-34.5,-34.5,0.7429
2024_09_24,1727196300.0,195,11,1727196960,206,-1,20173.0,1727198040,224,20180.5,R_TRIGGER,-16.0,-16.0,0.9613
2024_09_24,1727197200.0,210,17,1727198220,227,1,20190.25,1727200800,270,20159.5,R_TRIGGER,-62.5,-62.5,0.9601
2024_09_24,1727199780.0,253,17,1727200800,270,-1,20159.5,1727202840,304,20142.5,R_TRIGGER,33.0,33.0,0.9594
2024_09_24,1727202600.0,300,8,1727203080,308,-1,20148.0,1727208180,393,20175.0,R_TRIGGER,-55.0,-55.0,0.7455
2024_09_25,,-244,244,1727271000,0,1,20160.75,1727271660,11,20163.0,R_TRIGGER,3.5,3.5,0.9619
2024_09_25,1727271360.0,6,6,1727271720,12,-1,20153.75,1727271960,16,20184.75,R_TRIGGER,-63.0,-63.0,0.7663
2024_09_25,1727271780.0,13,3,1727271960,16,1,20184.75,1727274360,56,20228.75,R_TRIGGER,87.0,87.0,0.7594
2024_09_25,1727273940.0,49,11,1727274600,60,-1,20227.0,1727274840,64,20241.0,R_TRIGGER,-29.0,-29.0,0.9678
2024_09_25,1727274600.0,60,13,1727275380,73,-1,20227.75,1727276220,87,20225.25,R_TRIGGER,4.0,4.0,0.7381
2024_09_25,1727275740.0,79,10,1727276340,89,-1,20229.75,1727277540,109,20230.5,R_TRIGGER,-2.5,-2.5,0.7551
2024_09_25,1727277360.0,106,5,1727277660,111,-1,20224.0,1727278560,126,20223.25,R_TRIGGER,0.5,0.5,0.7443
2024_09_25,1727278200.0,120,8,1727278680,128,1,20238.5,1727279040,134,20216.75,R_TRIGGER,-44.5,-44.5,0.9442
2024_09_25,1727278800.0,130,12,1727279520,142,-1,20190.25,1727280600,160,20194.5,R_TRIGGER,-9.5,-9.5,0.9696
2024_09_25,1727280360.0,156,14,1727281200,170,1,20207.0,1727282760,196,20187.75,R_TRIGGER,-39.5,-39.5,0.9586
2024_09_25,1727281500.0,175,34,1727283540,209,-1,20178.5,1727283780,213,20169.75,R_TRIGGER,16.5,16.5,0.9642
2024_09_25,1727283600.0,210,7,1727284020,217,1,20185.0,1727284260,221,20168.75,R_TRIGGER,-33.5,-33.5,0.95
2024_09_25,1727285460.0,241,4,1727285700,245,-1,20162.0,1727285880,248,20176.25,R_TRIGGER,-29.5,-29.5,0.7788
2024_09_25,1727285940.0,249,8,1727286420,257,-1,20146.0,1727286720,262,20170.75,R_TRIGGER,-50.5,-50.5,0.9676
2024_09_25,1727286420.0,257,7,1727286840,264,1,20186.0,1727287680,278,20176.25,R_TRIGGER,-20.5,-20.5,0.9515
2024_09_25,1727287200.0,270,14,1727288040,284,-1,20163.25,1727288280,288,20176.0,R_TRIGGER,-26.5,-26.5,0.96
2024_09_25,1727288100.0,285,11,1727288760,296,1,20185.5,1727295300,405,20237.25,SESSION_CLOSE,102.5,102.5,0.9502
2024_09_26,,-19,21,1727357520,2,-1,20458.5,1727361420,67,20355.75,R_TRIGGER,204.5,204.5,0.7382
2024_09_26,1727361180.0,63,5,1727361480,68,1,20360.5,1727361660,71,20324.75,R_TRIGGER,-72.5,-72.5,0.7383
2024_09_26,1727361480.0,68,4,1727361720,72,-1,20327.25,1727363040,94,20251.0,R_TRIGGER,151.5,151.5,0.7599
2024_09_26,1727362860.0,91,4,1727363100,95,1,20260.25,1727363580,103,20243.75,R_TRIGGER,-34.0,-34.0,0.7468
2024_09_26,1727363280.0,98,21,1727364540,119,1,20255.25,1727366580,153,20287.75,R_TRIGGER,64.0,64.0,0.7427
2024_09_26,1727366340.0,149,4,1727366580,153,-1,20287.75,1727371680,238,20232.75,R_TRIGGER,109.0,109.0,0.7563
2024_09_26,1727371140.0,229,11,1727371800,240,1,20256.5,1727381700,405,20353.25,SESSION_CLOSE,192.5,192.5,0.9506
2024_09_27,,-41,41,1727443800,0,1,20354.75,1727445420,27,20319.5,R_TRIGGER,-71.5,-71.5,0.7533
2024_09_27,1727444940.0,19,8,1727445420,27,-1,20319.5,1727445780,33,20370.25,R_TRIGGER,-102.5,-102.5,0.7729
2024_09_27,1727445840.0,34,8,1727446320,42,-1,20312.25,1727447220,57,20319.5,R_TRIGGER,-15.5,-15.5,0.9758
2024_09_27,1727446740.0,49,9,1727447280,58,-1,20336.75,1727447880,68,20320.75,R_TRIGGER,31.0,31.0,0.7531
2024_09_27,1727447700.0,65,5,1727448000,70,1,20319.75,1727448720,82,20296.0,R_TRIGGER,-48.5,-48.5,0.7439
2024_09_27,1727448420.0,77,6,1727448780,83,-1,20307.75,1727451720,132,20282.5,R_TRIGGER,49.5,49.5,0.7421
2024_09_27,1727451060.0,121,18,1727452140,139,-1,20253.0,1727454420,177,20250.5,R_TRIGGER,4.0,4.0,0.7376
2024_09_27,1727453580.0,163,15,1727454480,178,1,20254.75,1727457420,227,20247.25,R_TRIGGER,-16.0,-16.0,0.9569
2024_09_27,1727456640.0,214,14,1727457480,228,-1,20243.75,1727459400,260,20252.75,R_TRIGGER,-19.0,-19.0,0.9621
2024_09_27,1727458740.0,249,11,1727459400,260,1,20252.75,1727460480,278,20257.5,R_TRIGGER,8.5,8.5,0.9647
2024_09_27,1727460060.0,271,7,1727460480,278,-1,20257.5,1727462580,313,20211.75,R_TRIGGER,90.5,90.5,0.952
2024_09_27,1727461860.0,301,14,1727462700,315,1,20228.75,1727465100,355,20224.0,R_TRIGGER,-10.5,-10.5,0.9608
2024_09_27,1727463420.0,327,28,1727465100,355,-1,20224.0,1727468100,405,20204.0,SESSION_CLOSE,39.0,39.0,0.9631
2024_09_30,,-98,98,1727703000,0,1,20175.0,1727703660,11,20235.5,R_TRIGGER,120.0,120.0,0.7576
2024_09_30,1727703420.0,7,6,1727703780,13,-1,20238.0,1727704020,17,20252.0,R_TRIGGER,-29.0,-29.0,0.7704
2024_09_30,1727703780.0,13,9,1727704320,22,1,20256.0,1727704440,24,20235.0,R_TRIGGER,-43.0,-43.0,0.7559
2024_09_30,1727704200.0,20,4,1727704440,24,1,20235.0,1727705185,,20161.25,CAT_STOP,-148.5,-101.0,0.7375
2024_09_30,1727705520.0,42,3,1727705700,45,-1,20161.25,1727706540,59,20184.5,R_TRIGGER,-47.5,-47.5,0.734
2024_09_30,1727706360.0,56,4,1727706600,60,1,20186.75,1727707320,72,20175.75,R_TRIGGER,-23.0,-23.0,0.9597
2024_09_30,1727707620.0,77,16,1727708580,93,1,20193.75,1727709000,100,20180.0,R_TRIGGER,-28.5,-28.5,0.7649
2024_09_30,1727708820.0,97,3,1727709000,100,-1,20180.0,1727709240,104,20204.5,R_TRIGGER,-50.0,-50.0,0.7975
2024_09_30,1727710200.0,120,5,1727710500,125,-1,20210.25,1727711040,134,20197.75,R_TRIGGER,24.0,24.0,0.7706
2024_09_30,1727710860.0,131,8,1727711340,139,1,20222.5,1727713920,182,20225.75,R_TRIGGER,5.5,5.5,0.958
2024_09_30,1727713080.0,168,22,1727714400,190,-1,20219.75,1727716920,232,20197.75,R_TRIGGER,43.0,43.0,0.9527
2024_09_30,1727717100.0,235,4,1727717340,239,-1,20176.25,1727718900,265,20191.25,R_TRIGGER,-31.0,-31.0,0.7417
2024_09_30,1727718300.0,255,10,1727718900,265,-1,20191.25,1727720940,299,20092.5,R_TRIGGER,196.5,196.5,0.7488
2024_09_30,1727720760.0,296,3,1727720940,299,-1,20092.5,1727721450,,20168.5,CAT_STOP,-153.0,-101.0,0.7758
2024_09_30,1727723520.0,342,8,1727724000,350,1,20148.5,1727726400,390,20246.0,R_TRIGGER,194.0,194.0,0.7691
2024_09_30,1727726220.0,387,3,1727726400,390,1,20246.0,1727727300,405,20251.75,SESSION_CLOSE,10.5,10.5,0.7989
2024_10_01,,-144,144,1727789400,0,-1,20255.0,1727791080,28,20042.5,R_TRIGGER,424.0,424.0,0.7458
2024_10_01,1727790900.0,25,3,1727791080,28,1,20042.5,1727791380,33,20027.5,R_TRIGGER,-31.0,-31.0,0.8671
2024_10_01,1727791200.0,30,5,1727791500,35,-1,20032.5,1727792460,51,19954.0,R_TRIGGER,156.0,156.0,0.824
2024_10_01,1727792220.0,47,5,1727792520,52,-1,19965.75,1727793360,66,19916.0,R_TRIGGER,98.5,98.5,0.7588
2024_10_01,1727793120.0,62,8,1727793600,70,1,19932.75,1727794140,79,19939.75,R_TRIGGER,13.0,13.0,0.7927
2024_10_01,1727793780.0,73,6,1727794140,79,1,19939.75,1727795125,,19930.0,CAT_STOP,-20.5,-101.0,0.8221
2024_10_01,1727797380.0,133,4,1727797620,137,-1,19936.75,1727797860,141,19952.75,R_TRIGGER,-33.0,-33.0,0.7714
2024_10_01,1727797620.0,137,6,1727797980,143,1,19951.5,1727798340,149,19923.0,R_TRIGGER,-58.0,-58.0,0.736
2024_10_01,1727797860.0,141,9,1727798400,150,-1,19925.5,1727798580,153,19955.5,R_TRIGGER,-61.0,-61.0,0.971
2024_10_01,1727798400.0,150,3,1727798580,153,-1,19955.5,1727800260,181,19958.25,R_TRIGGER,-6.5,-6.5,0.776
2024_10_01,1727800080.0,178,4,1727800320,182,-1,19902.25,1727800330,,19898.5,CAT_STOP,6.5,-101.0,0.8035
2024_10_01,1727801220.0,197,3,1727801400,200,-1,19898.5,1727801660,,19906.0,CAT_STOP,-16.0,-101.0,0.7434
2024_10_01,1727803800.0,240,4,1727804040,244,1,19913.25,1727804220,247,19883.0,R_TRIGGER,-61.5,-61.5,0.8524
2024_10_01,1727804040.0,244,5,1727804340,249,-1,19892.0,1727804460,251,19906.25,R_TRIGGER,-29.5,-29.5,0.7663
2024_10_01,1727804280.0,248,7,1727804700,255,1,19937.5,1727807760,306,20063.5,R_TRIGGER,251.0,251.0,0.969
2024_10_01,1727807520.0,302,4,1727807760,306,1,20063.5,1727808780,323,20035.25,R_TRIGGER,-57.5,-57.5,0.7604
2024_10_01,1727808840.0,324,3,1727809020,327,1,20062.75,1727809980,343,20034.75,R_TRIGGER,-57.0,-57.0,0.7408
2024_10_01,1727809020.0,327,16,1727809980,343,-1,20034.75,1727810400,350,20044.75,R_TRIGGER,-21.0,-21.0,0.7533
2024_10_01,1727810160.0,346,4,1727810400,350,-1,20044.75,1727811660,371,19998.5,R_TRIGGER,91.5,91.5,0.7344
2024_10_01,1727811480.0,368,7,1727811900,375,-1,19982.25,1727812800,390,20006.75,R_TRIGGER,-50.0,-50.0,0.7508
2024_10_01,1727812440.0,384,6,1727812800,390,-1,20006.75,1727813700,405,19984.5,SESSION_CLOSE,43.5,43.5,0.8221
2024_10_02,,-48,48,1727875800,0,1,19921.5,1727876510,,19958.75,CAT_STOP,73.5,-101.0,0.7345
2024_10_02,1727878800.0,50,7,1727879220,57,1,19997.5,1727880780,83,20007.0,R_TRIGGER,18.0,18.0,0.7846
2024_10_02,1727880600.0,80,3,1727880780,83,-1,20007.0,1727881380,93,20033.25,R_TRIGGER,-53.5,-53.5,0.8467
2024_10_02,1727880900.0,85,29,1727882640,114,1,20056.0,1727882760,116,20047.25,R_TRIGGER,-18.5,-18.5,0.7457
2024_10_02,1727882340.0,109,10,1727882940,119,1,20055.0,1727886000,170,20045.25,R_TRIGGER,-20.5,-20.5,0.7632
2024_10_02,1727885580.0,163,9,1727886120,172,-1,20042.75,1727886300,175,20077.5,R_TRIGGER,-70.5,-70.5,0.9642
2024_10_02,1727886120.0,172,8,1727886600,180,-1,20052.25,1727890080,238,20018.5,R_TRIGGER,66.5,66.5,0.7349
2024_10_02,1727889060.0,221,18,1727890140,239,1,20016.5,1727890440,244,19976.25,R_TRIGGER,-81.5,-81.5,0.7656
2024_10_02,1727890140.0,239,5,1727890440,244,-1,19976.25,1727890740,249,20011.25,R_TRIGGER,-71.0,-71.0,0.7669
2024_10_02,1727890500.0,245,12,1727891220,257,1,20018.5,1727893620,297,20022.25,R_TRIGGER,6.5,6.5,0.9593
2024_10_02,1727892000.0,270,28,1727893680,298,-1,20014.5,1727894040,304,20023.75,R_TRIGGER,-19.5,-19.5,0.9781
2024_10_02,1727893680.0,298,14,1727894520,312,1,20028.5,1727898960,386,20014.75,R_TRIGGER,-28.5,-28.5,0.9528
2024_10_02,1727898360.0,376,10,1727898960,386,-1,20014.75,1727899920,402,20041.5,R_TRIGGER,-54.5,-54.5,0.9629
2024_10_03,,-57,59,1727962320,2,-1,19940.5,1727962440,4,19976.0,R_TRIGGER,-72.0,-72.0,0.7571
2024_10_03,1727962260.0,1,4,1727962500,5,1,19976.0,1727964780,43,20008.75,R_TRIGGER,64.5,64.5,0.8534
2024_10_03,1727964420.0,37,7,1727964840,44,-1,20025.25,1727965020,47,20058.5,R_TRIGGER,-67.5,-67.5,0.9705
2024_10_03,1727964840.0,44,3,1727965020,47,-1,20058.5,1727965980,63,20014.0,R_TRIGGER,88.0,88.0,0.8268
2024_10_03,1727965800.0,60,6,1727966160,66,-1,19991.25,1727966760,76,19987.5,R_TRIGGER,6.5,6.5,0.7621
2024_10_03,1727966520.0,72,6,1727966880,78,-1,19987.25,1727968500,105,19977.5,R_TRIGGER,18.5,18.5,0.7433
2024_10_03,1727967840.0,94,11,1727968500,105,-1,19977.5,1727969640,124,19937.0,CAT_STOP,80.0,-101.0,0.7944
2024_10_03,1727974860.0,211,20,1727976060,231,1,19937.0,1727977260,251,19934.0,R_TRIGGER,-7.0,-7.0,0.9668
2024_10_03,1727976360.0,236,16,1727977320,252,-1,19938.0,1727978760,276,19970.75,R_TRIGGER,-66.5,-66.5,0.9717
2024_10_03,1727977320.0,252,40,1727979720,292,-1,19933.75,1727985000,380,19969.5,R_TRIGGER,-72.5,-72.5,0.9684
2024_10_03,1727982600.0,340,40,1727985000,380,1,19969.5,1727986500,405,19995.25,SESSION_CLOSE,50.5,50.5,0.784
2024_10_04,,-13,15,1728048720,2,-1,20204.0,1728048960,6,20217.0,R_TRIGGER,-27.0,-27.0,0.774
2024_10_04,1728048780.0,3,3,1728048960,6,-1,20217.0,1728050580,33,20105.0,R_TRIGGER,223.0,223.0,0.7738
2024_10_04,1728050400.0,30,6,1728050760,36,-1,20101.5,1728051180,43,20064.25,R_TRIGGER,73.5,73.5,0.8192
2024_10_04,1728051000.0,40,3,1728051180,43,-1,20064.25,1728051445,,20050.0,CAT_STOP,27.5,-101.0,0.7545
2024_10_04,1728052020.0,57,6,1728052380,63,-1,20050.0,1728053100,75,20078.0,CAT_STOP,-57.0,-101.0,0.8059
2024_10_04,1728055920.0,122,14,1728056760,136,-1,20067.0,1728057120,142,20088.0,R_TRIGGER,-43.0,-43.0,0.7699
2024_10_04,1728056940.0,139,4,1728057180,143,1,20101.75,1728058080,158,20107.75,R_TRIGGER,11.0,11.0,0.9534
2024_10_04,1728057720.0,152,8,1728058200,160,-1,20099.0,1728059760,186,20129.25,R_TRIGGER,-61.5,-61.5,0.9605
2024_10_04,1728059100.0,175,12,1728059820,187,1,20136.0,1728061320,212,20142.75,R_TRIGGER,12.5,12.5,0.9509
2024_10_04,1728060420.0,197,18,1728061500,215,1,20145.0,1728063470,,20132.25,CAT_STOP,-26.5,-101.0,0.7715
2024_10_04,1728063840.0,254,12,1728064560,266,-1,20126.75,1728066120,292,20141.75,R_TRIGGER,-31.0,-31.0,0.9648
2024_10_04,1728065700.0,285,10,1728066300,295,1,20140.0,1728072900,405,20219.5,SESSION_CLOSE,158.0,158.0,0.9604
2024_10_07,,-240,240,1728307800,0,1,20139.75,1728307980,3,20142.25,R_TRIGGER,4.0,4.0,0.7366
2024_10_07,1728307800.0,0,3,1728307980,3,1,20142.25,1728308520,12,20124.25,R_TRIGGER,-37.0,-37.0,0.8394
2024_10_07,1728308280.0,8,10,1728308880,18,1,20129.5,1728309120,22,20109.75,R_TRIGGER,-40.5,-40.5,0.8251
2024_10_07,1728308940.0,19,3,1728309120,22,1,20109.75,1728310080,38,20120.75,R_TRIGGER,21.0,21.0,0.8317
2024_10_07,1728310140.0,39,7,1728310560,46,1,20162.25,1728312000,70,20159.5,R_TRIGGER,-6.5,-6.5,0.9704
2024_10_07,1728311400.0,60,10,1728312000,70,1,20159.5,1728313260,91,20142.75,R_TRIGGER,-34.5,-34.5,0.7495
2024_10_07,1728313080.0,88,8,1728313560,96,-1,20125.75,1728313920,102,20151.75,R_TRIGGER,-53.0,-53.0,0.9533
2024_10_07,1728313560.0,96,21,1728314820,117,1,20160.5,1728316020,137,20153.25,R_TRIGGER,-15.5,-15.5,0.9623
2024_10_07,1728315300.0,125,15,1728316200,140,1,20149.5,1728318720,182,20137.0,R_TRIGGER,-26.0,-26.0,0.761
2024_10_07,1728318180.0,173,21,1728319440,194,-1,20130.5,1728320520,212,20149.5,R_TRIGGER,-39.0,-39.0,0.9675
2024_10_07,1728319560.0,196,17,1728320580,213,1,20152.5,1728321780,233,20132.75,R_TRIGGER,-40.5,-40.5,0.9537
2024_10_07,1728321000.0,220,13,1728321780,233,-1,20132.75,1728323880,268,20143.5,R_TRIGGER,-22.5,-22.5,0.9566
2024_10_07,1728322200.0,240,29,1728323940,269,1,20148.75,1728324180,273,20119.25,R_TRIGGER,-60.0,-60.0,0.9569
2024_10_07,1728324000.0,270,3,1728324180,273,-1,20119.25,1728326040,304,20067.5,R_TRIGGER,102.5,102.5,0.7762
2024_10_07,1728325800.0,300,5,1728326100,305,-1,20050.5,1728327900,335,19991.25,R_TRIGGER,117.5,117.5,0.8897
2024_10_07,1728327600.0,330,5,1728327900,335,-1,19991.25,1728330540,379,19975.75,R_TRIGGER,30.0,30.0,0.7378
2024_10_07,1728330120.0,372,7,1728330540,379,-1,19975.75,1728330870,,20015.75,CAT_STOP,-81.0,-101.0,0.7612
2024_10_07,1728331080.0,388,7,1728331500,395,1,20013.5,1728332100,405,20017.75,SESSION_CLOSE,7.5,7.5,0.7369
2024_10_08,,-23,24,1728394260,1,-1,20082.5,1728394680,8,20095.75,R_TRIGGER,-27.5,-27.5,0.7596
2024_10_08,1728394500.0,5,6,1728394860,11,1,20095.0,1728395160,16,20095.0,R_TRIGGER,-1.0,-1.0,0.7548
2024_10_08,1728395160.0,16,4,1728395400,20,1,20104.5,1728396420,37,20175.25,R_TRIGGER,140.5,140.5,0.7715
2024_10_08,1728396120.0,32,11,1728396780,43,1,20185.5,1728399060,81,20242.5,R_TRIGGER,113.0,113.0,0.7698
2024_10_08,1728399360.0,86,4,1728399600,90,1,20254.0,1728400260,101,20228.25,R_TRIGGER,-52.5,-52.5,0.7663
2024_10_08,1728399840.0,94,7,1728400260,101,-1,20228.25,1728400920,112,20243.25,R_TRIGGER,-31.0,-31.0,0.9519
2024_10_08,1728401160.0,116,24,1728402600,140,1,20246.5,1728403320,152,20233.75,R_TRIGGER,-26.5,-26.5,0.9552
2024_10_08,1728403140.0,149,3,1728403320,152,-1,20233.75,1728404220,167,20228.75,R_TRIGGER,9.0,9.0,0.754
2024_10_08,1728403680.0,158,14,1728404520,172,1,20233.5,1728406140,199,20222.75,R_TRIGGER,-22.5,-22.5,0.9431
2024_10_08,1728405420.0,187,12,1728406140,199,-1,20222.75,1728407520,222,20196.75,R_TRIGGER,51.0,51.0,0.9694
2024_10_08,1728407340.0,219,3,1728407520,222,-1,20196.75,1728412620,307,20291.5,CAT_STOP,-190.5,-101.0,0.738
2024_10_09,,-3,4,1728480660,1,-1,20266.75,1728481080,8,20261.5,R_TRIGGER,9.5,9.5,0.958
2024_10_09,1728480900.0,5,6,1728481260,11,1,20283.0,1728481440,14,20251.0,R_TRIGGER,-65.0,-65.0,0.7565
2024_10_09,1728481260.0,11,3,1728481440,14,-1,20251.0,1728481680,18,20270.75,R_TRIGGER,-40.5,-40.5,0.775
2024_10_09,1728481500.0,15,8,1728481980,23,-1,20262.0,1728483370,,20347.75,CAT_STOP,-172.5,-101.0,0.749
2024_10_09,1728485640.0,84,5,1728485940,89,1,20361.5,1728489660,151,20423.25,R_TRIGGER,122.5,122.5,0.8125
2024_10_09,1728489420.0,147,4,1728489660,151,-1,20423.25,1728490980,173,20399.75,R_TRIGGER,46.0,46.0,0.7376
2024_10_09,1728490800.0,170,11,1728491460,181,1,20414.75,1728492780,203,20397.0,R_TRIGGER,-36.5,-36.5,0.9551
2024_10_09,1728492120.0,192,13,1728492900,205,1,20398.5,1728496320,262,20396.25,R_TRIGGER,-5.5,-5.5,0.8035
2024_10_09,1728495180.0,243,20,1728496380,263,-1,20388.75,1728496560,266,20392.5,R_TRIGGER,-8.5,-8.5,0.9777
2024_10_09,1728496380.0,263,4,1728496620,267,-1,20406.0,1728498570,,20436.75,CAT_STOP,-62.5,-101.0,0.7556
2024_10_09,1728500820.0,337,25,1728502320,362,1,20445.25,1728503160,376,20444.75,R_TRIGGER,-2.0,-2.0,0.9616
2024_10_09,1728502620.0,367,13,1728503400,380,1,20463.75,1728504000,390,20446.5,R_TRIGGER,-35.5,-35.5,0.7666
2024_10_09,1728503520.0,382,8,1728504000,390,1,20446.5,1728504900,405,20432.75,SESSION_CLOSE,-28.5,-28.5,0.7744
2024_10_10,,-26,26,1728567000,0,-1,20348.0,1728567240,4,20375.75,R_TRIGGER,-56.5,-56.5,0.7959
2024_10_10,1728567060.0,1,8,1728567540,9,-1,20370.5,1728568380,23,20339.0,R_TRIGGER,62.0,62.0,0.7801
2024_10_10,1728568200.0,20,4,1728568440,24,-1,20339.25,1728568865,,20407.75,CAT_STOP,-138.0,-101.0,0.7531
2024_10_10,1728570240.0,54,3,1728570420,57,1,20407.75,1728570840,64,20380.0,R_TRIGGER,-56.5,-56.5,0.7504
2024_10_10,1728571620.0,77,11,1728572280,88,1,20382.5,1728577560,176,20473.25,R_TRIGGER,180.5,180.5,0.7751
2024_10_10,1728577020.0,167,9,1728577560,176,-1,20473.25,1728578040,184,20464.0,R_TRIGGER,17.5,17.5,0.9571
2024_10_10,1728577860.0,181,12,1728578580,193,-1,20456.0,1728579780,213,20450.75,R_TRIGGER,9.5,9.5,0.7799
2024_10_10,1728578880.0,198,18,1728579960,216,-1,20433.5,1728580620,227,20433.0,R_TRIGGER,0.0,0.0,0.7944
2024_10_10,1728580140.0,219,11,1728580800,230,1,20455.75,1728582420,257,20436.5,R_TRIGGER,-39.5,-39.5,0.9546
2024_10_10,1728581760.0,246,11,1728582420,257,-1,20436.5,1728582900,265,20420.5,R_TRIGGER,31.0,31.0,0.9692
2024_10_10,1728582720.0,262,3,1728582900,265,-1,20420.5,1728585960,316,20407.5,R_TRIGGER,25.0,25.0,0.7564
2024_10_10,1728585780.0,313,6,1728586140,319,-1,20411.0,1728589740,379,20420.25,R_TRIGGER,-19.5,-19.5,0.7389
2024_10_10,1728587160.0,336,52,1728590280,388,1,20431.25,1728591300,405,20426.0,SESSION_CLOSE,-11.5,-11.5,0.743
2024_10_11,,-56,56,1728653400,0,-1,20325.25,1728654180,13,20347.25,R_TRIGGER,-45.0,-45.0,0.8035
2024_10_11,1728653760.0,6,8,1728654240,14,1,20340.0,1728655200,30,20344.5,R_TRIGGER,8.0,8.0,0.7475
2024_10_11,1728654960.0,26,4,1728655200,30,1,20344.5,1728657780,73,20449.25,R_TRIGGER,208.5,208.5,0.7766
2024_10_11,1728656820.0,57,18,1728657900,75,-1,20434.0,1728658500,85,20426.75,R_TRIGGER,13.5,13.5,0.7639
2024_10_11,1728658320.0,82,12,1728659040,94,1,20448.25,1728659760,106,20438.0,R_TRIGGER,-21.5,-21.5,0.97
2024_10_11,1728659340.0,99,10,1728659940,109,-1,20410.0,1728660420,117,20435.5,R_TRIGGER,-52.0,-52.0,0.9674
2024_10_11,1728660000.0,110,8,1728660480,118,1,20429.0,1728663600,170,20442.0,R_TRIGGER,25.0,25.0,0.7374
2024_10_11,1728662340.0,149,24,1728663780,173,-1,20440.25,1728665880,208,20439.5,R_TRIGGER,0.5,0.5,0.9619
2024_10_11,1728665280.0,198,10,1728665880,208,1,20439.5,1728671880,308,20427.5,R_TRIGGER,-25.0,-25.0,0.7504
2024_10_11,1728670740.0,289,19,1728671880,308,-1,20427.5,1728672300,315,20458.0,R_TRIGGER,-62.0,-62.0,0.779
2024_10_11,1728671880.0,308,9,1728672420,317,1,20456.5,1728676020,377,20463.25,R_TRIGGER,12.5,12.5,0.9438
2024_10_11,1728674100.0,345,32,1728676020,377,-1,20463.25,1728677700,405,20420.5,SESSION_CLOSE,84.5,84.5,0.7417
2024_10_14,1728912600.0,0,3,1728912780,3,1,20570.25,1728914580,33,20662.75,R_TRIGGER,184.0,184.0,0.8199
2024_10_14,1728914400.0,30,10,1728915000,40,-1,20638.25,1728915600,50,20615.25,R_TRIGGER,45.0,45.0,0.9505
2024_10_14,1728915420.0,47,3,1728915600,50,-1,20615.25,1728917700,85,20600.75,R_TRIGGER,28.0,28.0,0.7356
2024_10_14,1728918060.0,91,13,1728918840,104,1,20578.5,1728919500,115,20561.0,R_TRIGGER,-36.0,-36.0,0.9567
2024_10_14,1728919320.0,112,3,1728919500,115,-1,20561.0,1728919980,123,20560.0,R_TRIGGER,1.0,1.0,0.7658
2024_10_14,1728919800.0,120,11,1728920460,131,-1,20548.25,1728920820,137,20568.0,R_TRIGGER,-40.5,-40.5,0.7563
2024_10_14,1728920640.0,134,3,1728920820,137,1,20568.0,1728925740,219,20607.75,R_TRIGGER,78.5,78.5,0.9678
2024_10_14,1728925560.0,216,7,1728925980,223,-1,20604.5,1728927540,249,20614.75,R_TRIGGER,-21.5,-21.5,0.9639
2024_10_14,1728927240.0,244,19,1728928380,263,1,20613.5,1728929460,281,20608.25,R_TRIGGER,-11.5,-11.5,0.9552
2024_10_14,1728929280.0,278,25,1728930780,303,1,20614.5,1728932460,331,20623.5,R_TRIGGER,17.0,17.0,0.7531
2024_10_14,1728931320.0,312,26,1728932880,338,1,20627.75,1728935520,382,20638.25,R_TRIGGER,20.0,20.0,0.8046
2024_10_14,1728935340.0,379,3,1728935520,382,-1,20638.25,1728936900,405,20614.0,SESSION_CLOSE,47.5,47.5,0.7773
2024_10_15,,-7,7,1728999000,0,-1,20620.0,1728999240,4,20636.5,R_TRIGGER,-34.0,-34.0,0.8214
2024_10_15,1728999000.0,0,5,1728999300,5,1,20645.5,1728999480,8,20628.25,R_TRIGGER,-35.5,-35.5,0.96
2024_10_15,1728999300.0,5,5,1728999600,10,1,20624.5,1729000740,29,20629.5,R_TRIGGER,9.0,9.0,0.7417
2024_10_15,1729000500.0,25,6,1729000860,31,1,20634.0,1729001625,,20399.25,CAT_STOP,-470.5,-101.0,0.74
2024_10_15,1729004160.0,86,4,1729004400,90,-1,20387.0,1729005180,103,20408.75,R_TRIGGER,-44.5,-44.5,0.7859
2024_10_15,1729005000.0,100,5,1729005300,105,1,20436.0,1729005600,110,20415.0,R_TRIGGER,-43.0,-43.0,0.8418
2024_10_15,1729005420.0,107,13,1729006200,120,1,20400.25,1729006680,128,20405.0,R_TRIGGER,8.5,8.5,0.7659
2024_10_15,1729006440.0,124,8,1729006920,132,-1,20404.5,1729008420,157,20368.5,R_TRIGGER,71.0,71.0,0.9682
2024_10_15,1729008180.0,153,4,1729008420,157,-1,20368.5,1729009980,183,20408.75,R_TRIGGER,-81.5,-81.5,0.7395
2024_10_15,1729010280.0,188,4,1729010520,192,-1,20389.25,1729012500,225,20368.5,R_TRIGGER,40.5,40.5,0.7823
2024_10_15,1729012500.0,225,3,1729012680,228,-1,20355.75,1729013520,242,20352.0,R_TRIGGER,6.5,6.5,0.7376
2024_10_15,1729013280.0,238,4,1729013520,242,-1,20352.0,1729015380,273,20385.25,R_TRIGGER,-67.5,-67.5,0.7636
2024_10_15,1729015200.0,270,4,1729015440,274,1,20379.0,1729015620,277,20363.0,R_TRIGGER,-33.0,-33.0,0.8245
2024_10_15,1729015440.0,274,11,1729016100,285,1,20348.75,1729016880,298,20361.0,R_TRIGGER,23.5,23.5,0.7347
2024_10_15,1729016640.0,294,4,1729016880,298,-1,20361.0,1729019400,340,20297.75,R_TRIGGER,125.5,125.5,0.7416
2024_10_15,1729019220.0,337,3,1729019400,340,-1,20297.75,1729020060,351,20303.25,R_TRIGGER,-12.0,-12.0,0.7643
2024_10_15,1729019700.0,345,8,1729020180,353,1,20316.0,1729020420,357,20299.0,R_TRIGGER,-35.0,-35.0,0.9618
2024_10_15,1729020180.0,353,4,1729020420,357,1,20299.0,1729023120,402,20327.0,R_TRIGGER,55.0,55.0,0.7596
2024_10_16,,-15,16,1729085460,1,-1,20304.5,1729087440,34,20257.75,R_TRIGGER,92.5,92.5,0.739
2024_10_16,1729087260.0,31,8,1729087740,39,1,20287.0,1729089180,63,20322.25,R_TRIGGER,69.5,69.5,0.9506
2024_10_16,1729088700.0,55,13,1729089480,68,-1,20293.75,1729090020,77,20267.0,R_TRIGGER,52.5,52.5,0.8061
2024_10_16,1729090320.0,82,5,1729090620,87,-1,20284.25,1729091400,100,20290.0,R_TRIGGER,-12.5,-12.5,0.7822
2024_10_16,1729091220.0,97,5,1729091520,102,1,20305.75,1729092240,114,20296.75,R_TRIGGER,-19.0,-19.0,0.9598
2024_10_16,1729092060.0,111,16,1729093020,127,1,20313.5,1729093500,135,20299.0,R_TRIGGER,-30.0,-30.0,0.739
2024_10_16,1729093260.0,131,9,1729093800,140,-1,20289.0,1729095000,160,20298.75,R_TRIGGER,-20.5,-20.5,0.9697
2024_10_16,1729094400.0,150,13,1729095180,163,-1,20279.75,1729097820,207,20328.75,CAT_STOP,-99.0,-101.0,0.7397
2024_10_16,1729099200.0,230,27,1729100820,257,1,20331.5,1729106520,352,20348.75,R_TRIGGER,33.5,33.5,0.8483
2024_10_16,1729103460.0,301,51,1729106520,352,-1,20348.75,1729109700,405,20329.5,SESSION_CLOSE,37.5,37.5,0.9667
2024_10_17,,-22,22,1729171800,0,-1,20548.0,1729172340,9,20433.25,R_TRIGGER,228.5,228.5,0.966
2024_10_17,1729172160.0,6,4,1729172400,10,-1,20450.5,1729173180,23,20402.0,CAT_STOP,96.0,-101.0,0.8046
2024_10_17,1729173720.0,32,5,1729174020,37,-1,20402.0,1729174980,53,20443.5,CAT_STOP,-84.0,-101.0,0.8032
2024_10_17,1729176120.0,72,3,1729176300,75,1,20402.25,1729177320,92,20392.0,R_TRIGGER,-21.5,-21.5,0.7543
2024_10_17,1729176960.0,86,6,1729177320,92,-1,20392.0,1729177620,97,20411.5,R_TRIGGER,-40.0,-40.0,0.7979
2024_10_17,1729177440.0,94,9,1729177980,103,1,20434.25,1729178400,110,20421.25,R_TRIGGER,-27.0,-27.0,0.9729
2024_10_17,1729178160.0,106,8,1729178640,114,1,20437.0,1729181280,158,20498.0,R_TRIGGER,121.0,121.0,0.7448
2024_10_17,1729180920.0,152,20,1729182120,172,-1,20487.75,1729183200,190,20479.25,R_TRIGGER,16.0,16.0,0.9544
2024_10_17,1729182780.0,183,10,1729183380,193,1,20485.25,1729184280,208,20461.25,R_TRIGGER,-49.0,-49.0,0.949
2024_10_17,1729184340.0,209,53,1729187520,262,-1,20483.25,1729190340,309,20397.5,R_TRIGGER,170.5,170.5,0.7667
2024_10_17,1729190160.0,306,6,1729190520,312,-1,20387.25,1729194240,374,20383.75,R_TRIGGER,6.0,6.0,0.7374
2024_10_17,1729193940.0,369,6,1729194300,375,-1,20378.5,1729195200,390,20386.5,R_TRIGGER,-17.0,-17.0,0.7654
2024_10_17,1729194660.0,381,9,1729195200,390,-1,20386.5,1729196100,405,20391.75,SESSION_CLOSE,-11.5,-11.5,0.8049
2024_10_18,,-11,11,1729258200,0,-1,20452.5,1729258920,12,20486.5,R_TRIGGER,-69.0,-69.0,0.7579
2024_10_18,1729258500.0,5,10,1729259100,15,-1,20491.0,1729260420,37,20506.25,R_TRIGGER,-31.5,-31.5,0.7646
2024_10_18,1729259400.0,20,18,1729260480,38,1,20495.5,1729263300,85,20456.75,R_TRIGGER,-78.5,-78.5,0.9656
2024_10_18,1729260600.0,40,49,1729263540,89,-1,20457.75,1729264935,,20513.25,CAT_STOP,-112.0,-101.0,0.7382
2024_10_18,1729263360.0,86,39,1729265700,125,-1,20500.5,1729270320,202,20502.5,R_TRIGGER,-5.0,-5.0,0.7386
2024_10_18,1729268160.0,166,36,1729270320,202,1,20502.5,1729274460,271,20475.0,R_TRIGGER,-56.0,-56.0,0.7532
2024_10_18,1729271280.0,218,53,1729274460,271,-1,20475.0,1729282500,405,20494.0,SESSION_CLOSE,-39.0,-39.0,0.75
2024_10_21,,-120,122,1729517520,2,-1,20440.75,1729518240,14,20476.25,R_TRIGGER,-72.0,-72.0,0.9636
2024_10_21,1729518060.0,11,6,1729518420,17,1,20483.5,1729519980,43,20510.0,R_TRIGGER,52.0,52.0,0.7506
2024_10_21,1729519680.0,38,7,1729520100,45,1,20528.0,1729520580,53,20526.0,R_TRIGGER,-5.0,-5.0,0.7574
2024_10_21,1729520340.0,49,11,1729521000,60,-1,20499.0,1729521780,73,20449.0,R_TRIGGER,99.0,99.0,0.9789
2024_10_21,1729521960.0,76,6,1729522320,82,-1,20434.25,1729523580,103,20392.5,R_TRIGGER,82.5,82.5,0.7644
2024_10_21,1729523580.0,103,12,1729524300,115,-1,20360.25,1729524720,122,20378.25,R_TRIGGER,-37.0,-37.0,0.744
2024_10_21,1729524420.0,117,12,1729525140,129,1,20400.0,1729527120,162,20442.0,R_TRIGGER,83.0,83.0,0.9594
2024_10_21,1729526520.0,152,18,1729527600,170,1,20448.75,1729531200,230,20473.25,R_TRIGGER,48.0,48.0,0.7542
2024_10_21,1729530960.0,226,4,1729531200,230,-1,20473.25,1729532160,246,20481.75,R_TRIGGER,-18.0,-18.0,0.7578
2024_10_21,1729531260.0,231,17,1729532280,248,1,20479.75,1729534980,293,20470.75,R_TRIGGER,-19.0,-19.0,0.7362
2024_10_21,1729533420.0,267,27,1729535040,294,-1,20471.5,1729537920,342,20479.75,R_TRIGGER,-17.5,-17.5,0.968
2024_10_21,1729537440.0,334,8,1729537920,342,1,20479.75,1729539060,361,20469.75,R_TRIGGER,-21.0,-21.0,0.9496
2024_10_21,1729538280.0,348,16,1729539240,364,-1,20465.0,1729540080,378,20485.75,R_TRIGGER,-42.5,-42.5,0.967
2024_10_21,1729539240.0,364,14,1729540080,378,1,20485.75,1729541700,405,20528.25,SESSION_CLOSE,84.0,84.0,0.9549
2024_10_22,,-21,22,1729603860,1,-1,20381.5,1729604335,,20450.0,CAT_STOP,-138.0,-101.0,0.9782
2024_10_22,1729605180.0,23,8,1729605660,31,1,20459.0,1729606320,42,20483.75,R_TRIGGER,48.5,48.5,0.7402
2024_10_22,1729606080.0,38,4,1729606320,42,1,20483.75,1729606800,50,20496.25,R_TRIGGER,24.0,24.0,0.7393
2024_10_22,1729606500.0,45,11,1729607160,56,1,20491.25,1729608180,73,20480.75,R_TRIGGER,-22.0,-22.0,0.7474
2024_10_22,1729607700.0,65,12,1729608420,77,-1,20456.25,1729608720,82,20482.5,R_TRIGGER,-53.5,-53.5,0.9766
2024_10_22,1729608480.0,78,12,1729609200,90,1,20498.25,1729609920,102,20477.0,R_TRIGGER,-43.5,-43.5,0.9699
2024_10_22,1729609320.0,92,20,1729610520,112,-1,20465.75,1729615680,198,20457.75,R_TRIGGER,15.0,15.0,0.9605
2024_10_22,1729615320.0,192,8,1729615800,200,1,20476.5,1729620540,279,20570.75,R_TRIGGER,187.5,187.5,0.9445
2024_10_22,1729620240.0,274,6,1729620600,280,-1,20565.5,1729624320,342,20542.25,R_TRIGGER,45.5,45.5,0.7685
2024_10_22,1729623540.0,329,22,1729624860,351,-1,20540.25,1729628100,405,20520.75,SESSION_CLOSE,38.0,38.0,0.7431
2024_10_23,,-6,6,1729690200,0,1,20447.0,1729690380,3,20417.0,R_TRIGGER,-61.0,-61.0,0.9579
2024_10_23,1729690200.0,0,6,1729690560,6,-1,20439.25,1729690740,9,20442.0,R_TRIGGER,-6.5,-6.5,0.7933
2024_10_23,1729690440.0,4,7,1729690860,11,-1,20436.75,1729691820,27,20442.0,R_TRIGGER,-11.5,-11.5,0.7407
2024_10_23,1729691880.0,28,3,1729692060,31,-1,20412.5,1729692600,40,20382.75,R_TRIGGER,58.5,58.5,0.9763
2024_10_23,1729692420.0,37,3,1729692600,40,-1,20382.75,1729693620,57,20401.75,R_TRIGGER,-39.0,-39.0,0.7484
2024_10_23,1729693200.0,50,7,1729693620,57,-1,20401.75,1729694840,,20416.5,CAT_STOP,-30.5,-101.0,0.7734
2024_10_23,1729695600.0,90,6,1729695960,96,-1,20396.25,1729696860,111,20351.25,R_TRIGGER,89.0,89.0,0.7426
2024_10_23,1729697400.0,120,15,1729698300,135,1,20348.0,1729699320,152,20321.0,R_TRIGGER,-55.0,-55.0,0.9513
2024_10_23,1729699140.0,149,4,1729699380,153,-1,20296.0,1729701300,185,20262.5,R_TRIGGER,66.0,66.0,0.9785
2024_10_23,1729701060.0,181,4,1729701300,185,-1,20262.5,1729707720,292,20108.75,R_TRIGGER,306.5,306.5,0.7418
2024_10_23,1729707540.0,289,3,1729707720,292,1,20108.75,1729709820,327,20155.75,R_TRIGGER,93.0,93.0,0.7455
2024_10_23,1729709880.0,328,12,1729710600,340,1,20166.25,1729710720,342,20151.0,R_TRIGGER,-31.5,-31.5,0.7683
2024_10_23,1729710120.0,332,10,1729710720,342,-1,20151.0,1729710960,346,20171.0,R_TRIGGER,-41.0,-41.0,0.9646
2024_10_23,1729710720.0,342,14,1729711560,356,1,20189.5,1729713300,385,20211.5,R_TRIGGER,43.0,43.0,0.9542
2024_10_23,1729713000.0,380,9,1729713540,389,1,20218.5,1729714500,405,20260.25,SESSION_CLOSE,82.5,82.5,0.7754
2024_10_24,,-53,53,1729776600,0,-1,20340.25,1729776900,5,20341.75,R_TRIGGER,-4.0,-4.0,0.7481
2024_10_24,1729776660.0,1,4,1729776900,5,-1,20341.75,1729778160,26,20333.25,R_TRIGGER,16.0,16.0,0.774
2024_10_24,1729777740.0,19,8,1729778220,27,-1,20330.0,1729780320,62,20349.5,R_TRIGGER,-40.0,-40.0,0.746
2024_10_24,1729780080.0,58,13,1729780860,71,1,20362.0,1729781340,79,20338.25,R_TRIGGER,-48.5,-48.5,0.9649
2024_10_24,1729780680.0,68,13,1729781460,81,-1,20319.5,1729782780,103,20350.0,R_TRIGGER,-62.0,-62.0,0.9601
2024_10_24,1729782300.0,95,9,1729782840,104,1,20357.0,1729784340,129,20322.5,R_TRIGGER,-70.0,-70.0,0.9433
2024_10_24,1729783260.0,111,18,1729784340,129,-1,20322.5,1729785240,144,20308.5,R_TRIGGER,27.0,27.0,0.9676
2024_10_24,1729785000.0,140,8,1729785480,148,1,20327.75,1729785960,156,20291.5,R_TRIGGER,-73.5,-73.5,0.9602
2024_10_24,1729785600.0,150,6,1729785960,156,-1,20291.5,1729786920,172,20294.25,R_TRIGGER,-6.5,-6.5,0.9622
2024_10_24,1729786560.0,166,10,1729787160,176,1,20309.75,1729790700,235,20349.0,R_TRIGGER,77.5,77.5,0.946
2024_10_24,1729789920.0,222,29,1729791660,251,-1,20364.5,1729793640,284,20372.75,R_TRIGGER,-17.5,-17.5,0.7341
2024_10_24,1729792800.0,270,24,1729794240,294,1,20373.25,1729800900,405,20404.75,SESSION_CLOSE,62.0,62.0,0.7411
2024_10_25,,-139,139,1729863000,0,1,20519.25,1729865160,36,20665.75,R_TRIGGER,292.0,292.0,0.7468
2024_10_25,1729866180.0,53,19,1729867320,72,-1,20683.0,1729868340,89,20656.25,R_TRIGGER,52.5,52.5,0.7491
2024_10_25,1729867740.0,79,12,1729868460,91,-1,20669.5,1729871220,137,20650.5,R_TRIGGER,37.0,37.0,0.7375
2024_10_25,1729871280.0,138,4,1729871520,142,-1,20614.75,1729872540,159,20636.5,R_TRIGGER,-44.5,-44.5,0.7369
2024_10_25,1729871700.0,145,15,1729872600,160,1,20643.25,1729875780,213,20632.75,R_TRIGGER,-22.0,-22.0,0.9563
2024_10_25,1729873800.0,180,41,1729876260,221,-1,20632.75,1729878420,257,20524.5,R_TRIGGER,215.5,215.5,0.7721
2024_10_25,1729878240.0,254,4,1729878480,258,1,20549.5,1729878960,266,20531.5,R_TRIGGER,-37.0,-37.0,0.8537
2024_10_25,1729878660.0,261,11,1729879320,272,-1,20498.5,1729879980,283,20496.75,R_TRIGGER,2.5,2.5,0.9748
2024_10_25,1729879800.0,280,3,1729879980,283,-1,20496.75,1729881560,,20483.0,CAT_STOP,26.5,-101.0,0.7754
2024_10_28,,-30,30,1730122200,0,-1,20584.5,1730124060,31,20571.25,R_TRIGGER,25.5,25.5,0.7533
2024_10_28,1730123520.0,22,17,1730124540,39,1,20588.25,1730126100,65,20583.5,R_TRIGGER,-10.5,-10.5,0.9622
2024_10_28,1730126100.0,65,7,1730126520,72,1,20614.0,1730127480,88,20575.75,R_TRIGGER,-77.5,-77.5,0.9625
2024_10_28,1730126520.0,72,18,1730127600,90,-1,20552.25,1730132460,171,20562.75,R_TRIGGER,-22.0,-22.0,0.9711
2024_10_28,1730131260.0,151,31,1730133120,182,-1,20548.25,1730136000,230,20549.0,R_TRIGGER,-2.5,-2.5,0.7514
2024_10_28,1730135640.0,224,11,1730136300,235,-1,20543.25,1730146500,405,20503.5,SESSION_CLOSE,78.5,78.5,0.7519
2024_10_29,,-79,79,1730208600,0,1,20493.5,1730208780,3,20445.25,R_TRIGGER,-97.5,-97.5,0.7896
2024_10_29,1730208600.0,0,3,1730208780,3,-1,20445.25,1730209080,8,20450.5,R_TRIGGER,-11.5,-11.5,0.7691
2024_10_29,1730208900.0,5,3,1730209080,8,-1,20450.5,1730209560,16,20489.25,CAT_STOP,-78.5,-101.0,0.777
2024_10_29,1730209740.0,19,4,1730209980,23,-1,20489.25,1730210650,,20544.0,CAT_STOP,-110.5,-101.0,0.7922
2024_10_29,1730211420.0,47,4,1730211660,51,1,20544.0,1730212140,59,20543.5,R_TRIGGER,-2.0,-2.0,0.7831
2024_10_29,1730211960.0,56,3,1730212140,59,-1,20543.5,1730212320,62,20573.0,R_TRIGGER,-60.0,-60.0,0.7466
2024_10_29,1730212140.0,59,3,1730212320,62,1,20573.0,1730214480,98,20579.75,R_TRIGGER,12.5,12.5,0.7904
2024_10_29,1730214240.0,94,6,1730214600,100,-1,20582.5,1730214840,104,20595.25,R_TRIGGER,-26.5,-26.5,0.7711
2024_10_29,1730214600.0,100,4,1730214840,104,1,20595.25,1730216160,126,20584.25,R_TRIGGER,-23.0,-23.0,0.7534
2024_10_29,1730216160.0,126,4,1730216400,130,1,20601.75,1730217240,144,20601.75,R_TRIGGER,-1.0,-1.0,0.7514
2024_10_29,1730217060.0,141,3,1730217240,144,-1,20601.75,1730217420,147,20621.0,R_TRIGGER,-39.5,-39.5,0.7477
2024_10_29,1730218680.0,168,11,1730219340,179,-1,20614.75,1730220000,190,20617.25,R_TRIGGER,-6.0,-6.0,0.7934
2024_10_29,1730219820.0,187,6,1730220180,193,1,20630.0,1730222760,236,20661.5,R_TRIGGER,62.0,62.0,0.9577
2024_10_29,1730222160.0,226,13,1730222940,239,1,20665.25,1730223780,253,20661.5,R_TRIGGER,-8.5,-8.5,0.7636
2024_10_29,1730223840.0,254,36,1730226000,290,1,20683.25,1730230860,371,20721.5,R_TRIGGER,75.5,75.5,0.8585
2024_10_29,1730230500.0,365,15,1730231400,380,1,20726.0,1730232360,396,20731.0,R_TRIGGER,9.0,9.0,0.7345
2024_10_29,1730232180.0,393,4,1730232420,397,1,20730.75,1730232900,405,20735.75,SESSION_CLOSE,9.0,9.0,0.7583
2024_10_30,,-127,127,1730295000,0,-1,20635.75,1730296080,18,20581.0,R_TRIGGER,108.5,108.5,0.7937
2024_10_30,1730295780.0,13,12,1730296500,25,1,20622.0,1730299800,80,20651.0,R_TRIGGER,57.0,57.0,0.967
2024_10_30,1730298480.0,58,23,1730299860,81,-1,20646.0,1730301840,114,20650.5,R_TRIGGER,-10.0,-10.0,0.9733
2024_10_30,1730301360.0,106,10,1730301960,116,1,20667.5,1730302620,127,20660.5,R_TRIGGER,-15.0,-15.0,0.9531
2024_10_30,1730302260.0,121,10,1730302860,131,1,20658.0,1730305140,169,20642.5,R_TRIGGER,-32.0,-32.0,0.7724
2024_10_30,1730303460.0,141,28,1730305140,169,-1,20642.5,1730310540,259,20605.25,R_TRIGGER,73.5,73.5,0.737
2024_10_30,1730310060.0,251,9,1730310600,260,1,20607.25,1730314920,332,20580.75,R_TRIGGER,-54.0,-54.0,0.9513
2024_10_30,1730314200.0,320,12,1730314920,332,-1,20580.75,1730318580,393,20572.5,R_TRIGGER,15.5,15.5,0.7666
2024_10_30,1730318400.0,390,3,1730318580,393,-1,20572.5,1730319300,405,20501.0,SESSION_CLOSE,142.0,142.0,0.8064
2024_10_31,,-44,44,1730381400,0,-1,20334.0,1730381820,7,20301.75,R_TRIGGER,63.5,63.5,0.8805
2024_10_31,1730381580.0,3,4,1730381820,7,-1,20301.75,1730383020,27,20181.75,R_TRIGGER,239.0,239.0,0.7849
2024_10_31,1730382780.0,23,6,1730383140,29,-1,20166.25,1730383620,37,20170.0,R_TRIGGER,-8.5,-8.5,0.7389
2024_10_31,1730383260.0,31,9,1730383800,40,-1,20153.25,1730384160,46,20169.75,R_TRIGGER,-34.0,-34.0,0.7743
2024_10_31,1730383920.0,42,8,1730384400,50,-1,20185.25,1730387340,99,20098.75,R_TRIGGER,172.0,172.0,0.738
2024_10_31,1730387160.0,96,4,1730387400,100,-1,20087.5,1730388000,110,20102.0,R_TRIGGER,-30.0,-30.0,0.7783
2024_10_31,1730388180.0,113,21,1730389440,134,1,20067.0,1730391960,176,20067.0,R_TRIGGER,-1.0,-1.0,0.7731
2024_10_31,1730391720.0,172,4,1730391960,176,-1,20067.0,1730393700,205,20094.25,R_TRIGGER,-55.5,-55.5,0.7783
2024_10_31,1730391960.0,176,38,1730394240,214,1,20103.75,1730395620,237,20072.75,R_TRIGGER,-63.0,-63.0,0.8167
2024_10_31,1730394600.0,220,17,1730395620,237,-1,20072.75,1730401080,328,20047.75,R_TRIGGER,49.0,49.0,0.9655
2024_10_31,1730399820.0,307,21,1730401080,328,1,20047.75,1730403300,365,20070.5,R_TRIGGER,44.5,44.5,0.959
2024_10_31,1730402580.0,353,12,1730403300,365,1,20070.5,1730404380,383,20076.0,R_TRIGGER,10.0,10.0,0.7701
2024_10_31,1730404200.0,380,3,1730404380,383,-1,20076.0,1730404920,392,20073.0,R_TRIGGER,5.0,5.0,0.8466
2024_10_31,1730404740.0,389,3,1730404920,392,1,20073.0,1730405580,403,20046.75,R_TRIGGER,-53.5,-53.5,0.8255
2024_10_31,1730405040.0,394,9,1730405580,403,-1,20046.75,1730405700,405,20059.5,SESSION_CLOSE,-26.5,-26.5,0.7734
2024_11_01,,-54,54,1730467800,0,-1,20079.75,1730467980,3,20094.0,R_TRIGGER,-29.5,-29.5,0.8275
2024_11_01,1730467800.0,0,3,1730467980,3,-1,20094.0,1730468570,,20176.25,CAT_STOP,-165.5,-101.0,0.8479
2024_11_01,1730469900.0,35,5,1730470200,40,1,20184.25,1730471820,67,20236.0,R_TRIGGER,102.5,102.5,0.7746
2024_11_01,1730471400.0,60,12,1730472120,72,-1,20210.75,1730472600,80,20180.5,R_TRIGGER,59.5,59.5,0.9597
2024_11_01,1730472420.0,77,3,1730472600,80,1,20180.5,1730474460,111,20238.75,R_TRIGGER,115.5,115.5,0.7847
2024_11_01,1730474100.0,105,6,1730474460,111,1,20238.75,1730475360,126,20259.5,R_TRIGGER,40.5,40.5,0.7679
2024_11_01,1730474880.0,118,16,1730475840,134,1,20243.75,1730479380,193,20198.25,R_TRIGGER,-92.0,-92.0,0.7383
2024_11_01,1730477580.0,163,30,1730479380,193,-1,20198.25,1730481240,224,20205.75,R_TRIGGER,-16.0,-16.0,0.9727
2024_11_01,1730480880.0,218,8,1730481360,226,1,20219.75,1730482320,242,20202.75,R_TRIGGER,-35.0,-35.0,0.9502
2024_11_01,1730482140.0,239,3,1730482320,242,-1,20202.75,1730485440,294,20173.75,R_TRIGGER,57.0,57.0,0.9692
2024_11_01,1730485200.0,290,5,1730485500,295,-1,20165.0,1730490900,385,20163.0,R_TRIGGER,3.0,3.0,0.7614
2024_11_01,1730490660.0,381,4,1730490900,385,-1,20163.0,1730492100,405,20178.25,SESSION_CLOSE,-31.5,-31.5,0.7501
2024_11_04,,-4,4,1730730600,0,1,20125.0,1730730780,3,20075.75,R_TRIGGER,-99.5,-99.5,0.9651
2024_11_04,1730730600.0,0,3,1730730780,3,1,20075.75,1730731020,7,20180.75,CAT_STOP,209.0,-101.0,0.849
2024_11_04,1730736780.0,103,10,1730737380,113,-1,20180.75,1730740800,170,20085.0,R_TRIGGER,190.5,190.5,0.9551
2024_11_04,1730740140.0,159,12,1730740860,171,1,20083.0,1730743620,217,20087.0,R_TRIGGER,7.0,7.0,0.9587
2024_11_04,1730742600.0,200,17,1730743620,217,-1,20087.0,1730743920,222,20134.75,R_TRIGGER,-96.5,-96.5,0.9616
2024_11_04,1730743680.0,218,6,1730744040,224,1,20137.75,1730748600,300,20138.25,R_TRIGGER,0.0,0.0,0.796
2024_11_04,1730745960.0,256,44,1730748600,300,-1,20138.25,1730754900,405,20111.0,SESSION_CLOSE,53.5,53.5,0.8637
2024_11_05,1730817780.0,13,6,1730818140,19,1,20249.75,1730819460,41,20265.5,R_TRIGGER,30.5,30.5,0.7703
2024_11_05,1730820300.0,55,10,1730820900,65,1,20271.25,1730821920,82,20264.25,R_TRIGGER,-15.0,-15.0,0.7492
2024_11_05,1730821740.0,79,3,1730821920,82,-1,20264.25,1730822640,94,20262.75,R_TRIGGER,2.0,2.0,0.735
2024_11_05,1730822460.0,91,7,1730822880,98,1,20293.5,1730824980,133,20301.0,R_TRIGGER,14.0,14.0,0.9548
2024_11_05,1730824980.0,133,29,1730826720,162,1,20337.0,1730830440,224,20330.0,R_TRIGGER,-15.0,-15.0,0.7402
2024_11_05,1730827140.0,169,55,1730830440,224,-1,20330.0,1730832180,253,20318.25,R_TRIGGER,22.5,22.5,0.7432
2024_11_05,1730831820.0,247,6,1730832180,253,1,20318.25,1730836440,324,20295.5,R_TRIGGER,-46.5,-46.5,0.7763
2024_11_05,1730835660.0,311,13,1730836440,324,-1,20295.5,1730837220,337,20314.25,R_TRIGGER,-38.5,-38.5,0.774
2024_11_05,1730836800.0,330,10,1730837400,340,1,20327.5,1730839320,372,20315.25,R_TRIGGER,-25.5,-25.5,0.9517
2024_11_05,1730838960.0,366,7,1730839380,373,-1,20311.0,1730840340,389,20341.25,R_TRIGGER,-61.5,-61.5,0.7562
2024_11_05,1730839560.0,376,16,1730840520,392,1,20356.5,1730841300,405,20368.75,SESSION_CLOSE,23.5,23.5,0.9732
2024_11_06,,-6,8,1730903520,2,-1,20695.0,1730903625,,20735.75,CAT_STOP,-82.5,-101.0,0.7902
2024_11_06,1730904600.0,20,14,1730905440,34,-1,20697.0,1730905800,40,20734.75,R_TRIGGER,-76.5,-76.5,0.7762
2024_11_06,1730905620.0,37,3,1730905800,40,-1,20734.75,1730906460,51,20746.5,CAT_STOP,-24.5,-101.0,0.7672
2024_11_06,1730908920.0,92,9,1730909460,101,1,20746.5,1730927700,405,20892.75,SESSION_CLOSE,291.5,291.5,0.7448
2024_11_07,,-59,59,1730989800,0,1,21030.0,1730990820,17,21056.75,R_TRIGGER,52.5,52.5,0.7657
2024_11_07,1730990520.0,12,6,1730990880,18,-1,21063.5,1730991300,25,21083.75,R_TRIGGER,-41.5,-41.5,0.7451
2024_11_07,1730990820.0,17,8,1730991300,25,1,21083.75,1730993580,63,21092.5,R_TRIGGER,16.5,16.5,0.755
2024_11_07,1730993640.0,64,12,1730994360,76,1,21132.25,1730995500,95,21135.25,R_TRIGGER,5.0,5.0,0.8199
2024_11_07,1730995260.0,91,5,1730995560,96,-1,21140.75,1730997000,120,21156.25,R_TRIGGER,-32.0,-32.0,0.7912
2024_11_07,1730995800.0,100,23,1730997180,123,1,21162.5,1730998980,153,21166.0,R_TRIGGER,6.0,6.0,0.8021
2024_11_07,1730998680.0,148,5,1730998980,153,-1,21166.0,1731001620,197,21193.75,R_TRIGGER,-56.5,-56.5,0.9566
2024_11_07,1730999220.0,157,61,1731002880,218,-1,21171.75,1731005520,262,21183.75,R_TRIGGER,-25.0,-25.0,0.7736
2024_11_07,1731005160.0,256,8,1731005640,264,1,21190.75,1731006180,273,21178.25,R_TRIGGER,-26.0,-26.0,0.9515
2024_11_07,1731006000.0,270,4,1731006240,274,1,21178.0,1731008460,311,21174.25,R_TRIGGER,-8.5,-8.5,0.8069
2024_11_07,1731008160.0,306,5,1731008460,311,1,21174.25,1731009240,324,21199.0,R_TRIGGER,48.5,48.5,0.754
2024_11_07,1731009000.0,320,4,1731009240,324,-1,21199.0,1731009480,328,21221.25,R_TRIGGER,-45.5,-45.5,0.7364
2024_11_07,1731009240.0,324,4,1731009480,328,1,21221.25,1731011880,368,21218.75,R_TRIGGER,-6.0,-6.0,0.9706
2024_11_07,1731010680.0,348,21,1731011940,369,-1,21218.25,1731013620,397,21238.0,R_TRIGGER,-40.5,-40.5,0.9713
2024_11_07,1731013020.0,387,14,1731013860,401,1,21244.25,1731014100,405,21248.0,SESSION_CLOSE,6.5,6.5,0.9631
2024_11_08,1731076560.0,6,8,1731077040,14,-1,21189.0,1731077280,18,21210.25,R_TRIGGER,-43.5,-43.5,0.7608
2024_11_08,1731077100.0,15,16,1731078060,31,1,21218.25,1731078240,34,21190.5,R_TRIGGER,-56.5,-56.5,0.7373
2024_11_08,1731078000.0,30,4,1731078240,34,1,21190.5,1731080220,67,21187.5,R_TRIGGER,-7.0,-7.0,0.8095
2024_11_08,1731079980.0,63,7,1731080400,70,1,21177.0,1731081660,91,21191.0,R_TRIGGER,27.0,27.0,0.773
2024_11_08,1731081180.0,83,8,1731081660,91,-1,21191.0,1731082200,100,21194.5,R_TRIGGER,-8.0,-8.0,0.7553
2024_11_08,1731081780.0,93,7,1731082200,100,1,21194.5,1731085440,154,21209.75,R_TRIGGER,29.5,29.5,0.7534
2024_11_08,1731084960.0,146,9,1731085500,155,-1,21207.5,1731087300,185,21223.5,R_TRIGGER,-33.0,-33.0,0.95
2024_11_08,1731086880.0,178,8,1731087360,186,1,21225.5,1731092040,264,21236.75,R_TRIGGER,21.5,21.5,0.9465
2024_11_08,1731091200.0,250,15,1731092100,265,-1,21234.5,1731094140,299,21258.25,R_TRIGGER,-48.5,-48.5,0.7956
2024_11_08,1731092100.0,265,47,1731094920,312,1,21262.25,1731095640,324,21239.5,R_TRIGGER,-46.5,-46.5,0.7479
2024_11_08,1731094980.0,313,11,1731095640,324,-1,21239.5,1731099600,390,21239.5,R_TRIGGER,-1.0,-1.0,0.9646
2024_11_08,1731097920.0,362,41,1731100380,403,1,21232.75,1731100500,405,21231.25,SESSION_CLOSE,-4.0,-4.0,0.9638
2024_11_11,,-88,89,1731335460,1,-1,21284.5,1731337680,38,21181.75,R_TRIGGER,204.5,204.5,0.85
2024_11_11,1731337500.0,35,5,1731337800,40,1,21194.5,1731338220,47,21184.0,R_TRIGGER,-22.0,-22.0,0.7585
2024_11_11,1731338580.0,53,6,1731338940,59,1,21188.75,1731339840,74,21203.25,R_TRIGGER,28.0,28.0,0.7498
2024_11_11,1731339660.0,71,10,1731340260,81,1,21208.75,1731341160,96,21213.0,R_TRIGGER,7.5,7.5,0.7528
2024_11_11,1731341160.0,96,18,1731342240,114,1,21219.25,1731342360,116,21209.75,R_TRIGGER,-20.0,-20.0,0.7679
2024_11_11,1731342180.0,113,3,1731342360,116,-1,21209.75,1731349560,236,21125.5,R_TRIGGER,167.5,167.5,0.9663
2024_11_11,1731349320.0,232,7,1731349740,239,1,21141.5,1731351660,271,21176.75,R_TRIGGER,69.5,69.5,0.9484
2024_11_11,1731351180.0,263,10,1731351780,273,1,21180.0,1731357960,376,21185.5,R_TRIGGER,10.0,10.0,0.7343
2024_11_11,1731357600.0,370,6,1731357960,376,-1,21185.5,1731358380,383,21209.0,R_TRIGGER,-48.0,-48.0,0.9691
2024_11_11,1731357960.0,376,7,1731358380,383,-1,21209.0,1731359700,405,21217.75,SESSION_CLOSE,-18.5,-18.5,0.7895
2024_11_12,,-38,38,1731421800,0,-1,21204.0,1731422100,5,21229.0,R_TRIGGER,-51.0,-51.0,0.7433
2024_11_12,1731421920.0,2,3,1731422100,5,-1,21229.0,1731423120,22,21234.0,R_TRIGGER,-11.0,-11.0,0.7779
2024_11_12,1731422820.0,17,5,1731423120,22,1,21234.0,1731423780,33,21202.5,R_TRIGGER,-64.0,-64.0,0.9494
2024_11_12,1731423420.0,27,9,1731423960,36,-1,21187.75,1731424260,41,21232.0,R_TRIGGER,-89.5,-89.5,0.9703
2024_11_12,1731424080.0,38,7,1731424500,45,-1,21219.75,1731425220,57,21225.75,R_TRIGGER,-13.0,-13.0,0.7627
2024_11_12,1731424800.0,50,7,1731425220,57,1,21225.75,1731426240,74,21203.75,R_TRIGGER,-45.0,-45.0,0.9506
2024_11_12,1731425880.0,68,17,1731426900,85,-1,21207.25,1731428340,109,21197.25,R_TRIGGER,19.0,19.0,0.7375
2024_11_12,1731428400.0,110,18,1731429480,128,-1,21163.0,1731430320,142,21184.75,R_TRIGGER,-44.5,-44.5,0.7649
2024_11_12,1731430140.0,139,4,1731430380,143,1,21189.75,1731430620,147,21162.0,R_TRIGGER,-56.5,-56.5,0.9563
2024_11_12,1731430440.0,144,18,1731431520,162,-1,21142.75,1731432660,181,21164.5,R_TRIGGER,-44.5,-44.5,0.9636
2024_11_12,1731432180.0,173,13,1731432960,186,1,21161.25,1731433380,193,21140.5,R_TRIGGER,-42.5,-42.5,0.961
2024_11_12,1731432960.0,186,8,1731433440,194,-1,21139.5,1731434580,213,21084.5,R_TRIGGER,109.0,109.0,0.791
2024_11_12,1731434400.0,210,4,1731434640,214,-1,21071.25,1731435565,,21203.25,CAT_STOP,-265.0,-101.0,0.7475
2024_11_12,1731442680.0,348,23,1731444060,371,1,21203.25,1731444840,384,21187.0,R_TRIGGER,-33.5,-33.5,0.9583
2024_11_12,1731444300.0,375,9,1731444840,384,-1,21187.0,1731445800,400,21197.0,R_TRIGGER,-21.0,-21.0,0.9744
2024_11_12,1731444840.0,384,20,1731446040,404,-1,21193.5,1731446100,405,21190.75,SESSION_CLOSE,4.5,4.5,0.7403
2024_11_13,,-48,48,1731508200,0,-1,21176.75,1731509040,14,21178.75,R_TRIGGER,-5.0,-5.0,0.7835
2024_11_13,1731508800.0,10,8,1731509280,18,-1,21145.0,1731509640,24,21147.25,R_TRIGGER,-5.5,-5.5,0.7742
2024_11_13,1731509400.0,20,8,1731509880,28,-1,21153.0,1731510600,40,21117.75,R_TRIGGER,69.5,69.5,0.7481
2024_11_13,1731510420.0,37,3,1731510600,40,-1,21117.75,1731511920,62,21123.5,R_TRIGGER,-12.5,-12.5,0.7978
2024_11_13,1731511320.0,52,10,1731511920,62,1,21123.5,1731512400,70,21088.0,R_TRIGGER,-72.0,-72.0,0.9569
2024_11_13,1731512040.0,64,7,1731512460,71,1,21107.25,1731513900,95,21094.75,R_TRIGGER,-26.0,-26.0,0.7346
2024_11_13,1731512820.0,77,18,1731513900,95,1,21094.75,1731515940,129,21135.75,R_TRIGGER,81.0,81.0,0.7429
2024_11_13,1731515460.0,121,9,1731516000,130,-1,21122.0,1731516360,136,21145.75,R_TRIGGER,-48.5,-48.5,0.7647
2024_11_13,1731516120.0,132,8,1731516600,140,1,21164.75,1731518520,172,21179.75,R_TRIGGER,29.0,29.0,0.9496
2024_11_13,1731518160.0,166,7,1731518580,173,-1,21173.75,1731520080,198,21204.0,R_TRIGGER,-61.5,-61.5,0.959
2024_11_13,1731518580.0,173,29,1731520320,202,1,21213.0,1731524700,275,21232.5,R_TRIGGER,38.0,38.0,0.9527
2024_11_13,1731524160.0,266,19,1731525300,285,1,21234.5,1731526800,310,21173.25,CAT_STOP,-123.5,-101.0,0.7851
2024_11_13,1731529920.0,362,3,1731530100,365,1,21215.25,1731531000,380,21166.75,R_TRIGGER,-98.0,-98.0,0.8282
2024_11_13,1731530100.0,365,15,1731531000,380,-1,21166.75,1731531540,389,21159.0,R_TRIGGER,14.5,14.5,0.9742
2024_11_13,1731531300.0,385,5,1731531600,390,-1,21164.75,1731532500,405,21173.5,SESSION_CLOSE,-18.5,-18.5,0.7799
2024_11_14,,-4,4,1731594600,0,1,21161.0,1731595200,10,21136.75,R_TRIGGER,-49.5,-49.5,0.956
2024_11_14,1731595020.0,7,4,1731595260,11,-1,21098.75,1731595800,20,21119.5,R_TRIGGER,-42.5,-42.5,0.975
2024_11_14,1731595620.0,17,3,1731595800,20,-1,21119.5,1731596880,38,21105.0,R_TRIGGER,28.0,28.0,0.7937
2024_11_14,1731596580.0,33,8,1731597060,41,-1,21093.5,1731598020,57,21078.5,R_TRIGGER,29.0,29.0,0.7923
2024_11_14,1731597540.0,49,15,1731598440,64,1,21097.0,1731599760,86,21100.75,R_TRIGGER,6.5,6.5,0.9594
2024_11_14,1731599580.0,83,5,1731599880,88,-1,21094.5,1731602280,128,21121.5,R_TRIGGER,-55.0,-55.0,0.9656
2024_11_14,1731599940.0,89,39,1731602280,128,1,21121.5,1731603300,145,21099.5,R_TRIGGER,-45.0,-45.0,0.952
2024_11_14,1731602580.0,133,15,1731603480,148,1,21100.25,1731605520,182,21022.0,CAT_STOP,-157.5,-101.0,0.7677
2024_11_14,1731605940.0,189,10,1731606540,199,-1,21022.0,1731606780,203,21070.0,R_TRIGGER,-97.0,-97.0,0.978
2024_11_14,1731606540.0,199,5,1731606840,204,1,21072.5,1731609120,242,21089.5,R_TRIGGER,33.0,33.0,0.9668
2024_11_14,1731608820.0,237,18,1731609900,255,-1,21077.75,1731610860,271,21056.5,R_TRIGGER,41.5,41.5,0.9643
2024_11_14,1731610620.0,267,6,1731610980,273,1,21080.5,1731611700,285,21052.25,R_TRIGGER,-57.5,-57.5,0.9668
2024_11_14,1731611100.0,275,16,1731612060,291,-1,21054.75,1731613200,310,21076.0,R_TRIGGER,-43.5,-43.5,0.9636
2024_11_14,1731612060.0,291,19,1731613200,310,1,21076.0,1731614400,330,21042.25,R_TRIGGER,-68.5,-68.5,0.9605
2024_11_14,1731613980.0,323,7,1731614400,330,-1,21042.25,1731615360,346,21036.5,R_TRIGGER,10.5,10.5,0.9759
2024_11_14,1731614820.0,337,15,1731615720,352,-1,21011.5,1731617640,384,21005.0,R_TRIGGER,12.0,12.0,0.7571
2024_11_14,1731617340.0,379,6,1731617700,385,-1,20994.25,1731618900,405,20962.25,SESSION_CLOSE,63.0,63.0,0.7546
2024_11_15,,-91,91,1731681000,0,-1,20759.0,1731682140,19,20741.5,R_TRIGGER,34.0,34.0,0.7566
2024_11_15,1731681780.0,13,6,1731682140,19,1,20741.5,1731682680,28,20686.25,R_TRIGGER,-111.5,-111.5,0.7789
2024_11_15,1731682140.0,19,12,1731682860,31,-1,20674.5,1731688200,120,20586.0,R_TRIGGER,176.0,176.0,0.9708
2024_11_15,1731686940.0,99,26,1731688500,125,-1,20561.25,1731697740,279,20445.0,R_TRIGGER,231.5,231.5,0.7679
2024_11_15,1731697080.0,268,14,1731697920,282,1,20447.25,1731705300,405,20501.75,SESSION_CLOSE,108.0,108.0,0.7507
2024_11_18,,-12,12,1731940200,0,-1,20536.5,1731940740,9,20565.75,R_TRIGGER,-59.5,-59.5,0.9556
2024_11_18,1731940500.0,5,6,1731940860,11,-1,20541.5,1731942060,31,20544.25,R_TRIGGER,-6.5,-6.5,0.7471
2024_11_18,1731941640.0,24,8,1731942120,32,1,20565.75,1731948480,138,20684.0,R_TRIGGER,235.5,235.5,0.9548
2024_11_18,1731948000.0,130,8,1731948480,138,-1,20684.0,1731952620,207,20653.75,R_TRIGGER,59.5,59.5,0.9651
2024_11_18,1731952080.0,198,10,1731952680,208,1,20656.75,1731955260,251,20630.75,R_TRIGGER,-53.0,-53.0,0.956
2024_11_18,1731953340.0,219,32,1731955260,251,-1,20630.75,1731956100,265,20635.25,R_TRIGGER,-10.0,-10.0,0.7777
2024_11_18,1731955620.0,257,9,1731956160,266,1,20642.25,1731957000,280,20628.0,R_TRIGGER,-29.5,-29.5,0.9558
2024_11_18,1731956340.0,269,12,1731957060,281,-1,20631.0,1731958980,313,20624.25,R_TRIGGER,12.5,12.5,0.9635
2024_11_18,1731958200.0,300,13,1731958980,313,1,20624.25,1731963180,383,20615.75,R_TRIGGER,-18.0,-18.0,0.9626
2024_11_18,1731961740.0,359,24,1731963180,383,-1,20615.75,1731963720,392,20645.5,R_TRIGGER,-60.5,-60.5,0.9752
2024_11_18,1731963240.0,384,10,1731963840,394,1,20647.5,1731964500,405,20634.0,SESSION_CLOSE,-28.0,-28.0,0.9513
2024_11_19,,-29,30,1732026660,1,1,20558.0,1732026900,5,20538.5,R_TRIGGER,-40.0,-40.0,0.7349
2024_11_19,1732026660.0,1,4,1732026900,5,1,20538.5,1732027800,20,20524.75,R_TRIGGER,-28.5,-28.5,0.8036
2024_11_19,1732027380.0,13,7,1732027800,20,1,20524.75,1732036920,172,20647.5,R_TRIGGER,244.5,244.5,0.7528
2024_11_19,1732034460.0,131,41,1732036920,172,-1,20647.5,1732037580,183,20692.5,R_TRIGGER,-91.0,-91.0,0.7481
2024_11_19,1732036920.0,172,18,1732038000,190,1,20705.5,1732044720,302,20737.75,R_TRIGGER,63.5,63.5,0.7643
2024_11_19,1732042620.0,267,35,1732044720,302,-1,20737.75,1732048980,373,20759.0,R_TRIGGER,-43.5,-43.5,0.7666
2024_11_19,1732045320.0,312,63,1732049100,375,1,20753.5,1732050900,405,20785.5,SESSION_CLOSE,63.0,63.0,0.7528
2024_11_20,,-83,84,1732113060,1,-1,20746.5,1732116240,54,20522.5,R_TRIGGER,447.0,447.0,0.7939
2024_11_20,1732116000.0,50,6,1732116360,56,1,20525.25,1732119060,101,20586.75,R_TRIGGER,122.0,122.0,0.7788
2024_11_20,1732118460.0,91,10,1732119060,101,1,20586.75,1732122420,157,20656.5,R_TRIGGER,138.5,138.5,0.7718
2024_11_20,1732121760.0,146,11,1732122420,157,-1,20656.5,1732123860,181,20634.75,R_TRIGGER,42.5,42.5,0.9522
2024_11_20,1732123320.0,172,10,1732123920,182,1,20637.75,1732125480,208,20606.0,R_TRIGGER,-64.5,-64.5,0.9572
2024_11_20,1732125060.0,201,7,1732125480,208,-1,20606.0,1732131780,313,20618.0,R_TRIGGER,-25.0,-25.0,0.9749
2024_11_20,1732128420.0,257,65,1732132320,322,-1,20617.0,1732134660,361,20770.25,CAT_STOP,-307.5,-101.0,0.8085
2024_11_21,,-95,98,1732199580,3,-1,20837.0,1732200180,13,20671.75,R_TRIGGER,329.5,329.5,0.7884
2024_11_21,1732200000.0,10,3,1732200180,13,-1,20671.75,1732200320,,20650.25,CAT_STOP,42.0,-101.0,0.823
2024_11_21,1732201620.0,37,5,1732201920,42,-1,20650.25,1732202150,,20553.25,CAT_STOP,193.0,-101.0,0.8025
2024_11_21,1732203060.0,61,3,1732203240,64,-1,20553.25,1732203840,74,20586.25,R_TRIGGER,-67.0,-67.0,0.7819
2024_11_21,1732203660.0,71,6,1732204020,77,1,20629.25,1732205340,99,20705.0,R_TRIGGER,150.5,150.5,0.977
2024_11_21,1732205160.0,96,4,1732205400,100,1,20700.5,1732206960,126,20729.0,R_TRIGGER,56.0,56.0,0.8409
2024_11_21,1732206780.0,123,5,1732207080,128,1,20738.75,1732211700,205,20830.5,R_TRIGGER,182.5,182.5,0.7633
2024_11_21,1732211100.0,195,23,1732212480,218,1,20844.0,1732212960,226,20825.5,R_TRIGGER,-38.0,-38.0,0.7368
2024_11_21,1732212660.0,221,6,1732213020,227,-1,20825.5,1732213800,240,20856.75,R_TRIGGER,-63.5,-63.5,0.7942
2024_11_21,1732213200.0,230,31,1732215060,261,1,20844.5,1732216080,278,20826.0,R_TRIGGER,-38.0,-38.0,0.7427
2024_11_21,1732215600.0,270,8,1732216080,278,-1,20826.0,1732217040,294,20835.25,R_TRIGGER,-19.5,-19.5,0.8062
2024_11_21,1732216740.0,289,7,1732217160,296,1,20844.5,1732221300,365,20841.5,R_TRIGGER,-7.0,-7.0,0.9548
2024_11_21,1732220220.0,347,18,1732221300,365,-1,20841.5,1732223700,405,20806.0,SESSION_CLOSE,70.0,70.0,0.9751
2024_11_22,,-260,266,1732286160,6,-1,20821.0,1732286935,,20847.5,CAT_STOP,-54.0,-101.0,0.7737
2024_11_22,1732287120.0,22,6,1732287480,28,1,20847.5,1732287900,35,20806.0,R_TRIGGER,-84.0,-84.0,0.7992
2024_11_22,1732287540.0,29,11,1732288200,40,-1,20775.5,1732289880,68,20795.5,R_TRIGGER,-41.0,-41.0,0.9778
2024_11_22,1732289280.0,58,10,1732289880,68,-1,20795.5,1732290300,75,20799.0,CAT_STOP,-8.0,-101.0,0.7502
2024_11_22,1732292460.0,111,18,1732293540,129,1,20804.0,1732301460,261,20830.5,R_TRIGGER,52.0,52.0,0.9691
2024_11_22,1732299060.0,221,53,1732302240,274,-1,20839.5,1732305420,327,20852.0,R_TRIGGER,-26.0,-26.0,0.7504
2024_11_22,1732303080.0,288,43,1732305660,331,1,20835.75,1732310100,405,20857.75,SESSION_CLOSE,43.0,43.0,0.7601
2024_11_25,,-13,15,1732545120,2,-1,20988.75,1732545240,4,21002.25,R_TRIGGER,-28.0,-28.0,0.8203
2024_11_25,1732545060.0,1,6,1732545420,7,-1,21014.25,1732545585,,20944.5,CAT_STOP,138.5,-101.0,0.7381
2024_11_25,1732547220.0,37,3,1732547400,40,-1,20913.5,1732547760,46,20921.25,R_TRIGGER,-16.5,-16.5,0.8232
2024_11_25,1732547520.0,42,4,1732547760,46,-1,20921.25,1732549260,71,20918.0,R_TRIGGER,5.5,5.5,0.7767
2024_11_25,1732548960.0,66,13,1732549740,79,1,20934.0,1732550160,86,20901.5,R_TRIGGER,-66.0,-66.0,0.9607
2024_11_25,1732549440.0,74,21,1732550700,95,1,20914.25,1732552560,126,20907.0,R_TRIGGER,-15.5,-15.5,0.8314
2024_11_25,1732552320.0,122,4,1732552560,126,-1,20907.0,1732557000,200,20835.75,R_TRIGGER,141.5,141.5,0.968
2024_11_25,1732556760.0,196,4,1732557000,200,1,20835.75,1732560840,264,20845.25,R_TRIGGER,18.0,18.0,0.9711
2024_11_25,1732558560.0,226,38,1732560840,264,-1,20845.25,1732564080,318,20867.0,R_TRIGGER,-44.5,-44.5,0.962
2024_11_25,1732562580.0,293,27,1732564200,320,1,20878.0,1732565640,344,20841.75,R_TRIGGER,-73.5,-73.5,0.7347
2024_11_25,1732564200.0,320,26,1732565760,346,1,20850.0,1732569300,405,20894.75,SESSION_CLOSE,88.5,88.5,0.7442
2024_11_26,,-15,15,1732631400,0,-1,20946.0,1732631460,1,20974.75,R_TRIGGER,-58.5,-58.5,0.7829
2024_11_26,,-3,4,1732631460,1,1,20974.75,1732632060,11,20962.5,R_TRIGGER,-25.5,-25.5,0.9667
2024_11_26,1732631880.0,8,5,1732632180,13,1,20974.75,1732632780,23,20984.25,R_TRIGGER,18.0,18.0,0.7843
2024_11_26,1732632600.0,20,5,1732632900,25,-1,20971.0,1732633380,33,20977.25,R_TRIGGER,-13.5,-13.5,0.7814
2024_11_26,1732633200.0,30,3,1732633380,33,1,20977.25,1732633800,40,20960.0,R_TRIGGER,-35.5,-35.5,0.7606
2024_11_26,1732633380.0,33,7,1732633800,40,1,20960.0,1732636260,81,20966.0,R_TRIGGER,11.0,11.0,0.7656
2024_11_26,1732635900.0,75,12,1732636620,87,1,20971.0,1732641300,165,20931.75,R_TRIGGER,-79.5,-79.5,0.7462
2024_11_26,1732640460.0,151,14,1732641300,165,-1,20931.75,1732642920,192,20965.0,R_TRIGGER,-67.5,-67.5,0.9584
2024_11_26,1732641900.0,175,17,1732642920,192,1,20965.0,1732645200,230,20949.25,R_TRIGGER,-32.5,-32.5,0.7558
2024_11_26,1732643940.0,209,21,1732645200,230,-1,20949.25,1732650060,311,20934.5,R_TRIGGER,28.5,28.5,0.7421
2024_11_26,1732649100.0,295,19,1732650240,314,-1,20929.25,1732654080,378,20999.5,CAT_STOP,-141.5,-101.0,0.7497
2024_11_27,,-68,68,1732717800,0,-1,20892.5,1732718640,14,20883.75,R_TRIGGER,16.5,16.5,0.7602
2024_11_27,1732718340.0,9,11,1732719000,20,-1,20879.25,1732720080,38,20853.0,R_TRIGGER,51.5,51.5,0.7342
2024_11_27,1732719720.0,32,6,1732720080,38,-1,20853.0,1732722060,71,20761.75,R_TRIGGER,181.5,181.5,0.7609
2024_11_27,1732721880.0,68,6,1732722240,74,1,20779.75,1732722480,78,20752.0,R_TRIGGER,-56.5,-56.5,0.7478
2024_11_27,1732722300.0,75,4,1732722540,79,-1,20750.25,1732723740,99,20733.25,R_TRIGGER,33.0,33.0,0.7397
2024_11_27,1732723380.0,93,32,1732725300,125,1,20748.25,1732725840,134,20725.5,R_TRIGGER,-46.5,-46.5,0.9607
2024_11_27,1732725600.0,130,5,1732725900,135,-1,20729.5,1732727520,162,20706.75,R_TRIGGER,44.5,44.5,0.7555
2024_11_27,1732727340.0,159,11,1732728000,170,1,20723.25,1732736160,306,20794.5,R_TRIGGER,141.5,141.5,0.9587
2024_11_27,1732734900.0,285,21,1732736160,306,-1,20794.5,1732736820,317,20821.25,R_TRIGGER,-54.5,-54.5,0.7433
2024_11_27,1732736160.0,306,11,1732736820,317,1,20821.25,1732738860,351,20793.75,R_TRIGGER,-56.0,-56.0,0.9628
2024_11_27,1732738140.0,339,12,1732738860,351,-1,20793.75,1732740480,378,20798.0,R_TRIGGER,-9.5,-9.5,0.7604
2024_11_27,1732740180.0,373,7,1732740600,380,1,20810.0,1732742100,405,20810.0,SESSION_CLOSE,-1.0,-1.0,0.9706
2024_11_28,1732804860.0,11,9,1732805400,20,1,20890.0,1732808220,67,20889.25,R_TRIGGER,-2.5,-2.5,0.7597
2024_11_28,1732808400.0,70,5,1732808700,75,1,20898.25,1732811160,116,20898.25,R_TRIGGER,-1.0,-1.0,0.8045
2024_11_28,1732810380.0,103,13,1732811160,116,-1,20898.25,1732813380,153,20890.5,R_TRIGGER,14.5,14.5,0.9529
2024_11_28,1732812540.0,139,14,1732813380,153,1,20890.5,1732815960,196,20888.25,R_TRIGGER,-5.5,-5.5,0.9581
2024_11_28,1732815480.0,188,9,1732816020,197,-1,20887.25,1732816260,201,20895.75,R_TRIGGER,-18.0,-18.0,0.9536
2024_11_28,1732816020.0,197,6,1732816380,203,-1,20889.5,1732816740,209,20889.5,SESSION_CLOSE,-1.0,-1.0,0.7489
2024_11_29,,-10,11,1732890660,1,-1,20828.0,1732890960,6,20845.5,R_TRIGGER,-36.0,-36.0,0.7493
2024_11_29,1732890720.0,2,13,1732891500,15,-1,20871.0,1732892400,30,20990.25,CAT_STOP,-239.5,-101.0,0.7572
2024_11_29,1732895400.0,80,22,1732896720,102,1,20994.0,1732904040,224,20991.5,SESSION_CLOSE,-6.0,-6.0,0.8532
2024_12_02,,-41,41,1733149800,0,1,21062.0,1733150640,14,21113.0,R_TRIGGER,101.0,101.0,0.8059
2024_12_02,1733150400.0,10,5,1733150700,15,-1,21130.0,1733150820,17,21129.0,R_TRIGGER,1.0,1.0,0.7678
2024_12_02,1733150640.0,14,4,1733150880,18,1,21137.5,1733151480,28,21145.0,R_TRIGGER,14.0,14.0,0.7594
2024_12_02,1733151240.0,24,4,1733151480,28,1,21145.0,1733152740,49,21163.75,R_TRIGGER,36.5,36.5,0.7922
2024_12_02,1733152500.0,45,5,1733152800,50,-1,21170.75,1733153460,61,21188.75,R_TRIGGER,-37.0,-37.0,0.7478
2024_12_02,1733152800.0,50,15,1733153700,65,1,21192.25,1733154600,80,21159.25,R_TRIGGER,-67.0,-67.0,0.7468
2024_12_02,1733153760.0,66,16,1733154720,82,-1,21166.75,1733155560,96,21177.0,R_TRIGGER,-21.5,-21.5,0.9681
2024_12_02,1733155140.0,89,10,1733155740,99,1,21192.0,1733160600,180,21227.0,R_TRIGGER,69.0,69.0,0.943
2024_12_02,1733160240.0,174,6,1733160600,180,-1,21227.0,1733169060,321,21209.25,R_TRIGGER,34.5,34.5,0.9532
2024_12_02,1733167560.0,296,25,1733169060,321,1,21209.25,1733174100,405,21229.25,SESSION_CLOSE,39.0,39.0,0.7448
2024_12_03,,-24,26,1733236320,2,-1,21160.0,1733236440,4,21177.25,R_TRIGGER,-35.5,-35.5,0.7858
2024_12_03,1733236260.0,1,3,1733236440,4,-1,21177.25,1733238360,36,21207.0,CAT_STOP,-60.5,-101.0,0.8014
2024_12_03,1733239620.0,57,14,1733240460,71,-1,21195.0,1733241600,90,21212.25,R_TRIGGER,-35.5,-35.5,0.7536
2024_12_03,1733241180.0,83,8,1733241660,91,1,21220.0,1733243820,127,21216.5,R_TRIGGER,-8.0,-8.0,0.9454
2024_12_03,1733243400.0,120,8,1733243880,128,-1,21214.75,1733248500,205,21238.0,R_TRIGGER,-47.5,-47.5,0.8536
2024_12_03,1733247420.0,187,24,1733248860,211,-1,21236.25,1733259480,388,21309.5,CAT_STOP,-147.5,-101.0,0.7379
2024_12_04,,-16,17,1733322660,1,-1,21400.0,1733323680,18,21419.25,R_TRIGGER,-39.5,-39.5,0.7558
2024_12_04,1733323140.0,9,16,1733324100,25,1,21434.25,1733324400,30,21397.75,R_TRIGGER,-74.0,-74.0,0.9653
2024_12_04,1733324160.0,26,4,1733324400,30,-1,21397.75,1733324700,35,21434.0,R_TRIGGER,-73.5,-73.5,0.8028
2024_12_04,1733324400.0,30,5,1733324700,35,1,21434.0,1733325300,45,21423.0,R_TRIGGER,-23.0,-23.0,0.7851
2024_12_04,1733325360.0,46,14,1733326200,60,1,21452.25,1733329920,122,21456.5,R_TRIGGER,7.5,7.5,0.7962
2024_12_04,1733328060.0,91,56,1733331420,147,1,21475.5,1733334060,191,21457.25,R_TRIGGER,-37.5,-37.5,0.9472
2024_12_04,1733333220.0,177,24,1733334660,201,1,21480.0,1733346900,405,21517.0,SESSION_CLOSE,73.0,73.0,0.9493
2024_12_05,,-38,39,1733409060,1,-1,21542.0,1733409900,15,21537.25,R_TRIGGER,8.5,8.5,0.7752
2024_12_05,1733409960.0,16,10,1733410560,26,-1,21500.75,1733410800,30,21512.75,R_TRIGGER,-25.0,-25.0,0.9617
2024_12_05,1733413260.0,71,4,1733413500,75,1,21526.75,1733413680,78,21508.25,R_TRIGGER,-38.0,-38.0,0.9562
2024_12_05,1733413500.0,75,4,1733413740,79,-1,21501.0,1733414040,84,21510.5,R_TRIGGER,-20.0,-20.0,0.7654
2024_12_05,1733413860.0,81,15,1733414760,96,-1,21504.75,1733418240,154,21532.25,R_TRIGGER,-56.0,-56.0,0.751
2024_12_05,1733416920.0,132,27,1733418540,159,1,21541.75,1733421780,213,21545.5,R_TRIGGER,6.5,6.5,0.962
2024_12_05,1733421180.0,203,10,1733421780,213,-1,21545.5,1733423340,239,21500.75,R_TRIGGER,88.5,88.5,0.7584
2024_12_05,1733423100.0,235,9,1733423640,244,1,21516.5,1733424600,260,21504.0,R_TRIGGER,-26.0,-26.0,0.7379
2024_12_05,1733424060.0,251,13,1733424840,264,1,21497.75,1733426940,299,21495.75,R_TRIGGER,-5.0,-5.0,0.7348
2024_12_05,1733426580.0,293,6,1733426940,299,-1,21495.75,1733429100,335,21503.5,R_TRIGGER,-16.5,-16.5,0.9641
2024_12_05,1733429340.0,339,5,1733429640,344,-1,21493.0,1733430960,366,21486.25,R_TRIGGER,12.5,12.5,0.8486
2024_12_05,1733431560.0,376,10,1733432160,386,-1,21464.25,1733433300,405,21454.0,SESSION_CLOSE,19.5,19.5,0.8049
2024_12_06,,-51,52,1733495460,1,1,21513.25,1733500200,80,21607.0,R_TRIGGER,186.5,186.5,0.7372
2024_12_06,1733498340.0,49,32,1733500260,81,-1,21603.5,1733501160,96,21631.0,R_TRIGGER,-56.0,-56.0,0.9627
2024_12_06,1733500380.0,83,13,1733501160,96,1,21631.0,1733501520,102,21596.0,R_TRIGGER,-71.0,-71.0,0.9544
2024_12_06,1733501220.0,97,6,1733501580,103,-1,21579.0,1733501820,107,21611.75,R_TRIGGER,-66.5,-66.5,0.9483
2024_12_06,1733501580.0,103,8,1733502060,111,-1,21600.0,1733505720,172,21632.25,R_TRIGGER,-65.5,-65.5,0.7633
2024_12_06,1733504640.0,154,20,1733505840,174,1,21628.0,1733512200,280,21630.75,R_TRIGGER,4.5,4.5,0.7529
2024_12_06,1733509440.0,234,54,1733512680,288,1,21627.25,1733519700,405,21643.5,SESSION_CLOSE,31.5,31.5,0.7499
2024_12_09,,-8,8,1733754600,0,-1,21592.0,1733754745,,21590.0,CAT_STOP,3.0,-101.0,0.8579
2024_12_09,1733754600.0,0,12,1733755320,12,1,21623.25,1733755980,23,21633.5,R_TRIGGER,19.5,19.5,0.7507
2024_12_09,1733755740.0,19,6,1733756100,25,1,21633.5,1733758020,57,21546.0,CAT_STOP,-176.0,-101.0,0.7496
2024_12_09,1733758320.0,62,3,1733758500,65,-1,21546.0,1733758920,72,21564.5,R_TRIGGER,-38.0,-38.0,0.8645
2024_12_09,1733758740.0,69,6,1733759100,75,-1,21548.5,1733760060,91,21510.0,R_TRIGGER,76.0,76.0,0.7407
2024_12_09,1733759520.0,82,9,1733760060,91,-1,21510.0,1733760840,104,21473.25,R_TRIGGER,72.5,72.5,0.7748
2024_12_09,1733760660.0,101,4,1733760900,105,1,21466.0,1733762280,128,21499.75,R_TRIGGER,66.5,66.5,0.7705
2024_12_09,1733762640.0,134,8,1733763120,142,1,21509.75,1733763900,155,21495.0,R_TRIGGER,-30.5,-30.5,0.8174
2024_12_09,1733764140.0,159,14,1733764980,173,-1,21490.5,1733766000,190,21513.5,R_TRIGGER,-47.0,-47.0,0.9548
2024_12_09,1733765220.0,177,23,1733766600,200,1,21518.25,1733767020,207,21492.0,R_TRIGGER,-53.5,-53.5,0.9551
2024_12_09,1733766720.0,202,5,1733767020,207,-1,21492.0,1733768040,224,21497.25,R_TRIGGER,-11.5,-11.5,0.9698
2024_12_09,1733767440.0,214,14,1733768280,228,1,21501.75,1733770500,265,21529.5,R_TRIGGER,54.5,54.5,0.9654
2024_12_09,1733770200.0,260,6,1733770560,266,-1,21526.75,1733774100,325,21467.5,R_TRIGGER,117.5,117.5,0.7549
2024_12_09,1733773920.0,322,3,1733774100,325,1,21467.5,1733774640,334,21458.5,R_TRIGGER,-19.0,-19.0,0.7688
2024_12_09,1733774340.0,329,14,1733775180,343,-1,21455.0,1733776860,371,21461.75,R_TRIGGER,-14.5,-14.5,0.7349
2024_12_09,1733776080.0,358,22,1733777400,380,1,21471.0,1733778300,395,21464.25,R_TRIGGER,-14.5,-14.5,0.9639
2024_12_10,,-2,3,1733841060,1,-1,21509.0,1733841360,6,21533.25,R_TRIGGER,-49.5,-49.5,0.96
2024_12_10,1733841060.0,1,9,1733841600,10,-1,21541.25,1733842860,31,21562.75,R_TRIGGER,-44.0,-44.0,0.7764
2024_12_10,1733842680.0,28,4,1733842920,32,1,21569.75,1733843520,42,21584.5,R_TRIGGER,28.5,28.5,0.9528
2024_12_10,1733843760.0,46,13,1733844540,59,-1,21561.75,1733844840,64,21573.25,R_TRIGGER,-24.0,-24.0,0.9593
2024_12_10,1733844600.0,60,4,1733844840,64,-1,21573.25,1733846640,94,21510.5,R_TRIGGER,124.5,124.5,0.7737
2024_12_10,1733846460.0,91,4,1733846700,95,-1,21511.5,1733847240,104,21499.5,R_TRIGGER,23.0,23.0,0.7357
2024_12_10,1733847000.0,100,12,1733847720,112,1,21505.75,1733847960,116,21487.25,R_TRIGGER,-38.0,-38.0,0.9608
2024_12_10,1733847660.0,111,7,1733848080,118,-1,21477.0,1733849400,140,21474.5,R_TRIGGER,4.0,4.0,0.7805
2024_12_10,1733849220.0,137,12,1733849940,149,1,21483.75,1733850780,163,21463.0,R_TRIGGER,-42.5,-42.5,0.9599
2024_12_10,1733850480.0,158,5,1733850780,163,-1,21463.0,1733851260,171,21471.0,R_TRIGGER,-17.0,-17.0,0.7378
2024_12_10,1733851080.0,168,6,1733851440,174,1,21486.0,1733852400,190,21480.75,R_TRIGGER,-11.5,-11.5,0.941
2024_12_10,1733852040.0,184,10,1733852640,194,1,21483.75,1733856600,260,21458.0,R_TRIGGER,-52.5,-52.5,0.7361
2024_12_10,1733855760.0,246,24,1733857200,270,-1,21451.5,1733863140,369,21380.25,R_TRIGGER,141.5,141.5,0.7724
2024_12_10,1733862720.0,362,8,1733863200,370,1,21389.0,1733865300,405,21428.25,SESSION_CLOSE,77.5,77.5,0.9483
2024_12_11,,-38,38,1733927400,0,1,21576.0,1733930280,48,21708.0,R_TRIGGER,263.0,263.0,0.8152
2024_12_11,1733930100.0,45,4,1733930340,49,-1,21712.5,1733931120,62,21704.0,R_TRIGGER,16.0,16.0,0.7451
2024_12_11,1733931240.0,64,10,1733931840,74,-1,21717.0,1733931960,76,21714.25,R_TRIGGER,4.5,4.5,0.8185
2024_12_11,1733931960.0,76,6,1733932320,82,-1,21688.25,1733932800,90,21694.75,R_TRIGGER,-14.0,-14.0,0.7712
2024_12_11,1733932560.0,86,10,1733933160,96,1,21726.25,1733935860,141,21749.5,R_TRIGGER,45.5,45.5,0.9455
2024_12_11,1733935980.0,143,8,1733936460,151,1,21770.0,1733943900,275,21786.5,R_TRIGGER,32.0,32.0,0.8254
2024_12_11,1733942280.0,248,27,1733943900,275,-1,21786.5,1733945700,305,21807.5,R_TRIGGER,-43.0,-43.0,0.961
2024_12_11,1733944020.0,277,29,1733945760,306,1,21805.0,1733950380,383,21799.25,R_TRIGGER,-12.5,-12.5,0.7597
2024_12_11,1733948220.0,347,36,1733950380,383,-1,21799.25,1733951700,405,21764.25,SESSION_CLOSE,69.0,69.0,0.7358
2024_12_12,,-54,55,1734013860,1,-1,21671.25,1734016680,48,21669.25,R_TRIGGER,3.0,3.0,0.765
2024_12_12,1734016380.0,43,5,1734016680,48,-1,21669.25,1734017185,,21702.25,CAT_STOP,-67.0,-101.0,0.7432
2024_12_12,1734022800.0,150,5,1734023100,155,1,21702.25,1734024960,186,21692.5,R_TRIGGER,-20.5,-20.5,0.9546
2024_12_12,1734023760.0,166,29,1734025500,195,-1,21713.25,1734026100,205,21728.5,R_TRIGGER,-31.5,-31.5,0.7355
2024_12_12,1734024960.0,186,31,1734026820,217,1,21730.25,1734028680,248,21709.25,R_TRIGGER,-43.0,-43.0,0.7563
2024_12_12,1734028020.0,237,11,1734028680,248,-1,21709.25,1734038100,405,21617.75,SESSION_CLOSE,182.0,182.0,0.7375
2024_12_13,,-5,11,1734100560,6,1,21835.0,1734102060,31,21870.5,R_TRIGGER,70.0,70.0,0.9578
2024_12_13,1734101340.0,19,16,1734102300,35,1,21858.25,1734103080,48,21841.25,R_TRIGGER,-35.0,-35.0,0.7567
2024_12_13,1734102780.0,43,5,1734103080,48,-1,21841.25,1734104820,77,21763.25,R_TRIGGER,155.0,155.0,0.7606
2024_12_13,1734104940.0,79,3,1734105120,82,-1,21730.25,1734106560,106,21713.0,R_TRIGGER,33.5,33.5,0.7581
2024_12_13,1734106080.0,98,11,1734106740,109,1,21735.25,1734107160,116,21690.0,R_TRIGGER,-91.5,-91.5,0.9608
2024_12_13,1734106800.0,110,7,1734107220,117,-1,21703.25,1734107460,121,21730.5,R_TRIGGER,-55.5,-55.5,0.789
2024_12_13,1734107700.0,125,17,1734108720,142,-1,21693.75,1734109440,154,21713.75,R_TRIGGER,-41.0,-41.0,0.9721
2024_12_13,1734109020.0,147,11,1734109680,158,1,21720.75,1734110640,174,21709.5,R_TRIGGER,-23.5,-23.5,0.9654
2024_12_13,1734109920.0,162,15,1734110820,177,-1,21693.75,1734112440,204,21714.0,R_TRIGGER,-41.5,-41.5,0.9716
2024_12_13,1734111120.0,182,22,1734112440,204,1,21714.0,1734112620,207,21685.25,R_TRIGGER,-58.5,-58.5,0.9611
2024_12_13,1734112440.0,204,10,1734113040,214,1,21707.5,1734121260,351,21783.0,R_TRIGGER,150.0,150.0,0.7557
2024_12_13,1734118320.0,302,56,1734121680,358,1,21810.0,1734123660,391,21782.25,R_TRIGGER,-56.5,-56.5,0.9586
2024_12_13,1734122040.0,364,28,1734123720,392,-1,21780.75,1734124500,405,21770.75,SESSION_CLOSE,19.0,19.0,0.7625
2024_12_16,,-3,3,1734359400,0,1,22218.5,1734359880,8,22204.5,R_TRIGGER,-29.0,-29.0,0.9635
2024_12_16,1734359460.0,1,7,1734359880,8,1,22204.5,1734360240,14,22210.25,R_TRIGGER,10.5,10.5,0.7679
2024_12_16,1734360060.0,11,6,1734360420,17,1,22226.0,1734362100,45,22253.5,R_TRIGGER,54.0,54.0,0.7757
2024_12_16,1734361320.0,32,13,1734362100,45,1,22253.5,1734363780,73,22289.75,R_TRIGGER,71.5,71.5,0.7474
2024_12_16,1734363360.0,66,9,1734363900,75,1,22297.75,1734366900,125,22310.75,R_TRIGGER,25.0,25.0,0.7823
2024_12_16,1734366300.0,115,10,1734366900,125,1,22310.75,1734381900,375,22421.0,R_TRIGGER,219.5,219.5,0.7345
2024_12_16,1734380880.0,358,18,1734381960,376,-1,22412.75,1734383700,405,22401.75,SESSION_CLOSE,21.0,21.0,0.9686
2024_12_17,,-25,27,1734445920,2,-1,22324.5,1734446460,11,22315.75,R_TRIGGER,16.5,16.5,0.7724
2024_12_17,1734446280.0,8,4,1734446520,12,1,22317.5,1734447000,20,22330.5,R_TRIGGER,25.0,25.0,0.7583
2024_12_17,1734446700.0,15,7,1734447120,22,-1,22337.0,1734447420,27,22342.5,R_TRIGGER,-12.0,-12.0,0.7623
2024_12_17,1734447420.0,27,3,1734447600,30,-1,22290.5,1734448020,37,22299.75,R_TRIGGER,-19.5,-19.5,0.7949
2024_12_17,1734447840.0,34,3,1734448020,37,-1,22299.75,1734449940,69,22286.5,R_TRIGGER,25.5,25.5,0.7523
2024_12_17,1734448980.0,53,20,1734450180,73,-1,22277.25,1734451660,,22348.25,CAT_STOP,-143.0,-101.0,0.7672
2024_12_17,1734451560.0,96,4,1734451800,100,1,22350.5,1734454380,143,22340.75,R_TRIGGER,-20.5,-20.5,0.7358
2024_12_17,1734453840.0,134,9,1734454380,143,-1,22340.75,1734455280,158,22329.25,R_TRIGGER,22.0,22.0,0.9724
2024_12_17,1734454980.0,153,5,1734455280,158,1,22329.25,1734459420,227,22327.5,R_TRIGGER,-4.5,-4.5,0.7539
2024_12_17,1734457560.0,196,31,1734459420,227,-1,22327.5,1734467940,369,22289.75,R_TRIGGER,74.5,74.5,0.9679
2024_12_17,1734467040.0,354,15,1734467940,369,1,22289.75,1734469380,393,22294.0,R_TRIGGER,7.5,7.5,0.9546
2024_12_17,1734469080.0,388,7,1734469500,395,-1,22290.0,1734470100,405,22297.5,SESSION_CLOSE,-16.0,-16.0,0.9578
2024_12_18,,-125,127,1734532320,2,-1,22254.75,1734532740,9,22251.5,R_TRIGGER,5.5,5.5,0.792
2024_12_18,1734532500.0,5,6,1734532860,11,-1,22250.5,1734534025,,22287.75,CAT_STOP,-75.5,-101.0,0.7387
2024_12_18,1734538920.0,112,7,1734539340,119,1,22309.75,1734543060,181,22290.75,R_TRIGGER,-39.0,-39.0,0.9488
2024_12_18,1734540780.0,143,38,1734543060,181,-1,22290.75,1734549240,284,22119.0,R_TRIGGER,342.5,342.5,0.9633
2024_12_18,1734548940.0,279,5,1734549240,284,-1,22119.0,1734549720,292,22153.0,R_TRIGGER,-69.0,-69.0,0.8152
2024_12_18,1734549540.0,289,6,1734549900,295,-1,22147.75,1734550380,303,22112.75,R_TRIGGER,69.0,69.0,0.7659
2024_12_18,1734550200.0,300,3,1734550380,303,-1,22112.75,1734550920,312,22057.25,R_TRIGGER,110.0,110.0,0.7578
2024_12_18,1734550680.0,308,4,1734550920,312,-1,22057.25,1734551460,321,22020.25,R_TRIGGER,73.0,73.0,0.8528
2024_12_18,1734551280.0,318,5,1734551580,323,-1,21981.0,1734552480,338,21855.0,R_TRIGGER,251.0,251.0,0.7725
2024_12_18,1734552300.0,335,3,1734552480,338,-1,21855.0,1734553260,351,21846.0,R_TRIGGER,17.0,17.0,0.8893
2024_12_18,1734553080.0,348,3,1734553260,351,-1,21846.0,1734554580,373,21495.25,R_TRIGGER,700.5,700.5,0.8315
2024_12_18,1734554400.0,370,3,1734554580,373,-1,21495.25,1734554770,,21354.0,CAT_STOP,281.5,-101.0,0.9061
2024_12_18,1734555840.0,394,3,1734556020,397,-1,21354.0,1734556440,404,21450.5,CAT_STOP,-194.0,-101.0,0.8656
2024_12_19,,-29,30,1734618660,1,1,21683.25,1734618960,6,21614.25,R_TRIGGER,-139.0,-139.0,0.7543
2024_12_19,1734618720.0,2,5,1734619020,7,-1,21579.0,1734619230,,21637.75,CAT_STOP,-118.5,-101.0,0.9749
2024_12_19,1734619020.0,7,4,1734619260,11,-1,21637.75,1734619680,18,21610.75,R_TRIGGER,53.0,53.0,0.816
2024_12_19,1734619500.0,15,4,1734619740,19,-1,21603.75,1734621000,40,21575.75,R_TRIGGER,55.0,55.0,0.8667
2024_12_19,1734620820.0,37,5,1734621120,42,-1,21597.75,1734622800,70,21509.0,R_TRIGGER,176.5,176.5,0.7982
2024_12_19,1734622560.0,66,4,1734622800,70,-1,21509.0,1734623395,,21553.0,CAT_STOP,-89.0,-101.0,0.7972
2024_12_19,1734623820.0,87,5,1734624120,92,-1,21500.0,1734624900,105,21508.0,R_TRIGGER,-17.0,-17.0,0.7344
2024_12_19,1734624540.0,99,6,1734624900,105,-1,21508.0,1734625380,113,21615.5,CAT_STOP,-216.0,-101.0,0.7527
2024_12_19,1734626340.0,129,3,1734626520,132,1,21584.75,1734627780,153,21549.25,R_TRIGGER,-72.0,-72.0,0.7443
2024_12_19,1734627420.0,147,6,1734627780,153,-1,21549.25,1734630000,190,21457.0,R_TRIGGER,183.5,183.5,0.7481
2024_12_19,1734629520.0,182,8,1734630000,190,1,21457.0,1734630720,202,21436.0,R_TRIGGER,-43.0,-43.0,0.7835
2024_12_19,1734630420.0,197,5,1734630720,202,-1,21436.0,1734630900,205,21481.25,R_TRIGGER,-91.5,-91.5,0.736
2024_12_19,1734630720.0,202,5,1734631020,207,1,21508.0,1734631320,212,21448.75,R_TRIGGER,-119.5,-119.5,0.9653
2024_12_19,1734631140.0,209,4,1734631380,213,-1,21441.75,1734631680,218,21482.0,R_TRIGGER,-81.5,-81.5,0.9726
2024_12_19,1734631440.0,214,10,1734632040,224,1,21516.25,1734634980,273,21556.75,R_TRIGGER,80.0,80.0,0.9655
2024_12_19,1734634740.0,269,4,1734634980,273,1,21556.75,1734635845,,21488.0,CAT_STOP,-138.5,-101.0,0.7666
2024_12_19,1734639840.0,354,7,1734640260,361,1,21488.0,1734640550,,21438.75,CAT_STOP,-99.5,-101.0,0.7936
2024_12_19,1734640920.0,372,4,1734641160,376,1,21463.0,1734641400,380,21362.75,CAT_STOP,-201.5,-101.0,0.7545
2024_12_19,1734641880.0,388,15,1734642780,403,-1,21362.75,1734642900,405,21356.0,SESSION_CLOSE,12.5,12.5,0.7633
2024_12_20,,-126,126,1734705000,0,1,21208.0,1734706020,17,21239.75,R_TRIGGER,62.5,62.5,0.7723
2024_12_20,1734705540.0,9,8,1734706020,17,1,21239.75,1734706230,,21258.75,CAT_STOP,37.0,-101.0,0.8108
2024_12_20,1734707160.0,36,4,1734707400,40,1,21258.75,1734713520,142,21709.0,R_TRIGGER,899.5,899.5,0.7693
2024_12_20,1734712980.0,133,10,1734713580,143,-1,21723.75,1734714600,160,21775.0,CAT_STOP,-103.5,-101.0,0.9634
2024_12_20,1734713580.0,143,17,1734714600,160,1,21775.0,1734716040,184,21756.5,R_TRIGGER,-38.0,-38.0,0.9619
2024_12_20,1734715740.0,179,5,1734716040,184,-1,21756.5,1734723000,300,21734.0,R_TRIGGER,44.0,44.0,0.9679
2024_12_20,1734721680.0,278,30,1734723480,308,1,21735.0,1734725400,340,21686.75,CAT_STOP,-97.5,-101.0,0.7418
2024_12_20,1734723360.0,306,35,1734725460,341,-1,21686.75,1734727200,370,21621.25,R_TRIGGER,130.0,130.0,0.7542
2024_12_20,1734726840.0,364,8,1734727320,372,-1,21590.5,1734727600,,21604.75,CAT_STOP,-29.5,-101.0,0.7508
2024_12_20,1734728220.0,387,3,1734728400,390,-1,21604.75,1734729300,405,21564.75,SESSION_CLOSE,79.0,79.0,0.8407
2024_12_23,,-47,52,1734964500,5,1,21660.5,1734965040,14,21615.75,R_TRIGGER,-90.5,-90.5,0.7492
2024_12_23,1734964560.0,6,8,1734965040,14,-1,21615.75,1734965640,24,21598.5,R_TRIGGER,33.5,33.5,0.747
2024_12_23,1734965400.0,20,4,1734965640,24,1,21598.5,1734966120,32,21583.75,R_TRIGGER,-30.5,-30.5,0.7984
2024_12_23,1734965880.0,28,5,1734966180,33,1,21604.5,1734966415,,21529.0,CAT_STOP,-152.0,-101.0,0.7471
2024_12_23,1734967380.0,53,3,1734967560,56,-1,21529.0,1734968280,68,21584.75,R_TRIGGER,-112.5,-112.5,0.7575
2024_12_23,1734967620.0,57,11,1734968280,68,1,21584.75,1734968640,74,21547.0,R_TRIGGER,-76.5,-76.5,0.973
2024_12_23,1734968460.0,71,3,1734968640,74,1,21547.0,1734973680,158,21692.25,R_TRIGGER,289.5,289.5,0.7964
2024_12_23,1734973320.0,152,13,1734974100,165,-1,21663.25,1734975180,183,21689.25,R_TRIGGER,-53.0,-53.0,0.97
2024_12_23,1734974280.0,168,19,1734975420,187,-1,21676.75,1734977325,,21717.75,CAT_STOP,-83.0,-101.0,0.8225
2024_12_23,1734984660.0,341,19,1734985800,360,1,21717.75,1734987840,394,21723.25,R_TRIGGER,10.0,10.0,0.9519
2024_12_23,1734987660.0,391,3,1734987840,394,-1,21723.25,1734988500,405,21738.25,SESSION_CLOSE,-31.0,-31.0,0.749
2024_12_24,,-18,18,1735050600,0,-1,21805.5,1735051020,7,21843.5,R_TRIGGER,-77.0,-77.0,0.7385
2024_12_24,1735050660.0,1,6,1735051020,7,-1,21843.5,1735052215,,21943.25,CAT_STOP,-200.5,-101.0,0.8405
2024_12_24,1735053660.0,51,19,1735054800,70,1,21938.5,1735061700,185,21956.5,R_TRIGGER,35.0,35.0,0.7369
2024_12_24,1735061280.0,178,8,1735061760,186,-1,21961.25,1735062600,200,21988.25,R_TRIGGER,-55.0,-55.0,0.9678
2024_12_24,1735061760.0,186,14,1735062600,200,1,21988.25,1735064040,224,22046.25,SESSION_CLOSE,115.0,115.0,0.9575
2024_12_26,,-59,61,1735223520,2,1,21977.5,1735224480,18,21968.25,R_TRIGGER,-19.5,-19.5,0.7554
2024_12_26,1735223880.0,8,10,1735224480,18,1,21968.25,1735224780,23,21929.5,CAT_STOP,-78.5,-101.0,0.7881
2024_12_26,1735225500.0,35,4,1735225740,39,1,21929.5,1735227900,75,21983.0,R_TRIGGER,106.0,106.0,0.7785
2024_12_26,1735227900.0,75,37,1735230120,112,-1,22009.25,1735231140,129,22011.0,R_TRIGGER,-4.5,-4.5,0.7631
2024_12_26,1735230480.0,118,11,1735231140,129,1,22011.0,1735234020,177,22033.0,R_TRIGGER,43.0,43.0,0.9595
2024_12_26,1735233480.0,168,9,1735234020,177,-1,22033.0,1735235700,205,22019.0,R_TRIGGER,27.0,27.0,0.7373
2024_12_26,1735235460.0,201,4,1735235700,205,1,22019.0,1735238640,254,22007.0,R_TRIGGER,-25.0,-25.0,0.7394
2024_12_26,1735237860.0,241,32,1735239780,273,1,22006.25,1735246560,386,22019.75,R_TRIGGER,26.0,26.0,0.7462
2024_12_26,1735246020.0,377,10,1735246620,387,-1,22018.0,1735247700,405,21993.75,SESSION_CLOSE,47.5,47.5,0.9778
2024_12_27,,-139,139,1735309800,0,-1,21851.25,1735310880,18,21737.75,R_TRIGGER,226.0,226.0,0.7477
2024_12_27,1735310700.0,15,5,1735311000,20,-1,21712.5,1735312140,39,21616.0,R_TRIGGER,192.0,192.0,0.7649
2024_12_27,1735311960.0,36,3,1735312140,39,-1,21616.0,1735312860,51,21547.25,R_TRIGGER,136.5,136.5,0.7804
2024_12_27,1735312620.0,47,5,1735312920,52,1,21578.25,1735313160,56,21560.5,R_TRIGGER,-36.5,-36.5,0.7776
2024_12_27,1735312980.0,53,6,1735313340,59,-1,21560.75,1735313820,67,21546.25,R_TRIGGER,28.0,28.0,0.7474
2024_12_27,1735313580.0,63,7,1735314000,70,1,21541.0,1735315320,92,21563.75,R_TRIGGER,44.5,44.5,0.8152
2024_12_27,1735314840.0,84,9,1735315380,93,-1,21572.0,1735316700,115,21597.25,R_TRIGGER,-51.5,-51.5,0.7572
2024_12_27,1735316040.0,104,12,1735316760,116,1,21594.0,1735317720,132,21603.0,R_TRIGGER,17.0,17.0,0.8049
2024_12_27,1735317180.0,123,10,1735317780,133,-1,21590.0,1735318620,147,21558.75,R_TRIGGER,61.5,61.5,0.9649
2024_12_27,1735318320.0,142,5,1735318620,147,-1,21558.75,1735320420,177,21543.25,R_TRIGGER,30.0,30.0,0.7829
2024_12_27,1735320060.0,171,6,1735320420,177,1,21543.25,1735320960,186,21529.25,R_TRIGGER,-29.0,-29.0,0.7476
2024_12_27,1735320660.0,181,7,1735321080,188,-1,21511.5,1735321260,191,21553.5,R_TRIGGER,-85.0,-85.0,0.836
2024_12_27,1735321080.0,188,10,1735321680,198,-1,21530.5,1735322460,211,21603.25,CAT_STOP,-146.5,-101.0,0.7534
2024_12_27,1735322880.0,218,17,1735323900,235,1,21603.25,1735327380,293,21639.75,R_TRIGGER,72.0,72.0,0.7859
2024_12_27,1735326360.0,276,22,1735327680,298,1,21642.25,1735329840,334,21681.75,R_TRIGGER,78.0,78.0,0.7646
2024_12_27,1735329420.0,327,7,1735329840,334,-1,21681.75,1735332600,380,21678.25,R_TRIGGER,6.0,6.0,0.9736
2024_12_27,1735332240.0,374,6,1735332600,380,1,21678.25,1735334100,405,21722.75,SESSION_CLOSE,88.0,88.0,0.9816
2024_12_30,,-34,36,1735569120,2,1,21386.0,1735569180,3,21355.75,R_TRIGGER,-61.5,-61.5,0.8503
2024_12_30,,-18,21,1735569180,3,1,21355.75,1735569980,,21297.75,CAT_STOP,-117.0,-101.0,0.737
2024_12_30,1735570260.0,21,6,1735570620,27,-1,21297.75,1735571040,34,21308.0,R_TRIGGER,-21.5,-21.5,0.7886
2024_12_30,1735570860.0,31,3,1735571040,34,-1,21308.0,1735573020,67,21322.5,R_TRIGGER,-30.0,-30.0,0.7707
2024_12_30,1735572240.0,54,15,1735573140,69,1,21362.75,1735573680,78,21327.0,R_TRIGGER,-72.5,-72.5,0.9739
2024_12_30,1735573500.0,75,3,1735573680,78,-1,21327.0,1735574160,86,21355.0,R_TRIGGER,-57.0,-57.0,0.763
2024_12_30,1735573920.0,82,4,1735574160,86,1,21355.0,1735581360,206,21507.5,R_TRIGGER,304.0,304.0,0.7857
2024_12_30,1735581060.0,201,5,1735581360,206,-1,21507.5,1735581580,,21522.0,CAT_STOP,-30.0,-101.0,0.7373
2024_12_30,1735581420.0,207,8,1735581900,215,-1,21520.25,1735583640,244,21547.0,R_TRIGGER,-54.5,-54.5,0.7682
2024_12_30,1735583160.0,236,8,1735583640,244,-1,21547.0,1735587060,301,21535.25,R_TRIGGER,22.5,22.5,0.7711
2024_12_30,1735586520.0,292,9,1735587060,301,1,21535.25,1735590480,358,21478.0,R_TRIGGER,-115.5,-115.5,0.9568
2024_12_30,1735589880.0,348,10,1735590480,358,-1,21478.0,1735593300,405,21377.0,SESSION_CLOSE,201.0,201.0,0.8026
2025_01_02,,-46,46,1735828200,0,-1,21341.75,1735828980,13,21195.0,R_TRIGGER,292.5,292.5,0.7596
2025_01_02,1735828800.0,10,3,1735828980,13,-1,21195.0,1735829180,,21259.25,CAT_STOP,-129.5,-101.0,0.8068
2025_01_02,1735831860.0,61,6,1735832220,67,-1,21259.25,1735832880,78,21273.0,R_TRIGGER,-28.5,-28.5,0.7959
2025_01_02,1735832520.0,72,6,1735832880,78,-1,21273.0,1735833140,,21223.25,CAT_STOP,98.5,-101.0,0.7706
2025_01_02,1735833840.0,94,8,1735834320,102,-1,21223.25,1735834800,110,21339.5,CAT_STOP,-233.5,-101.0,0.778
2025_01_02,1735837980.0,163,11,1735838640,174,-1,21246.0,1735840380,203,21061.5,R_TRIGGER,368.0,368.0,0.741
2025_01_02,1735840200.0,200,3,1735840380,203,-1,21061.5,1735841220,217,21062.5,R_TRIGGER,-3.0,-3.0,0.7647
2025_01_02,1735841040.0,214,3,1735841220,217,-1,21062.5,1735842000,230,21058.75,R_TRIGGER,6.5,6.5,0.7646
2025_01_02,1735841700.0,225,5,1735842000,230,1,21058.75,1735842660,241,20999.5,R_TRIGGER,-119.5,-119.5,0.766
2025_01_02,1735842000.0,230,15,1735842900,245,-1,21008.75,1735843440,254,21064.0,R_TRIGGER,-111.5,-111.5,0.967
2025_01_02,1735842900.0,245,10,1735843500,255,-1,21050.75,1735844280,268,21039.75,R_TRIGGER,21.0,21.0,0.7937
2025_01_02,1735844040.0,264,6,1735844400,270,-1,21043.5,1735844820,277,21115.75,CAT_STOP,-145.5,-101.0,0.7411
2025_01_02,1735847220.0,317,9,1735847760,326,1,21103.5,1735847820,327,21082.0,R_TRIGGER,-44.0,-44.0,0.7372
2025_01_02,1735847520.0,322,6,1735847880,328,-1,21085.5,1735848180,333,21106.25,R_TRIGGER,-42.5,-42.5,0.8433
2025_01_02,1735847940.0,329,4,1735848180,333,1,21106.25,1735850100,365,21138.0,R_TRIGGER,62.5,62.5,0.788
2025_01_02,1735849920.0,362,3,1735850100,365,1,21138.0,1735852500,405,21182.5,SESSION_CLOSE,88.0,88.0,0.8172
2025_01_03,,-30,31,1735914660,1,1,21327.5,1735914960,6,21334.0,R_TRIGGER,12.0,12.0,0.8005
2025_01_03,1735914780.0,3,3,1735914960,6,1,21334.0,1735915680,18,21364.0,R_TRIGGER,59.0,59.0,0.7355
2025_01_03,1735915500.0,15,4,1735915740,19,-1,21364.5,1735916100,25,21362.25,R_TRIGGER,3.5,3.5,0.8469
2025_01_03,1735915860.0,21,7,1735916280,28,-1,21380.0,1735916720,,21321.75,CAT_STOP,115.5,-101.0,0.7558
2025_01_03,1735917660.0,51,4,1735917900,55,1,21325.25,1735918740,69,21354.5,R_TRIGGER,57.5,57.5,0.806
2025_01_03,1735918560.0,66,3,1735918740,69,1,21354.5,1735919580,83,21360.75,R_TRIGGER,11.5,11.5,0.7733
2025_01_03,1735919040.0,74,10,1735919640,84,1,21355.25,1735920420,97,21358.75,R_TRIGGER,6.0,6.0,0.7815
2025_01_03,1735920180.0,93,5,1735920480,98,1,21350.0,1735924740,169,21447.75,R_TRIGGER,194.5,194.5,0.7354
2025_01_03,1735923240.0,144,25,1735924740,169,-1,21447.75,1735928760,236,21485.5,R_TRIGGER,-76.5,-76.5,0.9652
2025_01_03,1735924860.0,171,68,1735928940,239,1,21503.5,1735934460,331,21509.5,R_TRIGGER,11.0,11.0,0.8271
2025_01_03,1735933320.0,312,19,1735934460,331,-1,21509.5,1735937940,389,21508.25,R_TRIGGER,1.5,1.5,0.782
2025_01_03,1735937460.0,381,10,1735938060,391,-1,21499.75,1735938900,405,21488.25,SESSION_CLOSE,22.0,22.0,0.7417
2025_01_06,,-14,16,1736173920,2,1,21743.75,1736185140,189,21807.5,R_TRIGGER,126.5,126.5,0.7475
2025_01_06,1736179860.0,101,89,1736185200,190,-1,21799.75,1736195400,360,21741.75,R_TRIGGER,115.0,115.0,0.8893
2025_01_06,1736193600.0,330,34,1736195640,364,1,21731.25,1736196600,380,21779.25,CAT_STOP,95.0,-101.0,0.7394
2025_01_07,,-143,144,1736260260,1,1,21786.0,1736260380,3,21764.5,R_TRIGGER,-44.0,-44.0,0.7785
2025_01_07,1736260200.0,0,3,1736260380,3,1,21764.5,1736260625,,21754.0,CAT_STOP,-22.0,-101.0,0.8311
2025_01_07,1736261100.0,15,7,1736261520,22,1,21790.25,1736261760,26,21735.0,R_TRIGGER,-111.5,-111.5,0.9669
2025_01_07,1736261580.0,23,3,1736261760,26,1,21735.0,1736262000,30,21535.25,CAT_STOP,-400.5,-101.0,0.8164
2025_01_07,1736262780.0,43,4,1736263020,47,-1,21535.25,1736263210,,21594.5,CAT_STOP,-119.5,-101.0,0.8619
2025_01_07,1736263080.0,48,10,1736263680,58,-1,21611.75,1736264640,74,21455.0,R_TRIGGER,312.5,312.5,0.7932
2025_01_07,1736264340.0,69,6,1736264700,75,-1,21447.25,1736265060,81,21458.0,R_TRIGGER,-22.5,-22.5,0.7682
2025_01_07,1736264880.0,78,7,1736265300,85,-1,21505.0,1736265605,,21543.5,CAT_STOP,-78.0,-101.0,0.7498
2025_01_07,1736266320.0,102,14,1736267160,116,1,21549.0,1736267460,121,21516.0,R_TRIGGER,-67.0,-67.0,0.776
2025_01_07,1736267280.0,118,4,1736267520,122,-1,21537.0,1736267940,129,21541.25,R_TRIGGER,-9.5,-9.5,0.8489
2025_01_07,1736267760.0,126,4,1736268000,130,1,21551.0,1736268180,133,21515.75,R_TRIGGER,-71.5,-71.5,0.7655
2025_01_07,1736268000.0,130,10,1736268600,140,-1,21483.75,1736270040,164,21466.25,R_TRIGGER,34.0,34.0,0.972
2025_01_07,1736269080.0,148,17,1736270100,165,-1,21459.75,1736271060,181,21444.0,R_TRIGGER,30.5,30.5,0.7723
2025_01_07,1736270880.0,178,6,1736271240,184,1,21454.0,1736271420,187,21431.25,R_TRIGGER,-46.5,-46.5,0.7631
2025_01_07,1736271180.0,183,4,1736271420,187,-1,21431.25,1736272560,206,21431.25,R_TRIGGER,-1.0,-1.0,0.762
2025_01_07,1736272320.0,202,7,1736272740,209,1,21445.0,1736274900,245,21481.25,R_TRIGGER,71.5,71.5,0.9581
2025_01_07,1736274360.0,236,11,1736275020,247,-1,21463.0,1736276820,277,21455.0,R_TRIGGER,15.0,15.0,0.9571
2025_01_07,1736276220.0,267,13,1736277000,280,1,21463.5,1736277660,291,21443.25,R_TRIGGER,-41.5,-41.5,0.9599
2025_01_07,1736277120.0,282,11,1736277780,293,-1,21442.25,1736279160,316,21437.75,R_TRIGGER,8.0,8.0,0.9686
2025_01_07,1736279160.0,316,15,1736280060,331,-1,21401.0,1736282400,370,21348.75,R_TRIGGER,103.5,103.5,0.9733
2025_01_07,1736282220.0,367,3,1736282400,370,-1,21348.75,1736284500,405,21385.0,SESSION_CLOSE,-73.5,-73.5,0.788
2025_01_08,,-30,32,1736346720,2,-1,21338.75,1736347440,14,21356.25,R_TRIGGER,-36.0,-36.0,0.7619
2025_01_08,1736347200.0,10,4,1736347440,14,-1,21356.25,1736348400,30,21369.0,R_TRIGGER,-26.5,-26.5,0.7705
2025_01_08,1736348160.0,26,6,1736348520,32,1,21393.25,1736348880,38,21351.75,R_TRIGGER,-84.0,-84.0,0.9625
2025_01_08,1736348580.0,33,5,1736348880,38,-1,21351.75,1736349540,49,21289.5,R_TRIGGER,123.5,123.5,0.8362
2025_01_08,1736349300.0,45,4,1736349540,49,-1,21289.5,1736349900,55,21309.75,R_TRIGGER,-41.5,-41.5,0.8155
2025_01_08,1736349720.0,52,4,1736349960,56,-1,21322.25,1736351460,81,21342.5,R_TRIGGER,-41.5,-41.5,0.7578
2025_01_08,1736351220.0,77,10,1736351820,87,1,21356.75,1736352360,96,21295.5,R_TRIGGER,-123.5,-123.5,0.7883
2025_01_08,1736351580.0,83,13,1736352360,96,-1,21295.5,1736352600,100,21342.0,R_TRIGGER,-94.0,-94.0,0.9735
2025_01_08,1736352420.0,97,3,1736352600,100,-1,21342.0,1736354265,,21221.25,CAT_STOP,240.5,-101.0,0.7581
2025_01_08,1736357460.0,181,8,1736357940,189,-1,21203.5,1736358395,,21334.5,CAT_STOP,-263.0,-101.0,0.7561
2025_01_08,1736362440.0,264,11,1736363100,275,-1,21334.5,1736363325,,21376.5,CAT_STOP,-85.0,-101.0,0.8183
2025_01_08,1736363640.0,284,6,1736364000,290,1,21376.5,1736364660,301,21373.5,R_TRIGGER,-7.0,-7.0,0.7837
2025_01_08,1736364480.0,298,5,1736364780,303,-1,21371.0,1736367780,353,21350.25,R_TRIGGER,40.5,40.5,0.8276
2025_01_08,1736367240.0,344,14,1736368080,358,1,21353.0,1736370900,405,21356.25,SESSION_CLOSE,5.5,5.5,0.9637
2025_01_10,,-13,15,1736519520,2,1,21149.75,1736519880,8,21025.25,CAT_STOP,-250.0,-101.0,0.7384
2025_01_10,1736524140.0,79,3,1736524320,82,-1,21025.25,1736527380,133,20957.5,R_TRIGGER,134.5,134.5,0.8561
2025_01_10,1736527080.0,128,6,1736527440,134,1,20969.0,1736528180,,20913.75,CAT_STOP,-111.5,-101.0,0.9682
2025_01_10,1736527500.0,135,14,1736528340,149,-1,20901.0,1736530140,179,20954.5,R_TRIGGER,-108.0,-108.0,0.9724
2025_01_10,1736528940.0,159,21,1736530200,180,1,20956.0,1736535900,275,21092.0,R_TRIGGER,271.0,271.0,0.8077
2025_01_10,1736535420.0,267,8,1736535900,275,-1,21092.0,1736543700,405,21016.25,SESSION_CLOSE,150.5,150.5,0.9792
2025_01_13,,-48,48,1736778600,0,-1,20772.0,1736779500,15,20749.25,R_TRIGGER,44.5,44.5,0.7763
2025_01_13,1736779320.0,12,3,1736779500,15,-1,20749.25,1736780040,24,20850.25,CAT_STOP,-203.0,-101.0,0.8418
2025_01_13,1736780520.0,32,4,1736780760,36,1,20850.25,1736780980,,20790.25,CAT_STOP,-121.0,-101.0,0.973
2025_01_13,1736780820.0,37,8,1736781300,45,-1,20762.0,1736781600,50,20801.75,R_TRIGGER,-80.5,-80.5,0.9731
2025_01_13,1736781300.0,45,6,1736781660,51,-1,20799.75,1736782320,62,20757.25,R_TRIGGER,84.0,84.0,0.7544
2025_01_13,1736782140.0,59,3,1736782320,62,1,20757.25,1736783520,82,20825.25,R_TRIGGER,135.0,135.0,0.7513
2025_01_13,1736783340.0,79,5,1736783640,84,-1,20822.5,1736786100,125,20802.25,R_TRIGGER,39.5,39.5,0.7793
2025_01_13,1736785260.0,111,15,1736786160,126,-1,20781.25,1736788020,157,20770.5,R_TRIGGER,20.5,20.5,0.7833
2025_01_13,1736787660.0,151,10,1736788260,161,1,20794.25,1736795580,283,20864.25,R_TRIGGER,139.0,139.0,0.9656
2025_01_13,1736794140.0,259,25,1736795640,284,-1,20851.0,1736796480,298,20886.25,R_TRIGGER,-71.5,-71.5,0.9721
2025_01_13,1736796000.0,290,9,1736796540,299,1,20893.0,1736797740,319,20876.5,R_TRIGGER,-34.0,-34.0,0.9526
2025_01_13,1736797320.0,312,14,1736798160,326,1,20909.0,1736802900,405,20970.25,SESSION_CLOSE,121.5,121.5,0.8096
2025_01_14,,-28,28,1736865000,0,1,21046.0,1736865060,1,21022.5,R_TRIGGER,-48.0,-48.0,0.7964
2025_01_14,,-3,4,1736865060,1,-1,21022.5,1736865300,5,21087.0,CAT_STOP,-130.0,-101.0,0.9836
2025_01_14,1736865060.0,1,4,1736865300,5,-1,21087.0,1736866980,33,21023.5,R_TRIGGER,126.0,126.0,0.8228
2025_01_14,1736866800.0,30,8,1736867280,38,1,21061.5,1736868120,52,21035.75,R_TRIGGER,-52.5,-52.5,0.9703
2025_01_14,1736867820.0,47,5,1736868120,52,-1,21035.75,1736869380,73,21012.5,R_TRIGGER,45.5,45.5,0.8592
2025_01_14,1736869200.0,70,4,1736869440,74,-1,21015.0,1736871720,112,20927.25,R_TRIGGER,174.5,174.5,0.7732
2025_01_14,1736870640.0,94,23,1736872020,117,1,20947.0,1736872560,126,20912.5,R_TRIGGER,-70.0,-70.0,0.9586
2025_01_14,1736872080.0,118,11,1736872740,129,-1,20890.25,1736874660,161,20869.5,R_TRIGGER,40.5,40.5,0.7812
2025_01_14,1736874000.0,150,11,1736874660,161,1,20869.5,1736876040,184,20810.25,R_TRIGGER,-119.5,-119.5,0.9604
2025_01_14,1736875020.0,167,17,1736876040,184,-1,20810.25,1736876520,192,20857.5,R_TRIGGER,-95.5,-95.5,0.9659
2025_01_14,1736876100.0,185,8,1736876580,193,1,20871.75,1736884260,321,20943.25,R_TRIGGER,142.0,142.0,0.9576
2025_01_14,1736882700.0,295,26,1736884260,321,-1,20943.25,1736886240,354,20831.5,R_TRIGGER,222.5,222.5,0.743
2025_01_14,1736885220.0,337,18,1736886300,355,-1,20830.5,1736887860,381,20981.75,CAT_STOP,-303.5,-101.0,0.7998
2025_01_15,,-42,42,1736951400,0,-1,21237.0,1736952060,11,21282.5,R_TRIGGER,-92.0,-92.0,0.7507
2025_01_15,1736951880.0,8,7,1736952300,15,1,21298.75,1736952900,25,21299.5,R_TRIGGER,0.5,0.5,0.9684
2025_01_15,1736952540.0,19,6,1736952900,25,1,21299.5,1736955360,66,21354.5,R_TRIGGER,109.0,109.0,0.7855
2025_01_15,1736954340.0,49,23,1736955720,72,1,21380.5,1736956715,,21411.0,CAT_STOP,60.0,-101.0,0.7739
2025_01_15,1736972760.0,356,25,1736974260,381,-1,21411.0,1736975700,405,21380.25,SESSION_CLOSE,60.5,60.5,0.8027
2025_01_16,,-56,56,1737037800,0,1,21464.75,1737037920,2,21435.0,R_TRIGGER,-60.5,-60.5,0.752
2025_01_16,,-1,3,1737037920,2,-1,21435.0,1737038340,9,21446.5,R_TRIGGER,-24.0,-24.0,0.8225
2025_01_16,1737038040.0,4,5,1737038340,9,-1,21446.5,1737039060,21,21407.25,R_TRIGGER,77.5,77.5,0.8157
2025_01_16,1737038880.0,18,3,1737039060,21,-1,21407.25,1737039840,34,21380.75,R_TRIGGER,52.0,52.0,0.8076
2025_01_16,1737039660.0,31,4,1737039900,35,-1,21391.5,1737040680,48,21402.75,R_TRIGGER,-23.5,-23.5,0.7912
2025_01_16,1737040500.0,45,7,1737040920,52,-1,21387.5,1737042000,70,21388.75,R_TRIGGER,-3.5,-3.5,0.7371
2025_01_16,1737041820.0,67,3,1737042000,70,-1,21388.75,1737042660,81,21383.5,R_TRIGGER,9.5,9.5,0.7798
2025_01_16,1737042480.0,78,5,1737042780,83,-1,21382.75,1737043320,92,21369.0,CAT_STOP,26.5,-101.0,0.7448
2025_01_16,1737045720.0,132,5,1737046020,137,1,21352.0,1737047880,168,21397.75,R_TRIGGER,90.5,90.5,0.8068
2025_01_16,1737048540.0,179,7,1737048960,186,-1,21392.75,1737051000,220,21412.0,R_TRIGGER,-39.5,-39.5,0.7355
2025_01_16,1737049920.0,202,20,1737051120,222,-1,21401.25,1737053580,263,21293.25,R_TRIGGER,215.0,215.0,0.744
2025_01_16,1737053280.0,258,5,1737053580,263,-1,21293.25,1737054780,283,21350.0,CAT_STOP,-114.5,-101.0,0.7418
2025_01_16,1737055440.0,294,12,1737056160,306,1,21350.75,1737058620,347,21356.0,R_TRIGGER,9.5,9.5,0.7559
2025_01_16,1737058140.0,339,8,1737058620,347,-1,21356.0,1737062100,405,21200.0,SESSION_CLOSE,311.0,311.0,0.9738
2025_01_17,,-2,4,1737124320,2,-1,21587.25,1737128400,70,21574.0,R_TRIGGER,25.5,25.5,0.7597
2025_01_17,1737127620.0,57,13,1737128400,70,1,21574.0,1737147480,388,21580.75,R_TRIGGER,12.5,12.5,0.7754
2025_01_17,1737138000.0,230,158,1737147480,388,-1,21580.75,1737148500,405,21579.75,SESSION_CLOSE,1.0,1.0,0.9818
2025_01_20,,-13,15,1737383520,2,1,21730.5,1737385200,30,21727.75,R_TRIGGER,-6.5,-6.5,0.7485
2025_01_20,1737384240.0,14,16,1737385200,30,-1,21727.75,1737388560,86,21688.25,R_TRIGGER,78.0,78.0,0.962
2025_01_20,1737387840.0,74,15,1737388740,89,1,21682.25,1737393840,174,21669.5,R_TRIGGER,-26.5,-26.5,0.96
2025_01_20,1737391980.0,143,31,1737393840,174,-1,21669.5,1737394200,180,21673.5,R_TRIGGER,-9.0,-9.0,0.822
2025_01_20,1737393960.0,176,4,1737394200,180,-1,21673.5,1737395940,209,21683.0,SESSION_CLOSE,-20.0,-20.0,0.8697
2025_01_21,,-26,27,1737469860,1,-1,21699.75,1737470760,16,21626.5,R_TRIGGER,145.5,145.5,0.7543
2025_01_21,1737470460.0,11,8,1737470940,19,1,21650.5,1737471180,23,21610.75,R_TRIGGER,-80.5,-80.5,0.7727
2025_01_21,1737470940.0,19,4,1737471180,23,-1,21610.75,1737471185,,21619.75,CAT_STOP,-19.0,-101.0,0.8166
2025_01_21,1737471240.0,24,4,1737471480,28,-1,21619.75,1737472080,38,21631.75,R_TRIGGER,-25.0,-25.0,0.817
2025_01_21,1737471900.0,35,3,1737472080,38,-1,21631.75,1737472680,48,21590.25,R_TRIGGER,82.0,82.0,0.769
2025_01_21,1737472500.0,45,3,1737472680,48,-1,21590.25,1737473345,,21610.75,CAT_STOP,-42.0,-101.0,0.7507
2025_01_21,1737474720.0,82,8,1737475200,90,1,21609.0,1737477420,127,21612.75,R_TRIGGER,6.5,6.5,0.7541
2025_01_21,1737476040.0,104,24,1737477480,128,-1,21621.25,1737478260,141,21655.25,R_TRIGGER,-69.0,-69.0,0.745
2025_01_21,1737477840.0,134,45,1737480540,179,1,21695.75,1737486960,286,21725.75,R_TRIGGER,59.0,59.0,0.8019
2025_01_21,1737483360.0,226,60,1737486960,286,-1,21725.75,1737491280,358,21741.25,R_TRIGGER,-32.0,-32.0,0.7433
2025_01_21,1737489120.0,322,44,1737491760,366,-1,21723.25,1737493200,390,21752.5,R_TRIGGER,-59.5,-59.5,0.9675
2025_01_21,1737492720.0,382,9,1737493260,391,1,21771.25,1737494100,405,21751.0,SESSION_CLOSE,-41.5,-41.5,0.9679
2025_01_22,,-7,8,1737556260,1,1,21952.5,1737556560,6,21945.25,R_TRIGGER,-15.5,-15.5,0.9538
2025_01_22,1737556380.0,3,4,1737556620,7,1,21950.0,1737558120,32,21999.5,R_TRIGGER,98.0,98.0,0.8289
2025_01_22,1737557820.0,27,5,1737558120,32,-1,21999.5,1737558360,36,22014.5,R_TRIGGER,-31.0,-31.0,0.7379
2025_01_22,1737558120.0,32,4,1737558360,36,1,22014.5,1737559200,50,22018.5,R_TRIGGER,7.0,7.0,0.7562
2025_01_22,1737558660.0,41,14,1737559500,55,1,22016.0,1737561120,82,22019.0,R_TRIGGER,5.0,5.0,0.7364
2025_01_22,1737560640.0,74,15,1737561540,89,-1,21994.75,1737561960,96,22026.5,R_TRIGGER,-64.5,-64.5,0.9725
2025_01_22,1737561600.0,90,11,1737562260,101,-1,22001.0,1737562620,107,22020.0,R_TRIGGER,-39.0,-39.0,0.7504
2025_01_22,1737562320.0,102,11,1737562980,113,1,22033.5,1737567480,188,22062.75,R_TRIGGER,57.5,57.5,0.9585
2025_01_22,1737565800.0,160,30,1737567600,190,-1,22062.5,1737571380,253,22043.0,R_TRIGGER,38.0,38.0,0.7342
2025_01_22,1737570360.0,236,27,1737571980,263,-1,22039.5,1737575700,325,22036.0,R_TRIGGER,6.0,6.0,0.8092
2025_01_22,1737574860.0,311,31,1737576720,342,-1,22015.25,1737579300,385,22011.25,R_TRIGGER,7.0,7.0,0.9538
2025_01_22,1737579120.0,382,7,1737579540,389,-1,21997.75,1737580500,405,21981.25,SESSION_CLOSE,32.0,32.0,0.7545
2025_01_23,,-58,58,1737642600,0,-1,21868.25,1737642900,5,21906.25,R_TRIGGER,-77.0,-77.0,0.757
2025_01_23,1737642720.0,2,3,1737642900,5,-1,21906.25,1737645120,42,21898.75,R_TRIGGER,14.0,14.0,0.8059
2025_01_23,1737644760.0,36,28,1737646440,64,1,21920.5,1737648660,101,21914.0,R_TRIGGER,-14.0,-14.0,0.9682
2025_01_23,1737650700.0,135,17,1737651720,152,-1,21931.5,1737654660,201,21933.5,R_TRIGGER,-5.0,-5.0,0.9598
2025_01_23,1737654000.0,190,34,1737656040,224,1,21954.5,1737658560,266,21953.75,R_TRIGGER,-2.5,-2.5,0.7811
2025_01_23,1737657420.0,247,19,1737658560,266,-1,21953.75,1737660660,301,21958.25,R_TRIGGER,-10.0,-10.0,0.7476
2025_01_23,1737659820.0,287,19,1737660960,306,1,21955.25,1737666660,401,22018.0,R_TRIGGER,124.5,124.5,0.7438
2025_01_24,,-6,17,1737729660,11,1,22022.25,1737730620,27,22048.5,R_TRIGGER,51.5,51.5,0.8144
2025_01_24,1737730380.0,23,8,1737730860,31,1,22053.0,1737731770,,21995.0,CAT_STOP,-117.0,-101.0,0.7396
2025_01_24,1737737520.0,142,4,1737737760,146,-1,21995.0,1737739320,172,22001.25,R_TRIGGER,-13.5,-13.5,0.967
2025_01_24,1737738480.0,158,14,1737739320,172,1,22001.25,1737739740,179,21977.0,R_TRIGGER,-49.5,-49.5,0.9547
2025_01_24,1737739440.0,174,5,1737739740,179,-1,21977.0,1737742740,229,21938.5,R_TRIGGER,76.0,76.0,0.9706
2025_01_24,1737742380.0,223,15,1737743280,238,-1,21942.25,1737746760,296,21875.0,R_TRIGGER,133.5,133.5,0.7429
2025_01_24,1737745800.0,280,18,1737746880,298,1,21883.25,1737748800,330,21866.5,R_TRIGGER,-34.5,-34.5,0.9583
2025_01_24,1737748440.0,324,6,1737748800,330,-1,21866.5,1737751800,380,21882.0,R_TRIGGER,-32.0,-32.0,0.9666
2025_01_24,1737750540.0,359,21,1737751800,380,1,21882.0,1737753300,405,21896.5,SESSION_CLOSE,28.0,28.0,0.9672
2025_01_27,,-3,3,1737988200,0,-1,21172.0,1737988320,2,21284.75,CAT_STOP,-226.5,-101.0,0.7536
2025_01_27,1737988560.0,6,3,1737988740,9,1,21284.75,1737990240,34,21277.5,R_TRIGGER,-15.5,-15.5,0.8489
2025_01_27,1737989820.0,27,8,1737990300,35,1,21286.25,1737990960,46,21262.0,R_TRIGGER,-49.5,-49.5,0.7827
2025_01_27,1737990480.0,38,10,1737991080,48,1,21247.0,1737992940,79,21357.25,R_TRIGGER,219.5,219.5,0.7382
2025_01_27,1737992520.0,72,8,1737993000,80,1,21361.5,1737993580,,21202.0,CAT_STOP,-320.0,-101.0,0.7625
2025_01_27,1737996420.0,137,7,1737996840,144,-1,21193.5,1737997320,152,21249.75,R_TRIGGER,-113.5,-113.5,0.8051
2025_01_27,1737996900.0,145,10,1737997500,155,1,21238.0,1737997680,158,21206.5,R_TRIGGER,-64.0,-64.0,0.7726
2025_01_27,1737997380.0,153,5,1737997680,158,-1,21206.5,1737998820,177,21232.75,R_TRIGGER,-53.5,-53.5,0.7579
2025_01_27,1737998520.0,172,6,1737998880,178,1,21226.5,1738000020,197,21193.0,R_TRIGGER,-68.0,-68.0,0.9691
2025_01_27,1737999300.0,185,13,1738000080,198,-1,21195.25,1738002900,245,21205.25,R_TRIGGER,-21.0,-21.0,0.9757
2025_01_27,1738000800.0,210,36,1738002960,246,1,21196.25,1738004220,267,21158.75,R_TRIGGER,-76.0,-76.0,0.9598
2025_01_27,1738002960.0,246,21,1738004220,267,-1,21158.75,1738005540,289,21207.5,R_TRIGGER,-98.5,-98.5,0.9645
2025_01_27,1738004220.0,267,23,1738005600,290,-1,21207.25,1738006160,,21163.5,CAT_STOP,86.5,-101.0,0.7802
2025_01_27,1738007460.0,321,14,1738008300,335,-1,21143.5,1738008765,,21253.0,CAT_STOP,-220.0,-101.0,0.7433
2025_01_27,1738011180.0,383,4,1738011420,387,1,21253.0,1738012500,405,21311.5,SESSION_CLOSE,116.0,116.0,0.7788
2025_01_28,,-60,60,1738074600,0,-1,21305.25,1738075860,21,21236.25,R_TRIGGER,137.0,137.0,0.7557
2025_01_28,1738075620.0,17,5,1738075920,22,-1,21251.75,1738076460,31,21451.0,CAT_STOP,-399.5,-101.0,0.745
2025_01_28,1738079160.0,76,14,1738080000,90,1,21463.25,1738081440,114,21421.5,R_TRIGGER,-84.5,-84.5,0.9653
2025_01_28,1738080720.0,102,13,1738081500,115,-1,21411.25,1738082340,129,21445.0,R_TRIGGER,-68.5,-68.5,0.9659
2025_01_28,1738081740.0,119,13,1738082520,132,-1,21399.0,1738083230,,21564.75,CAT_STOP,-332.5,-101.0,0.7629
2025_01_28,1738091400.0,280,42,1738093920,322,-1,21624.25,1738098900,405,21564.5,SESSION_CLOSE,118.5,118.5,0.775
2025_01_29,,-3,3,1738161000,0,-1,21583.5,1738162320,22,21541.0,R_TRIGGER,84.0,84.0,0.9697
2025_01_29,1738161900.0,15,11,1738162560,26,-1,21538.25,1738162920,32,21556.5,R_TRIGGER,-37.5,-37.5,0.7992
2025_01_29,1738162740.0,29,4,1738162980,33,-1,21530.75,1738164060,51,21545.0,R_TRIGGER,-29.5,-29.5,0.7651
2025_01_29,1738163820.0,47,5,1738164120,52,-1,21547.25,1738164600,60,21518.75,R_TRIGGER,56.0,56.0,0.7646
2025_01_29,1738164420.0,57,3,1738164600,60,-1,21518.75,1738165680,78,21497.25,R_TRIGGER,42.0,42.0,0.7462
2025_01_29,1738165440.0,74,18,1738166520,92,1,21515.5,1738166820,97,21491.5,R_TRIGGER,-49.0,-49.0,0.9724
2025_01_29,1738167660.0,111,4,1738167900,115,1,21509.0,1738168800,130,21475.5,R_TRIGGER,-68.0,-68.0,0.8062
2025_01_29,1738168620.0,127,3,1738168800,130,-1,21475.5,1738169100,135,21500.75,R_TRIGGER,-51.5,-51.5,0.7784
2025_01_29,1738169580.0,143,4,1738169820,147,-1,21483.75,1738170000,150,21503.0,R_TRIGGER,-39.5,-39.5,0.742
2025_01_29,1738169820.0,147,3,1738170000,150,-1,21503.0,1738174020,217,21438.0,R_TRIGGER,129.0,129.0,0.7418
2025_01_29,1738173840.0,214,7,1738174260,221,-1,21429.5,1738175160,236,21468.25,R_TRIGGER,-78.5,-78.5,0.7434
2025_01_29,1738174980.0,233,11,1738175640,244,1,21484.5,1738175760,246,21481.0,R_TRIGGER,-8.0,-8.0,0.7601
2025_01_29,1738175520.0,242,7,1738175940,249,-1,21456.75,1738176480,258,21488.0,R_TRIGGER,-63.5,-63.5,0.9646
2025_01_29,1738175940.0,249,10,1738176540,259,1,21488.75,1738177200,270,21416.25,CAT_STOP,-146.0,-101.0,0.7373
2025_01_29,1738176540.0,259,11,1738177200,270,-1,21416.25,1738177315,,21443.75,CAT_STOP,-56.0,-101.0,0.8331
2025_01_29,1738177200.0,270,3,1738177380,273,-1,21443.75,1738178460,291,21416.0,R_TRIGGER,54.5,54.5,0.8253
2025_01_29,1738178220.0,287,4,1738178460,291,-1,21416.0,1738179180,303,21444.5,CAT_STOP,-58.0,-101.0,0.7793
2025_01_29,1738179000.0,300,3,1738179180,303,1,21444.5,1738179360,306,21400.5,R_TRIGGER,-89.0,-89.0,0.9785
2025_01_29,1738179180.0,303,3,1738179360,306,1,21400.5,1738179900,315,21534.0,R_TRIGGER,266.0,266.0,0.8169
2025_01_29,1738179660.0,311,4,1738179900,315,1,21534.0,1738180500,325,21530.5,R_TRIGGER,-8.0,-8.0,0.8733
2025_01_29,1738180320.0,322,5,1738180620,327,1,21553.75,1738180980,333,21498.75,R_TRIGGER,-111.0,-111.0,0.8156
2025_01_29,1738180800.0,330,3,1738180980,333,1,21498.75,1738181580,343,21499.75,R_TRIGGER,1.0,1.0,0.8555
2025_01_29,1738181400.0,340,4,1738181640,344,1,21512.0,1738182960,366,21552.0,R_TRIGGER,79.0,79.0,0.7995
2025_01_29,1738182720.0,362,5,1738183020,367,-1,21544.5,1738184160,386,21541.0,R_TRIGGER,6.0,6.0,0.7589
2025_01_29,1738183980.0,383,5,1738184280,388,-1,21535.25,1738184880,398,21461.25,R_TRIGGER,147.0,147.0,0.7355
2025_01_29,1738184700.0,395,4,1738184940,399,-1,21464.5,1738185300,405,21501.0,SESSION_CLOSE,-74.0,-74.0,0.8444
2025_01_30,1738247700.0,5,4,1738247940,9,1,21652.25,1738249080,28,21665.0,R_TRIGGER,24.5,24.5,0.7664
2025_01_30,1738248660.0,21,9,1738249200,30,1,21646.0,1738249380,33,21573.5,CAT_STOP,-146.0,-101.0,0.7471
2025_01_30,1738249860.0,41,8,1738250340,49,-1,21573.5,1738251300,65,21565.75,R_TRIGGER,14.5,14.5,0.8022
2025_01_30,1738251060.0,61,15,1738251960,76,-1,21559.5,1738253220,97,21464.75,R_TRIGGER,188.5,188.5,0.7502
2025_01_30,1738252920.0,92,8,1738253400,100,-1,21467.25,1738253940,109,21473.0,R_TRIGGER,-12.5,-12.5,0.7691
2025_01_30,1738253640.0,104,9,1738254180,113,1,21513.75,1738256760,156,21568.0,R_TRIGGER,107.5,107.5,0.9531
2025_01_30,1738256280.0,148,8,1738256760,156,-1,21568.0,1738260000,210,21548.0,R_TRIGGER,39.0,39.0,0.9585
2025_01_30,1738258320.0,182,34,1738260360,216,1,21557.75,1738269420,367,21633.5,R_TRIGGER,150.5,150.5,0.7894
2025_01_30,1738268580.0,353,14,1738269420,367,-1,21633.5,1738270080,378,21578.25,R_TRIGGER,109.5,109.5,0.9894
2025_01_30,1738269900.0,375,4,1738270140,379,1,21596.0,1738271460,401,21622.75,R_TRIGGER,52.5,52.5,0.8105
2025_01_30,1738271220.0,397,4,1738271460,401,1,21622.75,1738271700,405,21635.0,SESSION_CLOSE,23.5,23.5,0.8047
2025_01_31,,-7,8,1738333860,1,1,21834.0,1738333865,,21791.0,CAT_STOP,-87.0,-101.0,0.9633
2025_01_31,1738333860.0,1,5,1738334160,6,1,21771.25,1738336860,51,21889.5,R_TRIGGER,235.5,235.5,0.7998
2025_01_31,1738336320.0,42,9,1738336860,51,1,21889.5,1738338300,75,21909.25,R_TRIGGER,38.5,38.5,0.7638
2025_01_31,1738338300.0,75,35,1738340400,110,1,21935.75,1738340460,111,21938.0,R_TRIGGER,3.5,3.5,0.7413
2025_01_31,1738339380.0,93,22,1738340700,115,-1,21921.75,1738343580,163,21907.0,R_TRIGGER,28.5,28.5,0.7765
2025_01_31,1738343280.0,158,9,1738343820,167,-1,21903.75,1738347780,233,21856.75,R_TRIGGER,93.0,93.0,0.7918
2025_01_31,1738347600.0,230,3,1738347780,233,-1,21856.75,1738348800,250,21792.0,R_TRIGGER,128.5,128.5,0.845
2025_01_31,1738348620.0,247,3,1738348800,250,-1,21792.0,1738349220,257,21792.25,R_TRIGGER,-1.5,-1.5,0.8027
2025_01_31,1738349040.0,254,3,1738349220,257,-1,21792.25,1738349760,266,21772.25,R_TRIGGER,39.0,39.0,0.7865
2025_01_31,1738349580.0,263,5,1738349880,268,-1,21748.75,1738350660,281,21720.25,R_TRIGGER,56.0,56.0,0.7938
2025_01_31,1738350480.0,278,4,1738350720,282,-1,21736.25,1738351500,295,21722.0,R_TRIGGER,27.5,27.5,0.8006
2025_01_31,1738351260.0,291,4,1738351500,295,-1,21722.0,1738353060,321,21655.75,R_TRIGGER,131.5,131.5,0.7839
2025_01_31,1738352880.0,318,3,1738353060,321,1,21655.75,1738353600,330,21630.75,R_TRIGGER,-51.0,-51.0,0.8107
2025_01_31,1738353300.0,325,5,1738353600,330,-1,21630.75,1738355580,363,21579.25,R_TRIGGER,102.0,102.0,0.8043
2025_01_31,1738355340.0,359,6,1738355700,365,-1,21573.25,1738356360,376,21583.75,R_TRIGGER,-22.0,-22.0,0.8247
2025_01_31,1738356000.0,370,9,1738356540,379,-1,21597.5,1738357560,396,21586.0,R_TRIGGER,22.0,22.0,0.7771
2025_01_31,1738357380.0,393,10,1738357980,403,-1,21557.75,1738358100,405,21571.0,SESSION_CLOSE,-27.5,-27.5,0.9691
2025_02_03,,-84,84,1738593000,0,1,21206.25,1738593900,15,21234.0,R_TRIGGER,54.5,54.5,0.7424
2025_02_03,1738593540.0,9,6,1738593900,15,1,21234.0,1738594430,,21345.25,CAT_STOP,221.5,-101.0,0.8013
2025_02_03,1738598460.0,91,4,1738598700,95,1,21345.25,1738600140,119,21405.0,R_TRIGGER,118.5,118.5,0.885
2025_02_03,1738599720.0,112,8,1738600200,120,1,21401.25,1738601820,147,21382.75,R_TRIGGER,-38.0,-38.0,0.752
2025_02_03,1738601520.0,142,8,1738602000,150,1,21400.25,1738603800,180,21396.5,R_TRIGGER,-8.5,-8.5,0.793
2025_02_03,1738603560.0,176,4,1738603800,180,-1,21396.5,1738605240,204,21419.0,R_TRIGGER,-46.0,-46.0,0.9808
2025_02_03,1738604520.0,192,12,1738605240,204,1,21419.0,1738605325,,21366.75,CAT_STOP,-105.5,-101.0,0.977
2025_02_03,1738605240.0,204,8,1738605720,212,1,21366.75,1738614600,360,21451.0,R_TRIGGER,167.5,167.5,0.7583
2025_02_03,1738610280.0,288,72,1738614600,360,-1,21451.0,1738617300,405,21430.5,SESSION_CLOSE,40.0,40.0,0.7825
2025_02_04,,-66,66,1738679400,0,-1,21421.75,1738679580,3,21449.0,R_TRIGGER,-55.5,-55.5,0.7799
2025_02_04,1738679400.0,0,3,1738679580,3,-1,21449.0,1738679930,,21660.0,CAT_STOP,-423.0,-101.0,0.8315
2025_02_04,1738684740.0,89,24,1738686180,113,-1,21642.5,1738687200,130,21599.25,CAT_STOP,85.5,-101.0,0.9595
2025_02_04,1738690260.0,181,14,1738691100,195,-1,21587.75,1738693260,231,21614.0,R_TRIGGER,-53.5,-53.5,0.7369
2025_02_04,1738692300.0,215,34,1738694340,249,1,21633.5,1738699140,329,21638.75,R_TRIGGER,9.5,9.5,0.742
2025_02_04,1738696860.0,291,38,1738699140,329,-1,21638.75,1738701600,370,21657.75,R_TRIGGER,-39.0,-39.0,0.8095
2025_02_04,1738699140.0,329,56,1738702500,385,1,21674.0,1738702920,392,21606.0,CAT_STOP,-137.0,-101.0,0.8372
2025_02_04,1738702860.0,391,3,1738703040,394,-1,21606.0,1738703700,405,21632.75,SESSION_CLOSE,-54.5,-54.5,0.8966
2025_02_05,,-54,55,1738765860,1,1,21534.0,1738767180,23,21547.75,R_TRIGGER,26.5,26.5,0.7721
2025_02_05,1738767000.0,20,3,1738767180,23,-1,21547.75,1738767600,30,21590.0,CAT_STOP,-85.5,-101.0,0.7686
2025_02_05,1738767480.0,28,3,1738767660,31,1,21590.0,1738767840,34,21533.25,CAT_STOP,-114.5,-101.0,0.9042
2025_02_05,1738767720.0,32,7,1738768140,39,1,21531.5,1738768860,51,21526.75,R_TRIGGER,-10.5,-10.5,0.8237
2025_02_05,1738768500.0,45,6,1738768860,51,-1,21526.75,1738769040,54,21548.75,R_TRIGGER,-45.0,-45.0,0.739
2025_02_05,1738768860.0,51,9,1738769400,60,-1,21568.0,1738771740,99,21605.0,CAT_STOP,-75.0,-101.0,0.7707
2025_02_05,1738772520.0,112,7,1738772940,119,1,21621.0,1738776000,170,21705.25,R_TRIGGER,167.5,167.5,0.9533
2025_02_05,1738775340.0,159,12,1738776060,171,-1,21707.75,1738780740,249,21714.0,R_TRIGGER,-13.5,-13.5,0.9548
2025_02_05,1738780020.0,237,12,1738780740,249,1,21714.0,1738788000,370,21717.75,R_TRIGGER,6.5,6.5,0.9461
2025_02_05,1738787280.0,358,14,1738788120,372,-1,21705.75,1738788840,384,21723.5,R_TRIGGER,-36.5,-36.5,0.7357
2025_02_05,1738788240.0,374,11,1738788900,385,1,21743.25,1738790100,405,21790.0,SESSION_CLOSE,92.5,92.5,0.9592
2025_02_06,,-4,4,1738852200,0,1,21757.25,1738853400,20,21788.75,R_TRIGGER,62.0,62.0,0.7851
2025_02_06,1738854120.0,32,7,1738854540,39,1,21818.5,1738855440,54,21797.5,R_TRIGGER,-43.0,-43.0,0.9685
2025_02_06,1738855140.0,49,6,1738855500,55,-1,21795.25,1738856040,64,21803.0,R_TRIGGER,-16.5,-16.5,0.9631
2025_02_06,1738855860.0,61,5,1738856160,66,-1,21815.5,1738857120,82,21770.25,R_TRIGGER,89.5,89.5,0.7655
2025_02_06,1738856820.0,77,13,1738857600,90,-1,21774.75,1738860720,142,21786.5,R_TRIGGER,-24.5,-24.5,0.7409
2025_02_06,1738860300.0,135,13,1738861080,148,-1,21767.75,1738861440,154,21773.25,R_TRIGGER,-12.0,-12.0,0.7726
2025_02_06,1738861200.0,150,12,1738861920,162,-1,21771.25,1738863840,194,21795.5,R_TRIGGER,-49.5,-49.5,0.7451
2025_02_06,1738863060.0,181,13,1738863840,194,1,21795.5,1738865820,227,21816.25,R_TRIGGER,40.5,40.5,0.9533
2025_02_06,1738866660.0,241,9,1738867200,250,-1,21814.5,1738870560,306,21734.5,R_TRIGGER,159.0,159.0,0.951
2025_02_06,1738870380.0,303,5,1738870680,308,-1,21749.75,1738871340,319,21759.5,R_TRIGGER,-20.5,-20.5,0.7609
2025_02_06,1738870980.0,313,7,1738871400,320,1,21766.25,1738871940,329,21747.5,R_TRIGGER,-38.5,-38.5,0.9626
2025_02_06,1738872180.0,333,19,1738873320,352,1,21785.75,1738875600,390,21851.75,R_TRIGGER,131.0,131.0,0.7529
2025_02_06,1738875300.0,385,5,1738875600,390,1,21851.75,1738875660,391,21801.75,CAT_STOP,-101.0,-101.0,0.8548
2025_02_06,1738875840.0,394,4,1738876080,398,-1,21801.75,1738876380,403,21830.75,R_TRIGGER,-59.0,-59.0,0.7832
2025_02_07,,-40,41,1738938660,1,1,21928.25,1738940100,25,21931.0,R_TRIGGER,4.5,4.5,0.8171
2025_02_07,1738938960.0,6,21,1738940220,27,-1,21905.25,1738940880,38,21778.5,R_TRIGGER,252.5,252.5,0.9749
2025_02_07,1738940700.0,35,3,1738940880,38,-1,21778.5,1738941480,48,21738.5,R_TRIGGER,79.0,79.0,0.7843
2025_02_07,1738941180.0,43,5,1738941480,48,-1,21738.5,1738942560,66,21775.5,R_TRIGGER,-75.0,-75.0,0.7581
2025_02_07,1738942320.0,62,8,1738942800,70,1,21775.75,1738942920,72,21762.25,R_TRIGGER,-28.0,-28.0,0.7727
2025_02_07,1738942680.0,68,5,1738942980,73,1,21762.75,1738943620,,21695.25,CAT_STOP,-136.0,-101.0,0.7724
2025_02_07,1738943520.0,82,3,1738943700,85,-1,21695.25,1738943880,88,21700.75,R_TRIGGER,-12.0,-12.0,0.9251
2025_02_07,1738943700.0,85,3,1738943880,88,-1,21700.75,1738944540,99,21716.0,R_TRIGGER,-31.5,-31.5,0.9065
2025_02_07,1738944360.0,96,4,1738944600,100,-1,21702.25,1738945080,108,21704.0,R_TRIGGER,-4.5,-4.5,0.7512
2025_02_07,1738944900.0,105,4,1738945140,109,1,21716.0,1738945320,112,21690.25,R_TRIGGER,-52.5,-52.5,0.9669
2025_02_07,1738945140.0,109,10,1738945740,119,-1,21656.0,1738946460,131,21669.75,R_TRIGGER,-28.5,-28.5,0.9677
2025_02_07,1738946100.0,125,8,1738946580,133,-1,21656.75,1738947360,146,21639.0,R_TRIGGER,34.5,34.5,0.7545
2025_02_07,1738947120.0,142,4,1738947360,146,-1,21639.0,1738948080,158,21666.0,R_TRIGGER,-55.0,-55.0,0.7803
2025_02_07,1738947900.0,155,5,1738948200,160,-1,21646.0,1738948920,172,21619.5,R_TRIGGER,52.0,52.0,0.7784
2025_02_07,1738948740.0,169,3,1738948920,172,-1,21619.5,1738950075,,21605.0,CAT_STOP,28.0,-101.0,0.8091
2025_02_07,1738956600.0,300,10,1738957200,310,-1,21604.75,1738960440,364,21595.75,R_TRIGGER,17.0,17.0,0.7474
2025_02_07,1738959420.0,347,22,1738960740,369,-1,21580.0,1738962900,405,21584.75,SESSION_CLOSE,-10.5,-10.5,0.7643
2025_02_10,,-29,31,1739197920,2,1,21751.25,1739198940,19,21768.75,R_TRIGGER,34.0,34.0,0.763
2025_02_10,1739198760.0,16,3,1739198940,19,1,21768.75,1739203680,98,21858.5,R_TRIGGER,178.5,178.5,0.7509
2025_02_10,1739202480.0,78,31,1739204340,109,-1,21854.25,1739206680,148,21871.75,R_TRIGGER,-36.0,-36.0,0.9495
2025_02_10,1739206020.0,137,11,1739206680,148,1,21871.75,1739207220,157,21844.0,R_TRIGGER,-56.5,-56.5,0.9519
2025_02_10,1739206740.0,149,8,1739207220,157,-1,21844.0,1739209020,187,21847.25,R_TRIGGER,-7.5,-7.5,0.97
2025_02_10,1739207520.0,162,76,1739212080,238,-1,21869.25,1739222100,405,21830.25,SESSION_CLOSE,77.0,77.0,0.7712
2025_02_11,,-30,60,1739286000,30,1,21795.0,1739286300,35,21778.25,R_TRIGGER,-34.5,-34.5,0.9787
2025_02_11,1739286120.0,32,8,1739286600,40,1,21787.75,1739289840,94,21834.75,R_TRIGGER,93.0,93.0,0.7852
2025_02_11,1739289180.0,83,20,1739290380,103,-1,21832.75,1739294340,169,21756.5,R_TRIGGER,151.5,151.5,0.9543
2025_02_11,1739293740.0,159,13,1739294520,172,1,21773.5,1739296320,202,21757.5,R_TRIGGER,-33.0,-33.0,0.948
2025_02_11,1739295060.0,181,21,1739296320,202,-1,21757.5,1739298660,241,21794.0,R_TRIGGER,-74.0,-74.0,0.961
2025_02_11,1739297460.0,221,32,1739299380,253,-1,21820.75,1739302860,311,21830.0,R_TRIGGER,-19.5,-19.5,0.7525
2025_02_11,1739301300.0,285,45,1739304000,330,1,21832.25,1739306040,364,21799.75,R_TRIGGER,-66.0,-66.0,0.7416
2025_02_11,1739304120.0,332,34,1739306160,366,-1,21795.25,1739308500,405,21792.75,SESSION_CLOSE,4.0,4.0,0.7397
2025_02_12,,-29,31,1739370720,2,1,21572.5,1739372400,30,21651.75,R_TRIGGER,157.5,157.5,0.7443
2025_02_12,1739371920.0,22,10,1739372520,32,-1,21634.25,1739373360,46,21642.25,R_TRIGGER,-17.0,-17.0,0.7572
2025_02_12,1739373120.0,42,4,1739373360,46,1,21642.25,1739374080,58,21695.0,R_TRIGGER,104.5,104.5,0.7742
2025_02_12,1739373840.0,54,4,1739374080,58,1,21695.0,1739374980,73,21715.25,R_TRIGGER,39.5,39.5,0.7808
2025_02_12,1739374680.0,68,7,1739375100,75,1,21713.5,1739376660,101,21685.5,R_TRIGGER,-57.0,-57.0,0.7456
2025_02_12,1739376180.0,93,8,1739376660,101,-1,21685.5,1739378160,126,21695.5,R_TRIGGER,-21.0,-21.0,0.739
2025_02_12,1739377620.0,117,10,1739378220,127,1,21704.0,1739382120,192,21758.5,R_TRIGGER,108.0,108.0,0.9556
2025_02_12,1739380620.0,167,26,1739382180,193,-1,21760.5,1739382840,204,21809.25,R_TRIGGER,-98.5,-98.5,0.9547
2025_02_12,1739382180.0,193,17,1739383200,210,1,21824.0,1739385780,253,21777.75,R_TRIGGER,-93.5,-93.5,0.7582
2025_02_12,1739383200.0,210,44,1739385840,254,-1,21773.25,1739388900,305,21801.0,R_TRIGGER,-56.5,-56.5,0.8211
2025_02_12,1739387580.0,283,33,1739389560,316,-1,21816.75,1739394360,396,21816.75,R_TRIGGER,-1.0,-1.0,0.7344
2025_02_12,1739393580.0,383,15,1739394480,398,1,21834.25,1739394900,405,21823.5,SESSION_CLOSE,-22.5,-22.5,0.9594
2025_02_13,,-47,47,1739457000,0,-1,21879.75,1739457060,1,21900.0,R_TRIGGER,-41.5,-41.5,0.7413
2025_02_13,,-41,42,1739457060,1,1,21900.0,1739457480,8,21838.5,R_TRIGGER,-124.0,-124.0,0.9644
2025_02_13,1739457300.0,5,3,1739457480,8,-1,21838.5,1739457485,,21883.5,CAT_STOP,-91.0,-101.0,0.9712
2025_02_13,1739457480.0,8,5,1739457780,13,-1,21883.5,1739458380,23,21890.0,R_TRIGGER,-14.0,-14.0,0.7691
2025_02_13,1739458200.0,20,6,1739458560,26,1,21914.75,1739459160,36,21909.25,R_TRIGGER,-12.0,-12.0,0.9636
2025_02_13,1739458980.0,33,3,1739459160,36,1,21909.25,1739460420,57,21973.5,R_TRIGGER,127.5,127.5,0.7766
2025_02_13,1739460480.0,58,12,1739461200,70,1,22041.25,1739462100,85,22027.0,R_TRIGGER,-29.5,-29.5,0.7947
2025_02_13,1739461440.0,74,17,1739462460,91,1,22033.5,1739464320,122,21985.0,CAT_STOP,-98.0,-101.0,0.737
2025_02_13,1739464560.0,126,16,1739465520,142,-1,21985.0,1739466180,153,21977.25,R_TRIGGER,14.5,14.5,0.7473
2025_02_13,1739465820.0,147,10,1739466420,157,1,21994.5,1739466780,163,21973.25,R_TRIGGER,-43.5,-43.5,0.9427
2025_02_13,1739466420.0,157,12,1739467140,169,-1,21963.0,1739468580,193,21975.25,R_TRIGGER,-25.5,-25.5,0.9672
2025_02_13,1739467800.0,180,22,1739469120,202,-1,21985.5,1739470920,232,21931.5,R_TRIGGER,107.0,107.0,0.7408
2025_02_13,1739470740.0,229,14,1739471580,243,1,21945.25,1739472180,253,21934.5,R_TRIGGER,-22.5,-22.5,0.9688
2025_02_13,1739472000.0,250,3,1739472180,253,1,21934.5,1739478900,365,22064.25,R_TRIGGER,258.5,258.5,0.7356
2025_02_13,1739478000.0,350,15,1739478900,365,-1,22064.25,1739480040,384,22096.25,R_TRIGGER,-65.0,-65.0,0.9671
2025_02_13,1739478900.0,365,19,1739480040,384,1,22096.25,1739480520,392,22087.25,R_TRIGGER,-19.0,-19.0,0.8041
2025_02_13,1739480340.0,389,5,1739480640,394,-1,22079.5,1739481300,405,22083.0,SESSION_CLOSE,-8.0,-8.0,0.9665
2025_02_14,,-53,54,1739543460,1,1,22105.75,1739543640,4,22112.75,R_TRIGGER,13.0,13.0,0.7829
2025_02_14,1739543460.0,1,4,1739543700,5,1,22100.5,1739545260,31,22112.25,R_TRIGGER,22.5,22.5,0.8136
2025_02_14,1739545320.0,32,3,1739545500,35,1,22129.5,1739546100,45,22137.25,R_TRIGGER,14.5,14.5,0.7364
2025_02_14,1739545800.0,40,6,1739546160,46,-1,22151.5,1739546640,54,22147.25,R_TRIGGER,7.5,7.5,0.7941
2025_02_14,1739546760.0,56,12,1739547480,68,-1,22112.25,1739547960,76,22127.5,R_TRIGGER,-31.5,-31.5,0.9569
2025_02_14,1739547660.0,71,12,1739548380,83,1,22149.75,1739548860,91,22150.5,R_TRIGGER,0.5,0.5,0.9473
2025_02_14,1739549340.0,99,10,1739549940,109,-1,22126.0,1739550300,115,22132.0,R_TRIGGER,-13.0,-13.0,0.967
2025_02_14,1739550060.0,111,10,1739550660,121,-1,22137.25,1739552040,144,22135.25,R_TRIGGER,3.0,3.0,0.7517
2025_02_14,1739552580.0,153,9,1739553120,162,-1,22113.0,1739555220,197,22121.0,R_TRIGGER,-17.0,-17.0,0.9656
2025_02_14,1739554200.0,180,18,1739555280,198,1,22128.5,1739557500,235,22153.0,R_TRIGGER,48.0,48.0,0.951
2025_02_14,1739556660.0,221,14,1739557500,235,-1,22153.0,1739557920,242,22171.75,R_TRIGGER,-38.5,-38.5,0.9502
2025_02_14,1739557680.0,238,5,1739557980,243,1,22179.5,1739561220,297,22178.25,R_TRIGGER,-3.5,-3.5,0.9486
2025_02_14,1739560440.0,284,13,1739561220,297,-1,22178.25,1739564100,345,22184.25,R_TRIGGER,-13.0,-13.0,0.9686
2025_02_14,1739562720.0,322,38,1739565000,360,1,22181.25,1739566740,389,22194.25,R_TRIGGER,25.0,25.0,0.7381
2025_02_14,1739566440.0,384,5,1739566740,389,1,22194.25,1739567700,405,22212.75,SESSION_CLOSE,36.0,36.0,0.7715
2025_02_17,,-136,137,1739802660,1,-1,22225.75,1739803560,16,22211.0,R_TRIGGER,28.5,28.5,0.8445
2025_02_17,1739803380.0,13,28,1739805060,41,1,22216.75,1739811660,151,22230.75,R_TRIGGER,27.0,27.0,0.9496
2025_02_17,1739810160.0,126,56,1739813520,182,1,22236.25,1739815140,209,22235.25,SESSION_CLOSE,-3.0,-3.0,0.9481
2025_02_18,,-17,18,1739889060,1,-1,22232.75,1739890380,23,22210.75,R_TRIGGER,43.0,43.0,0.7477
2025_02_18,1739890200.0,20,9,1739890740,29,-1,22202.5,1739891220,37,22190.75,R_TRIGGER,22.5,22.5,0.7536
2025_02_18,1739890860.0,31,8,1739891340,39,-1,22189.0,1739893080,68,22166.75,R_TRIGGER,43.5,43.5,0.7355
2025_02_18,1739893140.0,69,8,1739893620,77,-1,22138.5,1739893920,82,22172.75,R_TRIGGER,-69.5,-69.5,0.8335
2025_02_18,1739893620.0,77,7,1739894040,84,1,22183.25,1739895720,112,22169.5,R_TRIGGER,-28.5,-28.5,0.9442
2025_02_18,1739895420.0,107,6,1739895780,113,-1,22172.5,1739896020,117,22199.75,R_TRIGGER,-55.5,-55.5,0.7432
2025_02_18,1739895780.0,113,12,1739896500,125,1,22189.25,1739898000,150,22181.25,R_TRIGGER,-17.0,-17.0,0.7457
2025_02_18,1739897640.0,144,6,1739898000,150,-1,22181.25,1739901060,201,22201.75,R_TRIGGER,-42.0,-42.0,0.7905
2025_02_18,1739899260.0,171,30,1739901060,201,1,22201.75,1739902440,224,22176.0,R_TRIGGER,-52.5,-52.5,0.761
2025_02_18,1739901900.0,215,22,1739903220,237,-1,22166.25,1739906640,294,22155.25,R_TRIGGER,21.0,21.0,0.7428
2025_02_18,1739906400.0,290,4,1739906640,294,1,22155.25,1739913300,405,22223.0,SESSION_CLOSE,134.5,134.5,0.9658
2025_02_19,,-51,51,1739975400,0,-1,22194.75,1739975700,5,22219.25,R_TRIGGER,-50.0,-50.0,0.7557
2025_02_19,1739975520.0,2,3,1739975700,5,-1,22219.25,1739976840,24,22188.5,R_TRIGGER,60.5,60.5,0.8048
2025_02_19,1739976540.0,19,11,1739977200,30,-1,22168.25,1739978160,46,22152.75,R_TRIGGER,30.0,30.0,0.7534
2025_02_19,1739977740.0,39,21,1739979000,60,1,22161.75,1739979300,65,22156.75,R_TRIGGER,-11.0,-11.0,0.957
2025_02_19,1739979060.0,61,8,1739979540,69,1,22177.75,1739980500,85,22170.0,R_TRIGGER,-16.5,-16.5,0.7361
2025_02_19,1739980080.0,78,7,1739980500,85,-1,22170.0,1739980860,91,22184.75,R_TRIGGER,-30.5,-30.5,0.9564
2025_02_19,1739980620.0,87,6,1739980980,93,1,22192.5,1739985840,174,22216.25,R_TRIGGER,46.5,46.5,0.9525
2025_02_19,1739984940.0,159,38,1739987220,197,1,22235.25,1739988300,215,22222.25,R_TRIGGER,-27.0,-27.0,0.9555
2025_02_19,1739987820.0,207,8,1739988300,215,-1,22222.25,1739989020,227,22231.25,R_TRIGGER,-19.0,-19.0,0.9542
2025_02_19,1739988720.0,222,5,1739989020,227,1,22231.25,1739991540,269,22232.5,R_TRIGGER,1.5,1.5,0.9568
2025_02_19,1739990460.0,251,18,1739991540,269,-1,22232.5,1739992440,284,22270.0,R_TRIGGER,-76.0,-76.0,0.7481
2025_02_19,1739991600.0,270,14,1739992440,284,1,22270.0,1739995740,339,22264.25,R_TRIGGER,-12.5,-12.5,0.9561
2025_02_19,1739995140.0,329,21,1739996400,350,-1,22267.0,1739997120,362,22253.0,R_TRIGGER,27.0,27.0,0.7404
2025_02_19,1739996880.0,358,7,1739997300,365,-1,22235.5,1739998560,386,22251.5,R_TRIGGER,-33.0,-33.0,0.7661
2025_02_19,1739998140.0,379,7,1739998560,386,1,22251.5,1739998920,392,22227.25,R_TRIGGER,-49.5,-49.5,0.9545
2025_02_19,1739998740.0,389,5,1739999040,394,-1,22216.75,1739999700,405,22217.25,SESSION_CLOSE,-2.0,-2.0,0.7973
2025_02_20,,-12,15,1740061980,3,-1,22181.0,1740062340,9,22199.0,R_TRIGGER,-37.0,-37.0,0.8493
2025_02_20,1740062040.0,4,9,1740062580,13,-1,22200.75,1740063840,34,22031.25,R_TRIGGER,338.0,338.0,0.7817
2025_02_20,1740063660.0,31,4,1740063900,35,-1,22039.5,1740064380,43,22035.25,R_TRIGGER,7.5,7.5,0.7641
2025_02_20,1740064200.0,40,3,1740064380,43,-1,22035.25,1740064735,,22099.25,CAT_STOP,-129.0,-101.0,0.7364
2025_02_20,1740065040.0,54,7,1740065460,61,1,22094.25,1740065700,65,22077.5,R_TRIGGER,-34.5,-34.5,0.7444
2025_02_20,1740065460.0,61,6,1740065820,67,1,22069.5,1740066660,81,21999.0,CAT_STOP,-142.0,-101.0,0.7522
2025_02_20,1740066900.0,85,3,1740067080,88,-1,21999.0,1740067320,92,22012.75,R_TRIGGER,-28.5,-28.5,0.7739
2025_02_20,1740067140.0,89,3,1740067320,92,1,22012.75,1740068160,106,22034.5,R_TRIGGER,42.5,42.5,0.7605
2025_02_20,1740067980.0,103,4,1740068220,107,-1,22027.5,1740068460,111,22050.25,R_TRIGGER,-46.5,-46.5,0.779
2025_02_20,1740068280.0,108,4,1740068520,112,1,22045.5,1740069300,125,22043.5,R_TRIGGER,-5.0,-5.0,0.7703
2025_02_20,1740069000.0,120,7,1740069420,127,-1,22021.0,1740069660,131,22042.0,R_TRIGGER,-43.0,-43.0,0.9673
2025_02_20,1740069480.0,128,7,1740069900,135,-1,22044.25,1740070980,153,22061.25,R_TRIGGER,-35.0,-35.0,0.7627
2025_02_20,1740070800.0,150,4,1740071040,154,1,22064.0,1740073680,198,22075.25,R_TRIGGER,21.5,21.5,0.9513
2025_02_20,1740073440.0,194,7,1740073860,201,-1,22073.5,1740074760,216,22055.0,R_TRIGGER,36.0,36.0,0.7503
2025_02_20,1740074520.0,212,11,1740075180,223,1,22065.25,1740075660,231,22045.0,R_TRIGGER,-41.5,-41.5,0.962
2025_02_20,1740075240.0,224,9,1740075780,233,-1,22033.0,1740076320,242,22054.5,R_TRIGGER,-44.0,-44.0,0.9624
2025_02_20,1740075780.0,233,15,1740076680,248,-1,22062.25,1740079235,,22085.25,CAT_STOP,-47.0,-101.0,0.7439
2025_02_20,1740080460.0,311,5,1740080760,316,1,22091.75,1740082320,342,22103.25,R_TRIGGER,22.0,22.0,0.9489
2025_02_20,1740081000.0,320,24,1740082440,344,1,22099.75,1740083760,366,22100.5,R_TRIGGER,0.5,0.5,0.7639
2025_02_20,1740082920.0,352,17,1740083940,369,-1,22096.25,1740084300,375,22119.75,R_TRIGGER,-48.0,-48.0,0.7368
2025_02_20,1740083880.0,368,7,1740084300,375,1,22119.75,1740086100,405,22127.5,SESSION_CLOSE,14.5,14.5,0.7531
2025_02_21,,-43,45,1740148320,2,-1,22159.5,1740149160,16,22139.25,R_TRIGGER,39.5,39.5,0.7507
2025_02_21,1740149160.0,16,4,1740149400,20,-1,22102.5,1740150600,40,22099.75,R_TRIGGER,4.5,4.5,0.767
2025_02_21,1740150420.0,37,5,1740150720,42,-1,22099.25,1740152820,77,21988.5,R_TRIGGER,220.5,220.5,0.7645
2025_02_21,1740152640.0,74,15,1740153540,89,1,22006.75,1740153780,93,21987.5,R_TRIGGER,-39.5,-39.5,0.9582
2025_02_21,1740153600.0,90,10,1740154200,100,1,21972.0,1740155160,116,21987.0,R_TRIGGER,29.0,29.0,0.7506
2025_02_21,1740154920.0,112,13,1740155700,125,1,22012.25,1740156735,,21875.75,CAT_STOP,-274.0,-101.0,0.7395
2025_02_21,1740158880.0,178,10,1740159480,188,-1,21877.0,1740161760,226,21828.5,R_TRIGGER,96.0,96.0,0.8757
2025_02_21,1740161580.0,223,5,1740161880,228,-1,21823.75,1740162960,246,21816.75,R_TRIGGER,13.0,13.0,0.7486
2025_02_21,1740162720.0,242,6,1740163080,248,1,21832.5,1740163260,251,21794.5,R_TRIGGER,-77.0,-77.0,0.9611
2025_02_21,1740163080.0,248,11,1740163740,259,-1,21786.25,1740166320,302,21708.75,R_TRIGGER,154.0,154.0,0.9647
2025_02_21,1740166140.0,299,3,1740166320,302,-1,21708.75,1740167520,322,21715.75,R_TRIGGER,-15.0,-15.0,0.8036
2025_02_21,1740166680.0,308,15,1740167580,323,1,21706.0,1740168000,330,21701.0,R_TRIGGER,-11.0,-11.0,0.7414
2025_02_21,1740167580.0,323,7,1740168000,330,-1,21701.0,1740169440,354,21714.0,R_TRIGGER,-27.0,-27.0,0.7607
2025_02_21,1740168600.0,340,18,1740169680,358,-1,21697.5,1740172500,405,21684.0,SESSION_CLOSE,26.0,26.0,0.7999
2025_02_24,,-30,30,1740407400,0,-1,21747.75,1740407550,,21533.0,CAT_STOP,428.5,-101.0,0.745
2025_02_24,1740409620.0,37,3,1740409800,40,-1,21533.0,1740410220,47,21492.0,CAT_STOP,81.0,-101.0,0.7599
2025_02_24,1740412560.0,86,10,1740413160,96,1,21522.0,1740415080,128,21554.25,R_TRIGGER,63.5,63.5,0.9639
2025_02_24,1740415140.0,129,3,1740415320,132,1,21612.5,1740416280,148,21571.75,R_TRIGGER,-82.5,-82.5,0.7673
2025_02_24,1740415500.0,135,18,1740416580,153,1,21606.25,1740419820,207,21610.0,R_TRIGGER,6.5,6.5,0.8687
2025_02_24,1740419100.0,195,13,1740419880,208,-1,21612.0,1740421020,227,21649.75,R_TRIGGER,-76.5,-76.5,0.7407
2025_02_24,1740419940.0,209,18,1740421020,227,1,21649.75,1740423420,267,21598.5,R_TRIGGER,-103.5,-103.5,0.8755
2025_02_24,1740421080.0,228,39,1740423420,267,-1,21598.5,1740431700,405,21437.25,SESSION_CLOSE,321.5,321.5,0.9726
2025_02_25,,-60,61,1740493860,1,-1,21335.75,1740494160,6,21379.5,R_TRIGGER,-88.5,-88.5,0.7814
2025_02_25,1740493860.0,1,5,1740494160,6,-1,21379.5,1740495360,26,21279.75,R_TRIGGER,198.5,198.5,0.8808
2025_02_25,1740495180.0,23,4,1740495420,27,1,21280.0,1740495600,30,21214.25,R_TRIGGER,-132.5,-132.5,0.7912
2025_02_25,1740495360.0,26,4,1740495600,30,-1,21214.25,1740496980,53,21081.0,R_TRIGGER,265.5,265.5,0.9881
2025_02_25,1740496800.0,50,5,1740497100,55,-1,21074.5,1740497760,66,21101.75,R_TRIGGER,-55.5,-55.5,0.7947
2025_02_25,1740497460.0,61,8,1740497940,69,1,21118.0,1740498420,77,21088.75,R_TRIGGER,-59.5,-59.5,0.9706
2025_02_25,1740497940.0,69,10,1740498540,79,1,21111.75,1740499140,89,21104.25,R_TRIGGER,-16.0,-16.0,0.797
2025_02_25,1740498720.0,82,7,1740499140,89,1,21104.25,1740499420,,21040.5,CAT_STOP,-128.5,-101.0,0.7554
2025_02_25,1740500460.0,111,6,1740500820,117,-1,21040.5,1740501360,126,21046.0,R_TRIGGER,-12.0,-12.0,0.8949
2025_02_25,1740501180.0,123,5,1740501480,128,1,21059.25,1740503100,155,21148.25,R_TRIGGER,177.0,177.0,0.7452
2025_02_25,1740502620.0,147,9,1740503160,156,1,21159.0,1740507240,224,21223.25,R_TRIGGER,127.5,127.5,0.773
2025_02_25,1740506820.0,217,8,1740507300,225,-1,21220.0,1740508680,248,21233.5,R_TRIGGER,-28.0,-28.0,0.9605
2025_02_25,1740508200.0,240,8,1740508680,248,1,21233.5,1740509820,267,21201.5,R_TRIGGER,-65.0,-65.0,0.9677
2025_02_25,1740509040.0,254,17,1740510060,271,1,21193.25,1740510900,285,21214.0,CAT_STOP,40.5,-101.0,0.7354
2025_02_25,1740515040.0,354,12,1740515760,366,-1,21185.75,1740517380,393,21181.25,R_TRIGGER,8.0,8.0,0.9774
2025_02_25,1740516900.0,385,10,1740517500,395,1,21199.75,1740518100,405,21188.75,SESSION_CLOSE,-23.0,-23.0,0.9535
2025_02_26,,-57,57,1740580200,0,-1,21193.25,1740580680,8,21260.5,CAT_STOP,-135.5,-101.0,0.7483
2025_02_26,1740580500.0,5,5,1740580800,10,-1,21246.25,1740581220,17,21256.25,R_TRIGGER,-21.0,-21.0,0.805
2025_02_26,1740580920.0,12,5,1740581220,17,-1,21256.25,1740581695,,21333.5,CAT_STOP,-155.5,-101.0,0.827
2025_02_26,1740583740.0,59,7,1740584160,66,-1,21333.5,1740585950,,21396.5,CAT_STOP,-127.0,-101.0,0.7574
2025_02_26,1740589200.0,150,8,1740589680,158,1,21396.5,1740591120,182,21356.75,R_TRIGGER,-80.5,-80.5,0.9478
2025_02_26,1740590220.0,167,18,1740591300,185,-1,21331.25,1740597600,290,21130.25,R_TRIGGER,401.0,401.0,0.9729
2025_02_26,1740596820.0,277,13,1740597600,290,1,21130.25,1740599820,327,21112.75,R_TRIGGER,-36.0,-36.0,0.7822
2025_02_26,1740598920.0,312,15,1740599820,327,-1,21112.75,1740601260,351,21136.0,R_TRIGGER,-47.5,-47.5,0.9756
2025_02_26,1740600240.0,334,19,1740601380,353,1,21147.25,1740603540,389,21191.25,R_TRIGGER,87.0,87.0,0.965
2025_02_26,1740602940.0,379,10,1740603540,389,1,21191.25,1740604500,405,21220.25,SESSION_CLOSE,57.0,57.0,0.7478
2025_02_27,,-36,36,1740666600,0,1,21353.0,1740667200,10,21274.75,CAT_STOP,-157.5,-101.0,0.7345
2025_02_27,1740667020.0,7,3,1740667200,10,1,21274.75,1740667375,,21117.25,CAT_STOP,-316.0,-101.0,0.7687
2025_02_27,1740669780.0,53,5,1740670080,58,1,21133.5,1740670320,62,21094.25,CAT_STOP,-79.5,-101.0,0.8034
2025_02_27,1740670680.0,68,14,1740671520,82,-1,21058.0,1740672600,100,21072.25,R_TRIGGER,-29.5,-29.5,0.9778
2025_02_27,1740672000.0,90,13,1740672780,103,1,21103.0,1740673560,116,21093.25,R_TRIGGER,-20.5,-20.5,0.9672
2025_02_27,1740673200.0,110,8,1740673680,118,-1,21069.75,1740677100,175,21012.5,R_TRIGGER,113.5,113.5,0.9706
2025_02_27,1740676800.0,170,7,1740677220,177,1,21038.75,1740678060,191,21010.5,R_TRIGGER,-57.5,-57.5,0.9591
2025_02_27,1740677400.0,180,12,1740678120,192,-1,20999.0,1740679200,210,21058.25,R_TRIGGER,-119.5,-119.5,0.9733
2025_02_27,1740678120.0,192,18,1740679200,210,1,21058.25,1740681900,255,21074.25,R_TRIGGER,31.0,31.0,0.9769
2025_02_27,1740680700.0,235,20,1740681900,255,-1,21074.25,1740685620,317,20858.25,R_TRIGGER,431.0,431.0,0.9742
2025_02_27,1740685320.0,312,6,1740685680,318,-1,20823.75,1740687780,353,20749.0,R_TRIGGER,148.5,148.5,0.7836
2025_02_27,1740687600.0,350,3,1740687780,353,-1,20749.0,1740689460,381,20700.0,R_TRIGGER,97.0,97.0,0.7811
2025_02_27,1740689220.0,377,4,1740689460,381,-1,20700.0,1740690900,405,20614.75,SESSION_CLOSE,169.5,169.5,0.8256
2025_02_28,,-54,55,1740753060,1,-1,20502.75,1740753420,7,20591.75,CAT_STOP,-179.0,-101.0,0.7835
2025_02_28,1740753240.0,4,6,1740753600,10,-1,20542.5,1740753760,,20622.75,CAT_STOP,-161.5,-101.0,0.8469
2025_02_28,1740754620.0,27,3,1740754800,30,1,20622.75,1740755030,,20580.25,CAT_STOP,-86.0,-101.0,0.9791
2025_02_28,1740754920.0,32,4,1740755160,36,1,20612.5,1740756000,50,20636.75,R_TRIGGER,47.5,47.5,0.7991
2025_02_28,1740755700.0,45,6,1740756060,51,1,20650.25,1740756960,66,20694.0,R_TRIGGER,86.5,86.5,0.8414
2025_02_28,1740756660.0,61,6,1740757020,67,-1,20705.0,1740757920,82,20718.5,R_TRIGGER,-28.0,-28.0,0.7553
2025_02_28,1740757320.0,72,10,1740757920,82,1,20718.5,1740759120,102,20702.25,R_TRIGGER,-33.5,-33.5,0.7724
2025_02_28,1740758580.0,93,9,1740759120,102,-1,20702.25,1740759600,110,20706.5,R_TRIGGER,-9.5,-9.5,0.7405
2025_02_28,1740759360.0,106,4,1740759600,110,-1,20706.5,1740760440,124,20686.25,R_TRIGGER,39.5,39.5,0.7977
2025_02_28,1740760200.0,120,5,1740760500,125,-1,20691.0,1740760860,131,20729.5,CAT_STOP,-78.0,-101.0,0.7637
2025_02_28,1740762540.0,159,9,1740763080,168,1,20729.25,1740763380,173,20675.5,R_TRIGGER,-108.5,-108.5,0.9548
2025_02_28,1740763200.0,170,3,1740763380,173,1,20675.5,1740764625,,20560.25,CAT_STOP,-231.5,-101.0,0.7714
2025_02_28,1740765180.0,203,5,1740765480,208,-1,20560.25,1740767220,237,20560.75,R_TRIGGER,-2.0,-2.0,0.8444
2025_02_28,1740766860.0,231,7,1740767280,238,-1,20550.0,1740767435,,20613.25,CAT_STOP,-127.5,-101.0,0.7846
2025_02_28,1740769140.0,269,22,1740770460,291,-1,20573.5,1740771115,,20756.5,CAT_STOP,-367.0,-101.0,0.7631
2025_02_28,1740774240.0,354,4,1740774480,358,1,20756.5,1740774840,364,20705.0,R_TRIGGER,-104.0,-104.0,0.8718
2025_02_28,1740774540.0,359,5,1740774840,364,1,20705.0,1740776700,395,20871.5,R_TRIGGER,332.0,332.0,0.8033
2025_02_28,1740776340.0,389,7,1740776760,396,-1,20879.0,1740777300,405,20896.75,SESSION_CLOSE,-36.5,-36.5,0.7399
2025_03_03,,-25,25,1741012200,0,-1,21027.75,1741012380,3,21090.75,CAT_STOP,-127.0,-101.0,0.781
2025_03_03,1741012200.0,0,3,1741012380,3,1,21090.75,1741012580,,21038.0,CAT_STOP,-106.5,-101.0,0.8227
2025_03_03,1741012440.0,4,3,1741012620,7,-1,21038.0,1741013280,18,20981.25,R_TRIGGER,112.5,112.5,0.7653
2025_03_03,1741013100.0,15,3,1741013280,18,-1,20981.25,1741014180,33,20856.25,R_TRIGGER,249.0,249.0,0.8486
2025_03_03,1741014000.0,30,3,1741014180,33,-1,20856.25,1741015260,51,20883.5,R_TRIGGER,-55.5,-55.5,0.8422
2025_03_03,1741015080.0,48,3,1741015260,51,-1,20883.5,1741015660,,20927.75,CAT_STOP,-89.5,-101.0,0.8063
2025_03_03,1741016220.0,67,3,1741016400,70,1,20927.75,1741016820,77,20931.75,R_TRIGGER,7.0,7.0,0.8565
2025_03_03,1741016640.0,74,4,1741016880,78,1,20904.5,1741017420,87,20869.0,R_TRIGGER,-72.0,-72.0,0.7778
2025_03_03,1741017180.0,83,4,1741017420,87,-1,20869.0,1741017720,92,20895.25,R_TRIGGER,-53.5,-53.5,0.9799
2025_03_03,1741017540.0,89,5,1741017840,94,-1,20895.25,1741018915,,20892.5,CAT_STOP,4.5,-101.0,0.7907
2025_03_03,1741020240.0,134,4,1741020480,138,1,20892.5,1741023420,187,20914.5,R_TRIGGER,43.0,43.0,0.7856
2025_03_03,1741023420.0,187,5,1741023720,192,1,20956.75,1741023900,195,20918.0,R_TRIGGER,-78.5,-78.5,0.7369
2025_03_03,1741023720.0,192,5,1741024020,197,-1,20891.0,1741025880,228,20749.75,R_TRIGGER,281.5,281.5,0.9666
2025_03_03,1741025640.0,224,5,1741025940,229,1,20743.25,1741026420,237,20713.0,R_TRIGGER,-61.5,-61.5,0.7364
2025_03_03,1741026240.0,234,4,1741026480,238,-1,20685.25,1741027320,252,20709.5,R_TRIGGER,-49.5,-49.5,0.8193
2025_03_03,1741027140.0,249,4,1741027380,253,-1,20693.25,1741027680,258,20747.75,CAT_STOP,-110.0,-101.0,0.7628
2025_03_03,1741028160.0,266,5,1741028460,271,1,20778.75,1741029180,283,20758.25,R_TRIGGER,-42.0,-42.0,0.9788
2025_03_03,1741028580.0,273,10,1741029180,283,1,20758.25,1741029495,,20716.0,CAT_STOP,-85.5,-101.0,0.7813
2025_03_03,1741029840.0,294,3,1741030020,297,-1,20716.0,1741030260,301,20758.75,R_TRIGGER,-86.5,-86.5,0.785
2025_03_03,1741030020.0,297,9,1741030560,306,-1,20748.25,1741030860,311,20810.75,CAT_STOP,-126.0,-101.0,0.7667
2025_03_03,1741030920.0,312,5,1741031220,317,-1,20744.0,1741032360,336,20534.0,R_TRIGGER,419.0,419.0,0.8268
2025_03_03,1741032180.0,333,3,1741032360,336,-1,20534.0,1741032900,345,20479.25,R_TRIGGER,108.5,108.5,0.82
2025_03_03,1741032720.0,342,3,1741032900,345,-1,20479.25,1741033920,362,20401.5,R_TRIGGER,154.5,154.5,0.8462
2025_03_03,1741033740.0,359,3,1741033920,362,-1,20401.5,1741034820,377,20375.25,R_TRIGGER,51.5,51.5,0.8628
2025_03_03,1741034640.0,374,3,1741034820,377,-1,20375.25,1741035300,385,20520.0,CAT_STOP,-290.5,-101.0,0.7619
2025_03_04,,-61,61,1741098600,0,-1,20333.75,1741098960,6,20384.0,R_TRIGGER,-101.5,-101.5,0.7819
2025_03_04,1741098720.0,2,5,1741099020,7,-1,20399.25,1741099560,16,20361.0,R_TRIGGER,75.5,75.5,0.8395
2025_03_04,1741099380.0,13,6,1741099740,19,-1,20326.5,1741099745,,20168.25,CAT_STOP,315.5,-101.0,0.7958
2025_03_04,1741101720.0,52,5,1741102020,57,-1,20168.25,1741102380,63,20220.0,CAT_STOP,-104.5,-101.0,0.8238
2025_03_04,1741104540.0,99,8,1741105020,107,-1,20193.25,1741106160,126,20197.25,R_TRIGGER,-9.0,-9.0,0.767
2025_03_04,1741105740.0,119,7,1741106160,126,-1,20197.25,1741106580,133,20420.25,CAT_STOP,-447.0,-101.0,0.7824
2025_03_04,1741111260.0,211,8,1741111740,219,1,20420.25,1741112520,232,20400.0,R_TRIGGER,-41.5,-41.5,0.9751
2025_03_04,1741111980.0,223,9,1741112520,232,1,20400.0,1741120200,360,20629.0,R_TRIGGER,457.0,457.0,0.7937
2025_03_04,1741119840.0,354,6,1741120200,360,-1,20629.0,1741121820,387,20413.75,R_TRIGGER,429.5,429.5,0.9873
2025_03_04,1741121520.0,382,5,1741121820,387,-1,20413.75,1741122020,,20472.75,CAT_STOP,-119.0,-101.0,0.8556
2025_03_05,,-15,17,1741185120,2,-1,20398.0,1741185660,11,20433.0,R_TRIGGER,-71.0,-71.0,0.7652
2025_03_05,1741185480.0,8,6,1741185840,14,-1,20428.75,1741186800,30,20456.75,R_TRIGGER,-57.0,-57.0,0.805
2025_03_05,1741186620.0,27,3,1741186800,30,1,20456.75,1741186805,,20470.25,CAT_STOP,26.0,-101.0,0.973
2025_03_05,1741187220.0,37,5,1741187520,42,1,20470.25,1741187525,,20372.25,CAT_STOP,-197.0,-101.0,0.8454
2025_03_05,1741189140.0,69,12,1741189860,81,1,20357.75,1741190460,91,20354.5,R_TRIGGER,-7.5,-7.5,0.8121
2025_03_05,1741190280.0,88,7,1741190700,95,-1,20342.25,1741193820,147,20318.75,R_TRIGGER,46.0,46.0,0.9781
2025_03_05,1741193160.0,136,12,1741193880,148,1,20361.0,1741196820,197,20458.5,R_TRIGGER,194.0,194.0,0.9811
2025_03_05,1741196400.0,190,7,1741196820,197,1,20458.5,1741198200,220,20501.0,R_TRIGGER,84.0,84.0,0.737
2025_03_05,1741198020.0,217,3,1741198200,220,-1,20501.0,1741199760,246,20510.5,R_TRIGGER,-20.0,-20.0,0.9025
2025_03_05,1741199520.0,242,4,1741199760,246,-1,20510.5,1741200720,262,20668.75,CAT_STOP,-317.5,-101.0,0.8016
2025_03_05,1741203480.0,308,13,1741204260,321,1,20657.75,1741205820,347,20623.25,R_TRIGGER,-70.0,-70.0,0.7855
2025_03_05,1741205280.0,338,9,1741205820,347,-1,20623.25,1741206360,356,20693.0,CAT_STOP,-140.5,-101.0,0.9802
2025_03_05,1741206180.0,353,7,1741206600,360,-1,20659.25,1741208040,384,20689.25,R_TRIGGER,-61.0,-61.0,0.7922
2025_03_05,1741207860.0,381,9,1741208400,390,-1,20660.0,1741209300,405,20602.0,SESSION_CLOSE,115.0,115.0,0.7989
2025_03_06,,-53,53,1741271400,0,-1,20280.75,1741271940,9,20299.75,R_TRIGGER,-39.0,-39.0,0.7908
2025_03_06,1741271760.0,6,3,1741271940,9,-1,20299.75,1741272600,20,20322.75,R_TRIGGER,-47.0,-47.0,0.8698
2025_03_06,1741272240.0,14,6,1741272600,20,-1,20322.75,1741273380,33,20354.5,R_TRIGGER,-64.5,-64.5,0.7973
2025_03_06,1741273200.0,30,3,1741273380,33,1,20354.5,1741274760,56,20405.5,R_TRIGGER,101.0,101.0,0.9678
2025_03_06,1741274520.0,52,6,1741274880,58,1,20443.5,1741276200,80,20438.75,R_TRIGGER,-10.5,-10.5,0.8348
2025_03_06,1741275600.0,70,10,1741276200,80,1,20438.75,1741276605,,20424.25,CAT_STOP,-30.0,-101.0,0.7466
2025_03_06,1741277460.0,101,11,1741278120,112,-1,20392.0,1741278600,120,20429.5,CAT_STOP,-76.0,-101.0,0.9766
2025_03_06,1741278540.0,119,3,1741278720,122,-1,20429.5,1741281660,171,20214.25,R_TRIGGER,429.5,429.5,0.7549
2025_03_06,1741281420.0,167,6,1741281780,173,-1,20208.5,1741282200,180,20196.25,R_TRIGGER,23.5,23.5,0.7588
2025_03_06,1741282020.0,177,7,1741282440,184,-1,20179.75,1741283880,208,20186.5,R_TRIGGER,-14.5,-14.5,0.7916
2025_03_06,1741283340.0,199,12,1741284060,211,-1,20160.5,1741285080,228,20196.75,R_TRIGGER,-73.5,-73.5,0.7816
2025_03_06,1741284600.0,220,11,1741285260,231,1,20204.25,1741285680,238,20152.75,R_TRIGGER,-104.0,-104.0,0.807
2025_03_06,1741285260.0,231,7,1741285680,238,1,20152.75,1741286240,,20077.5,CAT_STOP,-151.5,-101.0,0.7737
2025_03_06,1741287180.0,263,10,1741287780,273,-1,20064.25,1741288220,,20077.5,CAT_STOP,-27.5,-101.0,0.8001
2025_03_06,1741289460.0,301,14,1741290300,315,-1,20083.5,1741290540,319,20096.75,CAT_STOP,-27.5,-101.0,0.8055
2025_03_06,1741291200.0,330,4,1741291440,334,-1,20096.75,1741292110,,20105.25,CAT_STOP,-18.0,-101.0,0.791
2025_03_06,1741292640.0,354,4,1741292880,358,1,20105.25,1741293540,369,20087.0,R_TRIGGER,-37.5,-37.5,0.8208
2025_03_06,1741293180.0,363,6,1741293540,369,1,20087.0,1741295700,405,20189.75,SESSION_CLOSE,204.5,204.5,0.8209
2025_03_07,,-59,59,1741357800,0,-1,20065.25,1741358040,4,20100.5,R_TRIGGER,-71.5,-71.5,0.7388
2025_03_07,,-17,22,1741358100,5,1,20105.75,1741358220,7,20149.75,CAT_STOP,87.0,-101.0,0.8263
2025_03_07,1741359300.0,25,3,1741359480,28,-1,20149.75,1741359780,33,20151.75,R_TRIGGER,-5.0,-5.0,0.8078
2025_03_07,1741359600.0,30,5,1741359900,35,-1,20161.5,1741361040,54,20112.5,R_TRIGGER,97.0,97.0,0.7952
2025_03_07,1741360680.0,48,6,1741361040,54,-1,20112.5,1741362300,75,19976.0,R_TRIGGER,272.0,272.0,0.8025
2025_03_07,1741362060.0,71,4,1741362300,75,-1,19976.0,1741362550,,19853.75,CAT_STOP,243.5,-101.0,0.8614
2025_03_07,1741366380.0,143,9,1741366920,152,1,19863.5,1741367220,157,19822.0,CAT_STOP,-84.0,-101.0,0.7538
2025_03_07,1741367040.0,154,4,1741367280,158,1,19809.0,1741370280,208,19932.5,R_TRIGGER,246.0,246.0,0.794
2025_03_07,1741370100.0,205,3,1741370280,208,-1,19932.5,1741370285,,20002.5,CAT_STOP,-141.0,-101.0,0.9783
2025_03_07,1741370280.0,208,4,1741370520,212,-1,20002.5,1741370670,,20118.5,CAT_STOP,-233.0,-101.0,0.8009
2025_03_07,1741371060.0,221,9,1741371600,230,1,20118.5,1741371840,234,20051.5,CAT_STOP,-135.0,-101.0,0.8495
2025_03_07,1741371660.0,231,3,1741371840,234,1,20051.5,1741374420,277,20131.5,R_TRIGGER,159.0,159.0,0.8366
2025_03_07,1741374120.0,272,5,1741374420,277,-1,20131.5,1741374800,,20186.25,CAT_STOP,-110.5,-101.0,0.8489
2025_03_07,1741374540.0,279,9,1741375080,288,1,20191.25,1741376640,314,20206.0,R_TRIGGER,28.5,28.5,0.7466
2025_03_07,1741375920.0,302,12,1741376640,314,-1,20206.0,1741378080,338,20235.75,R_TRIGGER,-60.5,-60.5,0.789
2025_03_07,1741377000.0,320,19,1741378140,339,1,20240.0,1741378500,345,20174.75,R_TRIGGER,-131.5,-131.5,0.8142
2025_03_07,1741378260.0,341,4,1741378500,345,1,20174.75,1741379820,367,20153.75,R_TRIGGER,-43.0,-43.0,0.8344
2025_03_07,1741378740.0,349,18,1741379820,367,-1,20153.75,1741380300,375,20178.75,R_TRIGGER,-51.0,-51.0,0.9801
2025_03_07,1741380120.0,372,3,1741380300,375,-1,20178.75,1741380900,385,20203.25,CAT_STOP,-50.0,-101.0,0.7925
2025_03_10,,-20,20,1741613400,0,-1,19879.75,1741613880,8,19839.75,R_TRIGGER,79.0,79.0,0.7562
2025_03_10,1741613580.0,3,5,1741613880,8,-1,19839.75,1741614270,,19810.0,CAT_STOP,58.5,-101.0,0.7375
2025_03_10,1741614840.0,24,5,1741615140,29,-1,19790.5,1741616100,45,19731.75,R_TRIGGER,116.5,116.5,0.8316
2025_03_10,1741615800.0,40,5,1741616100,45,-1,19731.75,1741616640,54,19712.25,R_TRIGGER,38.0,38.0,0.8101
2025_03_10,1741616460.0,51,3,1741616640,54,-1,19712.25,1741617540,69,19655.5,R_TRIGGER,112.5,112.5,0.8087
2025_03_10,1741617360.0,66,4,1741617600,70,-1,19647.5,1741618860,91,19576.5,R_TRIGGER,141.0,141.0,0.7842
2025_03_10,1741618620.0,87,8,1741619100,95,-1,19566.5,1741619625,,19612.75,CAT_STOP,-93.5,-101.0,0.775
2025_03_10,1741620000.0,110,4,1741620240,114,1,19613.5,1741621260,131,19629.75,R_TRIGGER,31.5,31.5,0.9685
2025_03_10,1741621020.0,127,5,1741621320,132,-1,19615.75,1741621620,137,19647.0,R_TRIGGER,-63.5,-63.5,0.7375
2025_03_10,1741621440.0,134,3,1741621620,137,-1,19647.0,1741624140,179,19579.75,R_TRIGGER,133.5,133.5,0.7844
2025_03_10,1741623780.0,173,7,1741624200,180,-1,19595.25,1741626900,225,19509.75,R_TRIGGER,170.0,170.0,0.7895
2025_03_10,1741626660.0,221,4,1741626900,225,-1,19509.75,1741630200,280,19434.75,R_TRIGGER,149.0,149.0,0.797
2025_03_10,1741629960.0,276,7,1741630380,283,-1,19442.25,1741631460,301,19467.25,R_TRIGGER,-51.0,-51.0,0.7855
2025_03_10,1741631160.0,296,6,1741631520,302,-1,19442.75,1741634040,344,19345.0,R_TRIGGER,194.5,194.5,0.7922
2025_03_10,1741633860.0,341,3,1741634040,344,1,19345.0,1741635480,368,19474.0,R_TRIGGER,257.0,257.0,0.868
2025_03_10,1741635300.0,365,3,1741635480,368,-1,19474.0,1741636080,378,19430.25,R_TRIGGER,86.5,86.5,0.7781
2025_03_10,1741635840.0,374,4,1741636080,378,-1,19430.25,1741636260,381,19455.5,CAT_STOP,-51.5,-101.0,0.8396
2025_03_10,1741636440.0,384,3,1741636620,387,-1,19455.5,1741637700,405,19462.75,SESSION_CLOSE,-15.5,-15.5,0.818
2025_03_11,,-90,90,1741699800,0,-1,19435.0,1741700160,6,19485.0,R_TRIGGER,-101.0,-101.0,0.7646
2025_03_11,1741699980.0,3,3,1741700160,6,-1,19485.0,1741700270,,19467.0,CAT_STOP,35.0,-101.0,0.8399
2025_03_11,1741701840.0,34,5,1741702140,39,-1,19525.0,1741704300,75,19352.25,R_TRIGGER,344.5,344.5,0.8262
2025_03_11,1741704060.0,71,4,1741704300,75,-1,19352.25,1741704720,82,19380.75,R_TRIGGER,-58.0,-58.0,0.8564
2025_03_11,1741704540.0,79,3,1741704720,82,-1,19380.75,1741705500,95,19362.75,R_TRIGGER,35.0,35.0,0.7692
2025_03_11,1741705200.0,90,5,1741705500,95,1,19362.75,1741706520,112,19442.25,R_TRIGGER,158.0,158.0,0.8147
2025_03_11,1741705920.0,102,10,1741706520,112,1,19442.25,1741708020,137,19485.25,R_TRIGGER,85.0,85.0,0.8136
2025_03_11,1741707780.0,133,4,1741708020,137,-1,19485.25,1741710360,176,19404.25,R_TRIGGER,161.0,161.0,0.7909
2025_03_11,1741709640.0,164,13,1741710420,177,-1,19404.25,1741714860,251,19284.5,R_TRIGGER,238.5,238.5,0.8056
2025_03_11,1741714080.0,238,15,1741714980,253,-1,19277.5,1741715220,257,19351.75,CAT_STOP,-149.5,-101.0,0.7414
2025_03_11,1741715820.0,267,3,1741716000,270,1,19351.75,1741717800,300,19470.0,R_TRIGGER,235.5,235.5,0.8797
2025_03_11,1741717380.0,293,7,1741717800,300,1,19470.0,1741719660,331,19609.5,R_TRIGGER,278.0,278.0,0.8239
2025_03_11,1741719240.0,324,7,1741719660,331,-1,19609.5,1741720020,337,19658.75,R_TRIGGER,-99.5,-99.5,0.7937
2025_03_11,1741719720.0,332,6,1741720080,338,-1,19653.75,1741722540,379,19551.25,R_TRIGGER,204.0,204.0,0.8348
2025_03_11,1741722060.0,371,8,1741722540,379,-1,19551.25,1741724100,405,19423.5,SESSION_CLOSE,254.5,254.5,0.7463
2025_03_12,,-45,45,1741786200,0,-1,19694.5,1741786440,4,19695.25,CAT_STOP,-2.5,-101.0,0.7865
2025_03_12,1741788180.0,33,4,1741788420,37,-1,19692.25,1741792680,108,19486.25,R_TRIGGER,411.0,411.0,0.7575
2025_03_12,1741792080.0,98,15,1741792980,113,-1,19493.5,1741793245,,19696.5,CAT_STOP,-407.0,-101.0,0.7435
2025_03_12,1741797780.0,193,15,1741798680,208,-1,19648.5,1741799940,229,19667.5,R_TRIGGER,-39.0,-39.0,0.7737
2025_03_12,1741799100.0,215,16,1741800060,231,1,19688.0,1741801740,259,19644.5,R_TRIGGER,-88.0,-88.0,0.9654
2025_03_12,1741800660.0,241,19,1741801800,260,-1,19642.0,1741803300,285,19604.5,R_TRIGGER,74.0,74.0,0.9806
2025_03_12,1741802400.0,270,15,1741803300,285,1,19604.5,1741806060,331,19630.75,R_TRIGGER,51.5,51.5,0.7397
2025_03_12,1741805340.0,319,12,1741806060,331,-1,19630.75,1741809300,385,19630.5,R_TRIGGER,-0.5,-0.5,0.7478
2025_03_12,1741809060.0,381,9,1741809600,390,-1,19597.25,1741810500,405,19575.75,SESSION_CLOSE,42.0,42.0,0.7698
2025_03_13,,-5,5,1741872600,0,-1,19542.5,1741873200,10,19520.0,R_TRIGGER,44.0,44.0,0.9771
2025_03_13,1741872960.0,6,4,1741873200,10,-1,19520.0,1741874580,33,19403.25,R_TRIGGER,232.5,232.5,0.815
2025_03_13,1741874400.0,30,3,1741874580,33,-1,19403.25,1741875170,,19461.75,CAT_STOP,-118.0,-101.0,0.7907
2025_03_13,1741877580.0,83,3,1741877760,86,-1,19432.25,1741878120,92,19458.5,R_TRIGGER,-53.5,-53.5,0.8125
2025_03_13,1741878300.0,95,3,1741878480,98,-1,19392.75,1741880640,134,19354.5,R_TRIGGER,75.5,75.5,0.7894
2025_03_13,1741880460.0,131,4,1741880700,135,1,19355.75,1741881180,143,19315.25,R_TRIGGER,-82.0,-82.0,0.8722
2025_03_13,1741880940.0,139,4,1741881180,143,-1,19315.25,1741882140,159,19343.0,R_TRIGGER,-56.5,-56.5,0.8169
2025_03_13,1741881660.0,151,9,1741882200,160,1,19321.25,1741883160,176,19288.0,R_TRIGGER,-67.5,-67.5,0.8538
2025_03_13,1741882140.0,159,21,1741883400,180,-1,19325.25,1741883580,183,19337.75,R_TRIGGER,-26.0,-26.0,0.7484
2025_03_13,1741883160.0,176,9,1741883700,185,-1,19345.75,1741884720,202,19292.0,R_TRIGGER,106.5,106.5,0.7915
2025_03_13,1741884480.0,198,4,1741884720,202,-1,19292.0,1741888860,271,19234.0,R_TRIGGER,115.0,115.0,0.8144
2025_03_13,1741887960.0,256,16,1741888920,272,1,19249.25,1741891980,323,19317.0,R_TRIGGER,134.5,134.5,0.9679
2025_03_13,1741891740.0,319,4,1741891980,323,-1,19317.0,1741892340,329,19372.75,CAT_STOP,-112.5,-101.0,0.8307
2025_03_13,1741892040.0,324,6,1741892400,330,1,19372.75,1741892700,335,19343.5,R_TRIGGER,-59.5,-59.5,0.7534
2025_03_13,1741892520.0,332,6,1741892880,338,-1,19311.0,1741895760,386,19236.5,R_TRIGGER,148.0,148.0,0.9792
2025_03_13,1741895460.0,381,10,1741896060,391,1,19275.0,1741896900,405,19316.25,SESSION_CLOSE,81.5,81.5,0.9613
2025_03_14,,-58,58,1741959000,0,-1,19486.0,1741959120,2,19493.25,R_TRIGGER,-15.5,-15.5,0.8572
2025_03_14,,-1,3,1741959120,2,-1,19493.25,1741959220,,19597.0,CAT_STOP,-208.5,-101.0,0.8404
2025_03_14,1741959720.0,12,7,1741960140,19,1,19597.0,1741960620,27,19554.5,R_TRIGGER,-86.0,-86.0,0.7579
2025_03_14,1741960260.0,21,6,1741960620,27,1,19554.5,1741960800,30,19498.75,CAT_STOP,-112.5,-101.0,0.7754
2025_03_14,1741961160.0,36,3,1741961340,39,-1,19498.75,1741962240,54,19519.0,R_TRIGGER,-41.5,-41.5,0.8508
2025_03_14,1741962060.0,51,4,1741962300,55,-1,19502.0,1741963020,67,19505.25,R_TRIGGER,-7.5,-7.5,0.7683
2025_03_14,1741962540.0,59,11,1741963200,70,1,19548.5,1741965180,103,19603.0,R_TRIGGER,108.0,108.0,0.9706
2025_03_14,1741964700.0,95,12,1741965420,107,1,19630.75,1741967280,138,19658.5,R_TRIGGER,54.5,54.5,0.7628
2025_03_14,1741967100.0,135,4,1741967340,139,-1,19670.75,1741969260,171,19660.0,R_TRIGGER,20.5,20.5,0.7915
2025_03_14,1741969020.0,167,4,1741969260,171,1,19660.0,1741969680,178,19610.25,R_TRIGGER,-100.5,-100.5,0.7615
2025_03_14,1741969260.0,171,7,1741969680,178,-1,19610.25,1741970100,185,19652.75,R_TRIGGER,-86.0,-86.0,0.7661
2025_03_14,1741969920.0,182,5,1741970220,187,1,19663.0,1741971780,213,19676.5,R_TRIGGER,26.0,26.0,0.7444
2025_03_14,1741971240.0,204,12,1741971960,216,1,19685.25,1741973655,,19631.0,CAT_STOP,-109.5,-101.0,0.7498
2025_03_14,1741975620.0,277,8,1741976100,285,-1,19631.0,1741977060,301,19660.0,R_TRIGGER,-59.0,-59.0,0.7548
2025_03_14,1741976640.0,294,9,1741977180,303,1,19663.0,1741978560,326,19668.5,R_TRIGGER,10.0,10.0,0.9528
2025_03_14,1741978080.0,318,8,1741978560,326,-1,19668.5,1741979160,336,19693.75,R_TRIGGER,-51.5,-51.5,0.818
2025_03_14,1741978620.0,327,14,1741979460,341,1,19703.75,1741980540,359,19668.5,R_TRIGGER,-71.5,-71.5,0.9649
2025_03_14,1741979640.0,344,19,1741980780,363,1,19679.75,1741982400,390,19678.75,R_TRIGGER,-3.0,-3.0,0.8626
2025_03_14,1741982160.0,386,11,1741982820,397,-1,19673.5,1741983300,405,19660.5,SESSION_CLOSE,25.0,25.0,0.9721
2025_03_17,,-48,49,1742218260,1,-1,19717.25,1742218380,3,19753.5,R_TRIGGER,-73.5,-73.5,0.8698
2025_03_17,1742218200.0,0,3,1742218380,3,1,19753.5,1742219100,15,19811.75,R_TRIGGER,115.5,115.5,0.8226
2025_03_17,1742218860.0,11,5,1742219160,16,1,19822.75,1742219340,19,19750.75,CAT_STOP,-145.0,-101.0,0.7592
2025_03_17,1742219700.0,25,6,1742220060,31,-1,19750.75,1742220480,38,19746.75,R_TRIGGER,7.0,7.0,0.8617
2025_03_17,1742220300.0,35,4,1742220540,39,-1,19765.0,1742220870,,19737.5,CAT_STOP,54.0,-101.0,0.7418
2025_03_17,1742222220.0,67,3,1742222400,70,-1,19737.5,1742224320,102,19699.5,R_TRIGGER,75.0,75.0,0.7393
2025_03_17,1742223780.0,93,14,1742224620,107,-1,19718.5,1742225820,127,19664.0,R_TRIGGER,108.0,108.0,0.7456
2025_03_17,1742225640.0,124,5,1742225940,129,-1,19651.5,1742227015,,19693.75,CAT_STOP,-85.5,-101.0,0.7728
2025_03_17,1742227260.0,151,3,1742227440,154,1,19693.75,1742228340,169,19706.75,R_TRIGGER,25.0,25.0,0.7985
2025_03_17,1742228040.0,164,7,1742228460,171,-1,19696.5,1742229420,187,19701.5,R_TRIGGER,-11.0,-11.0,0.9675
2025_03_17,1742228880.0,178,10,1742229480,188,-1,19699.75,1742230140,199,19692.75,R_TRIGGER,13.0,13.0,0.8182
2025_03_17,1742229960.0,196,3,1742230140,199,-1,19692.75,1742231220,217,19715.25,R_TRIGGER,-46.0,-46.0,0.7529
2025_03_17,1742230980.0,213,7,1742231400,220,1,19705.75,1742238120,332,19923.5,R_TRIGGER,434.5,434.5,0.74
2025_03_17,1742237580.0,323,32,1742239500,355,-1,19911.0,1742242500,405,19815.0,SESSION_CLOSE,191.0,191.0,0.9611
2025_03_18,,-120,120,1742304600,0,-1,19654.0,1742305740,19,19526.75,R_TRIGGER,253.5,253.5,0.7398
2025_03_18,1742305500.0,15,5,1742305800,20,-1,19514.25,1742306760,36,19502.5,R_TRIGGER,22.5,22.5,0.8057
2025_03_18,1742306400.0,30,7,1742306820,37,-1,19499.5,1742307720,52,19498.75,R_TRIGGER,0.5,0.5,0.7715
2025_03_18,1742307540.0,49,6,1742307900,55,-1,19493.5,1742310780,103,19456.75,R_TRIGGER,72.5,72.5,0.7625
2025_03_18,1742310360.0,96,16,1742311320,112,-1,19446.25,1742312400,130,19481.75,CAT_STOP,-72.0,-101.0,0.7482
2025_03_18,1742313420.0,147,7,1742313840,154,1,19482.0,1742316240,194,19484.0,R_TRIGGER,3.0,3.0,0.9686
2025_03_18,1742315520.0,182,12,1742316240,194,-1,19484.0,1742317080,208,19524.0,R_TRIGGER,-81.0,-81.0,0.9768
2025_03_18,1742316720.0,202,6,1742317080,208,1,19524.0,1742317620,217,19482.25,R_TRIGGER,-84.5,-84.5,0.9636
2025_03_18,1742317140.0,209,9,1742317680,218,1,19497.75,1742318340,229,19489.25,CAT_STOP,-18.0,-101.0,0.7922
2025_03_18,1742318040.0,224,5,1742318340,229,-1,19489.25,1742318520,232,19503.0,R_TRIGGER,-28.5,-28.5,0.9786
2025_03_18,1742318340.0,229,3,1742318520,232,-1,19503.0,1742319480,248,19523.25,R_TRIGGER,-41.5,-41.5,0.8577
2025_03_18,1742319180.0,243,8,1742319660,251,-1,19511.75,1742322120,292,19504.25,R_TRIGGER,14.0,14.0,0.7562
2025_03_18,1742321640.0,284,8,1742322120,292,1,19504.25,1742324400,330,19522.0,R_TRIGGER,34.5,34.5,0.9687
2025_03_18,1742323980.0,323,7,1742324400,330,1,19522.0,1742327340,379,19511.75,CAT_STOP,-21.5,-101.0,0.8083
2025_03_19,,-262,265,1742391180,3,1,19596.0,1742391360,6,19562.75,R_TRIGGER,-67.5,-67.5,0.8018
2025_03_19,1742391120.0,2,7,1742391540,9,1,19563.5,1742391770,,19653.75,CAT_STOP,179.5,-101.0,0.8189
2025_03_19,1742393340.0,39,21,1742394600,60,1,19642.75,1742396040,84,19624.25,CAT_STOP,-38.0,-101.0,0.7759
2025_03_19,1742397120.0,102,7,1742397540,109,-1,19624.25,1742397780,113,19661.0,R_TRIGGER,-74.5,-74.5,0.9609
2025_03_19,1742397600.0,110,6,1742397960,116,1,19670.0,1742401020,167,19682.75,R_TRIGGER,24.5,24.5,0.9574
2025_03_19,1742399640.0,144,27,1742401260,171,-1,19684.25,1742406000,250,19638.0,R_TRIGGER,91.5,91.5,0.7419
2025_03_19,1742405400.0,240,10,1742406000,250,1,19638.0,1742406420,257,19604.5,R_TRIGGER,-68.0,-68.0,0.8313
2025_03_19,1742406120.0,252,5,1742406420,257,-1,19604.5,1742407200,270,19688.25,R_TRIGGER,-168.5,-168.5,0.9109
2025_03_19,1742406600.0,260,10,1742407200,270,1,19688.25,1742407205,,19655.75,CAT_STOP,-66.0,-101.0,0.981
2025_03_19,1742407200.0,270,4,1742407440,274,1,19655.75,1742408760,296,19681.5,R_TRIGGER,50.5,50.5,0.8821
2025_03_19,1742408160.0,286,10,1742408760,296,1,19681.5,1742409480,308,19716.25,R_TRIGGER,68.5,68.5,0.7483
2025_03_19,1742409180.0,303,5,1742409480,308,1,19716.25,1742411580,343,19869.0,R_TRIGGER,304.5,304.5,0.8201
2025_03_19,1742411400.0,340,3,1742411580,343,1,19869.0,1742412180,353,19800.25,CAT_STOP,-138.5,-101.0,0.8511
2025_03_19,1742413440.0,374,4,1742413680,378,-1,19800.25,1742415240,404,19762.25,SESSION_CLOSE,75.0,75.0,0.7675
2025_03_20,,-28,28,1742477400,0,-1,19571.5,1742477580,3,19660.5,CAT_STOP,-179.0,-101.0,0.7454
2025_03_20,1742477400.0,0,3,1742477580,3,1,19660.5,1742481300,65,19838.0,R_TRIGGER,354.0,354.0,0.7679
2025_03_20,1742480820.0,57,9,1742481360,66,1,19869.0,1742482560,86,19858.5,R_TRIGGER,-22.0,-22.0,0.7812
2025_03_20,1742482140.0,79,10,1742482740,89,-1,19838.0,1742485200,130,19815.5,R_TRIGGER,44.0,44.0,0.9773
2025_03_20,1742485020.0,127,9,1742485560,136,1,19835.25,1742486280,148,19790.5,R_TRIGGER,-90.5,-90.5,0.9559
2025_03_20,1742485740.0,139,10,1742486340,149,-1,19784.0,1742486670,,19716.25,CAT_STOP,134.5,-101.0,0.9738
2025_03_20,1742489400.0,200,18,1742490480,218,1,19730.25,1742491320,232,19688.0,R_TRIGGER,-85.5,-85.5,0.9494
2025_03_20,1742490600.0,220,12,1742491320,232,-1,19688.0,1742492340,249,19679.75,R_TRIGGER,15.5,15.5,0.974
2025_03_20,1742491800.0,240,9,1742492340,249,-1,19679.75,1742494200,280,19691.5,R_TRIGGER,-24.5,-24.5,0.7521
2025_03_20,1742493420.0,267,13,1742494200,280,1,19691.5,1742494920,292,19637.0,R_TRIGGER,-110.0,-110.0,0.9599
2025_03_20,1742494320.0,282,11,1742494980,293,-1,19646.0,1742496600,320,19655.5,R_TRIGGER,-20.0,-20.0,0.7439
2025_03_20,1742495520.0,302,18,1742496600,320,1,19655.5,1742497140,329,19618.25,R_TRIGGER,-75.5,-75.5,0.9626
2025_03_20,1742496900.0,325,4,1742497140,329,-1,19618.25,1742498100,345,19667.0,R_TRIGGER,-98.5,-98.5,0.9748
2025_03_20,1742497140.0,329,16,1742498100,345,1,19667.0,1742498880,358,19638.75,R_TRIGGER,-57.5,-57.5,0.9666
2025_03_20,1742498460.0,351,7,1742498880,358,-1,19638.75,1742499360,366,19682.0,R_TRIGGER,-87.5,-87.5,0.9775
2025_03_20,1742499000.0,360,15,1742499900,375,1,19697.25,1742501700,405,19704.0,SESSION_CLOSE,12.5,12.5,0.9702
2025_04_01,,-4,4,1743514200,0,-1,19353.25,1743514380,3,19385.75,CAT_STOP,-66.0,-101.0,0.971
2025_04_01,1743514200.0,0,3,1743514380,3,1,19385.75,1743514560,6,19370.5,R_TRIGGER,-31.5,-31.5,0.9792
2025_04_01,1743514380.0,3,3,1743514560,6,1,19370.5,1743515640,24,19405.75,R_TRIGGER,69.5,69.5,0.8361
2025_04_01,1743515280.0,18,6,1743515640,24,1,19405.75,1743516120,32,19547.5,CAT_STOP,282.5,-101.0,0.784
2025_04_01,1743521100.0,115,10,1743521700,125,1,19547.5,1743524760,176,19571.0,R_TRIGGER,46.0,46.0,0.7947
2025_04_01,1743524400.0,170,6,1743524760,176,-1,19571.0,1743526200,200,19555.0,R_TRIGGER,31.0,31.0,0.9731
2025_04_01,1743525780.0,193,7,1743526200,200,1,19555.0,1743527160,216,19535.0,R_TRIGGER,-41.0,-41.0,0.7875
2025_04_01,1743526380.0,203,26,1743527940,229,-1,19526.0,1743533760,326,19449.0,R_TRIGGER,153.0,153.0,0.971
2025_04_01,1743531840.0,294,32,1743533760,326,1,19449.0,1743538500,405,19608.5,SESSION_CLOSE,318.0,318.0,0.9727
2025_04_02,,-42,42,1743600600,0,-1,19330.5,1743600840,4,19418.0,CAT_STOP,-176.0,-101.0,0.7692
2025_04_02,1743600660.0,1,3,1743600840,4,1,19418.0,1743602160,26,19556.0,R_TRIGGER,275.0,275.0,0.9683
2025_04_02,1743601920.0,22,6,1743602280,28,1,19553.5,1743602880,38,19551.25,R_TRIGGER,-5.5,-5.5,0.8212
2025_04_02,1743602640.0,34,5,1743602940,39,-1,19532.25,1743603360,46,19550.5,R_TRIGGER,-37.5,-37.5,0.7962
2025_04_02,1743603060.0,41,6,1743603420,47,-1,19570.5,1743604345,,19595.5,CAT_STOP,-51.0,-101.0,0.8045
2025_04_02,1743604680.0,68,10,1743605280,78,1,19587.25,1743606840,104,19584.75,R_TRIGGER,-6.0,-6.0,0.7881
2025_04_02,1743605940.0,89,16,1743606900,105,1,19591.5,1743608700,135,19662.25,R_TRIGGER,140.5,140.5,0.7942
2025_04_02,1743607680.0,118,17,1743608700,135,1,19662.25,1743609095,,19832.75,CAT_STOP,340.0,-101.0,0.7759
2025_04_02,1743613920.0,222,11,1743614580,233,-1,19851.0,1743618900,305,19665.25,R_TRIGGER,370.5,370.5,0.7808
2025_04_02,1743618600.0,300,7,1743619020,307,1,19689.0,1743619860,321,19679.25,R_TRIGGER,-20.5,-20.5,0.9675
2025_04_02,1743619320.0,312,15,1743620220,327,-1,19640.0,1743620520,332,19661.5,R_TRIGGER,-44.0,-44.0,0.9744
2025_04_02,1743620340.0,329,3,1743620520,332,-1,19661.5,1743621840,354,19671.25,R_TRIGGER,-20.5,-20.5,0.7892
2025_04_02,1743621540.0,349,5,1743621840,354,-1,19671.25,1743622380,363,19948.0,CAT_STOP,-554.5,-101.0,0.7548
2025_04_02,1743624660.0,401,3,1743624840,404,1,19948.0,1743624855,,19968.25,CAT_STOP,39.5,-101.0,0.818
2025_04_03,,-29,33,1743687240,4,1,19050.75,1743687350,,19000.25,CAT_STOP,-102.0,-101.0,0.7872
2025_04_03,1743687540.0,9,3,1743687720,12,1,19000.25,1743688080,18,18926.25,CAT_STOP,-149.0,-101.0,0.8565
2025_04_03,1743688380.0,23,11,1743689040,34,-1,18917.0,1743690420,57,18933.5,R_TRIGGER,-34.0,-34.0,0.9659
2025_04_03,1743690240.0,54,6,1743690600,60,-1,18929.5,1743693060,101,18799.0,R_TRIGGER,260.0,260.0,0.7577
2025_04_03,1743692820.0,97,4,1743693060,101,-1,18799.0,1743693525,,18908.75,CAT_STOP,-220.5,-101.0,0.7536
2025_04_03,1743695520.0,142,8,1743696000,150,1,18906.5,1743698040,184,18901.75,R_TRIGGER,-10.5,-10.5,0.7596
2025_04_03,1743697260.0,171,14,1743698100,185,-1,18903.5,1743698580,193,18835.5,CAT_STOP,135.0,-101.0,0.8025
2025_04_03,1743705060.0,301,15,1743705960,316,1,18817.5,1743707760,346,18771.5,R_TRIGGER,-93.0,-93.0,0.7471
2025_04_03,1743706380.0,323,23,1743707760,346,-1,18771.5,1743711300,405,18683.25,SESSION_CLOSE,175.5,175.5,0.9841
2025_04_04,,-26,26,1743773400,0,-1,18190.75,1743773475,,18127.75,CAT_STOP,125.0,-101.0,0.8192
2025_04_04,1743774120.0,12,5,1743774420,17,1,18127.75,1743774960,26,18100.25,CAT_STOP,-56.0,-101.0,0.7653
2025_04_04,1743775140.0,29,7,1743775560,36,-1,18100.25,1743778440,84,17812.0,R_TRIGGER,575.5,575.5,0.8615
2025_04_04,1743778260.0,81,3,1743778440,84,1,17812.0,1743779220,97,17933.5,R_TRIGGER,242.0,242.0,0.8107
2025_04_04,1743779040.0,94,3,1743779220,97,1,17933.5,1743780300,115,18016.75,R_TRIGGER,165.5,165.5,0.8779
2025_04_04,1743779880.0,108,7,1743780300,115,1,18016.75,1743780420,117,17880.75,CAT_STOP,-273.0,-101.0,0.8424
2025_04_04,1743781740.0,139,10,1743782340,149,-1,17880.75,1743782480,,17753.25,CAT_STOP,254.0,-101.0,0.8515
2025_04_04,1743787080.0,228,17,1743788100,245,1,17753.25,1743790260,281,17773.75,R_TRIGGER,40.0,40.0,0.8689
2025_04_04,1743789720.0,272,9,1743790260,281,-1,17773.75,1743793920,342,17694.5,R_TRIGGER,157.5,157.5,0.9772
2025_04_04,1743792300.0,315,27,1743793920,342,1,17694.5,1743794330,,17724.25,CAT_STOP,58.5,-101.0,0.9767
2025_04_04,1743795300.0,365,13,1743796080,378,-1,17721.5,1743797700,405,17516.25,SESSION_CLOSE,409.5,409.5,0.7785
2025_04_07,,-34,34,1744032600,0,-1,16908.0,1744032720,2,16896.25,CAT_STOP,22.5,-101.0,0.8737
2025_04_07,1744033440.0,14,4,1744033680,18,1,16922.5,1744033705,,17201.5,CAT_STOP,557.0,-101.0,0.7554
2025_04_07,1744034400.0,30,3,1744034580,33,1,17201.5,1744035600,50,17773.75,R_TRIGGER,1143.5,1143.5,0.8431
2025_04_07,1744035420.0,47,3,1744035600,50,1,17773.75,1744035735,,17288.5,CAT_STOP,-971.5,-101.0,0.8826
2025_04_07,1744036380.0,63,3,1744036560,66,-1,17288.5,1744036600,,17442.0,CAT_STOP,-308.0,-101.0,0.9355
2025_04_07,1744036860.0,71,3,1744037040,74,-1,17442.0,1744037160,76,17785.5,CAT_STOP,-688.0,-101.0,0.8827
2025_04_07,1744038000.0,90,3,1744038180,93,1,17785.5,1744038300,95,17583.5,CAT_STOP,-405.0,-101.0,0.8298
2025_04_07,1744038180.0,93,3,1744038360,96,1,17583.5,1744038480,98,17211.0,CAT_STOP,-746.0,-101.0,0.8868
2025_04_07,1744039260.0,111,3,1744039440,114,-1,17211.0,1744039520,,17282.75,CAT_STOP,-144.5,-101.0,0.9346
2025_04_07,1744039740.0,119,4,1744039980,123,-1,17282.75,1744039985,,17375.0,CAT_STOP,-185.5,-101.0,0.8676
2025_04_07,1744042200.0,160,15,1744043100,175,-1,17375.0,1744043215,,17452.75,CAT_STOP,-156.5,-101.0,0.7614
2025_04_07,1744045080.0,208,3,1744045260,211,1,17452.75,1744045375,,17298.75,CAT_STOP,-309.0,-101.0,0.8949
2025_04_07,1744045260.0,211,3,1744045440,214,1,17298.75,1744045640,,17673.25,CAT_STOP,748.0,-101.0,0.928
2025_04_07,1744048800.0,270,6,1744049160,276,1,17673.25,1744049540,,17672.25,CAT_STOP,-3.0,-101.0,0.8334
2025_04_07,1744049880.0,288,8,1744050360,296,-1,17672.25,1744051020,307,17699.0,R_TRIGGER,-54.5,-54.5,0.8685
2025_04_07,1744050540.0,299,8,1744051020,307,1,17699.0,1744051525,,17604.25,CAT_STOP,-190.5,-101.0,0.9106
2025_04_07,1744051260.0,311,10,1744051860,321,-1,17604.25,1744052400,330,17601.5,R_TRIGGER,4.5,4.5,0.9903
2025_04_07,1744052160.0,326,4,1744052400,330,-1,17601.5,1744053540,349,17544.25,R_TRIGGER,113.5,113.5,0.9015
2025_04_07,1744053360.0,346,3,1744053540,349,-1,17544.25,1744054320,362,17572.75,R_TRIGGER,-58.0,-58.0,0.8867
2025_04_07,1744054020.0,357,5,1744054320,362,1,17572.75,1744054335,,17516.0,CAT_STOP,-114.5,-101.0,0.8396
2025_04_07,1744054680.0,368,3,1744054860,371,1,17516.0,1744055040,374,17718.75,CAT_STOP,404.5,-101.0,0.7426
2025_04_08,,-41,41,1744119000,0,1,18166.0,1744119115,,18079.25,CAT_STOP,-174.5,-101.0,0.8166
2025_04_08,1744119240.0,4,3,1744119420,7,1,18079.25,1744120200,20,18102.25,R_TRIGGER,45.0,45.0,0.7891
2025_04_08,1744119960.0,16,4,1744120200,20,1,18102.25,1744123500,75,18249.5,R_TRIGGER,293.5,293.5,0.8544
2025_04_08,1744122480.0,58,17,1744123500,75,-1,18249.5,1744126680,128,18092.0,R_TRIGGER,314.0,314.0,0.852
2025_04_08,1744126140.0,119,11,1744126800,130,1,18122.0,1744127190,,18017.0,CAT_STOP,-211.0,-101.0,0.8051
2025_04_08,1744126860.0,131,8,1744127340,139,-1,18017.0,1744128345,,17760.25,CAT_STOP,512.5,-101.0,0.771
2025_04_08,1744130520.0,192,6,1744130880,198,-1,17760.25,1744130895,,17607.75,CAT_STOP,304.0,-101.0,0.8454
2025_04_08,1744133460.0,241,7,1744133880,248,1,17607.75,1744133885,,17633.25,CAT_STOP,50.0,-101.0,0.8231
2025_04_08,1744134180.0,253,3,1744134360,256,1,17633.25,1744135565,,17198.75,CAT_STOP,-870.0,-101.0,0.8801
2025_04_08,1744140420.0,357,6,1744140780,363,-1,17198.75,1744141920,382,17158.75,R_TRIGGER,79.0,79.0,0.9277
2025_04_08,1744141740.0,379,3,1744141920,382,1,17158.75,1744143300,405,17219.75,SESSION_CLOSE,121.0,121.0,0.9427
2025_04_09,,-52,52,1744205400,0,1,17246.75,1744206240,14,17367.75,R_TRIGGER,241.0,241.0,0.7997
2025_04_09,1744206060.0,11,3,1744206240,14,-1,17367.75,1744206250,,17463.0,CAT_STOP,-191.5,-101.0,0.7399
2025_04_09,1744206420.0,17,4,1744206660,21,1,17463.0,1744207560,36,17417.25,R_TRIGGER,-92.5,-92.5,0.9041
2025_04_09,1744207380.0,33,3,1744207560,36,-1,17417.25,1744207860,41,17472.25,CAT_STOP,-111.0,-101.0,0.7873
2025_04_09,1744208040.0,44,9,1744208580,53,-1,17472.25,1744209170,,17367.5,CAT_STOP,208.5,-101.0,0.852
2025_04_09,1744210800.0,90,7,1744211220,97,-1,17356.0,1744211760,106,17417.5,CAT_STOP,-124.0,-101.0,0.8079
2025_04_09,1744213440.0,134,4,1744213680,138,-1,17417.5,1744215180,163,17459.25,R_TRIGGER,-84.5,-84.5,0.7737
2025_04_09,1744214460.0,151,12,1744215180,163,1,17459.25,1744218600,220,17536.25,R_TRIGGER,153.0,153.0,0.7522
2025_04_09,1744218120.0,212,9,1744218660,221,1,17545.0,1744219130,,18449.5,CAT_STOP,1808.0,-101.0,0.8205
2025_04_09,1744219620.0,237,3,1744219800,240,1,18449.5,1744219810,,18653.0,CAT_STOP,406.0,-101.0,0.9262
2025_04_09,1744220100.0,245,3,1744220280,248,1,18653.0,1744220400,250,18667.25,CAT_STOP,27.5,-101.0,0.8394
2025_04_09,1744220940.0,259,4,1744221180,263,1,18667.25,1744222020,277,18809.5,R_TRIGGER,283.5,283.5,0.9319
2025_04_09,1744221840.0,274,3,1744222020,277,1,18809.5,1744222115,,18973.75,CAT_STOP,327.5,-101.0,0.8785
2025_04_09,1744223280.0,298,6,1744223640,304,-1,18973.75,1744223740,,18954.0,CAT_STOP,38.5,-101.0,0.7745
2025_04_09,1744224360.0,316,6,1744224720,322,-1,18954.0,1744225440,334,18885.0,R_TRIGGER,137.0,137.0,0.8038
2025_04_09,1744225200.0,330,4,1744225440,334,1,18885.0,1744225630,,19281.5,CAT_STOP,792.0,-101.0,0.9101
2025_04_10,,-6,7,1744291860,1,-1,18750.25,1744291865,,18805.25,CAT_STOP,-111.0,-101.0,0.8217
2025_04_10,1744292580.0,13,5,1744292880,18,1,18805.25,1744293020,,18703.5,CAT_STOP,-204.5,-101.0,0.7567
2025_04_10,1744293000.0,20,6,1744293360,26,-1,18703.5,1744294980,53,18696.75,R_TRIGGER,12.5,12.5,0.7989
2025_04_10,1744294320.0,42,12,1744295040,54,1,18704.25,1744295395,,18664.5,CAT_STOP,-80.5,-101.0,0.7426
2025_04_10,1744296120.0,72,6,1744296480,78,-1,18664.5,1744302600,180,18106.75,R_TRIGGER,1114.5,1114.5,0.753
2025_04_10,1744302420.0,177,3,1744302600,180,-1,18106.75,1744302750,,18219.5,CAT_STOP,-226.5,-101.0,0.8789
2025_04_10,1744305720.0,232,3,1744305900,235,-1,18219.5,1744306035,,18459.75,CAT_STOP,-481.5,-101.0,0.8617
2025_04_10,1744308900.0,285,5,1744309200,290,1,18459.75,1744309205,,18543.5,CAT_STOP,166.5,-101.0,0.7534
2025_04_10,1744309980.0,303,3,1744310160,306,-1,18543.5,1744310310,,18646.5,CAT_STOP,-207.0,-101.0,0.8425
2025_04_10,1744310160.0,306,6,1744310520,312,1,18646.5,1744310760,316,18558.75,CAT_STOP,-176.5,-101.0,0.9034
2025_04_10,1744310640.0,314,3,1744310820,317,-1,18558.75,1744311045,,18557.0,CAT_STOP,2.5,-101.0,0.7824
2025_04_10,1744311300.0,325,3,1744311480,328,-1,18557.0,1744311650,,18575.5,CAT_STOP,-38.0,-101.0,0.8209
2025_04_10,1744312620.0,347,3,1744312800,350,-1,18575.5,1744314600,380,18427.25,R_TRIGGER,295.5,295.5,0.8455
2025_04_10,1744314240.0,374,6,1744314600,380,-1,18427.25,1744314735,,18526.25,CAT_STOP,-199.0,-101.0,0.9023
2025_04_11,,-55,55,1744378200,0,-1,18451.25,1744378740,9,18507.25,CAT_STOP,-113.0,-101.0,0.7833
2025_04_11,1744378320.0,2,7,1744378740,9,-1,18507.25,1744379025,,18590.25,CAT_STOP,-167.0,-101.0,0.8857
2025_04_11,1744380180.0,33,4,1744380420,37,1,18590.25,1744380430,,18481.5,CAT_STOP,-218.5,-101.0,0.8761
2025_04_11,1744380480.0,38,4,1744380720,42,1,18481.5,1744381200,50,18383.75,CAT_STOP,-196.5,-101.0,0.8343
2025_04_11,1744383600.0,90,3,1744383780,93,1,18383.75,1744384530,,18655.5,CAT_STOP,542.5,-101.0,0.8638
2025_04_11,1744390380.0,203,26,1744391940,229,-1,18655.5,1744392165,,18738.0,CAT_STOP,-166.0,-101.0,0.8549
2025_04_11,1744392660.0,241,8,1744393140,249,1,18738.0,1744395540,289,18745.5,R_TRIGGER,14.0,14.0,0.9798
2025_04_11,1744394040.0,264,25,1744395540,289,-1,18745.5,1744396620,307,18846.0,CAT_STOP,-202.0,-101.0,0.9834
2025_04_11,1744396020.0,297,47,1744398840,344,1,18846.0,1744399095,,18810.75,CAT_STOP,-71.5,-101.0,0.7512
2025_04_14,,-93,93,1744637400,0,1,19238.0,1744637460,1,19197.5,R_TRIGGER,-82.0,-82.0,0.7999
2025_04_14,,-3,4,1744637460,1,-1,19197.5,1744637465,,19082.25,CAT_STOP,229.5,-101.0,0.7523
2025_04_14,1744638420.0,17,3,1744638600,20,1,19082.25,1744638785,,19045.5,CAT_STOP,-74.5,-101.0,0.8312
2025_04_14,1744638840.0,24,5,1744639140,29,-1,19045.5,1744639380,33,19140.5,CAT_STOP,-191.0,-101.0,0.8959
2025_04_14,1744639260.0,31,3,1744639440,34,-1,19140.5,1744640400,50,19100.5,R_TRIGGER,79.0,79.0,0.8531
2025_04_14,1744640220.0,47,3,1744640400,50,1,19100.5,1744642560,86,19126.0,R_TRIGGER,50.0,50.0,0.8295
2025_04_14,1744642260.0,81,5,1744642560,86,-1,19126.0,1744645440,134,18927.5,R_TRIGGER,396.0,396.0,0.7519
2025_04_14,1744645260.0,131,3,1744645440,134,-1,18927.5,1744646100,145,18863.0,R_TRIGGER,128.0,128.0,0.7838
2025_04_14,1744645860.0,141,4,1744646100,145,-1,18863.0,1744647240,164,18805.0,R_TRIGGER,115.0,115.0,0.7575
2025_04_14,1744647060.0,161,4,1744647300,165,-1,18820.5,1744647565,,18851.0,CAT_STOP,-62.0,-101.0,0.8338
2025_04_14,1744648020.0,177,11,1744648680,188,1,18875.0,1744649460,201,18824.75,R_TRIGGER,-101.5,-101.5,0.7534
2025_04_14,1744649280.0,198,3,1744649460,201,-1,18824.75,1744650000,210,18849.25,CAT_STOP,-50.0,-101.0,0.7754
2025_04_14,1744649880.0,208,3,1744650060,211,1,18849.25,1744651740,239,18864.5,R_TRIGGER,29.5,29.5,0.7722
2025_04_14,1744651440.0,234,8,1744651920,242,1,18867.5,1744652820,257,18844.75,R_TRIGGER,-46.5,-46.5,0.7582
2025_04_14,1744652580.0,253,7,1744653000,260,1,18880.25,1744658760,356,19035.75,R_TRIGGER,310.0,310.0,0.7992
2025_04_14,1744657980.0,343,14,1744658820,357,1,19049.5,1744660080,378,19023.5,R_TRIGGER,-53.0,-53.0,0.7495
2025_04_14,1744659720.0,372,6,1744660080,378,-1,19023.5,1744661700,405,18920.5,SESSION_CLOSE,205.0,205.0,0.8145
2025_04_15,,-62,62,1744723800,0,1,18984.0,1744724160,6,18984.0,R_TRIGGER,-1.0,-1.0,0.8563
2025_04_15,1744724160.0,6,4,1744724400,10,1,19061.0,1744725540,29,19067.75,R_TRIGGER,12.5,12.5,0.8434
2025_04_15,1744725300.0,25,4,1744725540,29,-1,19067.75,1744726020,37,19112.0,R_TRIGGER,-89.5,-89.5,0.867
2025_04_15,1744725600.0,30,9,1744726140,39,1,19090.0,1744726560,46,19090.0,R_TRIGGER,-1.0,-1.0,0.7792
2025_04_15,1744726380.0,43,3,1744726560,46,1,19090.0,1744726680,48,18954.5,CAT_STOP,-272.0,-101.0,0.7694
2025_04_15,1744727040.0,54,3,1744727220,57,-1,18954.5,1744727400,60,19003.25,R_TRIGGER,-98.5,-98.5,0.8589
2025_04_15,1744727220.0,57,3,1744727400,60,-1,19003.25,1744728180,73,19069.0,R_TRIGGER,-132.5,-132.5,0.7733
2025_04_15,1744728000.0,70,3,1744728180,73,1,19069.0,1744728375,,19026.75,CAT_STOP,-85.5,-101.0,0.7643
2025_04_15,1744728240.0,74,3,1744728420,77,1,19026.75,1744729620,97,19023.75,R_TRIGGER,-7.0,-7.0,0.7726
2025_04_15,1744729020.0,87,13,1744729800,100,1,19042.25,1744730700,115,19036.75,R_TRIGGER,-12.0,-12.0,0.7487
2025_04_15,1744730520.0,112,3,1744730700,115,1,19036.75,1744732200,140,18993.5,R_TRIGGER,-87.5,-87.5,0.7791
2025_04_15,1744731900.0,135,5,1744732200,140,-1,18993.5,1744732350,,19048.5,CAT_STOP,-111.0,-101.0,0.7881
2025_04_15,1744732260.0,141,3,1744732440,144,-1,19048.5,1744735560,196,19065.5,R_TRIGGER,-35.0,-35.0,0.7797
2025_04_15,1744735320.0,192,8,1744735800,200,-1,19034.25,1744736580,213,18992.5,R_TRIGGER,82.5,82.5,0.7555
2025_04_15,1744736400.0,210,3,1744736580,213,-1,18992.5,1744738200,240,18960.0,R_TRIGGER,64.0,64.0,0.7963
2025_04_15,1744737780.0,233,7,1744738200,240,-1,18960.0,1744739880,268,18952.5,R_TRIGGER,14.0,14.0,0.8023
2025_04_15,1744739640.0,264,4,1744739880,268,-1,18952.5,1744741500,295,18927.75,R_TRIGGER,48.5,48.5,0.7389
2025_04_15,1744740900.0,285,10,1744741500,295,-1,18927.75,1744742760,316,18966.5,CAT_STOP,-78.5,-101.0,0.746
2025_04_15,1744746420.0,377,3,1744746600,380,-1,18966.5,1744748100,405,18955.75,SESSION_CLOSE,20.5,20.5,0.7943
2025_04_16,,-100,100,1744810200,0,-1,18612.75,1744810320,2,18644.5,R_TRIGGER,-64.5,-64.5,0.7744
2025_04_16,,-1,3,1744810320,2,1,18644.5,1744811100,15,18606.5,R_TRIGGER,-77.0,-77.0,0.8567
2025_04_16,1744810920.0,12,3,1744811100,15,1,18606.5,1744811580,23,18559.25,CAT_STOP,-95.5,-101.0,0.7726
2025_04_16,1744812720.0,42,7,1744813140,49,-1,18559.25,1744813440,54,18611.25,R_TRIGGER,-105.0,-105.0,0.7533
2025_04_16,1744813140.0,49,6,1744813500,55,1,18628.5,1744815960,96,18603.75,R_TRIGGER,-50.5,-50.5,0.9567
2025_04_16,1744814580.0,73,23,1744815960,96,1,18603.75,1744818060,131,18662.0,R_TRIGGER,115.5,115.5,0.7587
2025_04_16,1744817100.0,115,16,1744818060,131,-1,18662.0,1744824540,239,18591.0,R_TRIGGER,141.0,141.0,0.7656
2025_04_16,1744823520.0,222,18,1744824600,240,1,18548.75,1744824710,,18499.75,CAT_STOP,-99.0,-101.0,0.8029
2025_04_16,1744824540.0,239,3,1744824720,242,-1,18499.75,1744827000,280,18353.75,R_TRIGGER,291.0,291.0,0.904
2025_04_16,1744826340.0,269,11,1744827000,280,-1,18353.75,1744827780,293,18364.75,R_TRIGGER,-23.0,-23.0,0.8573
2025_04_16,1744827540.0,289,6,1744827900,295,-1,18363.25,1744830840,344,18184.75,R_TRIGGER,356.0,356.0,0.8099
2025_04_16,1744830660.0,341,3,1744830840,344,1,18184.75,1744831500,355,18128.5,R_TRIGGER,-113.5,-113.5,0.829
2025_04_16,1744830840.0,344,11,1744831500,355,-1,18128.5,1744831920,362,18190.25,R_TRIGGER,-124.5,-124.5,0.7984
2025_04_16,1744831620.0,357,8,1744832100,365,-1,18203.25,1744832760,376,18434.0,CAT_STOP,-462.5,-101.0,0.8129
2025_04_17,,-87,87,1744896600,0,1,18481.75,1744896825,,18434.25,CAT_STOP,-96.0,-101.0,0.7979
2025_04_17,1744898040.0,24,9,1744898580,33,-1,18434.25,1744900980,73,18336.0,R_TRIGGER,195.5,195.5,0.8196
2025_04_17,1744900740.0,69,6,1744901100,75,-1,18346.5,1744902410,,18416.75,CAT_STOP,-141.5,-101.0,0.762
2025_04_17,1744903740.0,119,8,1744904220,127,-1,18416.75,1744906080,158,18422.75,R_TRIGGER,-13.0,-13.0,0.8126
2025_04_17,1744905900.0,155,3,1744906080,158,-1,18422.75,1744906560,166,18425.25,R_TRIGGER,-6.0,-6.0,0.8836
2025_04_17,1744906380.0,163,3,1744906560,166,1,18425.25,1744908180,193,18389.25,R_TRIGGER,-73.0,-73.0,0.7483
2025_04_17,1744907760.0,186,7,1744908180,193,-1,18389.25,1744908660,201,18451.25,CAT_STOP,-125.0,-101.0,0.9746
2025_04_17,1744908300.0,195,8,1744908780,203,-1,18453.0,1744911960,256,18452.0,R_TRIGGER,1.0,1.0,0.7483
2025_04_17,1744910940.0,239,17,1744911960,256,1,18452.0,1744915800,320,18437.25,R_TRIGGER,-30.5,-30.5,0.9704
2025_04_17,1744914300.0,295,25,1744915800,320,-1,18437.25,1744918920,372,18419.0,R_TRIGGER,35.5,35.5,0.8386
2025_04_17,1744917660.0,351,21,1744918920,372,-1,18419.0,1744920060,391,18406.5,R_TRIGGER,24.0,24.0,0.7998
2025_04_17,1744919460.0,381,10,1744920060,391,-1,18406.5,1744920900,405,18440.25,SESSION_CLOSE,-68.5,-68.5,0.7734
2025_04_21,,-19,19,1745242200,0,1,18147.0,1745242560,6,18094.75,R_TRIGGER,-105.5,-105.5,0.9661
2025_04_21,1745242320.0,2,4,1745242560,6,1,18094.75,1745243100,15,18079.75,R_TRIGGER,-31.0,-31.0,0.7651
2025_04_21,1745242860.0,11,4,1745243100,15,-1,18079.75,1745243400,20,18092.0,R_TRIGGER,-25.5,-25.5,0.7851
2025_04_21,1745243220.0,17,3,1745243400,20,-1,18092.0,1745246160,66,17960.0,R_TRIGGER,263.0,263.0,0.8148
2025_04_21,1745245080.0,48,22,1745246400,70,1,17982.5,1745246640,74,17935.75,R_TRIGGER,-94.5,-94.5,0.9573
2025_04_21,1745246460.0,71,8,1745246940,79,-1,17916.25,1745251920,162,17838.0,R_TRIGGER,155.5,155.5,0.9653
2025_04_21,1745250900.0,145,17,1745251920,162,1,17838.0,1745254260,201,17821.0,R_TRIGGER,-35.0,-35.0,0.9582
2025_04_21,1745253660.0,191,14,1745254500,205,-1,17805.75,1745259480,288,17752.0,R_TRIGGER,106.5,106.5,0.7574
2025_04_21,1745258760.0,276,21,1745260020,297,1,17747.5,1745260980,313,17728.0,R_TRIGGER,-40.0,-40.0,0.9668
2025_04_21,1745260260.0,301,14,1745261100,315,1,17727.5,1745265840,394,17902.0,R_TRIGGER,348.0,348.0,0.7588
2025_04_21,1745265480.0,388,9,1745266020,397,1,17923.75,1745266500,405,17902.5,SESSION_CLOSE,-43.5,-43.5,0.7447
2025_04_22,,-92,92,1745328600,0,1,18113.75,1745328900,5,18116.5,R_TRIGGER,4.5,4.5,0.7923
2025_04_22,,-2,8,1745328960,6,-1,18125.5,1745329140,9,18153.0,R_TRIGGER,-56.0,-56.0,0.8013
2025_04_22,1745328900.0,5,18,1745329980,23,-1,18214.0,1745330430,,18292.25,CAT_STOP,-157.5,-101.0,0.8331
2025_04_22,1745331420.0,47,4,1745331660,51,1,18292.25,1745332260,61,18266.75,R_TRIGGER,-52.0,-52.0,0.7366
2025_04_22,1745331720.0,52,13,1745332500,65,1,18280.5,1745336160,126,18333.25,R_TRIGGER,104.5,104.5,0.7713
2025_04_22,1745335320.0,112,14,1745336160,126,-1,18333.25,1745337120,142,18324.0,R_TRIGGER,17.5,17.5,0.9629
2025_04_22,1745336640.0,134,14,1745337480,148,-1,18335.5,1745337575,,18454.0,CAT_STOP,-238.0,-101.0,0.8395
2025_04_22,1745340720.0,202,15,1745341620,217,-1,18444.0,1745342340,229,18351.0,R_TRIGGER,185.0,185.0,0.8394
2025_04_22,1745342160.0,226,3,1745342340,229,-1,18351.0,1745343360,246,18310.25,R_TRIGGER,80.5,80.5,0.8314
2025_04_22,1745343060.0,241,6,1745343420,247,-1,18303.25,1745344980,273,18263.5,R_TRIGGER,78.5,78.5,0.7423
2025_04_22,1745344320.0,262,13,1745345100,275,1,18295.25,1745349060,341,18348.0,R_TRIGGER,104.5,104.5,0.9666
2025_04_22,1745348100.0,325,16,1745349060,341,-1,18348.0,1745350980,373,18318.0,R_TRIGGER,59.0,59.0,0.968
2025_04_22,1745350800.0,370,4,1745351040,374,1,18324.5,1745351520,382,18322.0,R_TRIGGER,-6.0,-6.0,0.9732
2025_04_22,1745351340.0,379,3,1745351520,382,1,18322.0,1745352240,394,18388.75,R_TRIGGER,132.5,132.5,0.8267
2025_04_22,1745352060.0,391,3,1745352240,394,1,18388.75,1745352900,405,18368.5,SESSION_CLOSE,-41.5,-41.5,0.8693
2025_04_23,,-21,22,1745415060,1,1,18980.25,1745415415,,19081.75,CAT_STOP,202.0,-101.0,0.7897
2025_04_23,1745415240.0,4,3,1745415420,7,1,19081.75,1745415455,,19037.5,CAT_STOP,-89.5,-101.0,0.8692
2025_04_23,1745416260.0,21,3,1745416440,24,1,19037.5,1745416980,33,19021.5,R_TRIGGER,-33.0,-33.0,0.825
2025_04_23,1745416800.0,30,4,1745417040,34,1,19058.25,1745417700,45,19032.25,R_TRIGGER,-53.0,-53.0,0.8023
2025_04_23,1745417520.0,42,3,1745417700,45,1,19032.25,1745417910,,19108.75,CAT_STOP,152.0,-101.0,0.7614
2025_04_23,1745418960.0,66,7,1745419380,73,-1,19121.75,1745419620,77,19132.75,R_TRIGGER,-23.0,-23.0,0.7353
2025_04_23,1745419320.0,72,5,1745419620,77,1,19132.75,1745419800,80,19076.25,R_TRIGGER,-114.0,-114.0,0.798
2025_04_23,1745419620.0,77,3,1745419800,80,1,19076.25,1745420435,,19053.75,CAT_STOP,-46.0,-101.0,0.7735
2025_04_23,1745420880.0,98,7,1745421300,105,-1,19053.75,1745422560,126,18895.75,R_TRIGGER,315.0,315.0,0.7738
2025_04_23,1745422380.0,123,4,1745422620,127,-1,18911.5,1745423760,146,18877.5,R_TRIGGER,67.0,67.0,0.7731
2025_04_23,1745423580.0,143,8,1745424060,151,-1,18848.0,1745425740,179,18835.75,R_TRIGGER,23.5,23.5,0.8515
2025_04_23,1745425560.0,176,4,1745425800,180,1,18847.0,1745426940,199,18827.5,R_TRIGGER,-40.0,-40.0,0.8194
2025_04_23,1745426220.0,187,12,1745426940,199,-1,18827.5,1745427180,203,18870.5,R_TRIGGER,-87.0,-87.0,0.8078
2025_04_23,1745427000.0,200,5,1745427300,205,1,18893.25,1745427600,210,18904.75,CAT_STOP,22.0,-101.0,0.7725
2025_04_23,1745429160.0,236,10,1745429760,246,-1,18893.75,1745430300,255,18871.5,R_TRIGGER,43.5,43.5,0.9766
2025_04_23,1745429940.0,249,6,1745430300,255,-1,18871.5,1745430885,,18937.5,CAT_STOP,-133.0,-101.0,0.7724
2025_04_23,1745431380.0,273,12,1745432100,285,1,18949.5,1745432580,293,18906.0,R_TRIGGER,-88.0,-88.0,0.7893
2025_04_23,1745432160.0,286,8,1745432640,294,-1,18910.25,1745433120,302,18909.0,R_TRIGGER,1.5,1.5,0.7597
2025_04_23,1745432940.0,299,3,1745433120,302,-1,18909.0,1745434620,327,18883.75,R_TRIGGER,49.5,49.5,0.7789
2025_04_23,1745434440.0,324,7,1745434860,331,-1,18855.25,1745436660,361,18809.5,R_TRIGGER,90.5,90.5,0.7599
2025_04_23,1745436300.0,355,7,1745436720,362,-1,18794.75,1745437680,378,18777.0,R_TRIGGER,34.5,34.5,0.782
2025_04_23,1745437080.0,368,14,1745437920,382,-1,18835.25,1745439300,405,18808.75,SESSION_CLOSE,52.0,52.0,0.7807
2025_04_24,,-110,110,1745501400,0,1,18866.5,1745505780,73,19129.25,R_TRIGGER,524.5,524.5,0.843
2025_04_24,1745505480.0,68,5,1745505780,73,1,19129.25,1745508180,113,19156.25,R_TRIGGER,53.0,53.0,0.7583
2025_04_24,1745507640.0,104,11,1745508300,115,-1,19154.25,1745509200,130,19170.75,R_TRIGGER,-34.0,-34.0,0.9704
2025_04_24,1745508720.0,122,11,1745509380,133,-1,19160.0,1745510070,,19199.5,CAT_STOP,-80.0,-101.0,0.7631
2025_04_24,1745510940.0,159,11,1745511600,170,1,19219.0,1745515020,227,19224.0,R_TRIGGER,9.0,9.0,0.737
2025_04_24,1745513880.0,208,19,1745515020,227,-1,19224.0,1745515620,237,19247.25,R_TRIGGER,-47.5,-47.5,0.9697
2025_04_24,1745515080.0,228,12,1745515800,240,1,19267.75,1745521440,334,19256.75,R_TRIGGER,-23.0,-23.0,0.9607
2025_04_24,1745520660.0,321,14,1745521500,335,-1,19261.0,1745522520,352,19276.5,R_TRIGGER,-32.0,-32.0,0.7833
2025_04_24,1745521980.0,343,13,1745522760,356,-1,19267.0,1745524200,380,19332.25,CAT_STOP,-131.5,-101.0,0.7819
2025_04_25,,-29,30,1745587860,1,1,19291.0,1745588580,13,19296.0,R_TRIGGER,9.0,9.0,0.8668
2025_04_25,1745588400.0,10,5,1745588700,15,1,19327.0,1745588870,,19394.25,CAT_STOP,133.5,-101.0,0.8086
2025_04_25,1745590320.0,42,6,1745590680,48,1,19366.25,1745590920,52,19314.0,CAT_STOP,-105.5,-101.0,0.7948
2025_04_25,1745592360.0,76,14,1745593200,90,1,19315.25,1745594940,119,19348.75,R_TRIGGER,66.0,66.0,0.7831
2025_04_25,1745594580.0,113,7,1745595000,120,1,19358.75,1745595900,135,19325.5,R_TRIGGER,-67.5,-67.5,0.7891
2025_04_25,1745595900.0,135,12,1745596620,147,1,19364.5,1745599680,198,19433.25,R_TRIGGER,136.5,136.5,0.7441
2025_04_25,1745599440.0,194,4,1745599680,198,-1,19433.25,1745600160,206,19464.25,R_TRIGGER,-63.0,-63.0,0.7768
2025_04_25,1745599680.0,198,25,1745601180,223,1,19500.25,1745602680,248,19472.75,R_TRIGGER,-56.0,-56.0,0.7819
2025_04_25,1745602080.0,238,10,1745602680,248,-1,19472.75,1745602695,,19428.25,CAT_STOP,88.0,-101.0,0.984
2025_04_25,1745603760.0,266,3,1745603940,269,1,19428.25,1745608500,345,19481.75,R_TRIGGER,106.0,106.0,0.8188
2025_04_25,1745607840.0,334,11,1745608500,345,1,19481.75,1745612100,405,19555.75,SESSION_CLOSE,147.0,147.0,0.8258
2025_04_28,,-81,81,1745847000,0,1,19566.25,1745847225,,19497.25,CAT_STOP,-139.0,-101.0,0.7783
2025_04_28,1745847060.0,1,3,1745847240,4,-1,19497.25,1745847600,10,19533.0,R_TRIGGER,-72.5,-72.5,0.9802
2025_04_28,1745847360.0,6,4,1745847600,10,-1,19533.0,1745847830,,19490.25,CAT_STOP,84.5,-101.0,0.816
2025_04_28,1745848800.0,30,3,1745848980,33,-1,19490.25,1745850900,65,19495.5,R_TRIGGER,-11.5,-11.5,0.8243
2025_04_28,1745850720.0,62,10,1745851320,72,1,19517.0,1745851860,81,19522.0,R_TRIGGER,9.0,9.0,0.7423
2025_04_28,1745851620.0,77,7,1745852040,84,-1,19493.0,1745853180,103,19451.25,R_TRIGGER,82.5,82.5,0.8217
2025_04_28,1745853000.0,100,5,1745853300,105,-1,19425.5,1745854380,123,19349.5,R_TRIGGER,151.0,151.0,0.7638
2025_04_28,1745854140.0,119,12,1745854860,131,1,19379.0,1745855100,135,19353.75,R_TRIGGER,-51.5,-51.5,0.9613
2025_04_28,1745854920.0,132,3,1745855100,135,1,19353.75,1745855760,146,19346.5,R_TRIGGER,-15.5,-15.5,0.7574
2025_04_28,1745855580.0,143,4,1745855820,147,1,19338.75,1745856630,,19286.25,CAT_STOP,-106.0,-101.0,0.7821
2025_04_28,1745857020.0,167,5,1745857320,172,-1,19286.25,1745857860,181,19313.25,R_TRIGGER,-55.0,-55.0,0.7746
2025_04_28,1745857620.0,177,8,1745858100,185,-1,19321.0,1745859660,211,19331.75,R_TRIGGER,-22.5,-22.5,0.7651
2025_04_28,1745859360.0,206,12,1745860080,218,-1,19307.25,1745860680,228,19304.75,R_TRIGGER,4.0,4.0,0.7833
2025_04_28,1745860500.0,225,3,1745860680,228,-1,19304.75,1745861940,249,19304.75,R_TRIGGER,-1.0,-1.0,0.758
2025_04_28,1745861640.0,244,10,1745862240,254,1,19323.0,1745870340,389,19524.5,R_TRIGGER,402.0,402.0,0.9584
2025_04_28,1745869980.0,383,7,1745870400,390,-1,19509.5,1745871300,405,19493.0,SESSION_CLOSE,32.0,32.0,0.9664
2025_04_29,,-19,19,1745933400,0,1,19432.0,1745933760,6,19442.0,R_TRIGGER,19.0,19.0,0.9744
2025_04_29,1745933520.0,2,4,1745933760,6,1,19442.0,1745935200,30,19488.5,R_TRIGGER,92.0,92.0,0.8053
2025_04_29,1745934600.0,20,11,1745935260,31,1,19529.25,1745935920,42,19551.75,R_TRIGGER,44.0,44.0,0.7705
2025_04_29,1745935560.0,36,8,1745936040,44,1,19571.5,1745936520,52,19554.75,CAT_STOP,-34.5,-101.0,0.8028
2025_04_29,1745938860.0,91,16,1745939820,107,-1,19543.25,1745940540,119,19553.75,R_TRIGGER,-22.0,-22.0,0.9715
2025_04_29,1745940180.0,113,8,1745940660,121,-1,19533.75,1745941260,131,19553.75,R_TRIGGER,-41.0,-41.0,0.7701
2025_04_29,1745940900.0,125,8,1745941380,133,1,19568.25,1745943600,170,19560.25,R_TRIGGER,-17.0,-17.0,0.9633
2025_04_29,1745942940.0,159,11,1745943600,170,-1,19560.25,1745947020,227,19541.75,R_TRIGGER,36.0,36.0,0.9657
2025_04_29,1745945760.0,206,21,1745947020,227,1,19541.75,1745954220,347,19638.25,R_TRIGGER,192.0,192.0,0.9737
2025_04_29,1745952060.0,311,36,1745954220,347,1,19638.25,1745957400,400,19628.25,R_TRIGGER,-21.0,-21.0,0.7929
2025_04_29,1745956260.0,381,19,1745957400,400,-1,19628.25,1745957700,405,19631.75,SESSION_CLOSE,-8.0,-8.0,0.7823
2025_04_30,,-16,18,1746019920,2,-1,19266.75,1746020940,19,19209.25,R_TRIGGER,114.0,114.0,0.8537
2025_04_30,1746020580.0,13,7,1746021000,20,-1,19202.25,1746021840,34,19169.25,R_TRIGGER,65.0,65.0,0.7993
2025_04_30,1746021540.0,29,6,1746021900,35,-1,19178.5,1746022290,,19427.0,CAT_STOP,-498.0,-101.0,0.7991
2025_04_30,1746030960.0,186,3,1746031140,189,1,19427.0,1746033000,220,19356.25,R_TRIGGER,-142.5,-142.5,0.7623
2025_04_30,1746032460.0,211,9,1746033000,220,-1,19356.25,1746033540,229,19399.25,R_TRIGGER,-87.0,-87.0,0.7699
2025_04_30,1746033180.0,223,8,1746033660,231,1,19407.75,1746037740,299,19493.75,R_TRIGGER,171.0,171.0,0.9526
2025_04_30,1746036420.0,277,22,1746037740,299,-1,19493.75,1746038940,319,19515.25,R_TRIGGER,-44.0,-44.0,0.9725
2025_04_30,1746038520.0,312,7,1746038940,319,1,19515.25,1746043200,390,19654.75,R_TRIGGER,278.0,278.0,0.963
2025_04_30,1746042960.0,386,4,1746043200,390,1,19654.75,1746043205,,19774.25,CAT_STOP,238.0,-101.0,0.8298
2025_05_01,,-25,25,1746106200,0,1,19961.5,1746106260,1,19921.25,R_TRIGGER,-81.5,-81.5,0.7725
2025_05_01,,-3,4,1746106260,1,-1,19921.25,1746106270,,19926.75,CAT_STOP,-12.0,-101.0,0.9771
2025_05_01,1746106320.0,2,6,1746106680,8,-1,19926.75,1746107040,14,19931.5,R_TRIGGER,-10.5,-10.5,0.8296
2025_05_01,1746106860.0,11,3,1746107040,14,-1,19931.5,1746107330,,19916.5,CAT_STOP,29.0,-101.0,0.8359
2025_05_01,1746107940.0,29,4,1746108180,33,-1,19916.5,1746108900,45,19941.25,R_TRIGGER,-50.5,-50.5,0.8348
2025_05_01,1746108720.0,42,6,1746109080,48,-1,19947.75,1746109680,58,19982.0,CAT_STOP,-69.5,-101.0,0.7463
2025_05_01,1746114960.0,146,4,1746115200,150,-1,19982.0,1746116700,175,19964.5,R_TRIGGER,34.0,34.0,0.7715
2025_05_01,1746116220.0,167,8,1746116700,175,-1,19964.5,1746118920,212,19983.5,R_TRIGGER,-39.0,-39.0,0.761
2025_05_01,1746118380.0,203,11,1746119040,214,1,19999.25,1746121200,250,19980.5,R_TRIGGER,-38.5,-38.5,0.8012
2025_05_01,1746119880.0,228,22,1746121200,250,-1,19980.5,1746122280,268,19985.25,R_TRIGGER,-10.5,-10.5,0.9728
2025_05_01,1746121560.0,256,19,1746122700,275,1,19994.75,1746123960,296,19993.0,R_TRIGGER,-4.5,-4.5,0.9631
2025_05_01,1746123420.0,287,23,1746124800,310,1,20029.0,1746126000,330,19994.0,R_TRIGGER,-71.0,-71.0,0.7637
2025_05_01,1746125100.0,315,15,1746126000,330,-1,19994.0,1746127200,350,20017.75,R_TRIGGER,-48.5,-48.5,0.9745
2025_05_01,1746126600.0,340,12,1746127320,352,-1,20005.5,1746130380,403,19805.25,R_TRIGGER,399.5,399.5,0.7972
2025_05_02,,-19,20,1746192660,1,-1,20107.5,1746193200,10,20103.5,R_TRIGGER,7.0,7.0,0.7901
2025_05_02,1746193020.0,7,3,1746193200,10,-1,20103.5,1746194100,25,20093.25,R_TRIGGER,19.5,19.5,0.7974
2025_05_02,1746193920.0,22,3,1746194100,25,-1,20093.25,1746195050,,20175.0,CAT_STOP,-164.5,-101.0,0.7964
2025_05_02,1746195600.0,50,15,1746196500,65,1,20153.75,1746199800,120,20140.25,R_TRIGGER,-28.0,-28.0,0.7512
2025_05_02,1746199080.0,108,12,1746199800,120,-1,20140.25,1746200640,134,20184.25,R_TRIGGER,-89.0,-89.0,0.7817
2025_05_02,1746199800.0,120,21,1746201060,141,1,20183.75,1746205860,221,20207.75,R_TRIGGER,47.0,47.0,0.8063
2025_05_02,1746204240.0,194,33,1746206220,227,-1,20205.0,1746209460,281,20257.0,R_TRIGGER,-105.0,-105.0,0.845
2025_05_02,1746206760.0,236,50,1746209760,286,-1,20249.0,1746215640,384,20197.0,R_TRIGGER,103.0,103.0,0.7567
2025_05_02,1746215340.0,379,5,1746215640,384,-1,20197.0,1746216900,405,20197.5,SESSION_CLOSE,-2.0,-2.0,0.7852
2025_05_05,,-91,91,1746451800,0,1,20025.0,1746452460,11,19998.0,R_TRIGGER,-55.0,-55.0,0.9628
2025_05_05,1746452280.0,8,4,1746452520,12,1,20007.75,1746453120,22,20027.5,R_TRIGGER,38.5,38.5,0.8038
2025_05_05,1746452940.0,19,6,1746453300,25,1,20046.75,1746453840,34,20057.0,R_TRIGGER,19.5,19.5,0.839
2025_05_05,1746453660.0,31,5,1746453960,36,1,20033.5,1746454980,53,20051.75,R_TRIGGER,35.5,35.5,0.7533
2025_05_05,1746454800.0,50,3,1746454980,53,-1,20051.75,1746455940,69,20069.0,R_TRIGGER,-35.5,-35.5,0.7808
2025_05_05,1746455760.0,66,6,1746456120,72,1,20062.75,1746459240,124,20083.5,R_TRIGGER,40.5,40.5,0.954
2025_05_05,1746458520.0,112,15,1746459420,127,-1,20075.75,1746460860,151,20113.5,R_TRIGGER,-76.5,-76.5,0.9677
2025_05_05,1746459540.0,129,22,1746460860,151,1,20113.5,1746471540,329,20151.5,R_TRIGGER,75.0,75.0,0.9708
2025_05_05,1746470640.0,314,15,1746471540,329,-1,20151.5,1746475680,398,20048.75,R_TRIGGER,204.5,204.5,0.7826
2025_05_05,1746475500.0,395,3,1746475680,398,1,20048.75,1746476100,405,20033.75,SESSION_CLOSE,-31.0,-31.0,0.7887
2025_05_06,,-33,33,1746538200,0,-1,19793.75,1746538320,2,19830.0,R_TRIGGER,-73.5,-73.5,0.7623
2025_05_06,,-3,5,1746538320,2,-1,19830.0,1746540240,34,19793.5,R_TRIGGER,72.0,72.0,0.8179
2025_05_06,1746540000.0,30,9,1746540540,39,1,19820.5,1746544140,99,19891.75,R_TRIGGER,141.5,141.5,0.9717
2025_05_06,1746542880.0,78,22,1746544200,100,1,19897.25,1746546120,132,19911.0,R_TRIGGER,26.5,26.5,0.7401
2025_05_06,1746545700.0,125,16,1746546660,141,-1,19897.5,1746547920,162,19946.0,R_TRIGGER,-98.0,-98.0,0.9632
2025_05_06,1746547740.0,159,4,1746547980,163,1,19987.25,1746548220,167,19973.25,R_TRIGGER,-29.0,-29.0,0.9786
2025_05_06,1746548040.0,164,4,1746548280,168,1,19974.75,1746548460,171,19900.0,CAT_STOP,-150.5,-101.0,0.7454
2025_05_06,1746549480.0,188,6,1746549840,194,-1,19900.0,1746550980,213,19903.0,R_TRIGGER,-7.0,-7.0,0.8311
2025_05_06,1746550740.0,209,4,1746550980,213,-1,19903.0,1746554520,272,19884.25,R_TRIGGER,36.5,36.5,0.7431
2025_05_06,1746553740.0,259,29,1746555480,288,1,19901.5,1746558660,341,19930.0,R_TRIGGER,56.0,56.0,0.9594
2025_05_06,1746558000.0,330,25,1746559500,355,1,19940.0,1746561000,380,19929.75,R_TRIGGER,-21.5,-21.5,0.7781
2025_05_06,1746560700.0,375,7,1746561120,382,-1,19917.25,1746562500,405,19894.0,SESSION_CLOSE,45.5,45.5,0.9778
2025_05_07,,-37,37,1746624600,0,-1,19867.0,1746624730,,19915.0,CAT_STOP,-97.0,-101.0,0.7785
2025_05_07,1746624600.0,0,10,1746625200,10,-1,19915.0,1746626100,25,19923.0,R_TRIGGER,-17.0,-17.0,0.8018
2025_05_07,1746625920.0,22,9,1746626460,31,-1,19935.5,1746631260,111,19840.25,R_TRIGGER,189.5,189.5,0.7502
2025_05_07,1746630780.0,103,8,1746631260,111,-1,19840.25,1746632460,131,19842.5,R_TRIGGER,-5.5,-5.5,0.7647
2025_05_07,1746632160.0,126,9,1746632700,135,1,19851.75,1746632930,,19797.0,CAT_STOP,-110.5,-101.0,0.9673
2025_05_07,1746632760.0,136,3,1746632940,139,-1,19797.0,1746633180,143,19840.75,R_TRIGGER,-88.5,-88.5,0.8208
2025_05_07,1746633000.0,140,15,1746633900,155,1,19851.75,1746634920,172,19812.75,R_TRIGGER,-79.0,-79.0,0.9668
2025_05_07,1746633420.0,147,26,1746634980,173,-1,19815.0,1746636000,190,19855.75,R_TRIGGER,-82.5,-82.5,0.7542
2025_05_07,1746635460.0,181,14,1746636300,195,1,19869.75,1746639300,245,19873.0,R_TRIGGER,5.5,5.5,0.8138
2025_05_07,1746637980.0,223,30,1746639780,253,-1,19865.0,1746640920,272,19842.75,R_TRIGGER,43.5,43.5,0.7434
2025_05_07,1746640500.0,265,7,1746640920,272,-1,19842.75,1746641940,289,19727.0,R_TRIGGER,230.5,230.5,0.8293
2025_05_07,1746641760.0,286,3,1746641940,289,-1,19727.0,1746642480,298,19786.0,CAT_STOP,-119.0,-101.0,0.8423
2025_05_07,1746643740.0,319,6,1746644100,325,1,19826.5,1746644520,332,19848.0,R_TRIGGER,42.0,42.0,0.7765
2025_05_07,1746644220.0,327,5,1746644520,332,1,19848.0,1746645120,342,19854.75,R_TRIGGER,12.5,12.5,0.8299
2025_05_07,1746644940.0,339,7,1746645360,346,-1,19840.75,1746646620,367,19830.75,R_TRIGGER,19.0,19.0,0.7551
2025_05_07,1746646440.0,364,4,1746646680,368,1,19807.5,1746647160,376,19970.5,R_TRIGGER,325.0,325.0,0.8258
2025_05_07,1746646980.0,373,3,1746647160,376,-1,19970.5,1746647640,384,19901.25,R_TRIGGER,137.5,137.5,0.7715
2025_05_07,1746647460.0,381,3,1746647640,384,1,19901.25,1746648360,396,19951.5,R_TRIGGER,99.5,99.5,0.772
2025_05_07,1746648060.0,391,5,1746648360,396,1,19951.5,1746648900,405,19975.5,SESSION_CLOSE,47.0,47.0,0.8032
2025_05_08,,-39,39,1746711000,0,-1,20168.5,1746712560,26,20106.25,R_TRIGGER,123.5,123.5,0.9686
2025_05_08,1746712140.0,19,10,1746712740,29,-1,20090.0,1746713820,47,20062.5,R_TRIGGER,54.0,54.0,0.7417
2025_05_08,1746713520.0,42,5,1746713820,47,-1,20062.5,1746714840,64,20079.75,CAT_STOP,-35.5,-101.0,0.7756
2025_05_08,1746715740.0,79,4,1746715980,83,-1,20038.75,1746716280,88,20022.75,R_TRIGGER,31.0,31.0,0.7645
2025_05_08,1746716100.0,85,4,1746716340,89,-1,20017.25,1746716880,98,20061.0,R_TRIGGER,-88.5,-88.5,0.7995
2025_05_08,1746716700.0,95,7,1746717120,102,1,20064.25,1746719520,142,20270.5,R_TRIGGER,411.5,411.5,0.9621
2025_05_08,1746719160.0,136,6,1746719520,142,-1,20270.5,1746720300,155,20290.0,R_TRIGGER,-40.0,-40.0,0.7756
2025_05_08,1746719760.0,146,14,1746720600,160,1,20303.0,1746721320,172,20294.5,R_TRIGGER,-18.0,-18.0,0.7483
2025_05_08,1746720960.0,166,7,1746721380,173,1,20300.0,1746724200,220,20305.25,R_TRIGGER,9.5,9.5,0.737
2025_05_08,1746723120.0,202,18,1746724200,220,1,20305.25,1746727130,,20268.0,CAT_STOP,-75.5,-101.0,0.7785
2025_05_08,1746729720.0,312,18,1746730800,330,-1,20268.0,1746732000,350,20298.75,R_TRIGGER,-62.5,-62.5,0.9719
2025_05_08,1746730920.0,332,18,1746732000,350,-1,20298.75,1746735300,405,20150.25,SESSION_CLOSE,296.0,296.0,0.7879
2025_05_09,,-25,25,1746797400,0,-1,20252.25,1746797640,4,20260.5,R_TRIGGER,-17.5,-17.5,0.7549
2025_05_09,,-1,11,1746798000,10,-1,20248.75,1746798960,26,20233.75,R_TRIGGER,29.0,29.0,0.7532
2025_05_09,1746798780.0,23,13,1746799560,36,-1,20266.5,1746801060,61,20139.25,R_TRIGGER,253.5,253.5,0.7863
2025_05_09,1746800880.0,58,4,1746801120,62,-1,20140.25,1746801720,72,20101.75,R_TRIGGER,76.0,76.0,0.7885
2025_05_09,1746801540.0,69,3,1746801720,72,-1,20101.75,1746802950,,20164.0,CAT_STOP,-125.5,-101.0,0.7538
2025_05_09,1746803880.0,108,13,1746804660,121,-1,20105.25,1746804840,124,20143.5,R_TRIGGER,-77.5,-77.5,0.9673
2025_05_09,1746804660.0,121,4,1746804900,125,-1,20149.5,1746805560,136,20140.75,R_TRIGGER,16.5,16.5,0.7447
2025_05_09,1746805200.0,130,17,1746806220,147,1,20159.5,1746806580,153,20134.75,R_TRIGGER,-50.5,-50.5,0.9554
2025_05_09,1746806400.0,150,3,1746806580,153,-1,20134.75,1746807300,165,20115.0,R_TRIGGER,38.5,38.5,0.7685
2025_05_09,1746807120.0,162,5,1746807420,167,-1,20108.25,1746808560,186,20124.5,R_TRIGGER,-33.5,-33.5,0.7784
2025_05_09,1746808380.0,183,3,1746808560,186,-1,20124.5,1746809640,204,20106.5,R_TRIGGER,35.0,35.0,0.7419
2025_05_09,1746809340.0,199,12,1746810060,211,-1,20098.0,1746810600,220,20115.75,R_TRIGGER,-36.5,-36.5,0.7388
2025_05_09,1746810300.0,215,6,1746810660,221,1,20107.25,1746810840,224,20083.25,R_TRIGGER,-49.0,-49.0,0.7349
2025_05_09,1746810600.0,220,4,1746810840,224,-1,20083.25,1746811080,228,20109.75,R_TRIGGER,-54.0,-54.0,0.7551
2025_05_09,1746810840.0,224,7,1746811260,231,-1,20105.5,1746811500,235,20122.0,R_TRIGGER,-34.0,-34.0,0.7972
2025_05_09,1746811320.0,232,6,1746811680,238,-1,20103.75,1746812460,251,20123.5,R_TRIGGER,-40.5,-40.5,0.7492
2025_05_09,1746811980.0,243,12,1746812700,255,1,20139.0,1746814620,287,20114.25,R_TRIGGER,-50.5,-50.5,0.7682
2025_05_09,1746813480.0,268,20,1746814680,288,-1,20123.5,1746815520,302,20140.25,R_TRIGGER,-34.5,-34.5,0.965
2025_05_09,1746814680.0,288,31,1746816540,319,1,20142.5,1746818460,351,20150.25,R_TRIGGER,14.5,14.5,0.9699
2025_05_09,1746817800.0,340,17,1746818820,357,1,20157.75,1746819960,376,20145.25,R_TRIGGER,-26.0,-26.0,0.7492
2025_05_09,1746819300.0,365,11,1746819960,376,-1,20145.25,1746820440,384,20165.5,R_TRIGGER,-41.5,-41.5,0.8358
2025_05_09,1746820140.0,379,6,1746820500,385,-1,20139.0,1746821700,405,20129.75,SESSION_CLOSE,17.5,17.5,0.7659
2025_05_12,,-61,61,1747056600,0,-1,20865.25,1747056610,,20797.75,CAT_STOP,134.0,-101.0,0.9737
2025_05_12,1747057320.0,12,8,1747057800,20,-1,20800.75,1747059120,42,20827.5,R_TRIGGER,-54.5,-54.5,0.7494
2025_05_12,1747058460.0,31,19,1747059600,50,-1,20812.25,1747060740,69,20746.75,R_TRIGGER,130.0,130.0,0.7366
2025_05_12,1747060260.0,61,11,1747060920,72,1,20784.5,1747063380,113,20757.25,R_TRIGGER,-55.5,-55.5,0.9538
2025_05_12,1747061700.0,85,28,1747063380,113,-1,20757.25,1747066380,163,20806.75,R_TRIGGER,-100.0,-100.0,0.9653
2025_05_12,1747063440.0,114,49,1747066380,163,1,20806.75,1747076400,330,20882.75,R_TRIGGER,151.0,151.0,0.7358
2025_05_12,1747075320.0,312,18,1747076400,330,-1,20882.75,1747079520,382,20916.75,R_TRIGGER,-69.0,-69.0,0.7979
2025_05_12,1747079160.0,376,6,1747079520,382,1,20916.75,1747080660,401,20943.75,R_TRIGGER,53.0,53.0,0.9766
2025_05_12,1747080060.0,391,10,1747080660,401,-1,20943.75,1747080900,405,20945.0,SESSION_CLOSE,-3.5,-3.5,0.9516
2025_05_13,,-44,44,1747143000,0,1,20981.5,1747143060,1,21003.5,R_TRIGGER,43.0,43.0,0.7772
2025_05_13,,-9,10,1747143060,1,-1,21003.5,1747143240,4,21037.5,R_TRIGGER,-69.0,-69.0,0.9757
2025_05_13,1747143060.0,1,4,1747143300,5,1,21061.25,1747146600,60,21208.25,R_TRIGGER,293.0,293.0,0.9683
2025_05_13,1747145820.0,47,16,1747146780,63,1,21220.25,1747152120,152,21264.75,R_TRIGGER,88.0,88.0,0.7557
2025_05_13,1747151160.0,136,16,1747152120,152,-1,21264.75,1747153500,175,21301.75,R_TRIGGER,-75.0,-75.0,0.9697
2025_05_13,1747152240.0,154,21,1747153500,175,1,21301.75,1747158960,266,21302.25,R_TRIGGER,0.0,0.0,0.967
2025_05_13,1747157760.0,246,20,1747158960,266,-1,21302.25,1747162620,327,21325.0,R_TRIGGER,-46.5,-46.5,0.781
2025_05_13,1747159320.0,272,60,1747162920,332,1,21324.25,1747165860,381,21301.5,R_TRIGGER,-46.5,-46.5,0.7384
2025_05_13,1747163760.0,346,35,1747165860,381,-1,21301.5,1747167300,405,21254.75,SESSION_CLOSE,92.5,92.5,0.8
2025_05_14,,-118,118,1747229400,0,-1,21334.25,1747229520,2,21361.5,R_TRIGGER,-55.5,-55.5,0.7498
2025_05_14,,-1,3,1747229520,2,1,21361.5,1747230000,10,21363.75,R_TRIGGER,3.5,3.5,0.9635
2025_05_14,1747229760.0,6,4,1747230000,10,1,21363.75,1747230385,,21288.0,CAT_STOP,-152.5,-101.0,0.7681
2025_05_14,1747230720.0,22,3,1747230900,25,-1,21288.0,1747231140,29,21330.75,R_TRIGGER,-86.5,-86.5,0.8002
2025_05_14,1747230960.0,26,4,1747231200,30,1,21316.25,1747231920,42,21330.0,R_TRIGGER,26.5,26.5,0.7965
2025_05_14,1747231740.0,39,3,1747231920,42,-1,21330.0,1747232700,55,21341.25,R_TRIGGER,-23.5,-23.5,0.7999
2025_05_14,1747232520.0,52,4,1747232760,56,1,21347.0,1747233720,72,21325.5,R_TRIGGER,-44.0,-44.0,0.9621
2025_05_14,1747233120.0,62,13,1747233900,75,1,21323.25,1747234980,93,21327.0,R_TRIGGER,6.5,6.5,0.8161
2025_05_14,1747234440.0,84,9,1747234980,93,-1,21327.0,1747235340,99,21329.5,R_TRIGGER,-6.0,-6.0,0.8009
2025_05_14,1747235100.0,95,14,1747235940,109,-1,21342.0,1747238760,156,21317.5,CAT_STOP,48.0,-101.0,0.7778
2025_05_14,1747243560.0,236,12,1747244280,248,1,21333.25,1747247280,298,21343.75,R_TRIGGER,20.0,20.0,0.9643
2025_05_14,1747247640.0,304,6,1747248000,310,1,21376.0,1747250580,353,21338.75,R_TRIGGER,-75.5,-75.5,0.7416
2025_05_14,1747250160.0,346,7,1747250580,353,-1,21338.75,1747252200,380,21377.5,R_TRIGGER,-78.5,-78.5,0.795
2025_05_14,1747252020.0,377,3,1747252200,380,1,21377.5,1747253700,405,21400.5,SESSION_CLOSE,45.0,45.0,0.826
2025_05_15,1747315800.0,0,5,1747316100,5,1,21319.25,1747316340,9,21295.25,R_TRIGGER,-49.0,-49.0,0.794
2025_05_15,1747316040.0,4,6,1747316400,10,1,21297.5,1747316820,17,21275.0,R_TRIGGER,-46.0,-46.0,0.8497
2025_05_15,1747316940.0,19,5,1747317240,24,1,21301.25,1747318140,39,21307.25,R_TRIGGER,11.0,11.0,0.7494
2025_05_15,1747317660.0,31,8,1747318140,39,1,21307.25,1747319340,59,21288.0,R_TRIGGER,-39.5,-39.5,0.7581
2025_05_15,1747319160.0,56,3,1747319340,59,-1,21288.0,1747320120,72,21300.5,R_TRIGGER,-26.0,-26.0,0.8108
2025_05_15,1747319760.0,66,7,1747320180,73,1,21303.0,1747322700,115,21384.75,R_TRIGGER,162.5,162.5,0.7418
2025_05_15,1747322520.0,112,6,1747322880,118,1,21408.0,1747330440,244,21491.0,R_TRIGGER,165.0,165.0,0.7473
2025_05_15,1747329660.0,231,14,1747330500,245,-1,21491.0,1747333620,297,21404.75,R_TRIGGER,171.5,171.5,0.9674
2025_05_15,1747333260.0,291,6,1747333620,297,1,21404.75,1747334880,318,21406.75,R_TRIGGER,3.0,3.0,0.7416
2025_05_15,1747334460.0,311,12,1747335180,323,-1,21401.5,1747335960,336,21412.75,R_TRIGGER,-23.5,-23.5,0.9768
2025_05_15,1747335600.0,330,7,1747336020,337,-1,21392.75,1747336620,347,21394.5,R_TRIGGER,-4.5,-4.5,0.7548
2025_05_15,1747336200.0,340,7,1747336620,347,-1,21394.5,1747337400,360,21344.75,R_TRIGGER,98.5,98.5,0.8045
2025_05_15,1747337160.0,356,10,1747337760,366,-1,21358.0,1747338600,380,21398.5,CAT_STOP,-82.0,-101.0,0.8032
2025_05_15,1747338900.0,385,4,1747339140,389,1,21419.5,1747339740,399,21408.75,R_TRIGGER,-22.5,-22.5,0.8169
2025_05_16,,-30,30,1747402200,0,-1,21435.0,1747405080,48,21449.0,R_TRIGGER,-29.0,-29.0,0.9697
2025_05_16,1747402920.0,12,36,1747405080,48,1,21449.0,1747405830,,21397.5,CAT_STOP,-104.0,-101.0,0.9338
2025_05_16,1747405140.0,49,12,1747405860,61,-1,21397.5,1747407000,80,21388.25,R_TRIGGER,17.5,17.5,0.776
2025_05_16,1747406700.0,75,6,1747407060,81,1,21381.75,1747426500,405,21494.25,SESSION_CLOSE,224.0,224.0,0.9451
2025_05_19,,-15,15,1747661400,0,1,21251.5,1747664760,56,21404.75,R_TRIGGER,305.5,305.5,0.9555
2025_05_19,1747664220.0,47,9,1747664760,56,1,21404.75,1747666200,80,21402.5,R_TRIGGER,-5.5,-5.5,0.7529
2025_05_19,1747665900.0,75,5,1747666200,80,-1,21402.5,1747667880,108,21432.25,R_TRIGGER,-60.5,-60.5,0.7964
2025_05_19,1747666200.0,80,33,1747668180,113,-1,21417.0,1747669230,,21470.25,CAT_STOP,-107.5,-101.0,0.7587
2025_05_19,1747669800.0,140,58,1747673280,198,1,21461.0,1747678200,280,21485.5,R_TRIGGER,48.0,48.0,0.8245
2025_05_19,1747674720.0,222,63,1747678500,285,-1,21473.0,1747681200,330,21500.0,R_TRIGGER,-55.0,-55.0,0.8263
2025_05_19,1747678920.0,292,38,1747681200,330,1,21500.0,1747682820,357,21450.0,R_TRIGGER,-101.0,-101.0,0.761
2025_05_19,1747681200.0,330,27,1747682820,357,-1,21450.0,1747684200,380,21506.25,CAT_STOP,-113.5,-101.0,0.7492
2025_05_19,1747682820.0,357,23,1747684200,380,1,21506.25,1747685700,405,21486.25,SESSION_CLOSE,-41.0,-41.0,0.873
2025_05_20,,-119,123,1747748040,4,1,21420.75,1747748880,18,21386.5,CAT_STOP,-69.5,-101.0,0.7466
2025_05_20,1747749240.0,24,4,1747749480,28,-1,21386.5,1747750680,48,21407.5,R_TRIGGER,-43.0,-43.0,0.8123
2025_05_20,1747750200.0,40,11,1747750860,51,1,21411.0,1747751280,58,21390.5,R_TRIGGER,-42.0,-42.0,0.952
2025_05_20,1747750860.0,51,8,1747751340,59,-1,21395.0,1747751880,68,21424.25,R_TRIGGER,-59.5,-59.5,0.7664
2025_05_20,1747751280.0,58,11,1747751940,69,1,21439.0,1747753080,88,21410.75,R_TRIGGER,-57.5,-57.5,0.9623
2025_05_20,1747752540.0,79,9,1747753080,88,-1,21410.75,1747756560,146,21442.5,R_TRIGGER,-64.5,-64.5,0.9713
2025_05_20,1747753200.0,90,85,1747758300,175,-1,21417.75,1747759500,195,21378.25,CAT_STOP,78.0,-101.0,0.9561
2025_05_20,1747765740.0,299,10,1747766340,309,-1,21378.25,1747768320,342,21350.5,R_TRIGGER,54.5,54.5,0.7515
2025_05_20,1747767840.0,334,13,1747768620,347,1,21353.75,1747771800,400,21407.0,R_TRIGGER,105.5,105.5,0.9635
2025_05_20,1747771140.0,389,13,1747771920,402,-1,21406.75,1747772100,405,21412.5,SESSION_CLOSE,-12.5,-12.5,0.9614
2025_05_21,,-62,62,1747834200,0,-1,21304.0,1747834260,1,21324.0,R_TRIGGER,-41.0,-41.0,0.763
2025_05_21,,-6,7,1747834260,1,1,21324.0,1747836000,30,21363.75,R_TRIGGER,78.5,78.5,0.9598
2025_05_21,1747835520.0,22,9,1747836060,31,1,21386.25,1747837560,56,21397.75,R_TRIGGER,22.0,22.0,0.9793
2025_05_21,1747836360.0,36,21,1747837620,57,1,21395.75,1747841820,127,21500.5,R_TRIGGER,208.5,208.5,0.7448
2025_05_21,1747841880.0,128,27,1747843500,155,1,21522.75,1747844580,173,21516.5,R_TRIGGER,-13.5,-13.5,0.7379
2025_05_21,1747843740.0,159,21,1747845000,180,1,21538.0,1747846680,208,21520.75,R_TRIGGER,-35.5,-35.5,0.7844
2025_05_21,1747846200.0,200,9,1747846740,209,-1,21515.25,1747848780,243,21269.25,R_TRIGGER,491.0,491.0,0.9724
2025_05_21,1747848600.0,240,3,1747848780,243,-1,21269.25,1747849195,,21300.75,CAT_STOP,-64.0,-101.0,0.847
2025_05_21,1747849560.0,256,4,1747849800,260,1,21300.75,1747849980,263,21261.25,CAT_STOP,-80.0,-101.0,0.7454
2025_05_21,1747849800.0,260,4,1747850040,264,-1,21261.25,1747850880,278,21259.5,R_TRIGGER,2.5,2.5,0.7965
2025_05_21,1747850700.0,275,5,1747851000,280,-1,21248.0,1747851900,295,21227.25,R_TRIGGER,40.5,40.5,0.8127
2025_05_21,1747851660.0,291,4,1747851900,295,-1,21227.25,1747852595,,21143.5,CAT_STOP,166.5,-101.0,0.8261
2025_05_21,1747854660.0,341,4,1747854900,345,-1,21139.75,1747855800,360,21110.75,R_TRIGGER,57.0,57.0,0.7629
2025_05_21,1747855560.0,356,4,1747855800,360,1,21110.75,1747857240,384,21162.0,R_TRIGGER,101.5,101.5,0.7547
2025_05_21,1747857060.0,381,3,1747857240,384,-1,21162.0,1747858500,405,21124.0,SESSION_CLOSE,75.0,75.0,0.7546
2025_05_22,,-24,24,1747920600,0,-1,21179.5,1747921200,10,21170.0,R_TRIGGER,18.0,18.0,0.7642
2025_05_22,1747920900.0,5,5,1747921200,10,-1,21170.0,1747921800,20,21199.25,R_TRIGGER,-59.5,-59.5,0.8327
2025_05_22,1747921620.0,17,6,1747921980,23,1,21256.0,1747923120,42,21280.25,R_TRIGGER,47.5,47.5,0.9711
2025_05_22,1747922820.0,37,5,1747923120,42,-1,21280.25,1747924440,64,21245.0,R_TRIGGER,69.5,69.5,0.7566
2025_05_22,1747923900.0,55,9,1747924440,64,-1,21245.0,1747924920,72,21259.5,R_TRIGGER,-30.0,-30.0,0.804
2025_05_22,1747924680.0,68,7,1747925100,75,-1,21235.5,1747926000,90,21240.0,R_TRIGGER,-10.0,-10.0,0.7794
2025_05_22,1747925820.0,87,4,1747926060,91,1,21238.25,1747926900,105,21212.75,R_TRIGGER,-52.0,-52.0,0.7873
2025_05_22,1747927500.0,115,4,1747927740,119,1,21206.5,1747930800,170,21278.0,R_TRIGGER,142.0,142.0,0.7778
2025_05_22,1747930560.0,166,5,1747930860,171,-1,21280.25,1747934280,228,21241.0,R_TRIGGER,77.5,77.5,0.8089
2025_05_22,1747933860.0,221,7,1747934280,228,1,21241.0,1747942560,366,21289.25,R_TRIGGER,95.5,95.5,0.9606
2025_05_22,1747940700.0,335,32,1747942620,367,-1,21289.5,1747943400,380,21258.75,R_TRIGGER,60.5,60.5,0.7584
2025_05_22,1747943160.0,376,5,1747943460,381,-1,21246.25,1747944900,405,21185.5,SESSION_CLOSE,120.5,120.5,0.8203
2025_05_23,,-66,66,1748007000,0,1,20848.25,1748007960,16,20864.25,R_TRIGGER,31.0,31.0,0.7636
2025_05_23,1748007360.0,6,11,1748008020,17,-1,20862.75,1748008820,,20927.5,CAT_STOP,-130.5,-101.0,0.7393
2025_05_23,1748008080.0,18,16,1748009040,34,1,20927.5,1748012280,88,20911.75,R_TRIGGER,-32.5,-32.5,0.8376
2025_05_23,1748009520.0,42,46,1748012280,88,-1,20911.75,1748013775,,20965.5,CAT_STOP,-108.5,-101.0,0.9804
2025_05_23,1748013360.0,106,16,1748014320,122,1,20976.5,1748016240,154,20929.5,R_TRIGGER,-95.0,-95.0,0.7556
2025_05_23,1748014620.0,127,27,1748016240,154,1,20929.5,1748028180,353,21002.25,R_TRIGGER,144.5,144.5,0.812
2025_05_23,1748024220.0,287,66,1748028180,353,-1,21002.25,1748029320,372,20953.5,CAT_STOP,96.5,-101.0,0.7429
2025_05_26,,-4,5,1748266260,1,1,21280.75,1748267700,25,21278.25,R_TRIGGER,-6.0,-6.0,0.9495
2025_05_26,1748266680.0,8,17,1748267700,25,-1,21278.25,1748273160,116,21245.5,R_TRIGGER,64.5,64.5,0.9497
2025_05_26,1748272260.0,101,16,1748273220,117,1,21243.25,1748278740,209,21283.5,SESSION_CLOSE,79.5,79.5,0.8013
2025_05_27,,-9,9,1748352600,0,-1,21279.25,1748353500,15,21248.75,R_TRIGGER,60.0,60.0,0.7495
2025_05_27,1748352960.0,6,12,1748353680,18,1,21273.5,1748372400,330,21437.5,R_TRIGGER,327.0,327.0,0.9541
2025_05_27,1748368860.0,271,66,1748372820,337,-1,21447.25,1748375940,389,21466.5,R_TRIGGER,-39.5,-39.5,0.7378
2025_05_27,1748374260.0,361,37,1748376480,398,1,21466.25,1748376900,405,21474.5,SESSION_CLOSE,15.5,15.5,0.9739
2025_05_28,,-5,14,1748439540,9,1,21555.75,1748439900,15,21521.75,R_TRIGGER,-69.0,-69.0,0.9649
2025_05_28,1748439600.0,10,5,1748439900,15,1,21521.75,1748440250,,21447.25,CAT_STOP,-150.0,-101.0,0.74
2025_05_28,1748445720.0,112,34,1748447760,146,-1,21447.25,1748448480,158,21469.25,R_TRIGGER,-45.0,-45.0,0.9659
2025_05_28,1748447940.0,149,11,1748448600,160,1,21463.0,1748458260,321,21450.0,R_TRIGGER,-27.0,-27.0,0.7346
2025_05_28,1748455980.0,283,38,1748458260,321,-1,21450.0,1748458500,325,21448.0,R_TRIGGER,3.0,3.0,0.776
2025_05_28,1748458320.0,322,3,1748458500,325,-1,21448.0,1748459240,,21384.0,CAT_STOP,127.0,-101.0,0.7682
2025_05_28,1748462040.0,384,4,1748462280,388,-1,21374.25,1748462760,396,21386.25,R_TRIGGER,-25.0,-25.0,0.7994
2025_05_28,1748462580.0,393,8,1748463060,401,-1,21388.25,1748463300,405,21393.0,SESSION_CLOSE,-10.5,-10.5,0.7657
2025_05_29,,-7,7,1748525400,0,-1,21649.5,1748526780,23,21543.0,R_TRIGGER,212.0,212.0,0.965
2025_05_29,1748526600.0,20,4,1748526840,24,-1,21545.75,1748528100,45,21440.25,R_TRIGGER,210.0,210.0,0.7572
2025_05_29,1748527860.0,41,4,1748528100,45,-1,21440.25,1748528700,55,21429.75,R_TRIGGER,20.0,20.0,0.8335
2025_05_29,1748528460.0,51,4,1748528700,55,-1,21429.75,1748530140,79,21503.25,CAT_STOP,-148.0,-101.0,0.7365
2025_05_29,1748531940.0,109,11,1748532600,120,1,21484.5,1748532720,122,21446.75,R_TRIGGER,-76.5,-76.5,0.7706
2025_05_29,1748532540.0,119,3,1748532720,122,-1,21446.75,1748534580,153,21345.0,R_TRIGGER,202.5,202.5,0.8086
2025_05_29,1748534400.0,150,3,1748534580,153,-1,21345.0,1748535180,163,21359.75,CAT_STOP,-30.5,-101.0,0.7839
2025_05_29,1748543220.0,297,9,1748543760,306,1,21380.0,1748545140,329,21362.75,R_TRIGGER,-35.5,-35.5,0.959
2025_05_29,1748544960.0,326,3,1748545140,329,-1,21362.75,1748546400,350,21385.75,R_TRIGGER,-47.0,-47.0,0.7957
2025_05_29,1748546100.0,345,6,1748546460,351,1,21390.5,1748548380,383,21381.25,R_TRIGGER,-19.5,-19.5,0.8428
2025_05_29,1748548200.0,380,3,1748548380,383,1,21381.25,1748549100,395,21376.25,R_TRIGGER,-11.0,-11.0,0.8217
2025_05_29,1748548800.0,390,7,1748549220,397,-1,21375.5,1748549700,405,21392.75,SESSION_CLOSE,-35.5,-35.5,0.9662
2025_05_30,,-62,63,1748611860,1,-1,21366.75,1748613600,30,21300.25,R_TRIGGER,132.0,132.0,0.7545
2025_05_30,1748613120.0,22,8,1748613600,30,-1,21300.25,1748613970,,21370.0,CAT_STOP,-140.5,-101.0,0.8071
2025_05_30,1748618340.0,109,12,1748619060,121,1,21370.0,1748619240,124,21325.25,R_TRIGGER,-90.5,-90.5,0.7564
2025_05_30,1748619060.0,121,3,1748619240,124,1,21325.25,1748621880,168,21101.5,CAT_STOP,-448.5,-101.0,0.7382
2025_05_30,1748623260.0,191,12,1748623980,203,-1,21082.25,1748624580,213,21129.0,CAT_STOP,-94.5,-101.0,0.7866
2025_05_30,1748623980.0,203,10,1748624580,213,1,21129.0,1748634360,376,21361.75,R_TRIGGER,464.5,464.5,0.7616
2025_05_30,1748634360.0,376,4,1748634600,380,1,21410.5,1748634840,384,21368.25,R_TRIGGER,-85.5,-85.5,0.8056
2025_05_30,1748634600.0,380,4,1748634840,384,1,21368.25,1748635260,391,21375.5,R_TRIGGER,13.5,13.5,0.827
2025_05_30,1748635080.0,388,5,1748635380,393,-1,21343.75,1748636100,405,21366.0,SESSION_CLOSE,-45.5,-45.5,0.7695
2025_06_02,,-63,68,1748871300,5,1,21415.0,1748871720,12,21413.25,R_TRIGGER,-4.5,-4.5,0.7459
2025_06_02,1748871540.0,9,4,1748871780,13,1,21420.5,1748872235,,21287.25,CAT_STOP,-267.5,-101.0,0.7453
2025_06_02,1748873280.0,38,7,1748873700,45,-1,21307.75,1748873940,49,21311.75,R_TRIGGER,-9.0,-9.0,0.8152
2025_06_02,1748873460.0,41,10,1748874060,51,1,21324.0,1748875080,68,21363.25,R_TRIGGER,77.5,77.5,0.9753
2025_06_02,1748874900.0,65,7,1748875320,72,1,21364.5,1748876940,99,21366.25,R_TRIGGER,2.5,2.5,0.7526
2025_06_02,1748877000.0,100,5,1748877300,105,1,21388.5,1748877960,116,21368.25,R_TRIGGER,-41.5,-41.5,0.7676
2025_06_02,1748877180.0,103,15,1748878080,118,-1,21364.75,1748879040,134,21397.75,R_TRIGGER,-67.0,-67.0,0.9592
2025_06_02,1748878440.0,124,13,1748879220,137,1,21405.0,1748882640,194,21406.75,R_TRIGGER,2.5,2.5,0.9596
2025_06_02,1748879700.0,145,49,1748882640,194,-1,21406.75,1748883240,204,21453.5,R_TRIGGER,-94.5,-94.5,0.9596
2025_06_02,1748882640.0,194,10,1748883240,204,1,21453.5,1748886600,260,21427.0,R_TRIGGER,-54.0,-54.0,0.9579
2025_06_02,1748884200.0,220,60,1748887800,280,-1,21441.0,1748888100,285,21476.0,R_TRIGGER,-71.0,-71.0,0.7406
2025_06_02,1748886600.0,260,25,1748888100,285,1,21476.0,1748894040,384,21506.0,R_TRIGGER,59.0,59.0,0.9631
2025_06_02,1748892240.0,354,30,1748894040,384,-1,21506.0,1748894400,390,21537.75,R_TRIGGER,-64.5,-64.5,0.7864
2025_06_02,1748894040.0,384,13,1748894820,397,1,21547.75,1748895300,405,21567.25,SESSION_CLOSE,38.0,38.0,0.9707
2025_06_03,,-288,290,1748957520,2,-1,21541.5,1748958120,12,21570.25,R_TRIGGER,-58.5,-58.5,0.7466
2025_06_03,1748957940.0,9,5,1748958240,14,-1,21563.75,1748959200,30,21607.5,CAT_STOP,-88.5,-101.0,0.7448
2025_06_03,1748959680.0,38,18,1748960760,56,1,21618.75,1748973540,269,21717.75,R_TRIGGER,197.0,197.0,0.9643
2025_06_03,1748971380.0,233,36,1748973540,269,-1,21717.75,1748974980,293,21682.5,R_TRIGGER,69.5,69.5,0.7349
2025_06_03,1748974200.0,280,14,1748975040,294,1,21681.0,1748980140,379,21675.5,R_TRIGGER,-12.0,-12.0,0.9603
2025_06_03,1748977260.0,331,48,1748980140,379,-1,21675.5,1748980440,384,21699.25,R_TRIGGER,-48.5,-48.5,0.8058
2025_06_03,1748980140.0,379,5,1748980440,384,1,21699.25,1748980860,391,21684.0,R_TRIGGER,-31.5,-31.5,0.7655
2025_06_03,1748980620.0,387,8,1748981100,395,-1,21669.25,1748981700,405,21680.0,SESSION_CLOSE,-22.5,-22.5,0.9615
2025_06_04,,-65,69,1749044040,4,1,21755.0,1749045060,21,21742.5,R_TRIGGER,-26.0,-26.0,0.7642
2025_06_04,1749044520.0,12,9,1749045060,21,1,21742.5,1749045605,,21730.0,CAT_STOP,-26.0,-101.0,0.7715
2025_06_04,1749047700.0,65,20,1749048900,85,1,21738.25,1749051840,134,21740.5,R_TRIGGER,3.5,3.5,0.7347
2025_06_04,1749049860.0,101,34,1749051900,135,1,21756.5,1749053615,,21756.5,CAT_STOP,-1.0,-101.0,0.7836
2025_06_04,1749061800.0,300,81,1749066660,381,-1,21756.5,1749068100,405,21757.0,SESSION_CLOSE,-2.0,-2.0,0.7843
2025_06_05,,-13,14,1749130260,1,1,21798.5,1749130500,5,21791.5,R_TRIGGER,-15.0,-15.0,0.8362
2025_06_05,1749130260.0,1,4,1749130500,5,1,21791.5,1749130800,10,21704.75,CAT_STOP,-174.5,-101.0,0.7657
2025_06_05,1749131040.0,14,3,1749131220,17,-1,21704.75,1749131460,21,21726.0,R_TRIGGER,-43.5,-43.5,0.7594
2025_06_05,1749131280.0,18,6,1749131640,24,-1,21749.75,1749132300,35,21757.75,R_TRIGGER,-17.0,-17.0,0.7499
2025_06_05,1749131880.0,28,7,1749132300,35,-1,21757.75,1749133260,51,21753.5,R_TRIGGER,7.5,7.5,0.7835
2025_06_05,1749132540.0,39,14,1749133380,53,1,21766.5,1749133920,62,21745.75,R_TRIGGER,-42.5,-42.5,0.9618
2025_06_05,1749133740.0,59,6,1749134100,65,-1,21727.75,1749134270,,21794.75,CAT_STOP,-135.0,-101.0,0.9748
2025_06_05,1749134100.0,65,3,1749134280,68,-1,21794.75,1749134535,,21850.25,CAT_STOP,-112.0,-101.0,0.7501
2025_06_05,1749135120.0,82,4,1749135360,86,1,21850.25,1749139740,159,21890.5,R_TRIGGER,79.5,79.5,0.7674
2025_06_05,1749139020.0,147,12,1749139740,159,-1,21890.5,1749140400,170,21859.25,R_TRIGGER,61.5,61.5,0.9695
2025_06_05,1749140220.0,167,6,1749140580,173,-1,21854.0,1749142500,205,21720.0,R_TRIGGER,267.0,267.0,0.7664
2025_06_05,1749142320.0,202,3,1749142500,205,-1,21720.0,1749143040,214,21696.0,R_TRIGGER,47.0,47.0,0.764
2025_06_05,1749142800.0,210,4,1749143040,214,-1,21696.0,1749143520,222,21678.5,CAT_STOP,34.0,-101.0,0.7535
2025_06_05,1749147420.0,287,3,1749147600,290,-1,21678.5,1749148620,307,21579.5,CAT_STOP,197.0,-101.0,0.788
2025_06_05,1749151140.0,349,9,1749151680,358,1,21563.0,1749152520,372,21634.0,R_TRIGGER,141.0,141.0,0.8102
2025_06_05,1749152280.0,368,4,1749152520,372,-1,21634.0,1749153660,391,21613.0,R_TRIGGER,41.0,41.0,0.75
2025_06_05,1749153480.0,388,7,1749153900,395,-1,21595.75,1749154500,405,21534.5,SESSION_CLOSE,121.5,121.5,0.7717
2025_06_06,,-144,144,1749216600,0,1,21790.75,1749216840,4,21778.75,R_TRIGGER,-25.0,-25.0,0.7478
2025_06_06,1749216660.0,1,3,1749216840,4,1,21778.75,1749218160,26,21815.0,R_TRIGGER,71.5,71.5,0.7477
2025_06_06,1749217740.0,19,8,1749218220,27,-1,21820.0,1749220560,66,21817.25,R_TRIGGER,4.5,4.5,0.7725
2025_06_06,1749220320.0,62,4,1749220560,66,1,21817.25,1749223020,107,21808.75,R_TRIGGER,-18.0,-18.0,0.7713
2025_06_06,1749222360.0,96,12,1749223080,108,-1,21778.0,1749223380,113,21775.75,R_TRIGGER,3.5,3.5,0.9839
2025_06_06,1749223200.0,110,5,1749223500,115,-1,21788.75,1749230280,228,21777.0,R_TRIGGER,22.5,22.5,0.745
2025_06_06,1749228960.0,206,22,1749230280,228,1,21777.0,1749237000,340,21829.75,R_TRIGGER,104.5,104.5,0.7415
2025_06_06,1749234780.0,303,37,1749237000,340,-1,21829.75,1749240900,405,21798.25,SESSION_CLOSE,62.0,62.0,0.7538
2025_06_09,1749476280.0,8,11,1749476940,19,1,21804.0,1749477540,29,21787.25,R_TRIGGER,-34.5,-34.5,0.7531
2025_06_09,1749477300.0,25,5,1749477600,30,-1,21809.0,1749478140,39,21822.25,R_TRIGGER,-27.5,-27.5,0.8044
2025_06_09,1749477540.0,29,10,1749478140,39,1,21822.25,1749480300,75,21847.75,R_TRIGGER,50.0,50.0,0.9571
2025_06_09,1749479580.0,63,12,1749480300,75,-1,21847.75,1749481560,96,21858.0,R_TRIGGER,-21.5,-21.5,0.7553
2025_06_09,1749481020.0,87,11,1749481680,98,1,21864.5,1749482280,108,21837.0,R_TRIGGER,-56.0,-56.0,0.9455
2025_06_09,1749481980.0,103,6,1749482340,109,-1,21827.5,1749484560,146,21840.75,R_TRIGGER,-27.5,-27.5,0.9691
2025_06_09,1749482820.0,117,34,1749484860,151,-1,21842.25,1749486900,185,21841.5,R_TRIGGER,0.5,0.5,0.7702
2025_06_09,1749485460.0,161,42,1749487980,203,1,21880.0,1749489360,226,21852.5,R_TRIGGER,-56.0,-56.0,0.7682
2025_06_09,1749487920.0,202,24,1749489360,226,-1,21852.5,1749489960,236,21862.25,R_TRIGGER,-20.5,-20.5,0.9538
2025_06_09,1749489420.0,227,9,1749489960,236,1,21862.25,1749490260,241,21854.25,R_TRIGGER,-17.0,-17.0,0.9589
2025_06_09,1749489960.0,236,8,1749490440,244,1,21853.75,1749494400,310,21847.25,R_TRIGGER,-14.0,-14.0,0.7541
2025_06_09,1749491580.0,263,61,1749495240,324,1,21867.75,1749496860,351,21852.5,R_TRIGGER,-31.5,-31.5,0.9533
2025_06_09,1749495420.0,327,24,1749496860,351,-1,21852.5,1749500100,405,21801.25,SESSION_CLOSE,101.5,101.5,0.749
2025_06_10,,-39,39,1749562200,0,-1,21855.25,1749562680,8,21859.5,R_TRIGGER,-9.5,-9.5,0.7522
2025_06_10,1749562440.0,4,6,1749562800,10,-1,21885.0,1749563340,19,21872.25,R_TRIGGER,24.5,24.5,0.769
2025_06_10,1749563040.0,14,8,1749563520,22,1,21888.0,1749563760,26,21852.25,R_TRIGGER,-72.5,-72.5,0.9667
2025_06_10,1749563580.0,23,3,1749563760,26,1,21852.25,1749567540,89,21853.25,R_TRIGGER,1.0,1.0,0.7594
2025_06_10,1749566820.0,77,12,1749567540,89,-1,21853.25,1749569760,126,21783.75,R_TRIGGER,138.0,138.0,0.9665
2025_06_10,1749569580.0,123,5,1749569880,128,-1,21807.75,1749570630,,21854.0,CAT_STOP,-93.5,-101.0,0.7375
2025_06_10,1749578700.0,275,3,1749578880,278,-1,21854.0,1749581520,322,21958.0,CAT_STOP,-209.0,-101.0,0.7849
2025_06_10,1749585180.0,383,3,1749585360,386,1,21958.0,1749586500,405,21942.75,SESSION_CLOSE,-31.5,-31.5,0.7866
2025_06_11,,-50,50,1749648600,0,-1,22015.25,1749649140,9,21995.5,R_TRIGGER,38.5,38.5,0.7499
2025_06_11,1749648960.0,6,3,1749649140,9,-1,21995.5,1749649800,20,21961.25,R_TRIGGER,67.5,67.5,0.7581
2025_06_11,1749649620.0,17,10,1749650220,27,-1,21979.0,1749651815,,22028.0,CAT_STOP,-99.0,-101.0,0.7389
2025_06_11,1749654600.0,100,4,1749654840,104,-1,22023.0,1749657180,143,22011.5,R_TRIGGER,22.0,22.0,0.7362
2025_06_11,1749656940.0,139,7,1749657360,146,-1,22004.25,1749658440,164,21954.5,R_TRIGGER,98.5,98.5,0.7642
2025_06_11,1749658260.0,161,4,1749658500,165,-1,21960.25,1749659100,175,21952.75,R_TRIGGER,14.0,14.0,0.7628
2025_06_11,1749658860.0,171,7,1749659280,178,1,21971.75,1749663360,246,21986.0,R_TRIGGER,27.5,27.5,0.9552
2025_06_11,1749661800.0,220,26,1749663360,246,-1,21986.0,1749665220,277,21877.25,R_TRIGGER,216.5,216.5,0.9602
2025_06_11,1749665040.0,274,7,1749665460,281,-1,21868.25,1749666000,290,21844.5,R_TRIGGER,46.5,46.5,0.7841
2025_06_11,1749665820.0,287,3,1749666000,290,-1,21844.5,1749666840,304,21876.25,R_TRIGGER,-64.5,-64.5,0.7915
2025_06_11,1749666660.0,301,4,1749666900,305,-1,21870.0,1749669000,340,21848.75,R_TRIGGER,41.5,41.5,0.7983
2025_06_11,1749668820.0,337,3,1749669000,340,-1,21848.75,1749669840,354,21864.25,R_TRIGGER,-32.0,-32.0,0.7979
2025_06_11,1749669540.0,349,6,1749669900,355,-1,21871.0,1749670680,368,21858.0,R_TRIGGER,25.0,25.0,0.812
2025_06_11,1749670500.0,365,5,1749670800,370,-1,21863.25,1749672900,405,21893.5,SESSION_CLOSE,-61.5,-61.5,0.7627
2025_06_12,,-92,92,1749735000,0,1,21861.5,1749735420,7,21841.0,R_TRIGGER,-42.0,-42.0,0.7844
2025_06_12,1749735060.0,1,6,1749735420,7,1,21841.0,1749736500,25,21850.0,R_TRIGGER,17.0,17.0,0.7998
2025_06_12,1749736140.0,19,11,1749736800,30,1,21866.25,1749741420,107,21928.5,R_TRIGGER,123.5,123.5,0.7654
2025_06_12,1749740580.0,93,14,1749741420,107,-1,21928.5,1749742860,131,21929.75,R_TRIGGER,-3.5,-3.5,0.9657
2025_06_12,1749741780.0,113,23,1749743160,136,-1,21907.5,1749745750,,21960.75,CAT_STOP,-107.5,-101.0,0.7426
2025_06_12,1749747600.0,210,11,1749748260,221,1,21951.0,1749751380,273,21930.75,R_TRIGGER,-41.5,-41.5,0.7378
2025_06_12,1749749700.0,245,31,1749751560,276,1,21945.5,1749757380,373,21916.5,R_TRIGGER,-59.0,-59.0,0.7372
2025_06_12,1749756000.0,350,23,1749757380,373,-1,21916.5,1749758340,389,21936.5,R_TRIGGER,-41.0,-41.0,0.7431
2025_06_12,1749758040.0,384,11,1749758700,395,1,21942.0,1749759300,405,21928.25,SESSION_CLOSE,-28.5,-28.5,0.9721
2025_06_13,,-12,15,1749821580,3,1,21756.5,1749822900,25,21749.5,R_TRIGGER,-15.0,-15.0,0.775
2025_06_13,1749822660.0,21,8,1749823140,29,1,21729.0,1749823935,,21794.25,CAT_STOP,129.5,-101.0,0.7731
2025_06_13,1749831480.0,168,52,1749834600,220,-1,21794.25,1749840840,324,21664.25,R_TRIGGER,259.0,259.0,0.7517
2025_06_13,1749840000.0,310,15,1749840900,325,1,21661.0,1749842700,355,21629.75,R_TRIGGER,-63.5,-63.5,0.961
2025_06_13,1749842040.0,344,11,1749842700,355,-1,21629.75,1749844920,392,21669.75,R_TRIGGER,-81.0,-81.0,0.9726
2025_06_13,1749843960.0,376,24,1749845400,400,1,21666.25,1749845700,405,21666.5,SESSION_CLOSE,-0.5,-0.5,0.9644
2025_06_16,,-58,58,1750080600,0,1,21840.0,1750081680,18,21848.25,R_TRIGGER,15.5,15.5,0.9698
2025_06_16,1750081680.0,18,4,1750081920,22,1,21884.25,1750087740,119,21964.0,R_TRIGGER,158.5,158.5,0.7758
2025_06_16,1750087500.0,115,8,1750087980,123,1,21966.5,1750096500,265,21947.25,R_TRIGGER,-39.5,-39.5,0.7518
2025_06_16,1750095060.0,241,24,1750096500,265,-1,21947.25,1750101660,351,21949.75,R_TRIGGER,-6.0,-6.0,0.9755
2025_06_16,1750099860.0,321,30,1750101660,351,-1,21949.75,1750104120,392,21956.25,R_TRIGGER,-14.0,-14.0,0.8217
2025_06_16,1750103940.0,389,3,1750104120,392,1,21956.25,1750104900,405,21945.0,SESSION_CLOSE,-23.5,-23.5,0.7428
2025_06_17,,-13,13,1750167000,0,1,21871.75,1750167720,12,21828.25,R_TRIGGER,-88.0,-88.0,0.9595
2025_06_17,1750167060.0,1,12,1750167780,13,-1,21820.25,1750168320,22,21859.0,R_TRIGGER,-78.5,-78.5,0.7791
2025_06_17,1750167900.0,15,13,1750168680,28,1,21862.5,1750170900,65,21859.25,R_TRIGGER,-7.5,-7.5,0.9638
2025_06_17,1750169760.0,46,19,1750170900,65,-1,21859.25,1750173060,101,21898.25,R_TRIGGER,-79.0,-79.0,0.961
2025_06_17,1750172340.0,89,30,1750174140,119,-1,21864.25,1750176360,156,21901.5,R_TRIGGER,-75.5,-75.5,0.9644
2025_06_17,1750174500.0,125,55,1750177800,180,1,21880.25,1750178640,194,21859.25,R_TRIGGER,-43.0,-43.0,0.789
2025_06_17,1750177140.0,169,25,1750178640,194,-1,21859.25,1750181700,245,21817.5,R_TRIGGER,82.5,82.5,0.7455
2025_06_17,1750181400.0,240,7,1750181820,247,-1,21820.25,1750183800,280,21746.5,R_TRIGGER,146.5,146.5,0.7417
2025_06_17,1750183380.0,273,10,1750183980,283,-1,21744.5,1750185240,304,21734.0,R_TRIGGER,20.0,20.0,0.7829
2025_06_17,1750184880.0,298,7,1750185300,305,1,21735.75,1750185840,314,21708.5,R_TRIGGER,-55.5,-55.5,0.7618
2025_06_17,1750185300.0,305,9,1750185840,314,-1,21708.5,1750186500,325,21736.75,R_TRIGGER,-57.5,-57.5,0.7464
2025_06_17,1750185840.0,314,11,1750186500,325,1,21736.75,1750190100,385,21742.5,R_TRIGGER,10.5,10.5,0.9594
2025_06_17,1750188660.0,361,30,1750190460,391,1,21744.5,1750191300,405,21726.0,SESSION_CLOSE,-38.0,-38.0,0.7433
2025_06_18,,-64,64,1750253400,0,-1,21758.5,1750254000,10,21745.75,R_TRIGGER,24.5,24.5,0.9666
2025_06_18,1750253640.0,4,12,1750254360,16,1,21758.5,1750255260,31,21759.25,R_TRIGGER,0.5,0.5,0.9519
2025_06_18,1750254780.0,23,10,1750255380,33,1,21801.75,1750259460,101,21835.25,R_TRIGGER,66.0,66.0,0.9741
2025_06_18,1750257900.0,75,26,1750259460,101,-1,21835.25,1750262040,144,21851.25,R_TRIGGER,-33.0,-33.0,0.8271
2025_06_18,1750262100.0,145,3,1750262280,148,-1,21814.0,1750262940,159,21835.5,R_TRIGGER,-44.0,-44.0,0.876
2025_06_18,1750262760.0,156,21,1750264020,177,-1,21816.5,1750268340,249,21753.75,R_TRIGGER,124.5,124.5,0.7473
2025_06_18,1750268100.0,245,7,1750268520,252,1,21773.25,1750269780,273,21785.75,R_TRIGGER,24.0,24.0,0.944
2025_06_18,1750269600.0,270,3,1750269780,273,-1,21785.75,1750270080,278,21777.25,R_TRIGGER,16.0,16.0,0.8471
2025_06_18,1750269900.0,275,3,1750270080,278,-1,21777.25,1750271220,297,21792.25,R_TRIGGER,-31.0,-31.0,0.8371
2025_06_18,1750271040.0,294,5,1750271340,299,-1,21785.75,1750272060,311,21828.5,R_TRIGGER,-86.5,-86.5,0.8151
2025_06_18,1750272120.0,312,9,1750272660,321,-1,21782.25,1750273440,334,21731.75,R_TRIGGER,100.0,100.0,0.9779
2025_06_18,1750273260.0,331,3,1750273440,334,1,21731.75,1750273740,339,21709.75,R_TRIGGER,-45.0,-45.0,0.8321
2025_06_18,1750273500.0,335,4,1750273740,339,-1,21709.75,1750274040,344,21750.0,CAT_STOP,-81.5,-101.0,0.8126
2025_06_18,1750273980.0,343,3,1750274160,346,1,21750.0,1750274820,357,21726.5,R_TRIGGER,-48.0,-48.0,0.8218
2025_06_18,1750274640.0,354,4,1750274880,358,-1,21703.0,1750275180,363,21737.25,R_TRIGGER,-69.5,-69.5,0.8266
2025_06_18,1750275000.0,360,4,1750275240,364,-1,21735.5,1750277700,405,21738.75,SESSION_CLOSE,-7.5,-7.5,0.7878
2025_06_19,,-25,26,1750339860,1,-1,21551.75,1750343160,56,21502.75,R_TRIGGER,97.0,97.0,0.8554
2025_06_19,1750341780.0,33,29,1750343520,62,-1,21485.75,1750352340,205,21484.75,SESSION_CLOSE,1.0,1.0,0.7703
2025_07_01,,-63,64,1751376660,1,1,22801.5,1751377440,14,22792.75,R_TRIGGER,-18.5,-18.5,0.7469
2025_07_01,1751376600.0,0,14,1751377440,14,-1,22792.75,1751377740,19,22819.5,R_TRIGGER,-54.5,-54.5,0.7684
2025_07_01,1751377860.0,21,12,1751378580,33,1,22797.5,1751379660,51,22798.75,R_TRIGGER,1.5,1.5,0.7709
2025_07_01,1751379300.0,45,7,1751379720,52,-1,22790.5,1751382240,94,22714.0,R_TRIGGER,152.0,152.0,0.9678
2025_07_01,1751382060.0,91,5,1751382360,96,-1,22701.75,1751383140,109,22642.5,R_TRIGGER,117.5,117.5,0.7617
2025_07_01,1751382960.0,106,8,1751383440,114,1,22667.75,1751384280,128,22657.75,R_TRIGGER,-21.0,-21.0,0.9552
2025_07_01,1751384100.0,125,6,1751384460,131,-1,22630.25,1751384700,135,22650.5,R_TRIGGER,-41.5,-41.5,0.9734
2025_07_01,1751384520.0,132,3,1751384700,135,-1,22650.5,1751386260,161,22674.75,R_TRIGGER,-49.5,-49.5,0.7578
2025_07_01,1751386020.0,157,4,1751386260,161,1,22674.75,1751387400,180,22675.25,R_TRIGGER,0.0,0.0,0.9596
2025_07_01,1751387400.0,180,15,1751388300,195,1,22709.75,1751389080,208,22704.0,R_TRIGGER,-12.5,-12.5,0.7373
2025_07_01,1751388900.0,205,3,1751389080,208,-1,22704.0,1751389620,217,22735.75,R_TRIGGER,-64.5,-64.5,0.7757
2025_07_01,1751389140.0,209,20,1751390340,229,1,22728.0,1751394540,299,22724.5,R_TRIGGER,-8.0,-8.0,0.7345
2025_07_01,1751392380.0,263,39,1751394720,302,1,22741.0,1751396400,330,22698.75,CAT_STOP,-85.5,-101.0,0.7446
2025_07_01,1751398200.0,360,7,1751398620,367,-1,22698.75,1751399220,377,22730.75,R_TRIGGER,-65.0,-65.0,0.9716
2025_07_01,1751398620.0,367,11,1751399280,378,1,22731.0,1751399700,385,22712.75,R_TRIGGER,-37.5,-37.5,0.9675
2025_07_01,1751399400.0,380,10,1751400000,390,-1,22681.0,1751400900,405,22676.5,SESSION_CLOSE,8.0,8.0,0.963
2025_07_02,,-47,55,1751463480,8,1,22702.25,1751467440,74,22776.5,R_TRIGGER,147.5,147.5,0.7588
2025_07_02,1751467260.0,71,3,1751467440,74,1,22776.5,1751470020,117,22810.0,R_TRIGGER,66.0,66.0,0.7626
2025_07_02,1751468760.0,96,22,1751470080,118,-1,22804.5,1751472480,158,22835.5,R_TRIGGER,-63.0,-63.0,0.964
2025_07_02,1751470140.0,119,47,1751472960,166,1,22834.0,1751476860,231,22816.0,R_TRIGGER,-37.0,-37.0,0.9625
2025_07_02,1751475720.0,212,28,1751477400,240,-1,22827.0,1751482920,332,22843.0,R_TRIGGER,-33.0,-33.0,0.7421
2025_07_02,1751477880.0,248,98,1751483760,346,-1,22823.0,1751486160,386,22848.5,R_TRIGGER,-52.0,-52.0,0.958
2025_07_02,1751485380.0,373,14,1751486220,387,1,22851.75,1751487300,405,22833.0,SESSION_CLOSE,-38.5,-38.5,0.9572
2025_07_03,1751549460.0,1,13,1751550240,14,1,22957.75,1751560200,180,23068.5,R_TRIGGER,220.5,220.5,0.7497
2025_07_03,1751557260.0,131,49,1751560200,180,-1,23068.5,1751561760,206,23061.75,R_TRIGGER,12.5,12.5,0.795
2025_07_03,1751561580.0,203,7,1751562000,210,-1,23056.75,1751562840,224,23059.0,SESSION_CLOSE,-5.5,-5.5,0.7542
2025_07_04,1751636280.0,8,8,1751636760,16,1,22926.25,1751637480,28,22914.75,R_TRIGGER,-24.0,-24.0,0.9583
2025_07_04,1751636940.0,19,28,1751638620,47,1,22921.5,1751642160,106,22920.5,R_TRIGGER,-3.0,-3.0,0.7637
2025_07_04,1751640360.0,76,30,1751642160,106,-1,22920.5,1751644620,147,22935.75,R_TRIGGER,-31.5,-31.5,0.9598
2025_07_04,1751643060.0,121,48,1751645940,169,-1,22923.75,1751648340,209,22906.75,SESSION_CLOSE,33.0,33.0,0.9585
2025_07_07,,-5,5,1751895000,0,1,22970.5,1751895180,3,22922.75,R_TRIGGER,-96.5,-96.5,0.9634
2025_07_07,1751895000.0,0,4,1751895240,4,-1,22926.25,1751895420,7,22946.25,R_TRIGGER,-41.0,-41.0,0.9792
2025_07_07,1751895240.0,4,7,1751895660,11,-1,22949.0,1751897100,35,22930.75,R_TRIGGER,35.5,35.5,0.7596
2025_07_07,1751896920.0,32,3,1751897100,35,-1,22930.75,1751897940,49,22937.5,R_TRIGGER,-14.5,-14.5,0.7351
2025_07_07,1751897700.0,45,10,1751898300,55,1,22959.0,1751898600,60,22929.25,R_TRIGGER,-60.5,-60.5,0.9456
2025_07_07,1751898420.0,57,8,1751898900,65,-1,22926.0,1751900520,92,22907.75,R_TRIGGER,35.5,35.5,0.9537
2025_07_07,1751900280.0,88,6,1751900640,94,-1,22900.5,1751903820,147,22933.5,R_TRIGGER,-67.0,-67.0,0.7472
2025_07_07,1751903220.0,137,11,1751903880,148,1,22934.5,1751905260,171,22871.5,CAT_STOP,-127.0,-101.0,0.8281
2025_07_07,1751905140.0,169,3,1751905320,172,-1,22871.5,1751905415,,22886.0,CAT_STOP,-30.0,-101.0,0.8904
2025_07_07,1751905320.0,172,4,1751905560,176,-1,22886.0,1751907480,208,22880.75,R_TRIGGER,9.5,9.5,0.8336
2025_07_07,1751907300.0,205,4,1751907540,209,1,22870.5,1751909100,235,22883.0,R_TRIGGER,24.0,24.0,0.7417
2025_07_07,1751908860.0,231,4,1751909100,235,-1,22883.0,1751909520,242,22891.25,R_TRIGGER,-17.5,-17.5,0.7584
2025_07_07,1751909340.0,239,5,1751909640,244,-1,22882.75,1751911380,273,22870.25,R_TRIGGER,24.0,24.0,0.74
2025_07_07,1751910180.0,253,32,1751912100,285,-1,22858.25,1751912700,295,22823.0,R_TRIGGER,69.5,69.5,0.7606
2025_07_07,1751912520.0,292,3,1751912700,295,-1,22823.0,1751913300,305,22808.25,R_TRIGGER,28.5,28.5,0.7769
2025_07_07,1751913000.0,300,11,1751913660,311,1,22835.5,1751915100,335,22857.75,R_TRIGGER,43.5,43.5,0.9507
2025_07_07,1751914860.0,331,5,1751915160,336,-1,22856.0,1751917920,382,22868.5,R_TRIGGER,-26.0,-26.0,0.9697
2025_07_07,1751917680.0,378,7,1751918100,385,-1,22882.0,1751919300,405,22858.75,SESSION_CLOSE,45.5,45.5,0.7899
2025_07_08,,-21,21,1751981400,0,-1,22933.25,1751982180,13,22912.25,R_TRIGGER,41.0,41.0,0.7377
2025_07_08,1751982000.0,10,11,1751982660,21,-1,22906.0,1751984160,46,22894.75,R_TRIGGER,21.5,21.5,0.7351
2025_07_08,1751983620.0,37,15,1751984520,52,-1,22882.5,1751985000,60,22884.25,R_TRIGGER,-4.5,-4.5,0.7695
2025_07_08,1751984760.0,56,6,1751985120,62,1,22909.25,1751985900,75,22911.0,R_TRIGGER,2.5,2.5,0.9444
2025_07_08,1751985600.0,70,6,1751985960,76,-1,22916.25,1751986080,78,22910.25,R_TRIGGER,11.0,11.0,0.7678
2025_07_08,1751986080.0,78,4,1751986320,82,-1,22854.25,1751986680,88,22887.75,R_TRIGGER,-68.0,-68.0,0.9737
2025_07_08,1751986500.0,85,3,1751986680,88,-1,22887.75,1751988720,122,22879.25,R_TRIGGER,16.0,16.0,0.7506
2025_07_08,1751988540.0,119,11,1751989200,130,-1,22888.25,1751991780,173,22916.25,CAT_STOP,-57.0,-101.0,0.7344
2025_07_08,1751992560.0,186,17,1751993580,203,-1,22914.5,1751995380,233,22907.0,R_TRIGGER,14.0,14.0,0.7372
2025_07_08,1751995080.0,228,6,1751995440,234,1,22907.0,1751996040,244,22894.0,R_TRIGGER,-27.0,-27.0,0.7578
2025_07_08,1751995800.0,240,8,1751996280,248,1,22903.0,1751998860,291,22922.0,R_TRIGGER,37.0,37.0,0.753
2025_07_08,1751998260.0,281,10,1751998860,291,-1,22922.0,1752004140,379,22897.0,R_TRIGGER,49.0,49.0,0.9655
2025_07_08,1752001800.0,340,40,1752004200,380,-1,22892.0,1752005700,405,22901.25,SESSION_CLOSE,-19.5,-19.5,0.755
2025_07_09,,-172,193,1752069060,21,1,23084.5,1752070020,37,23084.75,R_TRIGGER,-0.5,-0.5,0.756
2025_07_09,1752069720.0,32,7,1752070140,39,1,23090.75,1752071305,,22979.25,CAT_STOP,-224.0,-101.0,0.74
2025_07_09,1752072000.0,70,3,1752072180,73,-1,22979.25,1752073320,92,22963.25,R_TRIGGER,31.0,31.0,0.7616
2025_07_09,1752073320.0,92,10,1752073920,102,-1,22944.75,1752074400,110,22954.5,R_TRIGGER,-20.5,-20.5,0.7594
2025_07_09,1752074220.0,107,6,1752074580,113,1,22967.25,1752075480,128,22954.5,R_TRIGGER,-26.5,-26.5,0.9553
2025_07_09,1752074820.0,117,13,1752075600,130,1,22974.25,1752076260,141,22959.0,R_TRIGGER,-31.5,-31.5,0.764
2025_07_09,1752076020.0,137,5,1752076320,142,-1,22951.25,1752076920,152,22969.5,R_TRIGGER,-37.5,-37.5,0.9592
2025_07_09,1752076440.0,144,11,1752077100,155,-1,22961.75,1752077880,168,22972.0,R_TRIGGER,-21.5,-21.5,0.7372
2025_07_09,1752077580.0,163,15,1752078480,178,1,22975.0,1752080340,209,22983.0,R_TRIGGER,15.0,15.0,0.9527
2025_07_09,1752079920.0,202,8,1752080400,210,-1,22976.25,1752080940,219,22989.75,R_TRIGGER,-28.0,-28.0,0.9635
2025_07_09,1752080460.0,211,29,1752082200,240,-1,22984.75,1752083400,260,22994.5,R_TRIGGER,-20.5,-20.5,0.7397
2025_07_09,1752083760.0,266,39,1752086100,305,1,23018.25,1752092100,405,23054.5,SESSION_CLOSE,71.5,71.5,0.7637
2025_07_10,,-42,44,1752154320,2,-1,23044.0,1752156600,40,22942.0,R_TRIGGER,203.0,203.0,0.9851
2025_07_10,1752156360.0,36,4,1752156600,40,1,22942.0,1752157260,51,22937.75,R_TRIGGER,-9.5,-9.5,0.7394
2025_07_10,1752157560.0,56,14,1752158400,70,1,22976.0,1752159480,88,22962.25,R_TRIGGER,-28.5,-28.5,0.7762
2025_07_10,1752159180.0,83,7,1752159600,90,1,22961.75,1752163740,159,22990.75,R_TRIGGER,57.0,57.0,0.7697
2025_07_10,1752163140.0,149,10,1752163740,159,-1,22990.75,1752164580,173,22996.75,R_TRIGGER,-13.0,-13.0,0.9671
2025_07_10,1752163920.0,162,12,1752164640,174,1,23000.0,1752165300,185,22984.75,R_TRIGGER,-31.5,-31.5,0.9406
2025_07_10,1752165300.0,185,61,1752168960,246,-1,23018.75,1752178500,405,23010.0,SESSION_CLOSE,16.5,16.5,0.7493
2025_07_11,,-193,198,1752240900,5,1,22920.0,1752241020,7,22894.75,R_TRIGGER,-51.5,-51.5,0.7377
2025_07_11,1752240600.0,0,7,1752241020,7,1,22894.75,1752245580,83,22956.5,R_TRIGGER,122.5,122.5,0.7646
2025_07_11,1752244560.0,66,17,1752245580,83,-1,22956.5,1752247260,111,22962.25,R_TRIGGER,-12.5,-12.5,0.9598
2025_07_11,1752246900.0,105,8,1752247380,113,-1,22944.0,1752248520,132,23005.75,CAT_STOP,-124.5,-101.0,0.7376
2025_07_11,1752250020.0,157,54,1752253260,211,1,23000.5,1752255480,248,22974.5,R_TRIGGER,-53.0,-53.0,0.7507
2025_07_11,1752253620.0,217,31,1752255480,248,-1,22974.5,1752257280,278,23008.5,R_TRIGGER,-69.0,-69.0,0.8615
2025_07_11,1752255840.0,254,26,1752257400,280,1,22995.25,1752260340,329,22976.5,R_TRIGGER,-38.5,-38.5,0.7376
2025_07_11,1752258960.0,306,23,1752260340,329,-1,22976.5,1752261240,344,22974.25,R_TRIGGER,3.5,3.5,0.7369
2025_07_11,1752260760.0,336,12,1752261480,348,1,22983.75,1752264000,390,22951.5,R_TRIGGER,-65.5,-65.5,0.9635
2025_07_11,1752261960.0,356,34,1752264000,390,-1,22951.5,1752264900,405,22938.0,SESSION_CLOSE,26.0,26.0,0.9762
2025_07_14,,-117,119,1752499920,2,1,22948.0,1752500040,4,22935.25,R_TRIGGER,-26.5,-26.5,0.7823
2025_07_14,1752499860.0,1,3,1752500040,4,1,22935.25,1752500580,13,22947.25,CAT_STOP,23.0,-101.0,0.814
2025_07_14,1752502860.0,51,7,1752503280,58,-1,22935.0,1752504180,73,22956.5,R_TRIGGER,-44.0,-44.0,0.9746
2025_07_14,1752503640.0,64,12,1752504360,76,1,22965.5,1752521400,360,23034.0,R_TRIGGER,136.0,136.0,0.9446
2025_07_14,1752514560.0,246,119,1752521700,365,-1,23035.0,1752524100,405,23024.75,SESSION_CLOSE,19.5,19.5,0.8175
2025_07_15,,-46,47,1752586260,1,1,23195.75,1752586380,3,23172.0,R_TRIGGER,-48.5,-48.5,0.7549
2025_07_15,1752586200.0,0,3,1752586380,3,-1,23172.0,1752586980,13,23159.75,R_TRIGGER,23.5,23.5,0.9749
2025_07_15,1752586800.0,10,4,1752587040,14,-1,23164.25,1752588360,36,23161.25,R_TRIGGER,5.0,5.0,0.7504
2025_07_15,1752588060.0,31,6,1752588420,37,1,23158.75,1752589500,55,23165.5,R_TRIGGER,12.5,12.5,0.7732
2025_07_15,1752588900.0,45,11,1752589560,56,-1,23175.0,1752590820,77,23150.5,R_TRIGGER,48.0,48.0,0.7587
2025_07_15,1752590820.0,77,5,1752591120,82,-1,23118.75,1752592080,98,23136.75,R_TRIGGER,-37.0,-37.0,0.7548
2025_07_15,1752591540.0,89,13,1752592320,102,1,23144.0,1752595320,152,23149.75,R_TRIGGER,10.5,10.5,0.9479
2025_07_15,1752594540.0,139,19,1752595680,158,-1,23142.5,1752598800,210,23120.25,R_TRIGGER,43.5,43.5,0.9737
2025_07_15,1752598620.0,207,9,1752599160,216,-1,23124.5,1752600240,234,23118.0,R_TRIGGER,12.0,12.0,0.7554
2025_07_15,1752599760.0,226,9,1752600300,235,-1,23114.0,1752602340,269,23109.25,CAT_STOP,8.5,-101.0,0.7357
2025_07_15,1752607380.0,353,18,1752608460,371,1,23109.25,1752609420,387,23074.5,R_TRIGGER,-70.5,-70.5,0.9671
2025_07_15,1752608520.0,372,17,1752609540,389,-1,23052.25,1752610500,405,23023.5,SESSION_CLOSE,56.5,56.5,0.9704
2025_07_16,,-107,107,1752672600,0,1,23066.5,1752672780,3,23053.25,R_TRIGGER,-27.5,-27.5,0.9765
2025_07_16,1752672600.0,0,3,1752672780,3,-1,23053.25,1752675000,40,22996.5,R_TRIGGER,112.5,112.5,0.8434
2025_07_16,1752674820.0,37,6,1752675180,43,-1,22991.75,1752675540,49,22994.25,R_TRIGGER,-6.0,-6.0,0.739
2025_07_16,1752675360.0,46,10,1752675960,56,-1,22987.75,1752677280,78,23018.25,R_TRIGGER,-62.0,-62.0,0.765
2025_07_16,1752676860.0,71,13,1752677640,84,1,22977.5,1752677760,86,23010.5,R_TRIGGER,65.0,65.0,0.8314
2025_07_16,1752677580.0,83,3,1752677760,86,1,23010.5,1752678980,,22975.25,CAT_STOP,-71.5,-101.0,0.8306
2025_07_16,1752678900.0,105,3,1752679080,108,-1,22975.25,1752679500,115,22930.25,R_TRIGGER,89.0,89.0,0.8532
2025_07_16,1752679320.0,112,3,1752679500,115,-1,22930.25,1752679770,,22884.5,CAT_STOP,90.5,-101.0,0.8052
2025_07_16,1752680220.0,127,3,1752680400,130,-1,22884.5,1752680640,134,22999.75,CAT_STOP,-231.5,-101.0,0.7805
2025_07_16,1752681180.0,143,4,1752681420,147,1,22988.0,1752681720,152,22979.5,R_TRIGGER,-18.0,-18.0,0.8064
2025_07_16,1752681420.0,147,5,1752681720,152,1,22979.5,1752682200,160,22968.5,R_TRIGGER,-23.0,-23.0,0.8021
2025_07_16,1752681960.0,156,4,1752682200,160,1,22968.5,1752682800,170,22974.0,R_TRIGGER,10.0,10.0,0.7572
2025_07_16,1752682620.0,167,8,1752683100,175,-1,22967.75,1752683460,181,22984.5,R_TRIGGER,-34.5,-34.5,0.9697
2025_07_16,1752683160.0,176,13,1752683940,189,1,23000.25,1752684360,196,22968.5,R_TRIGGER,-64.5,-64.5,0.9509
2025_07_16,1752684120.0,192,5,1752684420,197,-1,22978.25,1752684600,200,23012.5,R_TRIGGER,-69.5,-69.5,0.965
2025_07_16,1752684420.0,197,3,1752684600,200,1,23012.5,1752687000,240,23042.0,R_TRIGGER,58.0,58.0,0.9518
2025_07_16,1752685980.0,223,17,1752687000,240,-1,23042.0,1752690480,298,23047.0,R_TRIGGER,-11.0,-11.0,0.7601
2025_07_16,1752690060.0,291,7,1752690480,298,1,23047.0,1752696000,390,23067.0,R_TRIGGER,39.0,39.0,0.9588
2025_07_16,1752694860.0,371,20,1752696060,391,-1,23066.75,1752696900,405,23067.5,SESSION_CLOSE,-2.5,-2.5,0.9643
2025_07_17,,-28,30,1752759120,2,-1,23082.75,1752759660,11,23113.75,R_TRIGGER,-63.0,-63.0,0.735
2025_07_17,1752759240.0,4,7,1752759660,11,1,23113.75,1752761460,41,23142.75,R_TRIGGER,57.0,57.0,0.7413
2025_07_17,1752761280.0,38,12,1752762000,50,-1,23134.75,1752762480,58,23144.25,R_TRIGGER,-20.0,-20.0,0.9673
2025_07_17,1752762240.0,54,8,1752762720,62,1,23164.5,1752773280,238,23254.5,R_TRIGGER,179.0,179.0,0.9557
2025_07_17,1752769500.0,175,77,1752774120,252,1,23262.75,1752775860,281,23244.75,R_TRIGGER,-37.0,-37.0,0.9435
2025_07_17,1752775140.0,269,16,1752776100,285,-1,23241.75,1752778980,333,23271.25,R_TRIGGER,-60.0,-60.0,0.8272
2025_07_17,1752776100.0,285,48,1752778980,333,1,23271.25,1752782280,388,23262.75,R_TRIGGER,-18.0,-18.0,0.8071
2025_07_17,1752782040.0,384,4,1752782280,388,-1,23262.75,1752783300,405,23258.5,SESSION_CLOSE,7.5,7.5,0.7459
2025_07_18,,-123,124,1752845460,1,1,23294.5,1752845880,8,23261.0,R_TRIGGER,-68.0,-68.0,0.7491
2025_07_18,,-2,16,1752846240,14,1,23268.0,1752848160,46,23201.0,CAT_STOP,-135.0,-101.0,0.7514
2025_07_18,1752853860.0,141,35,1752855960,176,-1,23187.0,1752863460,301,23217.25,R_TRIGGER,-61.5,-61.5,0.7588
2025_07_18,1752858600.0,220,91,1752864060,311,1,23224.0,1752869700,405,23227.25,SESSION_CLOSE,5.5,5.5,0.7481
2025_07_21,,-16,33,1753105620,17,1,23375.25,1753109220,77,23394.75,R_TRIGGER,38.0,38.0,0.7863
2025_07_21,1753108380.0,63,16,1753109340,79,-1,23393.5,1753115520,182,23387.0,R_TRIGGER,12.0,12.0,0.9537
2025_07_21,1753115040.0,174,8,1753115520,182,1,23387.0,1753123620,317,23397.5,R_TRIGGER,20.0,20.0,0.951
2025_07_21,1753119180.0,243,74,1753123620,317,-1,23397.5,1753128900,405,23349.75,SESSION_CLOSE,94.5,94.5,0.7518
2025_07_22,,-206,206,1753191000,0,1,23318.5,1753191120,2,23294.0,R_TRIGGER,-50.0,-50.0,0.8364
2025_07_22,,-1,4,1753191180,3,-1,23289.5,1753191540,9,23305.25,R_TRIGGER,-32.5,-32.5,0.7772
2025_07_22,1753191540.0,9,5,1753191840,14,-1,23278.25,1753192620,27,23142.75,R_TRIGGER,270.0,270.0,0.7503
2025_07_22,1753192440.0,24,3,1753192620,27,-1,23142.75,1753193160,36,23152.0,R_TRIGGER,-19.5,-19.5,0.766
2025_07_22,1753192980.0,33,12,1753193700,45,1,23195.75,1753193940,49,23173.0,R_TRIGGER,-46.5,-46.5,0.9529
2025_07_22,1753194480.0,58,4,1753194720,62,1,23195.5,1753195800,80,23204.0,R_TRIGGER,16.0,16.0,0.8734
2025_07_22,1753195980.0,83,4,1753196220,87,1,23226.0,1753197360,106,23198.25,R_TRIGGER,-56.5,-56.5,0.7428
2025_07_22,1753197420.0,107,18,1753198500,125,1,23222.75,1753199760,146,23207.25,R_TRIGGER,-32.0,-32.0,0.8513
2025_07_22,1753199220.0,137,13,1753200000,150,-1,23200.25,1753200540,159,23212.25,R_TRIGGER,-25.0,-25.0,0.9652
2025_07_22,1753200180.0,153,14,1753201020,167,1,23222.75,1753201500,175,23186.25,R_TRIGGER,-74.0,-74.0,0.9566
2025_07_22,1753201080.0,168,7,1753201500,175,-1,23186.25,1753203060,201,23188.75,R_TRIGGER,-6.0,-6.0,0.966
2025_07_22,1753202460.0,191,11,1753203120,202,1,23195.25,1753206060,251,23217.0,R_TRIGGER,42.5,42.5,0.9597
2025_07_22,1753205400.0,240,11,1753206060,251,-1,23217.0,1753208460,291,23215.0,R_TRIGGER,3.0,3.0,0.9592
2025_07_22,1753208280.0,288,3,1753208460,291,1,23215.0,1753211700,345,23232.5,R_TRIGGER,34.0,34.0,0.9673
2025_07_22,1753210800.0,330,39,1753213140,369,1,23249.25,1753214520,392,23198.75,CAT_STOP,-102.0,-101.0,0.9653
2025_07_23,,-5,5,1753277400,0,-1,23223.5,1753277700,5,23226.0,R_TRIGGER,-6.0,-6.0,0.965
2025_07_23,1753277520.0,2,6,1753277880,8,-1,23233.5,1753278540,19,23196.75,R_TRIGGER,72.5,72.5,0.7498
2025_07_23,1753278360.0,16,3,1753278540,19,-1,23196.75,1753280220,47,23181.5,R_TRIGGER,29.5,29.5,0.7479
2025_07_23,1753279980.0,43,16,1753280940,59,1,23193.0,1753281240,64,23151.25,R_TRIGGER,-84.5,-84.5,0.9531
2025_07_23,1753281000.0,60,13,1753281780,73,1,23177.0,1753286400,150,23246.5,R_TRIGGER,138.0,138.0,0.7877
2025_07_23,1753286160.0,146,4,1753286400,150,1,23246.5,1753287750,,23284.0,CAT_STOP,74.0,-101.0,0.7422
2025_07_23,1753295100.0,295,82,1753300020,377,1,23283.75,1753301160,396,23341.25,R_TRIGGER,114.0,114.0,0.7826
2025_07_23,1753300920.0,392,4,1753301160,396,1,23341.25,1753301700,405,23389.25,SESSION_CLOSE,95.0,95.0,0.8585
2025_07_24,,-42,43,1753363860,1,-1,23357.5,1753364640,14,23359.5,R_TRIGGER,-5.0,-5.0,0.9761
2025_07_24,1753364400.0,10,9,1753364940,19,1,23391.25,1753365180,23,23367.75,R_TRIGGER,-48.0,-48.0,0.9522
2025_07_24,1753364940.0,19,11,1753365600,30,1,23349.5,1753366415,,23370.0,CAT_STOP,40.0,-101.0,0.7857
2025_07_24,1753372380.0,143,8,1753372860,151,-1,23370.0,1753376280,208,23373.0,R_TRIGGER,-7.0,-7.0,0.9543
2025_07_24,1753374360.0,176,49,1753377300,225,1,23418.75,1753378140,239,23389.75,R_TRIGGER,-59.0,-59.0,0.759
2025_07_24,1753377300.0,225,14,1753378140,239,-1,23389.75,1753380600,280,23416.25,R_TRIGGER,-54.0,-54.0,0.9568
2025_07_24,1753379880.0,268,13,1753380660,281,1,23418.0,1753382700,315,23384.5,R_TRIGGER,-68.0,-68.0,0.8335
2025_07_24,1753380660.0,281,52,1753383780,333,1,23404.25,1753386300,375,23392.25,R_TRIGGER,-25.0,-25.0,0.9533
2025_07_24,1753385100.0,355,20,1753386300,375,-1,23392.25,1753388100,405,23387.75,SESSION_CLOSE,8.0,8.0,0.9622
2025_07_25,,-140,141,1753450260,1,-1,23354.5,1753450500,5,23375.0,R_TRIGGER,-42.0,-42.0,0.7393
2025_07_25,1753450200.0,0,7,1753450620,7,-1,23346.25,1753450980,13,23362.5,R_TRIGGER,-33.5,-33.5,0.7657
2025_07_25,1753450680.0,8,11,1753451340,19,1,23383.75,1753462200,200,23449.0,R_TRIGGER,129.5,129.5,0.9498
2025_07_25,1753461060.0,181,31,1753462920,212,-1,23444.75,1753467720,292,23458.0,R_TRIGGER,-27.5,-27.5,0.8584
2025_07_25,1753466880.0,278,45,1753469580,323,-1,23451.75,1753474500,405,23434.75,SESSION_CLOSE,33.0,33.0,0.7679
2025_07_28,,-4,5,1753709460,1,1,23479.5,1753712460,51,23482.25,R_TRIGGER,4.5,4.5,0.7827
2025_07_28,1753711740.0,39,12,1753712460,51,-1,23482.25,1753712760,56,23511.5,R_TRIGGER,-59.5,-59.5,0.969
2025_07_28,1753712520.0,52,4,1753712760,56,-1,23511.5,1753716240,114,23469.5,R_TRIGGER,83.0,83.0,0.7371
2025_07_28,1753716000.0,110,11,1753716660,121,1,23488.0,1753721520,202,23476.0,R_TRIGGER,-25.0,-25.0,0.9438
2025_07_28,1753719720.0,172,31,1753721580,203,-1,23478.5,1753732200,380,23467.5,R_TRIGGER,21.0,21.0,0.736
2025_07_28,1753725960.0,276,105,1753732260,381,1,23467.5,1753733700,405,23500.0,SESSION_CLOSE,64.0,64.0,0.7626
2025_07_29,1753796340.0,9,9,1753796880,18,-1,23605.75,1753797420,27,23585.75,R_TRIGGER,39.0,39.0,0.962
2025_07_29,1753797000.0,20,12,1753797720,32,-1,23575.0,1753798260,41,23573.5,R_TRIGGER,2.0,2.0,0.7417
2025_07_29,1753798380.0,43,18,1753799460,61,1,23557.75,1753800660,81,23539.25,R_TRIGGER,-38.0,-38.0,0.7453
2025_07_29,1753800060.0,71,49,1753803000,120,-1,23474.5,1753803240,124,23486.25,R_TRIGGER,-24.5,-24.5,0.7347
2025_07_29,1753803060.0,121,3,1753803240,124,1,23486.25,1753803660,131,23450.25,R_TRIGGER,-73.0,-73.0,0.7851
2025_07_29,1753803240.0,124,8,1753803720,132,-1,23442.25,1753803960,136,23467.75,R_TRIGGER,-52.0,-52.0,0.7521
2025_07_29,1753803780.0,133,6,1753804140,139,1,23498.0,1753805220,157,23488.75,R_TRIGGER,-19.5,-19.5,0.954
2025_07_29,1753804500.0,145,16,1753805460,161,-1,23484.75,1753807440,194,23479.5,R_TRIGGER,9.5,9.5,0.9637
2025_07_29,1753807140.0,189,14,1753807980,203,1,23485.75,1753810680,248,23490.75,R_TRIGGER,9.0,9.0,0.9614
2025_07_29,1753809300.0,225,23,1753810680,248,-1,23490.75,1753811700,265,23492.0,R_TRIGGER,-3.5,-3.5,0.9586
2025_07_29,1753811400.0,260,8,1753811880,268,1,23494.25,1753813380,293,23473.25,R_TRIGGER,-43.0,-43.0,0.9494
2025_07_29,1753812240.0,274,19,1753813380,293,-1,23473.25,1753814280,308,23499.75,R_TRIGGER,-54.0,-54.0,0.96
2025_07_29,1753813620.0,297,25,1753815120,322,-1,23479.5,1753818300,375,23455.0,R_TRIGGER,48.0,48.0,0.9593
2025_07_29,1753817940.0,369,12,1753818660,381,-1,23451.75,1753820100,405,23454.75,SESSION_CLOSE,-7.0,-7.0,0.7521
2025_07_30,,-40,42,1753882320,2,-1,23459.5,1753882500,5,23498.0,R_TRIGGER,-78.0,-78.0,0.9817
2025_07_30,1753882320.0,2,3,1753882500,5,1,23498.0,1753883340,19,23489.75,R_TRIGGER,-17.5,-17.5,0.975
2025_07_30,1753883160.0,16,14,1753884000,30,-1,23471.75,1753884420,37,23495.0,R_TRIGGER,-47.5,-47.5,0.9654
2025_07_30,1753884180.0,33,6,1753884540,39,-1,23481.75,1753885140,49,23494.75,R_TRIGGER,-27.0,-27.0,0.7694
2025_07_30,1753884720.0,42,10,1753885320,52,1,23511.0,1753887540,89,23515.5,R_TRIGGER,8.0,8.0,0.9486
2025_07_30,1753887360.0,86,3,1753887540,89,-1,23515.5,1753888980,113,23499.5,R_TRIGGER,31.0,31.0,0.7731
2025_07_30,1753889520.0,122,12,1753890240,134,1,23503.75,1753893660,191,23522.25,R_TRIGGER,36.0,36.0,0.9457
2025_07_30,1753892580.0,173,39,1753894920,212,1,23538.75,1753898580,273,23532.5,R_TRIGGER,-13.5,-13.5,0.949
2025_07_30,1753898400.0,270,5,1753898700,275,-1,23533.25,1753898880,278,23544.75,R_TRIGGER,-24.0,-24.0,0.7777
2025_07_30,1753898580.0,273,20,1753899780,293,1,23545.75,1753900680,308,23543.75,R_TRIGGER,-5.0,-5.0,0.9682
2025_07_30,1753900500.0,305,3,1753900680,308,-1,23543.75,1753901040,314,23550.0,R_TRIGGER,-13.5,-13.5,0.8702
2025_07_30,1753900860.0,311,3,1753901040,314,1,23550.0,1753901340,319,23520.75,R_TRIGGER,-59.5,-59.5,0.7493
2025_07_30,1753901160.0,316,3,1753901340,319,1,23520.75,1753901800,,23432.25,CAT_STOP,-178.0,-101.0,0.7915
2025_07_30,1753902840.0,344,8,1753903320,352,-1,23399.0,1753903860,361,23418.25,R_TRIGGER,-39.5,-39.5,0.7945
2025_07_30,1753903680.0,358,4,1753903920,362,-1,23410.25,1753904700,375,23412.75,R_TRIGGER,-6.0,-6.0,0.7778
2025_07_30,1753904400.0,370,6,1753904760,376,1,23428.75,1753906500,405,23669.0,SESSION_CLOSE,479.5,479.5,0.9708
2025_07_31,,-50,52,1753968720,2,-1,23661.5,1753969740,19,23645.5,R_TRIGGER,31.0,31.0,0.7587
2025_07_31,1753969560.0,16,7,1753969980,23,1,23686.5,1753971060,41,23657.5,R_TRIGGER,-59.0,-59.0,0.7676
2025_07_31,1753970280.0,28,13,1753971060,41,1,23657.5,1753972630,,23547.25,CAT_STOP,-221.5,-101.0,0.7517
2025_07_31,1753974360.0,96,3,1753974540,99,-1,23547.25,1753975200,110,23523.25,R_TRIGGER,47.0,47.0,0.7587
2025_07_31,1753974960.0,106,9,1753975500,115,-1,23503.75,1753975975,,23470.25,CAT_STOP,66.0,-101.0,0.7393
2025_07_31,1753983120.0,242,4,1753983360,246,1,23470.25,1753984080,258,23453.5,R_TRIGGER,-34.5,-34.5,0.7515
2025_07_31,1753983900.0,255,4,1753984140,259,-1,23453.75,1753984860,271,23406.5,R_TRIGGER,93.5,93.5,0.8333
2025_07_31,1753984680.0,268,3,1753984860,271,1,23406.5,1753985160,276,23367.0,R_TRIGGER,-80.0,-80.0,0.7602
2025_07_31,1753984920.0,272,4,1753985160,276,-1,23367.0,1753985940,289,23354.25,R_TRIGGER,24.5,24.5,0.7747
2025_07_31,1753985760.0,286,4,1753986000,290,-1,23371.25,1753986600,300,23410.0,CAT_STOP,-78.5,-101.0,0.7382
2025_07_31,1753990740.0,369,6,1753991100,375,-1,23400.25,1753991940,389,23354.25,R_TRIGGER,91.0,91.0,0.8035
2025_07_31,1753991700.0,385,4,1753991940,389,-1,23354.25,1753992060,391,23333.5,CAT_STOP,40.5,-101.0,0.8681
2025_08_01,,-48,48,1754055000,0,-1,23040.75,1754055110,,22874.0,CAT_STOP,332.5,-101.0,0.8077
2025_08_01,1754056980.0,33,4,1754057220,37,-1,22848.0,1754057385,,22953.5,CAT_STOP,-212.0,-101.0,0.7906
2025_08_01,1754062200.0,120,10,1754062800,130,1,22971.75,1754066280,188,22985.0,R_TRIGGER,25.5,25.5,0.9595
2025_08_01,1754065560.0,176,14,1754066400,190,-1,22968.0,1754072640,294,22860.0,R_TRIGGER,215.0,215.0,0.9705
2025_08_01,1754071740.0,279,15,1754072640,294,1,22860.0,1754074260,321,22871.0,R_TRIGGER,21.0,21.0,0.9583
2025_08_01,1754073900.0,315,6,1754074260,321,-1,22871.0,1754077560,376,22898.5,R_TRIGGER,-56.0,-56.0,0.8982
2025_08_01,1754076600.0,360,22,1754077920,382,1,22893.25,1754077980,383,22871.75,R_TRIGGER,-44.0,-44.0,0.8033
2025_08_01,1754077800.0,380,3,1754077980,383,1,22871.75,1754079300,405,22887.5,SESSION_CLOSE,30.5,30.5,0.825
2025_08_04,,-82,82,1754314200,0,1,23098.75,1754316600,40,23230.75,R_TRIGGER,263.0,263.0,0.8277
2025_08_04,1754316600.0,40,5,1754316900,45,1,23258.5,1754317860,61,23230.25,R_TRIGGER,-57.5,-57.5,0.7395
2025_08_04,1754316960.0,46,27,1754318580,73,-1,23221.25,1754318880,78,23242.5,R_TRIGGER,-43.5,-43.5,0.9627
2025_08_04,1754318700.0,75,6,1754319060,81,-1,23220.0,1754321160,116,23218.75,R_TRIGGER,1.5,1.5,0.7549
2025_08_04,1754319660.0,91,32,1754321580,123,-1,23218.5,1754323215,,23273.75,CAT_STOP,-111.5,-101.0,0.8092
2025_08_04,1754329620.0,257,13,1754330400,270,1,23273.75,1754335620,357,23268.75,R_TRIGGER,-11.0,-11.0,0.9443
2025_08_04,1754334960.0,346,12,1754335680,358,-1,23268.75,1754337120,382,23285.5,R_TRIGGER,-34.5,-34.5,0.967
2025_08_04,1754336160.0,366,16,1754337120,382,1,23285.5,1754338500,405,23334.25,SESSION_CLOSE,96.5,96.5,0.7548
2025_08_05,,-75,76,1754400660,1,-1,23315.75,1754401020,7,23346.0,R_TRIGGER,-61.5,-61.5,0.7509
2025_08_05,1754400600.0,0,7,1754401020,7,-1,23346.0,1754401700,,23177.0,CAT_STOP,337.0,-101.0,0.8006
2025_08_05,1754405340.0,79,17,1754406360,96,1,23200.75,1754406600,100,23166.5,R_TRIGGER,-69.5,-69.5,0.9543
2025_08_05,1754406900.0,105,19,1754408040,124,1,23163.75,1754408515,,23124.75,CAT_STOP,-79.0,-101.0,0.8656
2025_08_05,1754408880.0,138,3,1754409060,141,-1,23124.75,1754409600,150,23160.5,R_TRIGGER,-72.5,-72.5,0.7713
2025_08_05,1754409060.0,141,13,1754409840,154,1,23175.75,1754412000,190,23168.75,R_TRIGGER,-15.0,-15.0,0.9597
2025_08_05,1754411400.0,180,10,1754412000,190,-1,23168.75,1754412660,201,23186.5,R_TRIGGER,-36.5,-36.5,0.9707
2025_08_05,1754412480.0,198,4,1754412720,202,1,23193.25,1754417700,285,23202.75,R_TRIGGER,18.0,18.0,0.9652
2025_08_05,1754416740.0,269,16,1754417700,285,-1,23202.75,1754421480,348,23159.25,R_TRIGGER,86.0,86.0,0.9748
2025_08_05,1754419980.0,323,27,1754421600,350,1,23158.25,1754423160,376,23135.5,R_TRIGGER,-46.5,-46.5,0.7481
2025_08_05,1754422200.0,360,16,1754423160,376,-1,23135.5,1754424900,405,23156.75,SESSION_CLOSE,-43.5,-43.5,0.7542
2025_08_06,,-13,14,1754487060,1,1,23199.5,1754487480,8,23166.0,R_TRIGGER,-68.0,-68.0,0.9712
2025_08_06,1754487300.0,5,5,1754487600,10,1,23149.0,1754488320,22,23202.25,R_TRIGGER,105.5,105.5,0.823
2025_08_06,1754488140.0,19,3,1754488320,22,1,23202.25,1754488680,28,23227.75,R_TRIGGER,50.0,50.0,0.7842
2025_08_06,1754488500.0,25,3,1754488680,28,-1,23227.75,1754488980,33,23250.25,R_TRIGGER,-46.0,-46.0,0.7478
2025_08_06,1754489220.0,37,9,1754489760,46,-1,23220.0,1754490540,59,23199.5,R_TRIGGER,40.0,40.0,0.9731
2025_08_06,1754490180.0,53,7,1754490600,60,1,23195.75,1754491800,80,23233.75,R_TRIGGER,75.0,75.0,0.7756
2025_08_06,1754491560.0,76,7,1754491980,83,1,23244.25,1754492700,95,23259.75,R_TRIGGER,30.0,30.0,0.7821
2025_08_06,1754492400.0,90,6,1754492760,96,1,23275.75,1754494740,129,23318.5,R_TRIGGER,84.5,84.5,0.7555
2025_08_06,1754494560.0,126,5,1754494860,131,1,23321.5,1754497860,181,23353.75,R_TRIGGER,63.5,63.5,0.7437
2025_08_06,1754497200.0,170,11,1754497860,181,-1,23353.75,1754498220,187,23373.25,R_TRIGGER,-40.0,-40.0,0.9644
2025_08_06,1754498220.0,187,8,1754498700,195,1,23358.25,1754502660,261,23368.5,R_TRIGGER,19.5,19.5,0.7575
2025_08_06,1754502120.0,252,9,1754502660,261,-1,23368.5,1754503320,272,23395.25,R_TRIGGER,-54.5,-54.5,0.9576
2025_08_06,1754502900.0,265,7,1754503320,272,1,23395.25,1754509800,380,23413.0,R_TRIGGER,34.5,34.5,0.954
2025_08_06,1754508780.0,363,21,1754510040,384,-1,23420.0,1754511300,405,23398.0,SESSION_CLOSE,43.0,43.0,0.7358
2025_08_07,,-19,19,1754573400,0,-1,23590.0,1754573580,3,23624.75,R_TRIGGER,-70.5,-70.5,0.7474
2025_08_07,1754573400.0,0,3,1754573580,3,-1,23624.75,1754574540,19,23600.5,R_TRIGGER,47.5,47.5,0.8589
2025_08_07,1754574360.0,16,4,1754574600,20,-1,23618.25,1754575220,,23608.5,CAT_STOP,18.5,-101.0,0.7548
2025_08_07,1754575800.0,40,6,1754576160,46,1,23613.0,1754576460,51,23589.25,R_TRIGGER,-48.5,-48.5,0.7848
2025_08_07,1754576220.0,47,5,1754576520,52,1,23596.0,1754576755,,23576.75,CAT_STOP,-39.5,-101.0,0.7761
2025_08_07,1754577900.0,75,4,1754578140,79,-1,23576.75,1754578800,90,23545.25,R_TRIGGER,62.0,62.0,0.786
2025_08_07,1754578500.0,85,5,1754578800,90,-1,23545.25,1754579400,100,23536.75,R_TRIGGER,16.0,16.0,0.7418
2025_08_07,1754579040.0,94,6,1754579400,100,-1,23536.75,1754579880,108,23543.25,R_TRIGGER,-14.0,-14.0,0.7591
2025_08_07,1754580060.0,111,6,1754580420,117,-1,23501.0,1754580660,121,23513.5,R_TRIGGER,-26.0,-26.0,0.863
2025_08_07,1754580660.0,121,3,1754580840,124,-1,23513.75,1754581920,142,23512.0,R_TRIGGER,2.5,2.5,0.7572
2025_08_07,1754581740.0,139,4,1754581980,143,1,23515.5,1754582460,151,23483.25,R_TRIGGER,-65.5,-65.5,0.7499
2025_08_07,1754582280.0,148,3,1754582460,151,-1,23483.25,1754583240,164,23499.5,R_TRIGGER,-33.5,-33.5,0.7369
2025_08_07,1754583060.0,161,14,1754583900,175,1,23503.75,1754584620,187,23477.25,R_TRIGGER,-54.0,-54.0,0.9548
2025_08_07,1754583360.0,166,24,1754584800,190,-1,23446.0,1754585340,199,23427.0,R_TRIGGER,37.0,37.0,0.9705
2025_08_07,1754585160.0,196,3,1754585340,199,-1,23427.0,1754585685,,23461.25,CAT_STOP,-69.5,-101.0,0.7463
2025_08_07,1754586240.0,214,3,1754586420,217,1,23461.25,1754586720,222,23429.75,R_TRIGGER,-64.0,-64.0,0.7438
2025_08_07,1754587080.0,228,3,1754587260,231,1,23454.25,1754587680,238,23421.5,R_TRIGGER,-66.5,-66.5,0.7652
2025_08_07,1754587500.0,235,4,1754587740,239,-1,23408.5,1754588400,250,23410.75,R_TRIGGER,-5.5,-5.5,0.978
2025_08_07,1754588220.0,247,5,1754588520,252,-1,23405.5,1754591280,298,23370.5,R_TRIGGER,69.0,69.0,0.7576
2025_08_07,1754591100.0,295,5,1754591400,300,-1,23350.0,1754592540,319,23376.5,R_TRIGGER,-54.0,-54.0,0.7798
2025_08_07,1754592300.0,315,4,1754592540,319,1,23376.5,1754593620,337,23396.0,R_TRIGGER,38.0,38.0,0.9567
2025_08_07,1754593020.0,327,18,1754594100,345,1,23399.25,1754597700,405,23527.5,SESSION_CLOSE,255.5,255.5,0.7425
2025_08_08,1754659860.0,1,4,1754660100,5,1,23561.25,1754661060,21,23618.0,R_TRIGGER,112.5,112.5,0.7498
2025_08_08,1754660820.0,17,6,1754661180,23,1,23634.0,1754662380,43,23649.25,R_TRIGGER,29.5,29.5,0.7392
2025_08_08,1754662200.0,40,3,1754662380,43,-1,23649.25,1754662740,49,23656.25,R_TRIGGER,-15.0,-15.0,0.7972
2025_08_08,1754663640.0,64,9,1754664180,73,-1,23686.5,1754665560,96,23669.25,R_TRIGGER,33.5,33.5,0.7646
2025_08_08,1754665920.0,102,9,1754666460,111,-1,23670.5,1754668140,139,23647.0,R_TRIGGER,46.0,46.0,0.7382
2025_08_08,1754667960.0,136,6,1754668320,142,1,23658.0,1754672040,204,23679.75,R_TRIGGER,42.5,42.5,0.9497
2025_08_08,1754669820.0,167,43,1754672400,210,1,23673.75,1754674020,237,23664.0,R_TRIGGER,-20.5,-20.5,0.7552
2025_08_08,1754673840.0,234,3,1754674020,237,-1,23664.0,1754674500,245,23675.0,R_TRIGGER,-23.0,-23.0,0.7416
2025_08_08,1754674020.0,237,12,1754674740,249,1,23683.0,1754677500,295,23696.25,R_TRIGGER,25.5,25.5,0.9623
2025_08_08,1754676480.0,278,17,1754677500,295,-1,23696.25,1754678160,306,23716.5,R_TRIGGER,-41.5,-41.5,0.9637
2025_08_08,1754677560.0,296,26,1754679120,322,1,23715.25,1754681460,361,23695.5,R_TRIGGER,-40.5,-40.5,0.9586
2025_08_08,1754680800.0,350,11,1754681460,361,-1,23695.5,1754682660,381,23702.75,R_TRIGGER,-15.5,-15.5,0.9566
2025_08_08,1754682420.0,377,12,1754683140,389,1,23714.5,1754684100,405,23753.0,SESSION_CLOSE,76.0,76.0,0.9745
2025_08_11,,-67,67,1754919000,0,-1,23719.75,1754919540,9,23712.25,R_TRIGGER,14.0,14.0,0.7639
2025_08_11,1754919240.0,4,5,1754919540,9,1,23712.25,1754923620,77,23730.25,R_TRIGGER,35.0,35.0,0.7412
2025_08_11,1754922000.0,50,28,1754923680,78,-1,23723.25,1754925240,104,23747.0,R_TRIGGER,-48.5,-48.5,0.961
2025_08_11,1754924820.0,97,14,1754925660,111,1,23745.25,1754926800,130,23724.75,R_TRIGGER,-42.0,-42.0,0.9625
2025_08_11,1754925360.0,106,27,1754926980,133,1,23731.0,1754930160,186,23771.0,R_TRIGGER,79.0,79.0,0.7473
2025_08_11,1754928660.0,161,26,1754930220,187,-1,23770.25,1754938140,319,23683.75,R_TRIGGER,172.0,172.0,0.735
2025_08_11,1754937900.0,315,5,1754938200,320,1,23687.75,1754939700,345,23656.0,R_TRIGGER,-64.5,-64.5,0.9513
2025_08_11,1754938740.0,329,16,1754939700,345,-1,23656.0,1754942340,389,23638.5,R_TRIGGER,34.0,34.0,0.9681
2025_08_11,1754942160.0,386,3,1754942340,389,1,23638.5,1754943300,405,23628.75,SESSION_CLOSE,-20.5,-20.5,0.7946
2025_08_12,,-49,51,1755005520,2,-1,23723.75,1755005640,4,23780.5,R_TRIGGER,-114.5,-114.5,0.8151
2025_08_12,1755005460.0,1,3,1755005640,4,1,23780.5,1755006275,,23755.75,CAT_STOP,-50.5,-101.0,0.9772
2025_08_12,1755006180.0,13,3,1755006360,16,1,23755.75,1755006520,,23655.0,CAT_STOP,-202.5,-101.0,0.8149
2025_08_12,1755006900.0,25,3,1755007080,28,-1,23655.0,1755007440,34,23662.75,R_TRIGGER,-16.5,-16.5,0.844
2025_08_12,1755007260.0,31,3,1755007440,34,-1,23662.75,1755007720,,23933.75,CAT_STOP,-543.0,-101.0,0.7776
2025_08_13,,-112,115,1755091980,3,1,24058.25,1755092520,12,24038.75,R_TRIGGER,-40.0,-40.0,0.8773
2025_08_13,1755092820.0,17,3,1755093000,20,-1,24057.5,1755094560,46,24000.25,R_TRIGGER,113.5,113.5,0.7419
2025_08_13,1755094380.0,43,9,1755094920,52,-1,23995.0,1755095880,68,23964.5,R_TRIGGER,60.0,60.0,0.7492
2025_08_13,1755095700.0,65,8,1755096180,73,-1,23965.0,1755096720,82,23951.75,R_TRIGGER,25.5,25.5,0.7384
2025_08_13,1755096420.0,77,13,1755097200,90,-1,23951.75,1755098340,109,23924.75,R_TRIGGER,53.0,53.0,0.7553
2025_08_13,1755098160.0,106,3,1755098340,109,1,23924.75,1755098940,119,23925.0,R_TRIGGER,-0.5,-0.5,0.7508
2025_08_13,1755099840.0,134,9,1755100380,143,-1,23923.25,1755101820,167,23937.0,R_TRIGGER,-28.5,-28.5,0.9618
2025_08_13,1755100440.0,144,26,1755102000,170,-1,23920.0,1755102360,176,23925.75,R_TRIGGER,-12.5,-12.5,0.8252
2025_08_13,1755102120.0,172,9,1755102660,181,-1,23918.0,1755104040,204,23906.25,R_TRIGGER,22.5,22.5,0.7388
2025_08_13,1755103800.0,200,5,1755104100,205,-1,23900.5,1755105540,229,23923.0,R_TRIGGER,-46.0,-46.0,0.7552
2025_08_13,1755105060.0,221,10,1755105660,231,1,23935.25,1755106380,243,23912.5,R_TRIGGER,-46.5,-46.5,0.7834
2025_08_13,1755106200.0,240,4,1755106440,244,-1,23903.75,1755107580,263,23923.5,R_TRIGGER,-40.5,-40.5,0.9553
2025_08_13,1755106980.0,253,12,1755107700,265,1,23926.75,1755109320,292,23932.0,R_TRIGGER,9.5,9.5,0.9442
2025_08_13,1755108840.0,284,12,1755109560,296,1,23932.5,1755111720,332,23926.75,R_TRIGGER,-12.5,-12.5,0.7372
2025_08_13,1755111720.0,332,25,1755113220,357,-1,23937.5,1755114600,380,23933.75,R_TRIGGER,6.5,6.5,0.7827
2025_08_13,1755114180.0,373,9,1755114720,382,1,23946.0,1755115560,396,23935.0,R_TRIGGER,-23.0,-23.0,0.9553
2025_08_13,1755115200.0,390,13,1755115980,403,-1,23932.0,1755116100,405,23933.25,SESSION_CLOSE,-3.5,-3.5,0.9596
2025_08_14,,-24,24,1755178200,0,1,23847.25,1755179700,25,23910.0,R_TRIGGER,124.5,124.5,0.8454
2025_08_14,1755179520.0,22,3,1755179700,25,-1,23910.0,1755180000,30,23939.0,R_TRIGGER,-59.0,-59.0,0.8136
2025_08_14,1755179760.0,26,9,1755180300,35,1,23929.0,1755183420,87,23948.0,R_TRIGGER,37.0,37.0,0.7343
2025_08_14,1755182940.0,79,8,1755183420,87,-1,23948.0,1755186420,137,23916.0,R_TRIGGER,63.0,63.0,0.97
2025_08_14,1755185220.0,117,21,1755186480,138,1,23919.25,1755187560,156,23899.75,R_TRIGGER,-40.0,-40.0,0.9611
2025_08_14,1755186960.0,146,13,1755187740,159,-1,23901.0,1755188520,172,23909.25,R_TRIGGER,-17.5,-17.5,0.9602
2025_08_14,1755188100.0,165,11,1755188760,176,-1,23898.25,1755190740,209,23934.5,CAT_STOP,-73.5,-101.0,0.7771
2025_08_14,1755196440.0,304,17,1755197460,321,1,23935.25,1755201600,390,23917.0,R_TRIGGER,-37.5,-37.5,0.8557
2025_08_14,1755201120.0,382,8,1755201600,390,1,23917.0,1755202500,405,23881.5,SESSION_CLOSE,-72.0,-72.0,0.7501
2025_08_15,1755264600.0,0,2,1755264720,2,-1,23867.75,1755266460,31,23835.0,R_TRIGGER,64.5,64.5,0.7761
2025_08_15,1755265980.0,23,8,1755266460,31,-1,23835.0,1755273000,140,23785.5,R_TRIGGER,98.0,98.0,0.7904
2025_08_15,1755272640.0,134,7,1755273060,141,1,23798.25,1755275340,179,23767.75,R_TRIGGER,-62.0,-62.0,0.9618
2025_08_15,1755273300.0,145,34,1755275340,179,-1,23767.75,1755276720,202,23816.5,R_TRIGGER,-98.5,-98.5,0.7848
2025_08_15,1755275460.0,181,48,1755278340,229,-1,23790.25,1755280735,,23803.0,CAT_STOP,-26.5,-101.0,0.9697
2025_08_18,,-17,17,1755523800,0,1,23801.5,1755524460,11,23783.0,R_TRIGGER,-38.0,-38.0,0.9646
2025_08_18,1755524040.0,4,13,1755524820,17,1,23792.25,1755525060,21,23752.0,R_TRIGGER,-81.5,-81.5,0.7812
2025_08_18,1755524880.0,18,4,1755525120,22,-1,23746.25,1755525780,33,23780.75,R_TRIGGER,-70.0,-70.0,0.9736
2025_08_18,1755525480.0,28,5,1755525780,33,-1,23780.75,1755528600,80,23755.5,R_TRIGGER,49.5,49.5,0.7498
2025_08_18,1755528420.0,77,6,1755528780,83,1,23778.5,1755530160,106,23752.75,R_TRIGGER,-52.5,-52.5,0.9603
2025_08_18,1755529200.0,90,29,1755530940,119,-1,23744.25,1755532080,138,23752.0,R_TRIGGER,-16.5,-16.5,0.9544
2025_08_18,1755531420.0,127,25,1755532920,152,1,23755.75,1755534960,186,23748.5,R_TRIGGER,-15.5,-15.5,0.9513
2025_08_18,1755534600.0,180,6,1755534960,186,-1,23748.5,1755536640,214,23752.25,R_TRIGGER,-8.5,-8.5,0.9555
2025_08_18,1755535680.0,198,40,1755538080,238,1,23769.0,1755538620,247,23770.25,R_TRIGGER,1.5,1.5,0.7483
2025_08_18,1755538320.0,242,7,1755538740,249,-1,23760.0,1755541920,302,23777.75,R_TRIGGER,-36.5,-36.5,0.9593
2025_08_18,1755540180.0,273,30,1755541980,303,1,23776.25,1755548100,405,23797.5,SESSION_CLOSE,41.5,41.5,0.7411
2025_08_19,,-16,17,1755610260,1,-1,23724.25,1755610740,9,23692.75,R_TRIGGER,62.0,62.0,0.9725
2025_08_19,1755610560.0,6,3,1755610740,9,-1,23692.75,1755611580,23,23691.0,R_TRIGGER,2.5,2.5,0.7598
2025_08_19,1755611820.0,27,3,1755612000,30,-1,23674.0,1755612240,34,23721.75,R_TRIGGER,-96.5,-96.5,0.7754
2025_08_19,1755612060.0,31,3,1755612240,34,1,23721.75,1755612840,44,23707.5,R_TRIGGER,-29.5,-29.5,0.9763
2025_08_19,1755612540.0,39,17,1755613560,56,-1,23672.75,1755614040,64,23641.75,R_TRIGGER,61.0,61.0,0.9675
2025_08_19,1755613860.0,61,4,1755614100,65,-1,23629.75,1755614820,77,23592.25,R_TRIGGER,74.0,74.0,0.7548
2025_08_19,1755614640.0,74,4,1755614880,78,-1,23563.5,1755615360,86,23593.0,R_TRIGGER,-60.0,-60.0,0.7713
2025_08_19,1755615060.0,81,7,1755615480,88,-1,23561.75,1755615840,94,23548.0,R_TRIGGER,26.5,26.5,0.7619
2025_08_19,1755615660.0,91,7,1755616080,98,-1,23541.75,1755616500,105,23556.5,R_TRIGGER,-30.5,-30.5,0.7515
2025_08_19,1755616320.0,102,8,1755616800,110,1,23566.0,1755618000,130,23576.0,R_TRIGGER,19.0,19.0,0.9479
2025_08_19,1755617700.0,125,7,1755618120,132,1,23573.25,1755618600,140,23561.0,R_TRIGGER,-25.5,-25.5,0.7517
2025_08_19,1755618240.0,134,21,1755619500,155,-1,23545.0,1755620220,167,23544.0,R_TRIGGER,1.0,1.0,0.9678
2025_08_19,1755620040.0,164,10,1755620640,174,-1,23546.0,1755622140,199,23495.5,R_TRIGGER,100.0,100.0,0.7364
2025_08_19,1755621900.0,195,8,1755622380,203,-1,23503.0,1755623640,224,23474.75,R_TRIGGER,55.5,55.5,0.7443
2025_08_19,1755623460.0,221,4,1755623700,225,-1,23464.0,1755624120,232,23474.25,R_TRIGGER,-21.5,-21.5,0.7692
2025_08_19,1755623880.0,228,10,1755624480,238,1,23489.75,1755626460,271,23485.75,R_TRIGGER,-9.0,-9.0,0.9528
2025_08_19,1755626280.0,268,4,1755626520,272,-1,23483.25,1755626820,277,23493.0,R_TRIGGER,-20.5,-20.5,0.7945
2025_08_19,1755627000.0,280,3,1755627180,283,-1,23484.0,1755629880,328,23468.75,R_TRIGGER,29.5,29.5,0.7507
2025_08_19,1755629460.0,321,9,1755630000,330,-1,23447.5,1755631380,353,23454.5,R_TRIGGER,-15.0,-15.0,0.7379
2025_08_19,1755630420.0,337,17,1755631440,354,1,23462.5,1755633000,380,23459.0,R_TRIGGER,-8.0,-8.0,0.9599
2025_08_19,1755632640.0,374,10,1755633240,384,-1,23442.75,1755633540,389,23470.25,R_TRIGGER,-56.0,-56.0,0.7683
2025_08_19,1755633240.0,384,6,1755633600,390,1,23482.0,1755634500,405,23467.75,SESSION_CLOSE,-29.5,-29.5,0.8625
2025_08_20,,-40,40,1755696600,0,-1,23385.5,1755698400,30,23188.75,R_TRIGGER,392.5,392.5,0.7419
2025_08_20,1755698160.0,26,4,1755698400,30,-1,23188.75,1755699600,50,23125.0,R_TRIGGER,126.5,126.5,0.7586
2025_08_20,1755699420.0,47,8,1755699900,55,-1,23148.5,1755702240,94,23076.5,R_TRIGGER,143.0,143.0,0.7983
2025_08_20,1755701640.0,84,13,1755702420,97,1,23115.0,1755704880,138,23217.0,R_TRIGGER,203.0,203.0,0.9565
2025_08_20,1755704280.0,128,13,1755705060,141,-1,23192.75,1755705660,151,23197.25,R_TRIGGER,-10.0,-10.0,0.9615
2025_08_20,1755705360.0,146,6,1755705720,152,1,23206.25,1755707760,186,23259.5,R_TRIGGER,105.5,105.5,0.7622
2025_08_20,1755707340.0,179,11,1755708000,190,1,23261.5,1755710220,227,23231.0,R_TRIGGER,-62.0,-62.0,0.7676
2025_08_20,1755709680.0,218,10,1755710280,228,-1,23254.25,1755711120,242,23283.25,R_TRIGGER,-59.0,-59.0,0.7449
2025_08_20,1755710220.0,227,26,1755711780,253,1,23291.5,1755712500,265,23263.75,R_TRIGGER,-56.5,-56.5,0.7493
2025_08_20,1755712080.0,258,7,1755712500,265,-1,23263.75,1755713400,280,23247.0,R_TRIGGER,32.5,32.5,0.9633
2025_08_20,1755712980.0,273,7,1755713400,280,1,23247.0,1755713940,289,23203.5,R_TRIGGER,-88.0,-88.0,0.7518
2025_08_20,1755713400.0,280,9,1755713940,289,-1,23203.5,1755714840,304,23230.75,R_TRIGGER,-55.5,-55.5,0.757
2025_08_20,1755714120.0,292,15,1755715020,307,1,23244.5,1755719880,388,23326.5,R_TRIGGER,163.0,163.0,0.9641
2025_08_20,1755719700.0,385,4,1755719940,389,1,23324.75,1755720900,405,23314.25,SESSION_CLOSE,-22.0,-22.0,0.7653
2025_08_21,,-29,29,1755783000,0,-1,23200.5,1755783010,,23267.0,CAT_STOP,-134.0,-101.0,0.9712
2025_08_21,1755783960.0,16,4,1755784200,20,-1,23241.5,1755784980,33,23257.5,R_TRIGGER,-33.0,-33.0,0.7666
2025_08_21,1755784800.0,30,5,1755785100,35,1,23264.0,1755786720,62,23298.25,R_TRIGGER,67.5,67.5,0.959
2025_08_21,1755786540.0,59,3,1755786720,62,-1,23298.25,1755788040,84,23298.25,R_TRIGGER,-1.0,-1.0,0.7958
2025_08_21,1755787260.0,71,19,1755788400,90,1,23301.0,1755788700,95,23262.75,R_TRIGGER,-77.5,-77.5,0.9617
2025_08_21,1755788460.0,91,9,1755789000,100,-1,23253.75,1755789660,111,23244.5,R_TRIGGER,17.5,17.5,0.9753
2025_08_21,1755789300.0,105,8,1755789780,113,1,23282.75,1755791280,138,23259.75,R_TRIGGER,-47.0,-47.0,0.961
2025_08_21,1755790920.0,132,6,1755791280,138,-1,23259.75,1755795900,215,23193.25,R_TRIGGER,132.0,132.0,0.9668
2025_08_21,1755795900.0,215,17,1755796920,232,-1,23128.25,1755797460,241,23167.5,R_TRIGGER,-79.5,-79.5,0.7344
2025_08_21,1755797100.0,235,7,1755797520,242,1,23158.75,1755805260,371,23209.0,R_TRIGGER,99.5,99.5,0.7376
2025_08_21,1755804300.0,355,17,1755805320,372,-1,23210.75,1755807300,405,23220.25,SESSION_CLOSE,-20.0,-20.0,0.7443
2025_08_22,,-29,29,1755869400,0,-1,23210.5,1755869405,,23257.25,CAT_STOP,-94.5,-101.0,0.9725
2025_08_22,1755869580.0,3,4,1755869820,7,-1,23280.75,1755870300,15,23481.0,CAT_STOP,-401.5,-101.0,0.8555
2025_08_22,1755871080.0,28,3,1755871260,31,1,23481.0,1755871920,42,23557.25,R_TRIGGER,151.5,151.5,0.7961
2025_08_22,1755871740.0,39,3,1755871920,42,1,23557.25,1755872340,49,23567.25,R_TRIGGER,19.0,19.0,0.8106
2025_08_22,1755872160.0,46,5,1755872460,51,-1,23542.25,1755872760,56,23573.25,R_TRIGGER,-63.0,-63.0,0.823
2025_08_22,1755872580.0,53,13,1755873360,66,1,23601.75,1755874260,81,23601.5,R_TRIGGER,-1.5,-1.5,0.9721
2025_08_22,1755873960.0,76,9,1755874500,85,1,23626.0,1755876240,114,23610.75,R_TRIGGER,-31.5,-31.5,0.7561
2025_08_22,1755875040.0,94,20,1755876240,114,1,23610.75,1755877080,128,23611.0,R_TRIGGER,-0.5,-0.5,0.7713
2025_08_22,1755876900.0,125,13,1755877680,138,-1,23590.0,1755879720,172,23563.75,R_TRIGGER,51.5,51.5,0.9684
2025_08_22,1755880620.0,187,20,1755881820,207,-1,23510.5,1755882060,211,23546.5,R_TRIGGER,-73.0,-73.0,0.8695
2025_08_22,1755881880.0,208,5,1755882180,213,1,23555.25,1755886800,290,23600.75,R_TRIGGER,90.0,90.0,0.9499
2025_08_22,1755885300.0,265,25,1755886800,290,-1,23600.75,1755891960,376,23561.5,R_TRIGGER,77.5,77.5,0.9665
2025_08_22,1755891660.0,371,7,1755892080,378,1,23569.5,1755892560,386,23553.5,R_TRIGGER,-33.0,-33.0,0.9531
2025_08_22,1755892200.0,380,6,1755892560,386,1,23553.5,1755893700,405,23581.75,SESSION_CLOSE,55.5,55.5,0.7644
2025_08_25,,-51,51,1756128600,0,1,23497.5,1756128780,3,23448.5,R_TRIGGER,-99.0,-99.0,0.8193
2025_08_25,1756128600.0,0,3,1756128780,3,-1,23448.5,1756128960,6,23491.25,R_TRIGGER,-86.5,-86.5,0.849
2025_08_25,1756128780.0,3,3,1756128960,6,-1,23491.25,1756129680,18,23478.75,R_TRIGGER,24.0,24.0,0.7853
2025_08_25,1756129500.0,15,14,1756130340,29,1,23519.25,1756131600,50,23524.0,R_TRIGGER,8.5,8.5,0.9578
2025_08_25,1756131360.0,46,5,1756131660,51,-1,23533.0,1756131840,54,23545.25,R_TRIGGER,-25.5,-25.5,0.7353
2025_08_25,1756131660.0,51,12,1756132380,63,1,23552.25,1756132920,72,23541.5,R_TRIGGER,-22.5,-22.5,0.7563
2025_08_25,1756133700.0,85,14,1756134540,99,1,23576.75,1756139520,182,23590.5,R_TRIGGER,26.5,26.5,0.7353
2025_08_25,1756137180.0,143,40,1756139580,183,-1,23594.0,1756144320,262,23584.5,R_TRIGGER,18.0,18.0,0.7407
2025_08_25,1756143660.0,251,11,1756144320,262,1,23584.5,1756146120,292,23561.5,R_TRIGGER,-47.0,-47.0,0.949
2025_08_25,1756144620.0,267,25,1756146120,292,-1,23561.5,1756152240,394,23509.25,R_TRIGGER,103.5,103.5,0.9663
2025_08_25,1756152000.0,390,10,1756152600,400,-1,23510.75,1756152900,405,23510.25,SESSION_CLOSE,0.0,0.0,0.7493
2025_08_26,1756215180.0,3,4,1756215420,7,1,23479.5,1756215900,15,23484.5,R_TRIGGER,9.0,9.0,0.7444
2025_08_26,1756215660.0,11,4,1756215900,15,1,23484.5,1756216140,19,23492.25,CAT_STOP,14.5,-101.0,0.7787
2025_08_26,1756217040.0,34,4,1756217280,38,1,23502.25,1756217580,43,23497.5,R_TRIGGER,-10.5,-10.5,0.751
2025_08_26,1756218660.0,61,12,1756219380,73,1,23533.25,1756220340,89,23522.0,R_TRIGGER,-23.5,-23.5,0.7573
2025_08_26,1756220100.0,85,16,1756221060,101,-1,23519.5,1756221840,114,23530.0,R_TRIGGER,-22.0,-22.0,0.9453
2025_08_26,1756221900.0,115,4,1756222140,119,-1,23508.75,1756222680,128,23515.0,R_TRIGGER,-13.5,-13.5,0.7515
2025_08_26,1756223460.0,141,9,1756224000,150,1,23525.0,1756226820,197,23531.75,R_TRIGGER,12.5,12.5,0.9489
2025_08_26,1756224960.0,166,31,1756226820,197,-1,23531.75,1756228860,231,23532.5,R_TRIGGER,-2.5,-2.5,0.9623
2025_08_26,1756228320.0,222,14,1756229160,236,1,23536.5,1756229760,246,23521.25,R_TRIGGER,-31.5,-31.5,0.9455
2025_08_26,1756229400.0,240,7,1756229820,247,-1,23516.5,1756231080,268,23501.0,R_TRIGGER,30.0,30.0,0.9628
2025_08_26,1756230900.0,265,8,1756231380,273,1,23515.0,1756236300,355,23558.25,R_TRIGGER,85.5,85.5,0.9651
2025_08_26,1756236120.0,352,6,1756236480,358,1,23567.0,1756239300,405,23606.75,SESSION_CLOSE,78.5,78.5,0.7685
2025_08_27,,-72,72,1756301400,0,-1,23533.75,1756301700,5,23542.75,R_TRIGGER,-19.0,-19.0,0.7535
2025_08_27,1756301460.0,1,4,1756301700,5,-1,23542.75,1756302840,24,23539.5,R_TRIGGER,5.5,5.5,0.8454
2025_08_27,1756302540.0,19,6,1756302900,25,-1,23520.75,1756304115,,23615.75,CAT_STOP,-191.0,-101.0,0.7525
2025_08_27,1756309200.0,130,8,1756309680,138,1,23622.5,1756311360,166,23600.25,R_TRIGGER,-45.5,-45.5,0.9495
2025_08_27,1756310280.0,148,23,1756311660,171,-1,23583.25,1756312980,193,23577.75,R_TRIGGER,10.0,10.0,0.8611
2025_08_27,1756312620.0,187,10,1756313220,197,1,23589.0,1756321200,330,23619.75,R_TRIGGER,60.5,60.5,0.9514
2025_08_27,1756319040.0,294,37,1756321260,331,-1,23620.0,1756322340,349,23593.75,R_TRIGGER,51.5,51.5,0.8485
2025_08_27,1756321980.0,343,6,1756322340,349,-1,23593.75,1756324560,386,23619.0,CAT_STOP,-51.5,-101.0,0.7494
2025_08_28,,-126,126,1756387800,0,1,23704.75,1756387805,,23700.0,CAT_STOP,-10.5,-101.0,0.9652
2025_08_28,1756387980.0,3,4,1756388220,7,1,23700.0,1756388700,15,23673.25,R_TRIGGER,-54.5,-54.5,0.7932
2025_08_28,1756388520.0,12,3,1756388700,15,1,23673.25,1756389045,,23629.25,CAT_STOP,-89.0,-101.0,0.8005
2025_08_28,1756391340.0,59,47,1756394160,106,1,23748.25,1756394520,112,23708.5,R_TRIGGER,-80.5,-80.5,0.9686
2025_08_28,1756394220.0,107,5,1756394520,112,-1,23708.5,1756395180,123,23712.5,R_TRIGGER,-9.0,-9.0,0.7705
2025_08_28,1756394940.0,119,4,1756395180,123,-1,23712.5,1756397580,163,23714.75,R_TRIGGER,-5.5,-5.5,0.7376
2025_08_28,1756395900.0,135,30,1756397700,165,1,23729.5,1756400400,210,23725.25,R_TRIGGER,-9.5,-9.5,0.7878
2025_08_28,1756398480.0,178,32,1756400400,210,-1,23725.25,1756402200,240,23761.5,R_TRIGGER,-73.5,-73.5,0.8183
2025_08_28,1756400400.0,210,31,1756402260,241,1,23759.0,1756411200,390,23754.75,R_TRIGGER,-9.5,-9.5,0.7595
2025_08_28,1756410840.0,384,6,1756411200,390,-1,23754.75,1756412100,405,23760.0,SESSION_CLOSE,-11.5,-11.5,0.9708
2025_08_29,,-59,61,1756474320,2,-1,23641.75,1756475580,23,23563.25,R_TRIGGER,156.0,156.0,0.7558
2025_08_29,1756475400.0,20,3,1756475580,23,-1,23563.25,1756476000,30,23544.0,R_TRIGGER,37.5,37.5,0.7891
2025_08_29,1756475820.0,27,3,1756476000,30,-1,23544.0,1756477140,49,23464.0,R_TRIGGER,159.0,159.0,0.7456
2025_08_29,1756476960.0,46,4,1756477200,50,-1,23481.5,1756477740,59,23498.0,R_TRIGGER,-34.0,-34.0,0.7348
2025_08_29,1756477560.0,56,4,1756477800,60,-1,23495.75,1756479720,92,23443.0,R_TRIGGER,104.5,104.5,0.7612
2025_08_29,1756479480.0,88,11,1756480140,99,1,23473.5,1756481520,122,23462.5,R_TRIGGER,-23.0,-23.0,0.9605
2025_08_29,1756481160.0,116,19,1756482300,135,-1,23450.5,1756483800,160,23461.0,R_TRIGGER,-22.0,-22.0,0.9706
2025_08_29,1756483140.0,149,13,1756483920,162,1,23469.25,1756486860,211,23453.75,R_TRIGGER,-32.0,-32.0,0.9427
2025_08_29,1756485900.0,195,17,1756486920,212,-1,23458.5,1756488300,235,23431.25,R_TRIGGER,53.5,53.5,0.968
2025_08_29,1756487880.0,228,22,1756489200,250,1,23445.0,1756492020,297,23440.75,R_TRIGGER,-9.5,-9.5,0.964
2025_08_29,1756489980.0,263,35,1756492080,298,-1,23438.5,1756494480,338,23471.5,R_TRIGGER,-67.0,-67.0,0.9663
2025_08_29,1756492080.0,298,46,1756494840,344,-1,23467.0,1756496580,373,23479.5,R_TRIGGER,-26.0,-26.0,0.8032
2025_08_29,1756496100.0,365,8,1756496580,373,1,23479.5,1756497000,380,23447.25,R_TRIGGER,-65.5,-65.5,0.955
2025_08_29,1756496820.0,377,3,1756497000,380,-1,23447.25,1756497480,388,23461.75,R_TRIGGER,-30.0,-30.0,0.972
2025_08_29,1756497240.0,384,4,1756497480,388,-1,23461.75,1756498500,405,23461.5,SESSION_CLOSE,-0.5,-0.5,0.7741
2025_09_01,,-6,6,1756733400,0,-1,23460.25,1756733700,5,23465.0,R_TRIGGER,-10.5,-10.5,0.947
2025_09_01,1756733520.0,2,8,1756734000,10,1,23482.5,1756743000,160,23487.75,R_TRIGGER,9.5,9.5,0.9338
2025_09_01,1756741200.0,130,37,1756743420,167,-1,23484.25,1756744680,188,23501.5,R_TRIGGER,-35.5,-35.5,0.8033
2025_09_02,,-4,4,1756819800,0,-1,23055.5,1756820040,4,23081.75,R_TRIGGER,-53.5,-53.5,0.7931
2025_09_02,1756819860.0,1,3,1756820040,4,-1,23081.75,1756820140,,23229.25,CAT_STOP,-296.0,-101.0,0.785
2025_09_02,1756822560.0,46,5,1756822860,51,1,23245.75,1756823100,55,23204.0,R_TRIGGER,-84.5,-84.5,0.806
2025_09_02,1756822920.0,52,3,1756823100,55,1,23204.0,1756824000,70,23215.0,R_TRIGGER,21.0,21.0,0.7475
2025_09_02,1756823340.0,59,13,1756824120,72,-1,23187.0,1756829700,165,23074.5,R_TRIGGER,224.0,224.0,0.967
2025_09_02,1756828380.0,143,22,1756829700,165,1,23074.5,1756836480,278,23185.0,R_TRIGGER,220.0,220.0,0.9636
2025_09_02,1756835460.0,261,17,1756836480,278,-1,23185.0,1756839000,320,23212.5,R_TRIGGER,-56.0,-56.0,0.9649
2025_09_02,1756838460.0,311,9,1756839000,320,1,23212.5,1756839480,328,23186.75,R_TRIGGER,-52.5,-52.5,0.7742
2025_09_02,1756839060.0,321,7,1756839480,328,1,23186.75,1756844100,405,23347.75,SESSION_CLOSE,321.0,321.0,0.7651
2025_09_03,,-9,9,1756906200,0,-1,23412.25,1756906500,5,23395.25,R_TRIGGER,33.0,33.0,0.8475
2025_09_03,1756906260.0,1,4,1756906500,5,-1,23395.25,1756907100,15,23393.0,R_TRIGGER,3.5,3.5,0.8601
2025_09_03,1756906680.0,8,7,1756907100,15,-1,23393.0,1756907520,22,23414.5,R_TRIGGER,-44.0,-44.0,0.766
2025_09_03,1756907340.0,19,3,1756907520,22,1,23414.5,1756907700,25,23384.0,R_TRIGGER,-62.0,-62.0,0.8064
2025_09_03,1756907520.0,22,3,1756907700,25,-1,23384.0,1756908060,31,23413.5,R_TRIGGER,-60.0,-60.0,0.7373
2025_09_03,1756907880.0,28,4,1756908120,32,1,23419.0,1756908720,42,23400.5,R_TRIGGER,-38.0,-38.0,0.7724
2025_09_03,1756908420.0,37,5,1756908720,42,1,23400.5,1756909740,59,23433.25,R_TRIGGER,64.5,64.5,0.7522
2025_09_03,1756909740.0,59,16,1756910700,75,1,23504.5,1756912080,98,23496.25,R_TRIGGER,-17.5,-17.5,0.7889
2025_09_03,1756911060.0,81,19,1756912200,100,1,23507.5,1756912995,,23413.25,CAT_STOP,-189.5,-101.0,0.7385
2025_09_03,1756914000.0,130,18,1756915080,148,-1,23413.0,1756915680,158,23435.25,R_TRIGGER,-45.5,-45.5,0.7391
2025_09_03,1756915440.0,154,16,1756916400,170,1,23453.0,1756916700,175,23427.5,R_TRIGGER,-52.0,-52.0,0.9604
2025_09_03,1756916460.0,171,12,1756917180,183,1,23432.25,1756920300,235,23422.5,R_TRIGGER,-20.5,-20.5,0.743
2025_09_03,1756919820.0,227,8,1756920300,235,-1,23422.5,1756921680,258,23390.25,R_TRIGGER,63.5,63.5,0.9625
2025_09_03,1756921500.0,255,10,1756922100,265,-1,23381.5,1756925040,314,23349.75,R_TRIGGER,62.5,62.5,0.7865
2025_09_03,1756924740.0,309,5,1756925040,314,1,23349.75,1756930500,405,23452.75,SESSION_CLOSE,205.0,205.0,0.7458
2025_09_04,,-78,79,1756992660,1,-1,23489.25,1756992780,3,23521.5,R_TRIGGER,-65.5,-65.5,0.7345
2025_09_04,1756992600.0,0,3,1756992780,3,1,23521.5,1756993080,8,23482.0,R_TRIGGER,-80.0,-80.0,0.9636
2025_09_04,1756993320.0,12,5,1756993620,17,1,23508.75,1756993920,22,23479.0,R_TRIGGER,-60.5,-60.5,0.7493
2025_09_04,1756993620.0,17,8,1756994100,25,-1,23461.5,1756995120,42,23466.25,R_TRIGGER,-10.5,-10.5,0.7767
2025_09_04,1756994700.0,35,7,1756995120,42,-1,23466.25,1756995540,49,23443.75,R_TRIGGER,44.0,44.0,0.7402
2025_09_04,1756995360.0,46,9,1756995900,55,1,23493.25,1756997040,74,23500.75,R_TRIGGER,14.0,14.0,0.9575
2025_09_04,1756997100.0,75,21,1756998360,96,1,23529.25,1756998660,101,23499.0,R_TRIGGER,-61.5,-61.5,0.754
2025_09_04,1756998360.0,96,8,1756998840,104,-1,23505.75,1756999020,107,23534.0,R_TRIGGER,-57.5,-57.5,0.9703
2025_09_04,1756998840.0,104,8,1756999320,112,1,23545.5,1757000280,128,23519.25,R_TRIGGER,-53.5,-53.5,0.961
2025_09_04,1756999680.0,118,15,1757000580,133,1,23539.25,1757003220,177,23513.0,R_TRIGGER,-53.5,-53.5,0.8425
2025_09_04,1757003220.0,177,20,1757004420,197,1,23546.5,1757016900,405,23708.75,SESSION_CLOSE,323.5,323.5,0.961
2025_09_05,,-23,25,1757079120,2,1,23853.75,1757080500,25,23836.25,R_TRIGGER,-36.0,-36.0,0.7477
2025_09_05,1757080260.0,21,8,1757080740,29,1,23852.5,1757081185,,23554.25,CAT_STOP,-597.5,-101.0,0.7535
2025_09_05,1757084100.0,85,3,1757084280,88,-1,23554.25,1757085180,103,23563.5,R_TRIGGER,-19.5,-19.5,0.7834
2025_09_05,1757085000.0,100,3,1757085180,103,1,23563.5,1757087640,144,23629.25,R_TRIGGER,130.5,130.5,0.7356
2025_09_05,1757087040.0,134,19,1757088180,153,-1,23595.25,1757088720,162,23643.25,R_TRIGGER,-97.0,-97.0,0.9723
2025_09_05,1757088180.0,153,11,1757088840,164,1,23652.75,1757089980,183,23610.25,R_TRIGGER,-86.0,-86.0,0.9656
2025_09_05,1757088900.0,165,20,1757090100,185,-1,23603.75,1757090460,191,23647.25,R_TRIGGER,-88.0,-88.0,0.9658
2025_09_05,1757090220.0,187,4,1757090460,191,-1,23647.25,1757092440,224,23646.75,R_TRIGGER,0.0,0.0,0.754
2025_09_05,1757091960.0,216,9,1757092500,225,1,23652.0,1757094120,252,23598.25,R_TRIGGER,-108.5,-108.5,0.9644
2025_09_05,1757093040.0,234,18,1757094120,252,-1,23598.25,1757096100,285,23638.0,R_TRIGGER,-80.5,-80.5,0.9689
2025_09_05,1757094180.0,253,39,1757096520,292,1,23641.75,1757103300,405,23676.25,SESSION_CLOSE,68.0,68.0,0.7376
2025_09_08,,-64,66,1757338320,2,1,23791.5,1757340000,30,23847.25,R_TRIGGER,110.5,110.5,0.7457
2025_09_08,1757340480.0,38,10,1757341080,48,-1,23819.75,1757341620,57,23851.5,R_TRIGGER,-64.5,-64.5,0.9701
2025_09_08,1757341260.0,51,6,1757341620,57,1,23851.5,1757344680,108,23850.75,R_TRIGGER,-2.5,-2.5,0.7784
2025_09_08,1757342760.0,76,32,1757344680,108,-1,23850.75,1757345460,121,23877.5,R_TRIGGER,-54.5,-54.5,0.9616
2025_09_08,1757344860.0,111,10,1757345460,121,1,23877.5,1757346360,136,23839.75,R_TRIGGER,-76.5,-76.5,0.9463
2025_09_08,1757345580.0,123,13,1757346360,136,-1,23839.75,1757346900,145,23864.75,R_TRIGGER,-51.0,-51.0,0.9596
2025_09_08,1757346480.0,138,7,1757346900,145,1,23864.75,1757348100,165,23838.5,R_TRIGGER,-53.5,-53.5,0.9424
2025_09_08,1757347140.0,149,24,1757348580,173,-1,23831.0,1757355060,281,23798.25,R_TRIGGER,64.5,64.5,0.8138
2025_09_08,1757353920.0,262,21,1757355180,283,1,23804.25,1757358000,330,23785.5,R_TRIGGER,-38.5,-38.5,0.7672
2025_09_08,1757355720.0,292,47,1757358540,339,-1,23787.25,1757360400,370,23796.25,R_TRIGGER,-19.0,-19.0,0.7425
2025_09_08,1757359380.0,353,22,1757360700,375,1,23806.75,1757362500,405,23801.5,SESSION_CLOSE,-11.5,-11.5,0.7344
2025_09_09,,-23,24,1757424660,1,1,23845.25,1757425200,10,23831.5,R_TRIGGER,-28.5,-28.5,0.7372
2025_09_09,1757424600.0,0,16,1757425560,16,1,23834.5,1757426555,,23817.5,CAT_STOP,-35.0,-101.0,0.7882
2025_09_09,1757427120.0,42,5,1757427420,47,-1,23822.5,1757429280,78,23757.25,R_TRIGGER,129.5,129.5,0.7478
2025_09_09,1757428980.0,73,8,1757429460,81,-1,23755.5,1757430900,105,23788.5,R_TRIGGER,-67.0,-67.0,0.7451
2025_09_09,1757430420.0,97,29,1757432160,126,-1,23777.0,1757433120,142,23791.5,R_TRIGGER,-30.0,-30.0,0.7717
2025_09_09,1757432520.0,132,10,1757433120,142,1,23791.5,1757434920,172,23797.25,R_TRIGGER,10.5,10.5,0.958
2025_09_09,1757434680.0,168,4,1757434920,172,-1,23797.25,1757437020,207,23828.0,R_TRIGGER,-62.5,-62.5,0.9718
2025_09_09,1757434980.0,173,35,1757437080,208,1,23822.0,1757448120,392,23855.5,R_TRIGGER,66.0,66.0,0.8388
2025_09_09,1757447700.0,385,10,1757448300,395,-1,23855.75,1757448840,404,23878.0,R_TRIGGER,-45.5,-45.5,0.9664
2025_09_10,,-60,60,1757511000,0,-1,23942.25,1757512800,30,23947.25,R_TRIGGER,-11.0,-11.0,0.9683
2025_09_10,1757512260.0,21,14,1757513100,35,1,23969.0,1757517480,108,23941.5,R_TRIGGER,-56.0,-56.0,0.9502
2025_09_10,1757515620.0,77,31,1757517480,108,-1,23941.5,1757519460,141,23965.5,R_TRIGGER,-49.0,-49.0,0.7497
2025_09_10,1757518320.0,122,28,1757520000,150,-1,23944.5,1757532720,362,23834.5,R_TRIGGER,219.0,219.0,0.9583
2025_09_10,1757532060.0,351,11,1757532720,362,1,23834.5,1757535300,405,23869.25,SESSION_CLOSE,68.5,68.5,0.9586
2025_09_11,,-60,66,1757597760,6,-1,23951.25,1757598480,18,23962.75,R_TRIGGER,-24.0,-24.0,0.77
2025_09_11,1757598300.0,15,5,1757598600,20,1,23952.25,1757599980,43,23963.5,R_TRIGGER,21.5,21.5,0.7816
2025_09_11,1757599740.0,39,15,1757600640,54,1,23968.75,1757602320,82,23978.75,R_TRIGGER,19.0,19.0,0.7874
2025_09_11,1757601900.0,75,7,1757602320,82,-1,23978.75,1757602980,93,24009.25,R_TRIGGER,-62.0,-62.0,0.9699
2025_09_11,1757602560.0,86,11,1757603220,97,1,24011.75,1757605560,136,24006.5,R_TRIGGER,-11.5,-11.5,0.9524
2025_09_11,1757603880.0,108,28,1757605560,136,-1,24006.5,1757606460,151,24036.0,R_TRIGGER,-60.0,-60.0,0.9483
2025_09_11,1757605620.0,137,14,1757606460,151,1,24036.0,1757608800,190,24009.0,R_TRIGGER,-55.0,-55.0,0.958
2025_09_11,1757606700.0,155,36,1757608860,191,-1,24010.25,1757611500,235,24029.0,R_TRIGGER,-38.5,-38.5,0.8012
2025_09_11,1757609520.0,202,57,1757612940,259,-1,24009.5,1757621700,405,24009.0,SESSION_CLOSE,0.0,0.0,0.7734
2025_09_12,,-58,59,1757683860,1,-1,24045.25,1757684640,14,24029.75,R_TRIGGER,30.0,30.0,0.9749
2025_09_12,1757684280.0,8,15,1757685180,23,-1,24028.75,1757686620,47,24050.75,R_TRIGGER,-45.0,-45.0,0.7496
2025_09_12,1757686440.0,44,7,1757686860,51,1,24069.0,1757689440,94,24086.5,R_TRIGGER,34.0,34.0,0.9639
2025_09_12,1757688900.0,85,16,1757689860,101,1,24085.75,1757692980,153,24077.25,R_TRIGGER,-18.0,-18.0,0.7361
2025_09_12,1757692620.0,147,6,1757692980,153,-1,24077.25,1757693400,160,24095.75,R_TRIGGER,-38.0,-38.0,0.9585
2025_09_12,1757693100.0,155,8,1757693580,163,1,24099.0,1757697000,220,24103.25,R_TRIGGER,7.5,7.5,0.9504
2025_09_12,1757696280.0,208,38,1757698560,246,-1,24101.0,1757699400,260,24112.0,R_TRIGGER,-23.0,-23.0,0.7497
2025_09_12,1757698740.0,249,68,1757702820,317,1,24137.0,1757704620,347,24133.75,R_TRIGGER,-7.5,-7.5,0.7345
2025_09_12,1757703420.0,327,26,1757704980,353,-1,24133.75,1757706300,375,24118.0,R_TRIGGER,30.5,30.5,0.7579
2025_09_12,1757706120.0,372,3,1757706300,375,-1,24118.0,1757708100,405,24118.5,SESSION_CLOSE,-2.0,-2.0,0.738
2025_09_15,,-48,49,1757943060,1,1,24203.75,1757946000,50,24239.0,R_TRIGGER,69.5,69.5,0.8396
2025_09_15,1757944800.0,30,23,1757946180,53,-1,24238.5,1757947560,76,24260.5,R_TRIGGER,-45.0,-45.0,0.9605
2025_09_15,1757946300.0,55,21,1757947560,76,1,24260.5,1757955480,208,24268.75,R_TRIGGER,15.5,15.5,0.9512
2025_09_15,1757953080.0,168,71,1757957340,239,-1,24254.25,1757958600,260,24278.75,R_TRIGGER,-50.0,-50.0,0.7587
2025_09_15,1757957460.0,241,33,1757959440,274,1,24287.5,1757961660,311,24259.5,R_TRIGGER,-57.0,-57.0,0.7364
2025_09_15,1757959680.0,278,37,1757961900,315,-1,24253.5,1757962800,330,24271.25,R_TRIGGER,-36.5,-36.5,0.8402
2025_09_15,1757961840.0,314,36,1757964000,350,1,24273.0,1757967300,405,24289.75,SESSION_CLOSE,32.5,32.5,0.7553
2025_09_16,,-181,181,1758029400,0,1,24341.75,1758030655,,24280.0,CAT_STOP,-124.5,-101.0,0.7403
2025_09_16,1758032640.0,54,37,1758034860,91,-1,24280.0,1758041820,207,24291.25,R_TRIGGER,-23.5,-23.5,0.972
2025_09_16,1758038700.0,155,53,1758041880,208,1,24288.0,1758052740,389,24286.0,R_TRIGGER,-5.0,-5.0,0.8361
2025_09_16,1758052200.0,380,9,1758052740,389,-1,24286.0,1758053640,404,24296.5,SESSION_CLOSE,-22.0,-22.0,0.9693
2025_09_17,,-63,64,1758115860,1,1,24285.0,1758115980,3,24267.5,R_TRIGGER,-36.0,-36.0,0.7718
2025_09_17,1758115800.0,0,3,1758115980,3,1,24267.5,1758117420,27,24248.5,R_TRIGGER,-39.0,-39.0,0.8113
2025_09_17,1758117240.0,24,3,1758117420,27,-1,24248.5,1758117900,35,24227.25,R_TRIGGER,41.5,41.5,0.7747
2025_09_17,1758117720.0,32,6,1758118080,38,-1,24230.5,1758120900,85,24187.5,R_TRIGGER,85.0,85.0,0.7393
2025_09_17,1758121560.0,96,10,1758122160,106,1,24198.25,1758122700,115,24180.5,R_TRIGGER,-36.5,-36.5,0.9433
2025_09_17,1758122340.0,109,7,1758122760,116,-1,24175.5,1758126540,179,24179.75,R_TRIGGER,-9.5,-9.5,0.9532
2025_09_17,1758125640.0,164,18,1758126720,182,-1,24168.5,1758127980,203,24156.75,R_TRIGGER,22.5,22.5,0.7456
2025_09_17,1758127380.0,193,19,1758128520,212,1,24156.75,1758132360,276,24221.0,R_TRIGGER,127.5,127.5,0.9557
2025_09_17,1758132180.0,273,3,1758132360,276,-1,24221.0,1758133080,288,24139.25,R_TRIGGER,162.5,162.5,0.8229
2025_09_17,1758132900.0,285,3,1758133080,288,-1,24139.25,1758133680,298,24131.5,CAT_STOP,14.5,-101.0,0.8365
2025_09_17,1758134100.0,305,3,1758134280,308,1,24131.5,1758134400,310,24104.25,CAT_STOP,-55.5,-101.0,0.8303
2025_09_17,1758134280.0,308,3,1758134460,311,-1,24104.25,1758134940,319,24102.25,R_TRIGGER,3.0,3.0,0.8604
2025_09_17,1758134760.0,316,3,1758134940,319,1,24102.25,1758135180,323,24011.75,CAT_STOP,-182.0,-101.0,0.7929
2025_09_17,1758135000.0,320,3,1758135180,323,-1,24011.75,1758135345,,24113.5,CAT_STOP,-204.5,-101.0,0.8797
2025_09_17,1758135240.0,324,3,1758135420,327,-1,24113.5,1758135620,,24247.0,CAT_STOP,-268.0,-101.0,0.879
2025_09_17,1758136440.0,344,3,1758136620,347,1,24247.0,1758137520,362,24263.5,R_TRIGGER,32.0,32.0,0.8533
2025_09_17,1758137340.0,359,3,1758137520,362,1,24263.5,1758138000,370,24252.75,R_TRIGGER,-22.5,-22.5,0.847
2025_09_17,1758137820.0,367,3,1758138000,370,1,24252.75,1758138360,376,24236.25,R_TRIGGER,-34.0,-34.0,0.8329
2025_09_17,1758138180.0,373,4,1758138420,377,1,24254.25,1758140100,405,24258.5,SESSION_CLOSE,7.5,7.5,0.7801
2025_09_18,,-12,12,1758202200,0,1,24413.0,1758202800,10,24398.25,R_TRIGGER,-30.5,-30.5,0.7647
2025_09_18,1758202620.0,7,4,1758202860,11,1,24396.5,1758203640,24,24416.25,R_TRIGGER,38.5,38.5,0.7358
2025_09_18,1758203460.0,21,4,1758203700,25,-1,24412.25,1758203940,29,24452.25,R_TRIGGER,-81.0,-81.0,0.8011
2025_09_18,1758203760.0,26,3,1758203940,29,1,24452.25,1758206220,67,24527.75,R_TRIGGER,150.0,150.0,0.9713
2025_09_18,1758205860.0,61,7,1758206280,68,-1,24523.75,1758207900,95,24521.75,R_TRIGGER,3.0,3.0,0.9494
2025_09_18,1758207600.0,90,11,1758208260,101,1,24537.5,1758209340,119,24536.5,R_TRIGGER,-3.0,-3.0,0.9547
2025_09_18,1758208800.0,110,12,1758209520,122,1,24556.0,1758210655,,24517.5,CAT_STOP,-78.0,-101.0,0.7525
2025_09_18,1758215340.0,219,22,1758216660,241,-1,24509.5,1758218820,277,24514.75,R_TRIGGER,-11.5,-11.5,0.7342
2025_09_18,1758218400.0,270,17,1758219420,287,1,24491.25,1758223500,355,24479.75,R_TRIGGER,-24.0,-24.0,0.7506
2025_09_18,1758222060.0,331,41,1758224520,372,-1,24466.75,1758226500,405,24447.5,SESSION_CLOSE,37.5,37.5,0.7389
2025_10_01,,-41,41,1759325400,0,-1,24747.0,1759325520,2,24827.5,CAT_STOP,-162.0,-101.0,0.7428
2025_10_01,1759325400.0,0,5,1759325700,5,1,24828.25,1759326120,12,24817.0,R_TRIGGER,-23.5,-23.5,0.8758
2025_10_01,1759325820.0,7,5,1759326120,12,1,24817.0,1759326540,19,24785.5,CAT_STOP,-64.0,-101.0,0.7596
2025_10_01,1759327020.0,27,3,1759327200,30,-1,24785.5,1759327380,33,24809.5,R_TRIGGER,-49.0,-49.0,0.8298
2025_10_01,1759327200.0,30,3,1759327380,33,-1,24809.5,1759328400,50,24909.0,CAT_STOP,-200.0,-101.0,0.7848
2025_10_01,1759329960.0,76,14,1759330800,90,1,24909.0,1759331520,102,24883.0,R_TRIGGER,-53.0,-53.0,0.7577
2025_10_01,1759330980.0,93,16,1759331940,109,-1,24879.5,1759332660,121,24905.0,R_TRIGGER,-52.0,-52.0,0.9605
2025_10_01,1759332000.0,110,15,1759332900,125,1,24912.0,1759347900,375,25007.75,R_TRIGGER,190.5,190.5,0.9509
2025_10_01,1759347240.0,364,11,1759347900,375,-1,25007.75,1759349700,405,25000.75,SESSION_CLOSE,13.0,13.0,0.8497
2025_10_02,,-13,13,1759411800,0,-1,25142.0,1759412880,18,25058.0,R_TRIGGER,167.0,167.0,0.9576
2025_10_02,1759412700.0,15,4,1759412940,19,-1,25029.0,1759413300,25,25029.5,R_TRIGGER,-2.0,-2.0,0.79
2025_10_02,1759413120.0,22,3,1759413300,25,-1,25029.5,1759413930,,25072.5,CAT_STOP,-87.0,-101.0,0.7467
2025_10_02,1759414260.0,41,7,1759414680,48,-1,25075.0,1759415100,55,25075.5,R_TRIGGER,-2.0,-2.0,0.7357
2025_10_02,1759415280.0,58,5,1759415580,63,1,25062.25,1759416180,73,25066.25,R_TRIGGER,7.0,7.0,0.7602
2025_10_02,1759415940.0,69,7,1759416360,76,-1,25026.5,1759416540,79,25051.0,R_TRIGGER,-50.0,-50.0,0.9648
2025_10_02,1759416360.0,76,3,1759416540,79,-1,25051.0,1759417620,97,25036.75,R_TRIGGER,27.5,27.5,0.7386
2025_10_02,1759417440.0,94,9,1759417980,103,-1,25034.0,1759418640,114,25045.0,R_TRIGGER,-23.0,-23.0,0.7732
2025_10_02,1759418880.0,118,9,1759419420,127,-1,25005.5,1759419600,130,25027.75,R_TRIGGER,-45.5,-45.5,0.9648
2025_10_02,1759419420.0,127,6,1759419780,133,-1,25026.75,1759420670,,25068.75,CAT_STOP,-85.0,-101.0,0.7484
2025_10_02,1759421100.0,155,20,1759422300,175,1,25056.25,1759423260,191,25043.25,R_TRIGGER,-27.0,-27.0,0.7734
2025_10_02,1759422180.0,173,18,1759423260,191,-1,25043.25,1759423800,200,25063.0,R_TRIGGER,-40.5,-40.5,0.7503
2025_10_02,1759423260.0,191,12,1759423980,203,1,25075.25,1759428180,273,25082.5,R_TRIGGER,13.5,13.5,0.9391
2025_10_02,1759426920.0,252,21,1759428180,273,-1,25082.5,1759428720,282,25107.25,R_TRIGGER,-50.5,-50.5,0.9574
2025_10_02,1759428240.0,274,9,1759428780,283,1,25103.0,1759434600,380,25100.75,R_TRIGGER,-5.5,-5.5,0.9498
2025_10_02,1759433520.0,362,19,1759434660,381,-1,25108.25,1759435200,390,25121.5,R_TRIGGER,-27.5,-27.5,0.7359
2025_10_02,1759434900.0,385,10,1759435500,395,1,25123.25,1759436100,405,25115.75,SESSION_CLOSE,-16.0,-16.0,0.9648
2025_10_03,,-43,44,1759498260,1,1,25158.75,1759498560,6,25143.5,R_TRIGGER,-31.5,-31.5,0.7421
2025_10_03,1759498320.0,2,4,1759498560,6,1,25143.5,1759498980,13,25130.0,R_TRIGGER,-28.0,-28.0,0.7417
2025_10_03,1759498980.0,13,4,1759499220,17,1,25153.25,1759499760,26,25107.5,R_TRIGGER,-92.5,-92.5,0.7398
2025_10_03,1759499580.0,23,5,1759499880,28,-1,25103.25,1759500780,43,25079.25,R_TRIGGER,47.0,47.0,0.9729
2025_10_03,1759500540.0,39,5,1759500840,44,-1,25076.0,1759501560,56,25094.75,R_TRIGGER,-38.5,-38.5,0.753
2025_10_03,1759501380.0,53,14,1759502220,67,1,25110.5,1759502940,79,25099.75,R_TRIGGER,-22.5,-22.5,0.9689
2025_10_03,1759502460.0,71,9,1759503000,80,1,25099.25,1759506000,130,25114.0,R_TRIGGER,28.5,28.5,0.7353
2025_10_03,1759505040.0,114,16,1759506000,130,-1,25114.0,1759506780,143,25134.25,R_TRIGGER,-41.5,-41.5,0.9706
2025_10_03,1759506000.0,130,14,1759506840,144,1,25137.0,1759509600,190,25121.0,R_TRIGGER,-33.0,-33.0,0.9516
2025_10_03,1759507620.0,157,39,1759509960,196,-1,25119.5,1759511340,219,25066.25,R_TRIGGER,105.5,105.5,0.7606
2025_10_03,1759511160.0,216,9,1759511700,225,-1,25064.75,1759512780,243,25047.75,R_TRIGGER,33.0,33.0,0.7403
2025_10_03,1759512780.0,243,8,1759513260,251,-1,25016.5,1759514220,267,24967.25,R_TRIGGER,97.5,97.5,0.7382
2025_10_03,1759514040.0,264,3,1759514220,267,1,24967.25,1759514580,273,24956.25,R_TRIGGER,-23.0,-23.0,0.8663
2025_10_03,1759514340.0,269,5,1759514640,274,-1,24940.5,1759515000,280,24969.75,R_TRIGGER,-59.5,-59.5,0.7721
2025_10_03,1759514760.0,276,9,1759515300,285,1,24980.25,1759516320,302,25006.0,R_TRIGGER,50.5,50.5,0.7919
2025_10_03,1759516020.0,297,5,1759516320,302,-1,25006.0,1759517820,327,25006.5,R_TRIGGER,-2.0,-2.0,0.753
2025_10_03,1759517520.0,322,8,1759518000,330,-1,25011.0,1759520460,371,25024.25,R_TRIGGER,-27.5,-27.5,0.762
2025_10_03,1759520520.0,372,8,1759521000,380,1,24997.75,1759522500,405,24977.5,SESSION_CLOSE,-41.5,-41.5,0.7547
2025_10_06,,-25,25,1759757400,0,1,25198.0,1759757580,3,25166.75,R_TRIGGER,-63.5,-63.5,0.755
2025_10_06,1759757400.0,0,3,1759757580,3,-1,25166.75,1759758420,17,25167.75,R_TRIGGER,-3.0,-3.0,0.9828
2025_10_06,1759758240.0,14,6,1759758600,20,-1,25148.5,1759760460,51,25174.25,R_TRIGGER,-52.5,-52.5,0.7834
2025_10_06,1759759800.0,40,11,1759760460,51,1,25174.25,1759760880,58,25145.25,R_TRIGGER,-59.0,-59.0,0.9495
2025_10_06,1759760460.0,51,14,1759761300,65,-1,25133.75,1759762080,78,25151.25,R_TRIGGER,-36.0,-36.0,0.9594
2025_10_06,1759761720.0,72,6,1759762080,78,-1,25151.25,1759765800,140,25177.0,CAT_STOP,-52.5,-101.0,0.7901
2025_10_07,,-23,24,1759843860,1,-1,25234.75,1759844160,6,25249.75,R_TRIGGER,-31.0,-31.0,0.7466
2025_10_07,1759843980.0,3,3,1759844160,6,1,25249.75,1759844760,16,25240.75,R_TRIGGER,-19.0,-19.0,0.8108
2025_10_07,1759844160.0,6,10,1759844760,16,-1,25240.75,1759845300,25,25260.75,R_TRIGGER,-41.0,-41.0,0.7963
2025_10_07,1759844760.0,16,11,1759845420,27,-1,25249.75,1759846140,39,25245.75,R_TRIGGER,7.0,7.0,0.7702
2025_10_07,1759846260.0,41,17,1759847280,58,-1,25218.0,1759849920,102,25087.5,R_TRIGGER,260.0,260.0,0.8467
2025_10_07,1759849740.0,99,4,1759849980,103,-1,25109.25,1759851720,132,25052.5,R_TRIGGER,112.5,112.5,0.7477
2025_10_07,1759851540.0,129,3,1759851720,132,1,25052.5,1759851960,136,25018.5,R_TRIGGER,-69.0,-69.0,0.8099
2025_10_07,1759851780.0,133,4,1759852020,137,-1,24999.5,1759852560,146,25016.5,R_TRIGGER,-35.0,-35.0,0.7347
2025_10_07,1759852260.0,141,9,1759852800,150,1,25050.5,1759853160,156,25025.75,R_TRIGGER,-50.5,-50.5,0.7521
2025_10_07,1759852860.0,151,5,1759853160,156,1,25025.75,1759855500,195,25062.75,R_TRIGGER,73.0,73.0,0.7423
2025_10_07,1759855080.0,188,11,1759855740,199,-1,25033.25,1759856520,212,25038.5,R_TRIGGER,-11.5,-11.5,0.9648
2025_10_07,1759856280.0,208,5,1759856580,213,1,25045.5,1759858440,244,25035.25,R_TRIGGER,-21.5,-21.5,0.7387
2025_10_07,1759857840.0,234,16,1759858800,250,1,25030.0,1759859460,261,25023.5,R_TRIGGER,-14.0,-14.0,0.7756
2025_10_07,1759859280.0,258,3,1759859460,261,-1,25023.5,1759860420,277,25022.5,R_TRIGGER,1.0,1.0,0.7799
2025_10_07,1759860180.0,273,9,1759860720,282,1,25040.5,1759867020,387,25034.0,R_TRIGGER,-14.0,-14.0,0.9637
2025_10_07,1759866300.0,375,12,1759867020,387,1,25034.0,1759868100,405,25057.75,SESSION_CLOSE,46.5,46.5,0.7702
2025_10_08,,-73,73,1759930200,0,-1,25092.0,1759930800,10,25152.5,CAT_STOP,-122.0,-101.0,0.7374
2025_10_08,1759931040.0,14,4,1759931280,18,1,25156.75,1759933320,52,25195.75,R_TRIGGER,77.0,77.0,0.7916
2025_10_08,1759932660.0,41,11,1759933320,52,-1,25195.75,1759933740,59,25216.75,R_TRIGGER,-43.0,-43.0,0.9509
2025_10_08,1759933320.0,52,14,1759934160,66,-1,25209.75,1759935660,91,25205.75,R_TRIGGER,7.0,7.0,0.8164
2025_10_08,1759935300.0,85,11,1759935960,96,1,25207.75,1759942020,197,25244.25,R_TRIGGER,72.0,72.0,0.9622
2025_10_08,1759940340.0,169,39,1759942680,208,1,25245.5,1759954500,405,25332.75,SESSION_CLOSE,173.5,173.5,0.759
2025_10_09,,-158,159,1760016660,1,-1,25324.25,1760017680,18,25294.25,R_TRIGGER,59.0,59.0,0.745
2025_10_09,1760017500.0,15,3,1760017680,18,-1,25294.25,1760018340,29,25278.75,R_TRIGGER,30.0,30.0,0.7344
2025_10_09,1760018100.0,25,5,1760018400,30,-1,25273.0,1760021340,79,25232.75,R_TRIGGER,79.5,79.5,0.7519
2025_10_09,1760021100.0,75,10,1760021700,85,1,25240.5,1760023380,113,25236.25,R_TRIGGER,-9.5,-9.5,0.9653
2025_10_09,1760022960.0,106,8,1760023440,114,-1,25235.25,1760024280,128,25228.25,R_TRIGGER,13.0,13.0,0.9572
2025_10_09,1760024100.0,125,14,1760024940,139,1,25250.5,1760026920,172,25238.0,R_TRIGGER,-26.0,-26.0,0.9557
2025_10_09,1760025480.0,148,24,1760026920,172,-1,25238.0,1760028300,195,25249.25,R_TRIGGER,-23.5,-23.5,0.9684
2025_10_09,1760028600.0,200,8,1760029080,208,-1,25199.75,1760029740,219,25224.5,R_TRIGGER,-50.5,-50.5,0.7397
2025_10_09,1760029500.0,215,7,1760029920,222,-1,25208.25,1760030460,231,25193.0,R_TRIGGER,29.5,29.5,0.7386
2025_10_09,1760030280.0,228,7,1760030700,235,-1,25191.0,1760031480,248,25197.75,R_TRIGGER,-14.5,-14.5,0.7646
2025_10_09,1760031300.0,245,4,1760031540,249,1,25201.0,1760033160,276,25188.5,R_TRIGGER,-26.0,-26.0,0.7437
2025_10_09,1760033160.0,276,11,1760033820,287,1,25227.25,1760040900,405,25281.25,SESSION_CLOSE,107.0,107.0,0.8154
2025_10_10,,-33,48,1760103900,15,1,25384.25,1760104200,20,25340.75,R_TRIGGER,-88.0,-88.0,0.734
2025_10_10,1760104020.0,17,3,1760104200,20,-1,25340.75,1760104680,28,25361.25,R_TRIGGER,-42.0,-42.0,0.7488
2025_10_10,1760104260.0,21,10,1760104860,31,-1,25323.75,1760106060,51,25338.5,R_TRIGGER,-30.5,-30.5,0.7427
2025_10_10,1760107320.0,72,6,1760107680,78,1,25351.25,1760108220,87,25264.25,R_TRIGGER,-175.0,-175.0,0.9484
2025_10_10,1760107680.0,78,9,1760108220,87,-1,25264.25,1760108260,,25038.75,CAT_STOP,450.0,-101.0,0.9874
2025_10_10,1760108640.0,94,3,1760108820,97,-1,25038.75,1760109070,,24822.25,CAT_STOP,432.0,-101.0,0.9058
2025_10_10,1760109960.0,116,3,1760110140,119,-1,24822.25,1760110620,127,24786.75,R_TRIGGER,70.0,70.0,0.9106
2025_10_10,1760110440.0,124,3,1760110620,127,-1,24786.75,1760111040,134,24861.25,R_TRIGGER,-150.0,-150.0,0.9088
2025_10_10,1760110860.0,131,4,1760111100,135,-1,24867.5,1760111460,141,24875.25,R_TRIGGER,-16.5,-16.5,0.8958
2025_10_10,1760111280.0,138,3,1760111460,141,1,24875.25,1760111640,144,24867.0,R_TRIGGER,-17.5,-17.5,0.9875
2025_10_10,1760111460.0,141,3,1760111640,144,1,24867.0,1760111725,,24782.75,CAT_STOP,-169.5,-101.0,0.8134
2025_10_10,1760112060.0,151,3,1760112240,154,-1,24782.75,1760112600,160,24762.5,R_TRIGGER,39.5,39.5,0.7605
2025_10_10,1760112420.0,157,3,1760112600,160,-1,24762.5,1760112715,,24810.5,CAT_STOP,-97.0,-101.0,0.797
2025_10_10,1760113260.0,171,3,1760113440,174,-1,24810.5,1760113920,182,24822.5,R_TRIGGER,-25.0,-25.0,0.7996
2025_10_10,1760113740.0,179,5,1760114040,184,-1,24774.5,1760116320,222,24646.75,R_TRIGGER,254.5,254.5,0.7746
2025_10_10,1760116140.0,219,3,1760116320,222,-1,24646.75,1760117040,234,24673.0,R_TRIGGER,-53.5,-53.5,0.8392
2025_10_10,1760116860.0,231,7,1760117280,238,1,24714.5,1760118180,253,24720.25,R_TRIGGER,10.5,10.5,0.9739
2025_10_10,1760117820.0,247,8,1760118300,255,-1,24710.0,1760118600,260,24683.75,R_TRIGGER,51.5,51.5,0.8396
2025_10_10,1760118420.0,257,4,1760118660,261,-1,24678.25,1760119560,276,24658.5,R_TRIGGER,38.5,38.5,0.7985
2025_10_10,1760119320.0,272,4,1760119560,276,-1,24658.5,1760120100,285,24696.75,R_TRIGGER,-77.5,-77.5,0.8268
2025_10_10,1760119920.0,282,3,1760120100,285,-1,24696.75,1760122800,330,24623.0,R_TRIGGER,146.5,146.5,0.8045
2025_10_10,1760122440.0,324,6,1760122800,330,-1,24623.0,1760123760,346,24585.25,R_TRIGGER,74.5,74.5,0.7516
2025_10_10,1760123520.0,342,5,1760123820,347,-1,24576.75,1760125260,371,24515.75,R_TRIGGER,121.0,121.0,0.7846
2025_10_10,1760125080.0,368,3,1760125260,371,1,24515.75,1760125800,380,24507.0,R_TRIGGER,-18.5,-18.5,0.753
2025_10_10,1760125500.0,375,5,1760125800,380,1,24507.0,1760126100,385,24435.5,CAT_STOP,-144.0,-101.0,0.805
2025_10_13,,-25,25,1760362200,0,-1,24820.75,1760362980,13,24811.5,R_TRIGGER,17.5,17.5,0.8046
2025_10_13,1760362500.0,5,9,1760363040,14,-1,24811.5,1760363495,,24852.25,CAT_STOP,-82.5,-101.0,0.8248
2025_10_13,1760365320.0,52,12,1760366040,64,1,24852.25,1760366760,76,24814.75,R_TRIGGER,-76.0,-76.0,0.792
2025_10_13,1760366400.0,70,10,1760367000,80,-1,24796.0,1760368200,100,24819.25,R_TRIGGER,-47.5,-47.5,0.9761
2025_10_13,1760367420.0,87,14,1760368260,101,1,24820.5,1760375940,229,24903.5,R_TRIGGER,165.0,165.0,0.9428
2025_10_13,1760374980.0,213,23,1760376360,236,-1,24899.0,1760379840,294,24948.5,R_TRIGGER,-100.0,-100.0,0.7516
2025_10_13,1760377260.0,251,44,1760379900,295,1,24944.5,1760381580,323,24906.25,R_TRIGGER,-77.5,-77.5,0.8035
2025_10_13,1760380320.0,302,21,1760381580,323,-1,24906.25,1760383320,352,24947.0,R_TRIGGER,-82.5,-82.5,0.7722
2025_10_13,1760382120.0,332,27,1760383740,359,-1,24914.5,1760386500,405,24917.25,SESSION_CLOSE,-6.5,-6.5,0.9657
2025_10_14,,-46,46,1760448600,0,-1,24606.5,1760449680,18,24495.75,R_TRIGGER,220.5,220.5,0.8192
2025_10_14,1760449500.0,15,4,1760449740,19,-1,24475.0,1760450035,,24734.0,CAT_STOP,-519.0,-101.0,0.8251
2025_10_14,1760453760.0,86,7,1760454180,93,1,24734.0,1760454960,106,24701.0,R_TRIGGER,-67.0,-67.0,0.7737
2025_10_14,1760454300.0,95,12,1760455020,107,-1,24709.0,1760456160,126,24760.25,R_TRIGGER,-103.5,-103.5,0.9688
2025_10_14,1760455140.0,109,17,1760456160,126,1,24760.25,1760456385,,24771.75,CAT_STOP,22.0,-101.0,0.9676
2025_10_14,1760457180.0,143,14,1760458020,157,-1,24771.75,1760458730,,24827.0,CAT_STOP,-111.5,-101.0,0.9601
2025_10_14,1760458080.0,158,11,1760458740,169,1,24827.0,1760461200,210,24881.75,R_TRIGGER,108.5,108.5,0.9657
2025_10_14,1760460720.0,202,10,1760461320,212,-1,24877.75,1760461920,222,24925.5,R_TRIGGER,-96.5,-96.5,0.8084
2025_10_14,1760461260.0,211,13,1760462040,224,1,24913.5,1760470620,367,24786.0,R_TRIGGER,-256.0,-256.0,0.7522
2025_10_14,1760462700.0,235,132,1760470620,367,-1,24786.0,1760470625,,24713.5,CAT_STOP,144.0,-101.0,0.8687
2025_10_14,1760471100.0,375,5,1760471400,380,-1,24713.5,1760471580,383,24723.75,CAT_STOP,-21.5,-101.0,0.8167
2025_10_15,,-31,31,1760535000,0,-1,24975.75,1760535780,13,24939.75,R_TRIGGER,71.0,71.0,0.7347
2025_10_15,1760535540.0,9,4,1760535780,13,-1,24939.75,1760536320,22,24974.25,R_TRIGGER,-70.0,-70.0,0.795
2025_10_15,1760536140.0,19,8,1760536620,27,1,25005.75,1760541060,101,25067.25,R_TRIGGER,122.0,122.0,0.9701
2025_10_15,1760538720.0,62,43,1760541300,105,1,25079.75,1760542395,,24942.5,CAT_STOP,-275.5,-101.0,0.782
2025_10_15,1760544180.0,153,3,1760544360,156,-1,24942.5,1760544540,159,24967.25,R_TRIGGER,-50.5,-50.5,0.77
2025_10_15,1760544600.0,160,7,1760545020,167,1,24934.5,1760545920,182,24944.5,R_TRIGGER,19.0,19.0,0.7505
2025_10_15,1760545560.0,176,19,1760546700,195,-1,24917.0,1760548680,228,24733.5,R_TRIGGER,366.0,366.0,0.9644
2025_10_15,1760548500.0,225,5,1760548800,230,-1,24710.0,1760548920,232,24782.75,CAT_STOP,-146.5,-101.0,0.7952
2025_10_15,1760549400.0,240,4,1760549640,244,1,24782.75,1760551380,273,24869.5,R_TRIGGER,172.5,172.5,0.7906
2025_10_15,1760551200.0,270,5,1760551500,275,1,24879.0,1760555220,337,24916.25,R_TRIGGER,73.5,73.5,0.7935
2025_10_15,1760554620.0,327,11,1760555280,338,-1,24917.75,1760555880,348,24943.5,R_TRIGGER,-52.5,-52.5,0.9616
2025_10_15,1760555460.0,341,11,1760556120,352,1,24942.0,1760556900,365,24909.0,R_TRIGGER,-67.0,-67.0,0.975
2025_10_15,1760556120.0,352,13,1760556900,365,-1,24909.0,1760558280,388,24913.75,R_TRIGGER,-10.5,-10.5,0.9714
2025_10_15,1760558100.0,385,4,1760558340,389,1,24924.5,1760559300,405,24952.75,SESSION_CLOSE,55.5,55.5,0.9747
2025_10_16,,-35,35,1760621400,0,-1,25071.75,1760621580,3,25083.0,R_TRIGGER,-23.5,-23.5,0.8356
2025_10_16,1760621400.0,0,6,1760621760,6,1,25065.25,1760622000,10,25040.5,R_TRIGGER,-50.5,-50.5,0.8011
2025_10_16,1760621640.0,4,6,1760622000,10,1,25040.5,1760622540,19,25051.0,R_TRIGGER,20.0,20.0,0.7852
2025_10_16,1760622360.0,16,3,1760622540,19,1,25051.0,1760623380,33,25044.0,R_TRIGGER,-15.0,-15.0,0.8002
2025_10_16,1760622960.0,26,7,1760623380,33,1,25044.0,1760624820,57,25068.25,R_TRIGGER,47.5,47.5,0.848
2025_10_16,1760624640.0,54,6,1760625000,60,1,25087.5,1760626080,78,25141.75,R_TRIGGER,107.5,107.5,0.7896
2025_10_16,1760625900.0,75,6,1760626260,81,-1,25126.5,1760627340,99,25124.0,R_TRIGGER,4.0,4.0,0.7682
2025_10_16,1760627160.0,96,7,1760627580,103,-1,25125.75,1760628840,124,25060.0,R_TRIGGER,130.5,130.5,0.7594
2025_10_16,1760628660.0,121,3,1760628840,124,-1,25060.0,1760629920,142,25002.5,R_TRIGGER,114.0,114.0,0.7914
2025_10_16,1760629740.0,139,4,1760629980,143,-1,24987.5,1760630700,155,24969.5,R_TRIGGER,35.0,35.0,0.7972
2025_10_16,1760630460.0,151,4,1760630700,155,-1,24969.5,1760632680,188,24799.0,R_TRIGGER,340.0,340.0,0.8334
2025_10_16,1760632440.0,184,4,1760632680,188,-1,24799.0,1760633340,199,24806.5,R_TRIGGER,-16.0,-16.0,0.8246
2025_10_16,1760633160.0,196,4,1760633400,200,-1,24847.5,1760633820,207,24889.5,CAT_STOP,-85.0,-101.0,0.8308
2025_10_16,1760634360.0,216,3,1760634540,219,1,24889.5,1760634900,225,24890.5,R_TRIGGER,1.0,1.0,0.8477
2025_10_16,1760634720.0,222,3,1760634900,225,1,24890.5,1760635320,232,24885.75,R_TRIGGER,-10.5,-10.5,0.7993
2025_10_16,1760635140.0,229,5,1760635440,234,1,24893.25,1760636340,249,24898.0,R_TRIGGER,8.5,8.5,0.834
2025_10_16,1760635800.0,240,9,1760636340,249,1,24898.0,1760636755,,24824.75,CAT_STOP,-147.5,-101.0,0.7734
2025_10_16,1760637600.0,270,3,1760637780,273,-1,24824.75,1760638860,291,24710.75,R_TRIGGER,227.0,227.0,0.8621
2025_10_16,1760638560.0,286,5,1760638860,291,1,24710.75,1760639160,296,24698.0,R_TRIGGER,-26.5,-26.5,0.7997
2025_10_16,1760638980.0,293,3,1760639160,296,-1,24698.0,1760639820,307,24705.0,R_TRIGGER,-15.0,-15.0,0.7839
2025_10_16,1760639640.0,304,3,1760639820,307,-1,24705.0,1760640240,314,24790.0,CAT_STOP,-171.0,-101.0,0.7663
2025_10_16,1760640600.0,320,4,1760640840,324,1,24790.0,1760641980,343,24763.0,R_TRIGGER,-55.0,-55.0,0.8461
2025_10_16,1760641800.0,340,3,1760641980,343,1,24763.0,1760642460,351,24720.75,CAT_STOP,-85.5,-101.0,0.7795
2025_10_16,1760642700.0,355,7,1760643120,362,-1,24720.75,1760643360,366,24764.75,R_TRIGGER,-89.0,-89.0,0.8011
2025_10_16,1760643180.0,363,4,1760643420,367,-1,24756.5,1760644200,380,24752.0,CAT_STOP,8.0,-101.0,0.7841
2025_10_17,,-67,68,1760707860,1,1,24752.0,1760707870,,24710.5,CAT_STOP,-84.0,-101.0,0.7575
2025_10_17,1760708280.0,8,3,1760708460,11,-1,24710.5,1760708880,18,24783.25,R_TRIGGER,-146.5,-146.5,0.8895
2025_10_17,1760708640.0,14,4,1760708880,18,-1,24783.25,1760709225,,24858.5,CAT_STOP,-151.5,-101.0,0.8253
2025_10_17,1760709600.0,30,4,1760709840,34,1,24848.0,1760710860,51,24883.5,R_TRIGGER,70.0,70.0,0.8438
2025_10_17,1760710560.0,46,5,1760710860,51,1,24883.5,1760711725,,24770.5,CAT_STOP,-227.0,-101.0,0.8157
2025_10_17,1760712540.0,79,7,1760712960,86,-1,24770.5,1760713320,92,24823.25,R_TRIGGER,-106.5,-106.5,0.7885
2025_10_17,1760713080.0,88,4,1760713320,92,-1,24823.25,1760715540,129,24750.75,R_TRIGGER,144.0,144.0,0.7881
2025_10_17,1760715360.0,126,3,1760715540,129,-1,24750.75,1760716010,,24954.25,CAT_STOP,-408.0,-101.0,0.7689
2025_10_17,1760719500.0,195,5,1760719800,200,1,24954.25,1760720040,204,24890.0,CAT_STOP,-129.5,-101.0,0.7663
2025_10_17,1760719800.0,200,4,1760720040,204,-1,24890.0,1760722500,245,24901.75,R_TRIGGER,-24.5,-24.5,0.7734
2025_10_17,1760721660.0,231,14,1760722500,245,1,24901.75,1760723040,254,24843.25,CAT_STOP,-118.0,-101.0,0.9569
2025_10_17,1760722620.0,247,8,1760723100,255,-1,24843.25,1760723400,260,24912.5,R_TRIGGER,-139.5,-139.5,0.9799
2025_10_17,1760723100.0,255,5,1760723400,260,-1,24912.5,1760724360,276,25008.25,CAT_STOP,-192.5,-101.0,0.7742
2025_10_20,,-142,142,1760967000,0,1,25173.0,1760975700,145,25300.0,R_TRIGGER,253.0,253.0,0.9683
2025_10_20,1760975460.0,141,4,1760975700,145,1,25300.0,1760985960,316,25309.25,R_TRIGGER,17.5,17.5,0.7836
2025_10_20,1760984100.0,285,31,1760985960,316,-1,25309.25,1760991300,405,25316.0,SESSION_CLOSE,-14.5,-14.5,0.8279
2025_10_21,,-64,66,1761053520,2,-1,25258.25,1761053700,5,25287.5,R_TRIGGER,-59.5,-59.5,0.9098
2025_10_21,1761053520.0,2,3,1761053700,5,-1,25287.5,1761054720,22,25261.25,R_TRIGGER,51.5,51.5,0.7728
2025_10_21,1761054540.0,19,5,1761054840,24,1,25253.5,1761054960,26,25227.5,R_TRIGGER,-53.0,-53.0,0.7397
2025_10_21,1761054780.0,23,3,1761054960,26,-1,25227.5,1761055560,36,25243.5,R_TRIGGER,-33.0,-33.0,0.7448
2025_10_21,1761055260.0,31,6,1761055620,37,1,25247.25,1761055800,40,25239.5,R_TRIGGER,-16.5,-16.5,0.7386
2025_10_21,1761055800.0,40,9,1761056340,49,1,25272.25,1761056700,55,25261.25,R_TRIGGER,-23.0,-23.0,0.9568
2025_10_21,1761056460.0,51,4,1761056700,55,1,25261.25,1761056935,,25240.75,CAT_STOP,-42.0,-101.0,0.7538
2025_10_21,1761057600.0,70,5,1761057900,75,-1,25240.75,1761058140,79,25259.5,R_TRIGGER,-38.5,-38.5,0.7565
2025_10_21,1761057900.0,75,4,1761058140,79,1,25259.5,1761059100,95,25282.5,R_TRIGGER,45.0,45.0,0.9649
2025_10_21,1761058800.0,90,8,1761059280,98,1,25282.75,1761061020,127,25259.25,R_TRIGGER,-48.0,-48.0,0.739
2025_10_21,1761061020.0,127,37,1761063240,164,1,25328.0,1761065580,203,25308.5,R_TRIGGER,-40.0,-40.0,0.7342
2025_10_21,1761065400.0,200,3,1761065580,203,-1,25308.5,1761066420,217,25286.25,R_TRIGGER,43.5,43.5,0.8497
2025_10_21,1761066240.0,214,6,1761066600,220,-1,25297.0,1761067800,240,25288.5,R_TRIGGER,16.0,16.0,0.7409
2025_10_21,1761067380.0,233,55,1761070680,288,-1,25297.75,1761077700,405,25255.25,SESSION_CLOSE,84.0,84.0,0.7794
2025_10_22,,-12,12,1761139800,0,-1,25216.5,1761140340,9,25225.25,R_TRIGGER,-18.5,-18.5,0.9556
2025_10_22,1761140100.0,5,4,1761140340,9,-1,25225.25,1761141120,22,25231.25,CAT_STOP,-13.0,-101.0,0.766
2025_10_22,1761142500.0,45,3,1761142680,48,-1,25231.25,1761144540,79,25107.75,R_TRIGGER,246.0,246.0,0.7529
2025_10_22,1761144360.0,76,4,1761144600,80,-1,25123.0,1761145200,90,25031.75,CAT_STOP,181.5,-101.0,0.7504
2025_10_22,1761147060.0,121,7,1761147480,128,-1,25036.0,1761147960,136,25086.75,CAT_STOP,-102.5,-101.0,0.7862
2025_10_22,1761148980.0,153,3,1761149160,156,-1,25086.75,1761149760,166,25088.0,R_TRIGGER,-3.5,-3.5,0.7783
2025_10_22,1761149460.0,161,5,1761149760,166,-1,25088.0,1761150600,180,24937.0,R_TRIGGER,301.0,301.0,0.7605
2025_10_22,1761150240.0,174,6,1761150600,180,-1,24937.0,1761150615,,25002.25,CAT_STOP,-131.5,-101.0,0.8552
2025_10_22,1761150780.0,183,3,1761150960,186,1,25002.25,1761151680,198,24971.5,R_TRIGGER,-62.5,-62.5,0.7863
2025_10_22,1761151500.0,195,4,1761151740,199,-1,24971.5,1761152040,204,25010.75,R_TRIGGER,-79.5,-79.5,0.7994
2025_10_22,1761151860.0,201,3,1761152040,204,1,25010.75,1761152340,209,24992.75,R_TRIGGER,-37.0,-37.0,0.7974
2025_10_22,1761152100.0,205,5,1761152400,210,1,24991.25,1761153300,225,24924.75,CAT_STOP,-134.0,-101.0,0.7899
2025_10_22,1761153120.0,222,3,1761153300,225,-1,24924.75,1761154380,243,24913.0,R_TRIGGER,22.5,22.5,0.8009
2025_10_22,1761153960.0,236,11,1761154620,247,-1,24879.0,1761155220,257,24857.25,R_TRIGGER,42.5,42.5,0.7658
2025_10_22,1761155040.0,254,3,1761155220,257,-1,24857.25,1761155820,267,24848.5,R_TRIGGER,16.5,16.5,0.7828
2025_10_22,1761155640.0,264,5,1761155940,269,1,24874.0,1761156780,283,24878.25,R_TRIGGER,7.5,7.5,0.7344
2025_10_22,1761156420.0,277,6,1761156780,283,1,24878.25,1761157100,,24913.0,CAT_STOP,68.5,-101.0,0.8359
2025_10_22,1761157500.0,295,3,1761157680,298,1,24913.0,1761159000,320,24907.25,R_TRIGGER,-12.5,-12.5,0.7354
2025_10_22,1761158760.0,316,8,1761159240,324,1,24925.75,1761162300,375,25015.0,R_TRIGGER,177.5,177.5,0.7724
2025_10_22,1761161940.0,369,6,1761162300,375,-1,25015.0,1761162960,386,25039.0,R_TRIGGER,-49.0,-49.0,0.7709
2025_10_22,1761162360.0,376,10,1761162960,386,1,25039.0,1761164100,405,25052.5,SESSION_CLOSE,26.0,26.0,0.7976
2025_10_23,,-20,20,1761226200,0,1,25025.0,1761228000,30,25140.5,R_TRIGGER,230.0,230.0,0.7562
2025_10_23,1761227760.0,26,5,1761228060,31,1,25144.75,1761229140,49,25095.5,R_TRIGGER,-99.5,-99.5,0.7355
2025_10_23,1761228840.0,44,5,1761229140,49,-1,25095.5,1761229440,54,25155.25,R_TRIGGER,-120.5,-120.5,0.9714
2025_10_23,1761229260.0,51,3,1761229440,54,1,25155.25,1761231180,83,25164.0,R_TRIGGER,16.5,16.5,0.801
2025_10_23,1761231600.0,90,18,1761232680,108,-1,25155.0,1761233280,118,25180.0,R_TRIGGER,-51.0,-51.0,0.9737
2025_10_23,1761232920.0,112,9,1761233460,121,1,25199.75,1761233760,126,25158.75,R_TRIGGER,-83.0,-83.0,0.9629
2025_10_23,1761233460.0,121,12,1761234180,133,-1,25146.5,1761234480,138,25165.75,R_TRIGGER,-39.5,-39.5,0.9694
2025_10_23,1761234240.0,134,4,1761234480,138,-1,25165.75,1761235005,,25217.75,CAT_STOP,-105.0,-101.0,0.7749
2025_10_23,1761236880.0,178,13,1761237660,191,1,25217.5,1761239280,218,25199.75,R_TRIGGER,-36.5,-36.5,0.9463
2025_10_23,1761238860.0,211,7,1761239280,218,-1,25199.75,1761239520,222,25238.25,R_TRIGGER,-78.0,-78.0,0.9784
2025_10_23,1761239340.0,219,3,1761239520,222,-1,25238.25,1761240900,245,25237.75,R_TRIGGER,0.0,0.0,0.7611
2025_10_23,1761240360.0,236,10,1761240960,246,1,25251.25,1761249000,380,25240.75,R_TRIGGER,-22.0,-22.0,0.9521
2025_10_23,1761242220.0,267,113,1761249000,380,-1,25240.75,1761249780,393,25265.5,R_TRIGGER,-50.5,-50.5,0.7509
2025_10_23,1761249000.0,380,13,1761249780,393,-1,25265.5,1761250500,405,25269.5,SESSION_CLOSE,-9.0,-9.0,0.7769
2025_10_24,,-8,8,1761312600,0,-1,25436.75,1761312840,4,25490.0,R_TRIGGER,-107.5,-107.5,0.965
2025_10_24,1761312660.0,1,3,1761312840,4,1,25490.0,1761313680,18,25487.25,R_TRIGGER,-6.5,-6.5,0.9737
2025_10_24,1761313800.0,20,6,1761314160,26,1,25506.5,1761315720,52,25503.0,R_TRIGGER,-8.0,-8.0,0.7397
2025_10_24,1761315180.0,43,17,1761316200,60,-1,25475.25,1761316740,69,25511.0,R_TRIGGER,-72.5,-72.5,0.9661
2025_10_24,1761316320.0,62,11,1761316980,73,1,25532.25,1761317460,81,25499.25,R_TRIGGER,-67.0,-67.0,0.9445
2025_10_24,1761317040.0,74,7,1761317460,81,-1,25499.25,1761318180,93,25477.5,R_TRIGGER,42.5,42.5,0.7952
2025_10_24,1761317760.0,86,9,1761318300,95,-1,25465.75,1761319010,,25539.25,CAT_STOP,-148.0,-101.0,0.7417
2025_10_24,1761321300.0,145,23,1761322680,168,1,25539.75,1761331620,317,25532.75,R_TRIGGER,-15.0,-15.0,0.7742
2025_10_24,1761328140.0,259,59,1761331680,318,-1,25537.75,1761333780,353,25562.75,R_TRIGGER,-51.0,-51.0,0.738
2025_10_24,1761331860.0,321,44,1761334500,365,-1,25549.0,1761336900,405,25508.25,SESSION_CLOSE,80.5,80.5,0.9641
2025_10_27,,-94,94,1761571800,0,1,25847.25,1761572100,5,25808.5,R_TRIGGER,-78.5,-78.5,0.7488
2025_10_27,1761572100.0,5,10,1761572700,15,1,25824.75,1761574740,49,25834.75,R_TRIGGER,19.0,19.0,0.7576
2025_10_27,1761573840.0,34,21,1761575100,55,1,25839.0,1761577140,89,25857.5,R_TRIGGER,36.0,36.0,0.8116
2025_10_27,1761576360.0,76,18,1761577440,94,1,25878.75,1761596100,405,25976.5,SESSION_CLOSE,194.5,194.5,0.8055
2025_10_28,,-276,277,1761658260,1,1,26083.75,1761658500,5,26045.25,R_TRIGGER,-78.0,-78.0,0.8277
2025_10_28,1761658320.0,2,5,1761658620,7,1,26056.25,1761659280,18,26041.0,R_TRIGGER,-31.5,-31.5,0.8017
2025_10_28,1761659100.0,15,4,1761659340,19,1,26059.25,1761661560,56,26045.0,R_TRIGGER,-29.5,-29.5,0.7499
2025_10_28,1761660300.0,35,25,1761661800,60,-1,26045.5,1761663300,85,26038.5,R_TRIGGER,13.0,13.0,0.8174
2025_10_28,1761662700.0,75,16,1761663660,91,1,26045.0,1761665700,125,26022.5,R_TRIGGER,-46.0,-46.0,0.9582
2025_10_28,1761664200.0,100,25,1761665700,125,-1,26022.5,1761665880,128,26045.5,R_TRIGGER,-47.0,-47.0,0.9641
2025_10_28,1761665700.0,125,14,1761666540,139,1,26045.5,1761669180,183,26097.75,R_TRIGGER,103.5,103.5,0.7838
2025_10_28,1761669000.0,180,3,1761669180,183,-1,26097.75,1761669960,196,26124.75,R_TRIGGER,-55.0,-55.0,0.7984
2025_10_28,1761669420.0,187,9,1761669960,196,1,26124.75,1761680400,370,26199.0,R_TRIGGER,147.5,147.5,0.9511
2025_10_28,1761679680.0,358,13,1761680460,371,-1,26185.25,1761682500,405,26159.0,SESSION_CLOSE,51.5,51.5,0.9641
2025_10_29,,-47,53,1761744960,6,1,26274.0,1761745020,7,26257.75,R_TRIGGER,-33.5,-33.5,0.7762
2025_10_29,1761744780.0,3,5,1761745080,8,1,26274.25,1761746640,34,26287.75,R_TRIGGER,26.0,26.0,0.7923
2025_10_29,1761746460.0,31,3,1761746640,34,-1,26287.75,1761748440,64,26303.75,R_TRIGGER,-33.0,-33.0,0.7581
2025_10_29,1761746880.0,38,27,1761748500,65,1,26302.5,1761749040,74,26277.75,R_TRIGGER,-50.5,-50.5,0.9505
2025_10_29,1761748500.0,65,13,1761749280,78,-1,26271.0,1761750060,91,26275.25,R_TRIGGER,-9.5,-9.5,0.9598
2025_10_29,1761749400.0,80,15,1761750300,95,-1,26265.75,1761751320,112,26270.75,R_TRIGGER,-11.0,-11.0,0.749
2025_10_29,1761750720.0,102,17,1761751740,119,-1,26253.25,1761754800,170,26236.25,R_TRIGGER,33.0,33.0,0.7379
2025_10_29,1761754200.0,160,13,1761754980,173,1,26244.0,1761758700,235,26227.5,R_TRIGGER,-34.0,-34.0,0.9457
2025_10_29,1761758160.0,226,25,1761759660,251,1,26247.5,1761760980,273,26229.0,R_TRIGGER,-38.0,-38.0,0.9485
2025_10_29,1761760800.0,270,3,1761760980,273,1,26229.0,1761761640,284,26224.75,R_TRIGGER,-9.5,-9.5,0.763
2025_10_29,1761761280.0,278,7,1761761700,285,1,26221.5,1761762120,292,26230.5,R_TRIGGER,17.0,17.0,0.7705
2025_10_29,1761761880.0,288,4,1761762120,292,-1,26230.5,1761762600,300,26238.5,R_TRIGGER,-17.0,-17.0,0.7404
2025_10_29,1761762180.0,293,7,1761762600,300,-1,26238.5,1761763560,316,26134.5,R_TRIGGER,207.0,207.0,0.8076
2025_10_29,1761763380.0,313,3,1761763560,316,-1,26134.5,1761763920,322,26207.25,CAT_STOP,-146.5,-101.0,0.8649
2025_10_29,1761764640.0,334,4,1761764880,338,-1,26197.75,1761765660,351,26205.75,R_TRIGGER,-17.0,-17.0,0.8044
2025_10_29,1761765480.0,348,3,1761765660,351,1,26205.75,1761766080,358,26200.0,R_TRIGGER,-12.5,-12.5,0.8254
2025_10_29,1761765900.0,355,3,1761766080,358,1,26200.0,1761766590,,26196.75,CAT_STOP,-7.5,-101.0,0.8578
2025_10_29,1761766800.0,370,4,1761767040,374,1,26196.0,1761767820,387,26244.0,R_TRIGGER,95.0,95.0,0.7475
2025_10_29,1761767460.0,381,6,1761767820,387,1,26244.0,1761768300,395,26239.0,R_TRIGGER,-11.0,-11.0,0.824
2025_10_29,1761768120.0,392,3,1761768300,395,1,26239.0,1761768475,,26222.75,CAT_STOP,-33.5,-101.0,0.8581
2025_10_30,,-103,103,1761831000,0,-1,26087.25,1761831960,16,26030.75,R_TRIGGER,112.0,112.0,0.7981
2025_10_30,1761831600.0,10,6,1761831960,16,1,26030.75,1761832980,33,26117.25,R_TRIGGER,172.0,172.0,0.7909
2025_10_30,1761832800.0,30,3,1761832980,33,1,26117.25,1761833580,43,26043.25,CAT_STOP,-149.0,-101.0,0.7424
2025_10_30,1761835440.0,74,4,1761835680,78,-1,26043.25,1761836460,91,26029.25,R_TRIGGER,27.0,27.0,0.8238
2025_10_30,1761836160.0,86,8,1761836640,94,-1,26048.75,1761840240,154,26031.5,R_TRIGGER,33.5,33.5,0.7415
2025_10_30,1761839220.0,137,17,1761840240,154,1,26031.5,1761842100,185,26047.0,R_TRIGGER,30.0,30.0,0.9697
2025_10_30,1761840840.0,164,21,1761842100,185,-1,26047.0,1761845100,235,26057.5,R_TRIGGER,-22.0,-22.0,0.9657
2025_10_30,1761844320.0,222,13,1761845100,235,1,26057.5,1761847680,278,26029.25,R_TRIGGER,-57.5,-57.5,0.9546
2025_10_30,1761846780.0,263,15,1761847680,278,-1,26029.25,1761852600,360,25942.25,R_TRIGGER,173.0,173.0,0.7845
2025_10_30,1761852120.0,352,8,1761852600,360,1,25942.25,1761853140,369,25914.25,R_TRIGGER,-57.0,-57.0,0.964
2025_10_30,1761852780.0,363,13,1761853560,376,-1,25903.5,1761854505,,25983.25,CAT_STOP,-160.5,-101.0,0.9729
2025_10_30,1761854400.0,390,3,1761854580,393,1,25983.25,1761855300,405,26000.25,SESSION_CLOSE,33.0,33.0,0.9292
2025_10_31,,-66,67,1761917460,1,-1,26158.75,1761918780,23,26113.5,R_TRIGGER,89.5,89.5,0.9097
2025_10_31,1761918360.0,16,8,1761918840,24,-1,26111.0,1761919680,38,26113.75,R_TRIGGER,-6.5,-6.5,0.7437
2025_10_31,1761919440.0,34,4,1761919680,38,1,26113.75,1761920040,44,26084.75,R_TRIGGER,-59.0,-59.0,0.7344
2025_10_31,1761920040.0,44,6,1761920400,50,1,26105.0,1761924360,116,26147.0,R_TRIGGER,83.0,83.0,0.7382
2025_10_31,1761923940.0,109,8,1761924420,117,-1,26136.0,1761926820,157,26048.75,R_TRIGGER,173.5,173.5,0.9719
2025_10_31,1761926580.0,153,4,1761926820,157,-1,26048.75,1761927840,174,25995.25,R_TRIGGER,106.0,106.0,0.7876
2025_10_31,1761927600.0,170,12,1761928320,182,1,26035.25,1761928800,190,25992.5,R_TRIGGER,-86.5,-86.5,0.9627
2025_10_31,1761928320.0,182,8,1761928800,190,1,25992.5,1761929930,,25912.5,CAT_STOP,-161.0,-101.0,0.7807
2025_10_31,1761930600.0,220,3,1761930780,223,-1,25912.5,1761931800,240,25932.5,R_TRIGGER,-41.0,-41.0,0.789
2025_10_31,1761931440.0,234,6,1761931800,240,-1,25932.5,1761932580,253,25937.5,R_TRIGGER,-11.0,-11.0,0.7796
2025_10_31,1761932160.0,246,7,1761932580,253,-1,25937.5,1761933720,272,25979.0,R_TRIGGER,-84.0,-84.0,0.7869
2025_10_31,1761933480.0,268,13,1761934260,281,1,25995.5,1761936840,324,25985.25,R_TRIGGER,-21.5,-21.5,0.737
2025_10_31,1761936180.0,313,13,1761936960,326,-1,25981.25,1761937140,329,26014.0,R_TRIGGER,-66.5,-66.5,0.9692
2025_10_31,1761936960.0,326,3,1761937140,329,1,26014.0,1761939900,375,26070.75,R_TRIGGER,112.5,112.5,0.9748
2025_10_31,1761939300.0,365,11,1761939960,376,-1,26072.25,1761941700,405,25984.0,SESSION_CLOSE,175.5,175.5,0.9689
2025_11_03,,-83,83,1762180200,0,1,26247.75,1762180560,6,26205.5,R_TRIGGER,-85.5,-85.5,0.9667
2025_11_03,1762180380.0,3,4,1762180620,7,-1,26189.75,1762182600,40,26129.0,R_TRIGGER,120.5,120.5,0.9653
2025_11_03,1762182780.0,43,3,1762182960,46,-1,26085.5,1762184340,69,26074.75,R_TRIGGER,20.5,20.5,0.7663
2025_11_03,1762184160.0,66,5,1762184460,71,1,26087.75,1762184880,78,26063.25,R_TRIGGER,-50.0,-50.0,0.9496
2025_11_03,1762184940.0,79,5,1762185240,84,1,26072.75,1762185720,92,26064.75,R_TRIGGER,-17.0,-17.0,0.7408
2025_11_03,1762185480.0,88,13,1762186260,101,1,26085.25,1762187160,116,26057.75,R_TRIGGER,-56.0,-56.0,0.7749
2025_11_03,1762186980.0,113,3,1762187160,116,-1,26057.75,1762187580,123,26083.75,R_TRIGGER,-53.0,-53.0,0.7694
2025_11_03,1762187400.0,120,5,1762187700,125,-1,26059.25,1762188960,146,26112.75,R_TRIGGER,-108.0,-108.0,0.8017
2025_11_03,1762189440.0,154,15,1762190340,169,1,26127.25,1762190760,176,26104.25,R_TRIGGER,-47.0,-47.0,0.7367
2025_11_03,1762190100.0,165,11,1762190760,176,-1,26104.25,1762191120,182,26128.75,R_TRIGGER,-50.0,-50.0,0.9674
2025_11_03,1762190760.0,176,11,1762191420,187,1,26143.75,1762196400,270,26129.0,R_TRIGGER,-30.5,-30.5,0.9592
2025_11_03,1762195080.0,248,22,1762196400,270,-1,26129.0,1762199460,321,26109.25,R_TRIGGER,38.5,38.5,0.7737
2025_11_03,1762198920.0,312,11,1762199580,323,1,26113.0,1762201980,363,26085.75,R_TRIGGER,-55.5,-55.5,0.9629
2025_11_03,1762199760.0,326,38,1762202040,364,-1,26082.0,1762203660,391,26121.75,R_TRIGGER,-80.5,-80.5,0.7477
2025_11_03,1762203000.0,380,11,1762203660,391,1,26121.75,1762204260,401,26128.0,R_TRIGGER,11.5,11.5,0.9757
2025_11_03,1762203900.0,395,7,1762204320,402,-1,26123.75,1762204500,405,26117.75,SESSION_CLOSE,11.0,11.0,0.7924
2025_11_04,1762266660.0,1,3,1762266840,4,-1,25677.75,1762267200,10,25723.25,R_TRIGGER,-92.0,-92.0,0.9792
2025_11_04,1762266900.0,5,5,1762267200,10,-1,25723.25,1762267480,,25882.0,CAT_STOP,-318.5,-101.0,0.8367
2025_11_04,1762269000.0,40,25,1762270500,65,1,25860.75,1762271280,78,25831.0,R_TRIGGER,-60.5,-60.5,0.7563
2025_11_04,1762269960.0,56,24,1762271400,80,-1,25824.5,1762274580,133,25794.75,R_TRIGGER,58.5,58.5,0.9663
2025_11_04,1762273560.0,116,17,1762274580,133,-1,25794.75,1762276980,173,25703.0,R_TRIGGER,182.5,182.5,0.8248
2025_11_04,1762276800.0,170,6,1762277160,176,1,25729.25,1762278000,190,25680.5,R_TRIGGER,-98.5,-98.5,0.9628
2025_11_04,1762277220.0,177,13,1762278000,190,-1,25680.5,1762278600,200,25723.5,R_TRIGGER,-87.0,-87.0,0.9691
2025_11_04,1762278120.0,192,8,1762278600,200,1,25723.5,1762278900,205,25678.25,R_TRIGGER,-91.5,-91.5,0.9578
2025_11_04,1762278600.0,200,7,1762279020,207,-1,25664.75,1762281960,256,25636.75,R_TRIGGER,55.0,55.0,0.9581
2025_11_04,1762281600.0,250,6,1762281960,256,1,25636.75,1762284720,302,25629.0,R_TRIGGER,-16.5,-16.5,0.9746
2025_11_04,1762282440.0,264,42,1762284960,306,-1,25619.75,1762287300,345,25636.5,R_TRIGGER,-34.5,-34.5,0.9733
2025_11_04,1762285800.0,320,29,1762287540,349,1,25622.25,1762287780,353,25599.25,R_TRIGGER,-47.0,-47.0,0.7476
2025_11_04,1762287360.0,346,7,1762287780,353,-1,25599.25,1762289100,375,25637.75,R_TRIGGER,-78.0,-78.0,0.97
2025_11_04,1762287780.0,353,22,1762289100,375,1,25637.75,1762289400,380,25577.5,CAT_STOP,-121.5,-101.0,0.8713
2025_11_04,1762289100.0,375,5,1762289400,380,-1,25577.5,1762290900,405,25570.5,SESSION_CLOSE,13.0,13.0,0.9733
2025_11_05,,-47,51,1762353240,4,1,25501.5,1762355460,41,25660.75,R_TRIGGER,317.5,317.5,0.8081
2025_11_05,1762355160.0,36,5,1762355460,41,1,25660.75,1762358160,86,25695.75,R_TRIGGER,69.0,69.0,0.7406
2025_11_05,1762357680.0,78,9,1762358220,87,1,25703.0,1762374600,360,25825.75,R_TRIGGER,244.5,244.5,0.7467
2025_11_05,1762372920.0,332,28,1762374600,360,-1,25825.75,1762377300,405,25709.0,SESSION_CLOSE,232.5,232.5,0.7401
2025_11_06,,-54,54,1762439400,0,-1,25651.75,1762440300,15,25642.75,R_TRIGGER,17.0,17.0,0.7481
2025_11_06,1762440060.0,11,4,1762440300,15,-1,25642.75,1762441800,40,25482.25,R_TRIGGER,320.0,320.0,0.7985
2025_11_06,1762441440.0,34,8,1762441920,42,-1,25439.5,1762442280,48,25499.0,R_TRIGGER,-120.0,-120.0,0.7448
2025_11_06,1762442100.0,45,5,1762442400,50,-1,25509.75,1762445040,94,25351.25,R_TRIGGER,316.0,316.0,0.7359
2025_11_06,1762444740.0,89,6,1762445100,95,-1,25358.0,1762445760,106,25327.25,R_TRIGGER,60.5,60.5,0.8267
2025_11_06,1762445400.0,100,6,1762445760,106,-1,25327.25,1762446540,119,25332.75,R_TRIGGER,-12.0,-12.0,0.8035
2025_11_06,1762446300.0,115,4,1762446540,119,-1,25332.75,1762447980,143,25257.5,R_TRIGGER,149.5,149.5,0.7796
2025_11_06,1762447800.0,140,5,1762448100,145,-1,25233.25,1762448400,150,25258.5,R_TRIGGER,-51.5,-51.5,0.7939
2025_11_06,1762448160.0,146,4,1762448400,150,-1,25258.5,1762449100,,25264.75,CAT_STOP,-13.5,-101.0,0.7936
2025_11_06,1762449960.0,176,7,1762450380,183,1,25271.0,1762452240,214,25291.0,R_TRIGGER,39.0,39.0,0.8064
2025_11_06,1762451700.0,205,10,1762452300,215,-1,25274.25,1762453380,233,25282.25,R_TRIGGER,-17.0,-17.0,0.9772
2025_11_06,1762452660.0,221,14,1762453500,235,1,25314.75,1762455360,266,25318.25,R_TRIGGER,6.0,6.0,0.9546
2025_11_06,1762454220.0,247,26,1762455780,273,1,25350.5,1762458120,312,25382.0,R_TRIGGER,62.0,62.0,0.7838
2025_11_06,1762457760.0,306,7,1762458180,313,-1,25390.5,1762459020,327,25415.25,R_TRIGGER,-50.5,-50.5,0.9677
2025_11_06,1762458780.0,323,5,1762459080,328,1,25419.75,1762460160,346,25379.0,R_TRIGGER,-82.5,-82.5,0.9723
2025_11_06,1762459080.0,328,27,1762460700,355,1,25396.5,1762461090,,25267.25,CAT_STOP,-259.5,-101.0,0.7823
2025_11_07,,-35,36,1762525860,1,-1,25063.0,1762526580,13,24987.75,R_TRIGGER,149.5,149.5,0.7788
2025_11_07,1762526340.0,9,4,1762526580,13,-1,24987.75,1762527475,,24995.5,CAT_STOP,-16.5,-101.0,0.8168
2025_11_07,1762528020.0,37,3,1762528200,40,-1,24995.5,1762532520,112,24820.25,R_TRIGGER,349.5,349.5,0.7363
2025_11_07,1762532160.0,106,12,1762532880,118,-1,24797.0,1762535640,164,24770.0,R_TRIGGER,53.0,53.0,0.7421
2025_11_07,1762535220.0,157,7,1762535640,164,1,24770.0,1762537620,197,24799.5,R_TRIGGER,58.0,58.0,0.9588
2025_11_07,1762536360.0,176,22,1762537680,198,-1,24770.5,1762538100,205,24821.75,R_TRIGGER,-103.5,-103.5,0.9755
2025_11_07,1762537800.0,200,6,1762538160,206,1,24832.0,1762541340,259,24887.75,R_TRIGGER,110.5,110.5,0.7754
2025_11_07,1762540800.0,250,10,1762541400,260,-1,24877.25,1762541820,267,24923.75,R_TRIGGER,-94.0,-94.0,0.9733
2025_11_07,1762541640.0,264,4,1762541880,268,1,24937.0,1762546740,349,25072.75,R_TRIGGER,270.5,270.5,0.976
2025_11_07,1762546380.0,343,8,1762546860,351,-1,25060.0,1762547400,360,25086.75,R_TRIGGER,-54.5,-54.5,0.9739
2025_11_07,1762547160.0,356,4,1762547400,360,-1,25086.75,1762548900,385,25139.75,R_TRIGGER,-107.0,-107.0,0.7777
2025_11_07,1762548540.0,379,6,1762548900,385,1,25139.75,1762550100,405,25201.0,SESSION_CLOSE,121.5,121.5,0.7344
2025_11_10,,-169,169,1762785000,0,-1,25563.75,1762785600,10,25642.75,CAT_STOP,-159.0,-101.0,0.7616
2025_11_10,1762786380.0,23,4,1762786620,27,1,25642.75,1762787940,49,25625.25,R_TRIGGER,-36.0,-36.0,0.7377
2025_11_10,1762787520.0,42,8,1762788000,50,1,25641.25,1762789380,73,25621.5,R_TRIGGER,-40.5,-40.5,0.763
2025_11_10,1762788300.0,55,20,1762789500,75,1,25628.25,1762789850,,25481.25,CAT_STOP,-295.0,-101.0,0.7523
2025_11_10,1762791120.0,102,20,1762792320,122,-1,25502.75,1762793880,148,25513.25,R_TRIGGER,-22.0,-22.0,0.7345
2025_11_10,1762792800.0,130,19,1762793940,149,1,25521.25,1762794660,161,25532.75,R_TRIGGER,22.0,22.0,0.9597
2025_11_10,1762794900.0,165,15,1762795800,180,1,25564.75,1762808460,391,25713.75,R_TRIGGER,297.0,297.0,0.7381
2025_11_10,1762808040.0,384,7,1762808460,391,-1,25713.75,1762809300,405,25743.75,SESSION_CLOSE,-61.0,-61.0,0.741
2025_11_11,,-61,61,1762871400,0,1,25619.75,1762872000,10,25611.25,R_TRIGGER,-18.0,-18.0,0.7564
2025_11_11,1762871820.0,7,3,1762872000,10,1,25611.25,1762872630,,25597.25,CAT_STOP,-29.0,-101.0,0.8197
2025_11_11,1762873140.0,29,5,1762873440,34,-1,25597.25,1762873800,40,25582.75,R_TRIGGER,28.0,28.0,0.8513
2025_11_11,1762873560.0,36,4,1762873800,40,-1,25582.75,1762874700,55,25574.5,R_TRIGGER,15.5,15.5,0.8398
2025_11_11,1762874400.0,50,6,1762874760,56,-1,25557.0,1762875660,71,25551.25,R_TRIGGER,10.5,10.5,0.7477
2025_11_11,1762875360.0,66,5,1762875660,71,-1,25551.25,1762876800,90,25522.25,R_TRIGGER,57.0,57.0,0.7382
2025_11_11,1762876560.0,86,4,1762876800,90,-1,25522.25,1762878150,,25519.0,CAT_STOP,5.5,-101.0,0.7367
2025_11_11,1762878600.0,120,4,1762878840,124,-1,25520.5,1762879620,137,25534.75,R_TRIGGER,-29.5,-29.5,0.7571
2025_11_11,1762879200.0,130,11,1762879860,141,-1,25525.0,1762880790,,25584.25,CAT_STOP,-119.5,-101.0,0.7815
2025_11_11,1762882080.0,178,49,1762885020,227,1,25639.0,1762885500,235,25637.0,R_TRIGGER,-5.0,-5.0,0.7414
2025_11_11,1762885260.0,231,10,1762885860,241,1,25644.25,1762887960,276,25659.25,R_TRIGGER,29.0,29.0,0.7403
2025_11_11,1762887540.0,269,8,1762888020,277,-1,25656.25,1762888560,286,25678.25,R_TRIGGER,-45.0,-45.0,0.9683
2025_11_11,1762888200.0,280,9,1762888740,289,-1,25658.0,1762894320,382,25678.0,R_TRIGGER,-41.0,-41.0,0.7765
2025_11_11,1762893060.0,361,22,1762894380,383,1,25685.5,1762894560,386,25646.0,R_TRIGGER,-80.0,-80.0,0.7884
2025_11_11,1762894380.0,383,5,1762894680,388,-1,25627.5,1762895100,395,25652.0,R_TRIGGER,-50.0,-50.0,0.9769
2025_11_11,1762894740.0,389,6,1762895100,395,-1,25652.0,1762895700,405,25678.5,SESSION_CLOSE,-54.0,-54.0,0.7663
2025_11_12,,-79,80,1762957860,1,-1,25702.5,1762959180,23,25613.25,R_TRIGGER,177.5,177.5,0.744
2025_11_12,1762959000.0,20,3,1762959180,23,-1,25613.25,1762959600,30,25613.5,R_TRIGGER,-1.5,-1.5,0.7422
2025_11_12,1762959420.0,27,9,1762959960,36,-1,25636.25,1762961280,58,25610.25,R_TRIGGER,51.0,51.0,0.7503
2025_11_12,1762960800.0,50,8,1762961280,58,1,25610.25,1762961640,64,25576.75,R_TRIGGER,-68.0,-68.0,0.7519
2025_11_12,1762961340.0,59,5,1762961640,64,-1,25576.75,1762961940,69,25585.0,R_TRIGGER,-17.5,-17.5,0.9754
2025_11_12,1762961760.0,66,4,1762962000,70,-1,25584.25,1762964220,107,25541.25,R_TRIGGER,85.0,85.0,0.7547
2025_11_12,1762964040.0,104,8,1762964520,112,-1,25548.25,1762965095,,25531.75,CAT_STOP,32.0,-101.0,0.7515
2025_11_12,1762966140.0,139,3,1762966320,142,-1,25531.75,1762967160,156,25561.0,R_TRIGGER,-59.5,-59.5,0.7663
2025_11_12,1762966920.0,152,4,1762967160,156,1,25561.0,1762967400,160,25531.0,R_TRIGGER,-61.0,-61.0,0.9683
2025_11_12,1762967160.0,156,4,1762967400,160,1,25531.0,1762967880,168,25529.0,R_TRIGGER,-5.0,-5.0,0.7768
2025_11_12,1762967700.0,165,5,1762968000,170,1,25547.0,1762969680,198,25581.0,R_TRIGGER,67.0,67.0,0.7589
2025_11_12,1762969260.0,191,8,1762969740,199,-1,25573.25,1762970220,207,25598.25,R_TRIGGER,-51.0,-51.0,0.8076
2025_11_12,1762969860.0,201,13,1762970640,214,1,25612.75,1762973160,256,25598.0,R_TRIGGER,-30.5,-30.5,0.9697
2025_11_12,1762972800.0,250,7,1762973220,257,-1,25600.25,1762976340,309,25587.75,R_TRIGGER,24.0,24.0,0.9746
2025_11_12,1762975980.0,303,11,1762976640,314,-1,25582.75,1762978860,351,25584.0,R_TRIGGER,-3.5,-3.5,0.7622
2025_11_12,1762977960.0,336,20,1762979160,356,1,25588.25,1762979880,368,25603.75,R_TRIGGER,30.0,30.0,0.8024
2025_11_12,1762979700.0,365,3,1762979880,368,-1,25603.75,1762980600,380,25639.75,R_TRIGGER,-73.0,-73.0,0.8135
2025_11_12,1762980660.0,381,8,1762981140,389,1,25625.25,1762982100,405,25640.0,SESSION_CLOSE,28.5,28.5,0.749
2025_11_13,,-102,103,1763044260,1,1,25469.0,1763044540,,25341.5,CAT_STOP,-256.0,-101.0,0.789
2025_11_13,1763045820.0,27,8,1763046300,35,-1,25340.5,1763046420,37,25403.25,R_TRIGGER,-126.5,-126.5,0.7578
2025_11_13,1763046240.0,34,3,1763046420,37,1,25403.25,1763047200,50,25438.0,R_TRIGGER,68.5,68.5,0.7931
2025_11_13,1763046960.0,46,4,1763047200,50,1,25438.0,1763047390,,25215.25,CAT_STOP,-446.5,-101.0,0.7683
2025_11_13,1763049660.0,91,4,1763049900,95,-1,25215.25,1763051640,124,25249.75,R_TRIGGER,-70.0,-70.0,0.8036
2025_11_13,1763050740.0,109,15,1763051640,124,-1,25249.75,1763053560,156,25218.0,R_TRIGGER,62.5,62.5,0.7931
2025_11_13,1763052240.0,134,25,1763053740,159,-1,25174.75,1763054220,167,25219.0,R_TRIGGER,-89.5,-89.5,0.757
2025_11_13,1763053860.0,161,10,1763054460,171,-1,25196.25,1763054940,179,25070.25,CAT_STOP,251.0,-101.0,0.7561
2025_11_13,1763059200.0,250,5,1763059500,255,1,25070.25,1763061270,,25079.25,CAT_STOP,17.0,-101.0,0.8294
2025_11_13,1763062620.0,307,6,1763062980,313,1,25096.75,1763063325,,25036.5,CAT_STOP,-121.5,-101.0,0.7355
2025_11_13,1763064780.0,343,8,1763065260,351,-1,25036.5,1763065800,360,25077.25,CAT_STOP,-82.5,-101.0,0.832
2025_11_13,1763065260.0,351,9,1763065800,360,1,25077.25,1763067180,383,25062.75,R_TRIGGER,-30.0,-30.0,0.9706
2025_11_13,1763066460.0,371,13,1763067240,384,-1,25040.75,1763067380,,25100.0,CAT_STOP,-119.5,-101.0,0.984
2025_11_13,1763067240.0,384,6,1763067600,390,-1,25126.75,1763068500,405,25158.5,SESSION_CLOSE,-64.5,-64.5,0.7726
2025_11_14,,-11,11,1763130600,0,1,24697.25,1763130780,3,24926.5,CAT_STOP,457.5,-101.0,0.7767
2025_11_14,1763132340.0,29,6,1763132700,35,1,24926.5,1763133150,,24872.5,CAT_STOP,-109.0,-101.0,0.7832
2025_11_14,1763133000.0,40,5,1763133300,45,1,24930.75,1763133660,51,24943.5,R_TRIGGER,24.5,24.5,0.8068
2025_11_14,1763133420.0,47,4,1763133660,51,1,24943.5,1763135760,86,25108.5,R_TRIGGER,329.0,329.0,0.7393
2025_11_14,1763135280.0,78,12,1763136000,90,1,25142.25,1763136285,,25195.25,CAT_STOP,105.0,-101.0,0.7717
2025_11_14,1763138460.0,131,7,1763138880,138,-1,25209.0,1763139240,144,25242.5,R_TRIGGER,-68.0,-68.0,0.9697
2025_11_14,1763138880.0,138,13,1763139660,151,-1,25236.75,1763140255,,25203.75,CAT_STOP,65.0,-101.0,0.7498
2025_11_14,1763143500.0,215,10,1763144100,225,-1,25202.75,1763146260,261,25161.5,R_TRIGGER,81.5,81.5,0.8082
2025_11_14,1763146020.0,257,6,1763146380,263,1,25182.5,1763147145,,25131.25,CAT_STOP,-103.5,-101.0,0.9723
2025_11_14,1763146500.0,265,15,1763147400,280,1,25147.25,1763151180,343,25191.75,R_TRIGGER,88.0,88.0,0.7654
2025_11_14,1763150520.0,332,12,1763151240,344,-1,25187.5,1763154660,401,25135.5,R_TRIGGER,103.0,103.0,0.9682
2025_11_14,1763153340.0,379,25,1763154840,404,1,25132.25,1763154900,405,25138.0,SESSION_CLOSE,10.5,10.5,0.9509
2025_11_17,,-31,31,1763389800,0,-1,24968.5,1763389920,2,25059.5,CAT_STOP,-183.0,-101.0,0.7357
2025_11_17,1763389800.0,0,10,1763390400,10,1,25171.5,1763391540,29,25198.5,R_TRIGGER,53.0,53.0,0.7684
2025_11_17,1763391300.0,25,5,1763391600,30,1,25198.5,1763391840,34,25066.25,CAT_STOP,-265.5,-101.0,0.7918
2025_11_17,1763392320.0,42,7,1763392740,49,-1,25066.25,1763392980,53,25112.75,R_TRIGGER,-94.0,-94.0,0.8029
2025_11_17,1763392740.0,49,4,1763392980,53,-1,25112.75,1763394240,74,25135.5,R_TRIGGER,-46.5,-46.5,0.7787
2025_11_17,1763393580.0,63,16,1763394540,79,-1,25108.0,1763396760,116,25018.75,R_TRIGGER,177.5,177.5,0.7842
2025_11_17,1763396400.0,110,7,1763396820,117,1,25042.75,1763399940,169,25144.25,R_TRIGGER,202.0,202.0,0.9732
2025_11_17,1763398740.0,149,20,1763399940,169,-1,25144.25,1763405160,256,25030.25,R_TRIGGER,227.0,227.0,0.975
2025_11_17,1763402880.0,218,38,1763405160,256,1,25030.25,1763405460,261,24984.5,R_TRIGGER,-92.5,-92.5,0.9652
2025_11_17,1763405280.0,258,7,1763405700,265,-1,24926.75,1763410680,348,24808.0,R_TRIGGER,236.5,236.5,0.9709
2025_11_17,1763409780.0,333,16,1763410740,349,-1,24769.5,1763412420,377,24883.75,CAT_STOP,-229.5,-101.0,0.7691
2025_11_17,1763412840.0,384,6,1763413200,390,1,24909.5,1763414100,405,24919.75,SESSION_CLOSE,19.5,19.5,0.8056
2025_11_18,,-75,76,1763476260,1,-1,24670.25,1763476360,,24743.0,CAT_STOP,-146.5,-101.0,0.7526
2025_11_18,1763476260.0,1,3,1763476440,4,1,24743.0,1763476860,11,24703.25,R_TRIGGER,-80.5,-80.5,0.8728
2025_11_18,1763476620.0,7,4,1763476860,11,1,24703.25,1763476990,,24495.0,CAT_STOP,-417.5,-101.0,0.8614
2025_11_18,1763478600.0,40,5,1763478900,45,-1,24495.0,1763479200,50,24559.5,R_TRIGGER,-130.0,-130.0,0.8415
2025_11_18,1763479020.0,47,3,1763479200,50,1,24559.5,1763479205,,24522.5,CAT_STOP,-75.0,-101.0,0.7537
2025_11_18,1763479380.0,53,8,1763479860,61,-1,24522.5,1763479880,,24534.0,CAT_STOP,-24.0,-101.0,0.8049
2025_11_18,1763480220.0,67,4,1763480460,71,-1,24534.0,1763481300,85,24518.5,R_TRIGGER,30.0,30.0,0.8699
2025_11_18,1763481000.0,80,6,1763481360,86,-1,24477.75,1763482020,97,24468.0,R_TRIGGER,18.5,18.5,0.7875
2025_11_18,1763481780.0,93,4,1763482020,97,-1,24468.0,1763482225,,24573.0,CAT_STOP,-211.0,-101.0,0.7795
2025_11_18,1763487120.0,182,6,1763487480,188,1,24615.5,1763492220,267,24722.75,R_TRIGGER,213.5,213.5,0.9863
2025_11_18,1763491920.0,262,6,1763492280,268,-1,24696.0,1763492490,,24758.5,CAT_STOP,-126.0,-101.0,0.976
2025_11_18,1763492280.0,268,17,1763493300,285,-1,24734.0,1763494620,307,24741.75,R_TRIGGER,-16.5,-16.5,0.8139
2025_11_18,1763494380.0,303,4,1763494620,307,-1,24741.75,1763494790,,24791.0,CAT_STOP,-99.5,-101.0,0.7556
2025_11_18,1763495700.0,325,5,1763496000,330,1,24791.0,1763496300,335,24729.25,CAT_STOP,-124.5,-101.0,0.8518
2025_11_18,1763496000.0,330,11,1763496660,341,-1,24719.25,1763500500,405,24551.75,SESSION_CLOSE,334.0,334.0,0.9742
2025_11_19,,-58,58,1763562600,0,-1,24603.75,1763562855,,24671.25,CAT_STOP,-136.0,-101.0,0.9064
2025_11_19,1763562720.0,2,4,1763562960,6,-1,24674.0,1763563425,,24714.5,CAT_STOP,-82.0,-101.0,0.7741
2025_11_19,1763570940.0,139,12,1763571660,151,-1,24716.5,1763574120,192,24613.5,R_TRIGGER,205.0,205.0,0.7914
2025_11_19,1763573820.0,187,5,1763574120,192,-1,24613.5,1763575500,215,24670.25,CAT_STOP,-114.5,-101.0,0.7374
2025_11_19,1763577000.0,240,6,1763577360,246,-1,24670.25,1763578320,262,24668.5,R_TRIGGER,2.5,2.5,0.8382
2025_11_19,1763578140.0,259,8,1763578620,267,1,24698.5,1763578825,,24632.75,CAT_STOP,-132.5,-101.0,0.7628
2025_11_19,1763578620.0,267,11,1763579280,278,1,24660.5,1763580360,296,24761.75,CAT_STOP,201.5,-101.0,0.7706
2025_11_19,1763583600.0,350,4,1763583840,354,1,24761.75,1763584860,371,24760.5,R_TRIGGER,-3.5,-3.5,0.7351
2025_11_19,1763584680.0,368,3,1763584860,371,1,24760.5,1763585400,380,24717.5,CAT_STOP,-87.0,-101.0,0.7619
2025_11_20,,-38,38,1763649000,0,-1,25180.0,1763649005,,25209.5,CAT_STOP,-60.0,-101.0,0.7514
2025_11_20,1763649180.0,3,4,1763649420,7,-1,25209.5,1763650080,18,25228.25,CAT_STOP,-38.5,-101.0,0.8561
2025_11_20,1763651760.0,46,5,1763652060,51,-1,25211.25,1763652540,59,24953.0,CAT_STOP,515.5,-101.0,0.7618
2025_11_20,1763655900.0,115,3,1763656080,118,-1,24953.0,1763657460,141,24792.75,R_TRIGGER,319.5,319.5,0.7743
2025_11_20,1763657220.0,137,4,1763657460,141,-1,24792.75,1763658120,152,24587.5,R_TRIGGER,409.5,409.5,0.839
2025_11_20,1763657940.0,149,3,1763658120,152,1,24587.5,1763658360,156,24527.75,R_TRIGGER,-120.5,-120.5,0.872
2025_11_20,1763658180.0,153,3,1763658360,156,-1,24527.75,1763658530,,24455.0,CAT_STOP,144.5,-101.0,0.8246
2025_11_20,1763659200.0,170,3,1763659380,173,-1,24455.0,1763660340,189,24435.75,R_TRIGGER,37.5,37.5,0.8832
2025_11_20,1763660160.0,186,4,1763660400,190,1,24433.25,1763660635,,24355.0,CAT_STOP,-157.5,-101.0,0.8306
2025_11_20,1763660460.0,191,3,1763660640,194,-1,24355.0,1763661000,200,24379.25,R_TRIGGER,-49.5,-49.5,0.823
2025_11_20,1763660760.0,196,4,1763661000,200,-1,24379.25,1763661480,208,24402.0,R_TRIGGER,-46.5,-46.5,0.8491
2025_11_20,1763661300.0,205,4,1763661540,209,-1,24395.0,1763661815,,24279.5,CAT_STOP,230.0,-101.0,0.815
2025_11_20,1763665680.0,278,4,1763665920,282,-1,24244.75,1763666280,288,24304.0,CAT_STOP,-119.5,-101.0,0.8149
2025_11_20,1763667240.0,304,11,1763667900,315,1,24304.0,1763668920,332,24295.75,R_TRIGGER,-17.5,-17.5,0.8721
2025_11_20,1763668740.0,329,3,1763668920,332,-1,24295.75,1763670060,351,24342.0,R_TRIGGER,-93.5,-93.5,0.7934
2025_11_20,1763669580.0,343,8,1763670060,351,1,24342.0,1763670240,354,24270.25,CAT_STOP,-144.5,-101.0,0.7981
2025_11_20,1763670060.0,351,3,1763670240,354,-1,24270.25,1763672100,385,24159.75,R_TRIGGER,220.0,220.0,0.9869
2025_11_20,1763671740.0,379,7,1763672160,386,-1,24141.0,1763673300,405,24100.0,SESSION_CLOSE,81.0,81.0,0.7887
2025_11_21,,-8,8,1763735400,0,1,24248.25,1763735405,,24202.0,CAT_STOP,-93.5,-101.0,0.9835
2025_11_21,1763735400.0,0,3,1763735580,3,1,24202.0,1763736240,14,24181.0,R_TRIGGER,-43.0,-43.0,0.8655
2025_11_21,1763735820.0,7,7,1763736240,14,1,24181.0,1763736400,,24201.0,CAT_STOP,39.0,-101.0,0.8409
2025_11_21,1763736840.0,24,3,1763737020,27,1,24201.0,1763737260,31,24124.5,CAT_STOP,-154.0,-101.0,0.7731
2025_11_21,1763737560.0,36,4,1763737800,40,-1,24124.5,1763738700,55,24167.5,CAT_STOP,-87.0,-101.0,0.8506
2025_11_21,1763738520.0,52,3,1763738700,55,-1,24167.5,1763739840,74,24029.25,R_TRIGGER,275.5,275.5,0.8836
2025_11_21,1763739420.0,67,7,1763739840,74,-1,24029.25,1763740070,,24041.25,CAT_STOP,-25.0,-101.0,0.8555
2025_11_21,1763741160.0,96,4,1763741400,100,-1,24049.5,1763742120,112,24290.25,CAT_STOP,-482.5,-101.0,0.8144
2025_11_21,1763749080.0,228,14,1763749920,242,1,24327.5,1763751240,264,24474.25,R_TRIGGER,292.5,292.5,0.9658
2025_11_21,1763751000.0,260,4,1763751240,264,1,24474.25,1763754240,314,24508.0,R_TRIGGER,66.5,66.5,0.8787
2025_11_21,1763753100.0,295,19,1763754240,314,-1,24508.0,1763757360,366,24435.75,R_TRIGGER,143.5,143.5,0.9831
2025_11_21,1763757180.0,363,4,1763757420,367,1,24415.0,1763758320,382,24364.75,R_TRIGGER,-101.5,-101.5,0.8255
2025_11_21,1763757360.0,366,16,1763758320,382,-1,24364.75,1763759700,405,24321.0,SESSION_CLOSE,86.5,86.5,0.8142
2025_11_24,,-16,16,1763994600,0,-1,24546.0,1763994720,2,24637.0,R_TRIGGER,-183.0,-183.0,0.8062
2025_11_24,,-1,3,1763994720,2,1,24637.0,1763995140,9,24654.75,R_TRIGGER,34.5,34.5,0.7502
2025_11_24,1763994900.0,5,4,1763995140,9,1,24654.75,1763995800,20,24615.0,CAT_STOP,-80.5,-101.0,0.8157
2025_11_24,1763995680.0,18,3,1763995860,21,1,24615.0,1763996880,38,24725.25,R_TRIGGER,219.5,219.5,0.7749
2025_11_24,1763996700.0,35,3,1763996880,38,1,24725.25,1763997085,,24707.5,CAT_STOP,-36.5,-101.0,0.8348
2025_11_24,1763997300.0,45,10,1763997900,55,1,24699.25,1763999700,85,24764.5,R_TRIGGER,129.5,129.5,0.827
2025_11_24,1763999100.0,75,10,1763999700,85,1,24764.5,1764003480,148,24839.5,R_TRIGGER,149.0,149.0,0.7354
2025_11_24,1764002700.0,135,15,1764003600,150,1,24855.25,1764012720,302,24911.25,R_TRIGGER,111.0,111.0,0.7664
2025_11_24,1764011280.0,278,24,1764012720,302,-1,24911.25,1764014640,334,24946.75,R_TRIGGER,-72.0,-72.0,0.7514
2025_11_24,1764013980.0,323,12,1764014700,335,1,24946.75,1764017940,389,24935.25,R_TRIGGER,-24.0,-24.0,0.9632
2025_11_24,1764017700.0,385,5,1764018000,390,1,24934.75,1764018900,405,24963.5,SESSION_CLOSE,56.5,56.5,0.7799
2025_11_25,,-60,60,1764081000,0,-1,24829.25,1764081005,,24868.25,CAT_STOP,-79.0,-101.0,0.7477
2025_11_25,1764081000.0,0,5,1764081300,5,-1,24868.25,1764082380,23,24719.75,R_TRIGGER,296.0,296.0,0.8648
2025_11_25,1764082200.0,20,4,1764082440,24,1,24746.75,1764082920,32,24705.5,R_TRIGGER,-83.5,-83.5,0.8819
2025_11_25,1764082740.0,29,4,1764082980,33,1,24680.0,1764083460,41,24727.5,R_TRIGGER,94.0,94.0,0.8376
2025_11_25,1764083280.0,38,3,1764083460,41,-1,24727.5,1764083620,,24749.25,CAT_STOP,-44.5,-101.0,0.8319
2025_11_25,1764083460.0,41,5,1764083760,46,-1,24749.25,1764084360,56,24739.0,R_TRIGGER,19.5,19.5,0.8683
2025_11_25,1764084180.0,53,3,1764084360,56,-1,24739.0,1764084600,60,24845.5,CAT_STOP,-214.0,-101.0,0.7944
2025_11_25,1764084960.0,66,9,1764085500,75,1,24867.75,1764085740,79,24809.0,R_TRIGGER,-118.5,-118.5,0.7618
2025_11_25,1764085560.0,76,4,1764085800,80,1,24788.5,1764086520,92,24796.25,R_TRIGGER,14.5,14.5,0.7425
2025_11_25,1764086280.0,88,5,1764086580,93,1,24795.75,1764092820,197,25014.25,R_TRIGGER,436.0,436.0,0.7414
2025_11_25,1764092220.0,187,12,1764092940,199,1,25025.0,1764098160,286,24990.25,R_TRIGGER,-70.5,-70.5,0.7585
2025_11_25,1764096480.0,258,28,1764098160,286,-1,24990.25,1764100320,322,24991.5,R_TRIGGER,-3.5,-3.5,0.7484
2025_11_25,1764099660.0,311,11,1764100320,322,1,24991.5,1764104340,389,25080.0,R_TRIGGER,176.0,176.0,0.9629
2025_11_25,1764104040.0,384,6,1764104400,390,-1,25084.0,1764105300,405,25077.75,SESSION_CLOSE,11.5,11.5,0.9708
2025_11_26,,-132,133,1764167460,1,1,25231.75,1764167880,8,25205.75,R_TRIGGER,-53.0,-53.0,0.8677
2025_11_26,1764167580.0,3,5,1764167880,8,1,25205.75,1764168900,25,25219.0,R_TRIGGER,25.5,25.5,0.8988
2025_11_26,1764168660.0,21,8,1764169140,29,-1,25167.5,1764169380,33,25183.75,R_TRIGGER,-33.5,-33.5,0.9822
2025_11_26,1764169200.0,30,4,1764169440,34,-1,25178.5,1764170880,58,25198.0,R_TRIGGER,-40.0,-40.0,0.7785
2025_11_26,1764170700.0,55,3,1764170880,58,-1,25198.0,1764171600,70,25242.25,CAT_STOP,-89.5,-101.0,0.7414
2025_11_26,1764172020.0,77,22,1764173340,99,1,25297.75,1764176880,158,25321.25,R_TRIGGER,46.0,46.0,0.741
2025_11_26,1764175380.0,133,26,1764176940,159,-1,25326.0,1764179040,194,25366.75,R_TRIGGER,-82.5,-82.5,0.8287
2025_11_26,1764177600.0,170,24,1764179040,194,1,25366.75,1764180540,219,25310.75,R_TRIGGER,-113.0,-113.0,0.7546
2025_11_26,1764179040.0,194,25,1764180540,219,-1,25310.75,1764180900,225,25329.5,R_TRIGGER,-38.5,-38.5,0.9708
2025_11_26,1764180540.0,219,6,1764180900,225,-1,25329.5,1764184800,290,25328.75,R_TRIGGER,0.5,0.5,0.783
2025_11_26,1764182700.0,255,35,1764184800,290,1,25328.75,1764190260,381,25304.75,R_TRIGGER,-49.0,-49.0,0.7382
2025_11_26,1764188160.0,346,35,1764190260,381,-1,25304.75,1764191700,405,25313.5,SESSION_CLOSE,-18.5,-18.5,0.7596
2025_11_27,1764253980.0,3,7,1764254400,10,-1,25289.0,1764256380,43,25305.0,R_TRIGGER,-33.0,-33.0,0.952
2025_11_27,1764254700.0,15,47,1764257520,62,-1,25295.5,1764260820,117,25304.5,R_TRIGGER,-19.0,-19.0,0.7428
2025_11_27,1764259680.0,98,19,1764260820,117,1,25304.5,1764266340,209,25301.75,SESSION_CLOSE,-6.5,-6.5,0.9527
2025_11_28,,-46,49,1764340380,3,-1,25384.5,1764340440,4,25396.5,R_TRIGGER,-25.0,-25.0,0.7847
2025_11_28,,-6,13,1764340620,7,1,25412.0,1764340800,10,25351.0,R_TRIGGER,-123.0,-123.0,0.9578
2025_11_28,1764340620.0,7,3,1764340800,10,1,25351.0,1764342300,35,25358.5,R_TRIGGER,14.0,14.0,0.7672
2025_11_28,1764341400.0,20,24,1764342840,44,-1,25382.25,1764343140,49,25393.5,R_TRIGGER,-23.5,-23.5,0.7405
2025_11_28,1764342300.0,35,25,1764343800,60,1,25363.25,1764347160,116,25380.75,R_TRIGGER,34.0,34.0,0.7917
2025_11_28,1764346560.0,106,11,1764347220,117,-1,25371.75,1764347760,126,25415.25,R_TRIGGER,-88.0,-88.0,0.756
2025_11_28,1764347220.0,117,12,1764347940,129,1,25412.25,1764351660,191,25404.75,R_TRIGGER,-16.0,-16.0,0.9512
2025_11_28,1764349800.0,160,31,1764351660,191,-1,25404.75,1764352200,200,25425.75,R_TRIGGER,-43.0,-43.0,0.8239
2025_11_28,1764351840.0,194,11,1764352500,205,1,25448.5,1764353640,224,25484.5,SESSION_CLOSE,71.0,71.0,0.9579
2025_12_01,,-16,16,1764599400,0,-1,25280.75,1764599700,5,25293.5,R_TRIGGER,-26.5,-26.5,0.7481
2025_12_01,1764599520.0,2,3,1764599700,5,-1,25293.5,1764600360,16,25290.0,R_TRIGGER,6.0,6.0,0.756
2025_12_01,1764600180.0,13,6,1764600540,19,-1,25296.25,1764600900,25,25381.0,CAT_STOP,-170.5,-101.0,0.7547
2025_12_01,1764601500.0,35,8,1764601980,43,1,25381.0,1764602460,51,25343.0,R_TRIGGER,-77.0,-77.0,0.9839
2025_12_01,1764601980.0,43,14,1764602820,57,1,25332.5,1764603280,,25368.0,CAT_STOP,70.0,-101.0,0.7532
2025_12_01,1764604680.0,88,9,1764605220,97,-1,25368.0,1764606000,110,25371.75,R_TRIGGER,-8.5,-8.5,0.9672
2025_12_01,1764605820.0,107,4,1764606060,111,1,25375.25,1764609360,166,25438.5,R_TRIGGER,125.5,125.5,0.7735
2025_12_01,1764608820.0,157,9,1764609360,166,-1,25438.5,1764610020,177,25454.0,R_TRIGGER,-32.0,-32.0,0.9716
2025_12_01,1764609360.0,166,17,1764610380,183,-1,25452.75,1764617760,306,25403.75,R_TRIGGER,97.0,97.0,0.7437
2025_12_01,1764617580.0,303,3,1764617760,306,1,25403.75,1764619140,329,25373.75,R_TRIGGER,-61.0,-61.0,0.8105
2025_12_01,1764617820.0,307,23,1764619200,330,-1,25380.5,1764619920,342,25410.75,R_TRIGGER,-61.5,-61.5,0.7819
2025_12_01,1764619320.0,332,10,1764619920,342,1,25410.75,1764622500,385,25388.25,R_TRIGGER,-46.0,-46.0,0.7352
2025_12_01,1764621840.0,374,13,1764622620,387,1,25373.75,1764623700,405,25392.0,SESSION_CLOSE,35.5,35.5,0.7679
2025_12_02,,-25,25,1764685800,0,-1,25477.5,1764686040,4,25526.0,R_TRIGGER,-98.0,-98.0,0.772
2025_12_02,1764685860.0,1,8,1764686340,9,1,25597.0,1764686760,16,25578.5,R_TRIGGER,-38.0,-38.0,0.7932
2025_12_02,1764686400.0,10,6,1764686760,16,1,25578.5,1764687300,25,25576.5,R_TRIGGER,-5.0,-5.0,0.7847
2025_12_02,1764687120.0,22,4,1764687360,26,1,25580.0,1764688320,42,25631.5,R_TRIGGER,102.0,102.0,0.8149
2025_12_02,1764688140.0,39,8,1764688620,47,1,25634.75,1764689280,58,25577.0,R_TRIGGER,-116.5,-116.5,0.748
2025_12_02,1764689100.0,55,3,1764689280,58,-1,25577.0,1764690000,70,25591.25,R_TRIGGER,-29.5,-29.5,0.9787
2025_12_02,1764689640.0,64,9,1764690180,73,1,25626.0,1764691200,90,25636.0,R_TRIGGER,19.0,19.0,0.9598
2025_12_02,1764690660.0,81,9,1764691200,90,1,25636.0,1764691620,97,25616.0,R_TRIGGER,-41.0,-41.0,0.7491
2025_12_02,1764691440.0,94,3,1764691620,97,-1,25616.0,1764693300,125,25469.0,R_TRIGGER,293.0,293.0,0.8383
2025_12_02,1764693120.0,122,3,1764693300,125,-1,25469.0,1764693660,131,25505.25,CAT_STOP,-73.5,-101.0,0.8004
2025_12_02,1764694140.0,139,4,1764694380,143,1,25506.25,1764695160,156,25522.0,R_TRIGGER,30.5,30.5,0.7661
2025_12_02,1764694920.0,152,7,1764695340,159,1,25518.0,1764696960,186,25605.25,R_TRIGGER,173.5,173.5,0.7379
2025_12_02,1764696720.0,182,13,1764697500,195,1,25602.0,1764698140,,25545.75,CAT_STOP,-113.5,-101.0,0.7443
2025_12_02,1764698820.0,217,12,1764699540,229,1,25564.0,1764699960,236,25556.5,R_TRIGGER,-16.0,-16.0,0.7774
2025_12_02,1764699780.0,233,7,1764700200,240,1,25570.75,1764703260,291,25577.5,R_TRIGGER,12.5,12.5,0.7414
2025_12_02,1764702960.0,286,8,1764703440,294,-1,25571.75,1764703800,300,25594.75,R_TRIGGER,-47.0,-47.0,0.9728
2025_12_02,1764703440.0,294,11,1764704100,305,1,25604.75,1764704580,313,25578.5,R_TRIGGER,-53.5,-53.5,0.9607
2025_12_02,1764704100.0,305,13,1764704880,318,1,25606.5,1764707880,368,25614.0,R_TRIGGER,14.0,14.0,0.7342
2025_12_02,1764707460.0,361,9,1764708000,370,-1,25623.0,1764710100,405,25599.0,SESSION_CLOSE,47.0,47.0,0.9703
2025_12_03,,-16,17,1764772260,1,1,25494.75,1764772740,9,25462.75,R_TRIGGER,-65.0,-65.0,0.7648
2025_12_03,1764772380.0,3,7,1764772800,10,-1,25482.25,1764774000,30,25517.25,R_TRIGGER,-71.0,-71.0,0.884
2025_12_03,1764773580.0,23,7,1764774000,30,1,25517.25,1764774720,42,25507.5,R_TRIGGER,-20.5,-20.5,0.7355
2025_12_03,1764774180.0,33,10,1764774780,43,-1,25503.25,1764775135,,25562.5,CAT_STOP,-119.5,-101.0,0.7413
2025_12_03,1764774720.0,42,21,1764775980,63,1,25562.5,1764778200,100,25537.25,R_TRIGGER,-51.5,-51.5,0.7602
2025_12_03,1764776760.0,76,24,1764778200,100,-1,25537.25,1764779515,,25608.25,CAT_STOP,-143.0,-101.0,0.9771
2025_12_03,1764778320.0,102,38,1764780600,140,-1,25578.25,1764782400,170,25607.5,R_TRIGGER,-59.5,-59.5,0.9578
2025_12_03,1764781020.0,147,24,1764782460,171,1,25622.75,1764796500,405,25649.25,SESSION_CLOSE,52.0,52.0,0.7426
2025_12_04,,-18,18,1764858600,0,-1,25669.0,1764859020,7,25612.75,R_TRIGGER,111.5,111.5,0.7895
2025_12_04,1764858840.0,4,3,1764859020,7,-1,25612.75,1764860940,39,25575.5,R_TRIGGER,73.5,73.5,0.7969
2025_12_04,1764860280.0,28,13,1764861060,41,-1,25567.75,1764862140,59,25591.0,R_TRIGGER,-47.5,-47.5,0.8107
2025_12_04,1764861960.0,56,8,1764862440,64,1,25596.25,1764863220,77,25598.0,R_TRIGGER,2.5,2.5,0.968
2025_12_04,1764862920.0,72,6,1764863280,78,-1,25602.75,1764864540,99,25548.75,R_TRIGGER,107.0,107.0,0.7691
2025_12_04,1764864360.0,96,3,1764864540,99,-1,25548.75,1764865990,,25614.25,CAT_STOP,-132.0,-101.0,0.741
2025_12_04,1764871620.0,217,12,1764872340,229,-1,25601.75,1764876420,297,25547.75,R_TRIGGER,107.0,107.0,0.7411
2025_12_04,1764876180.0,293,4,1764876420,297,-1,25547.75,1764877020,307,25605.0,CAT_STOP,-115.5,-101.0,0.762
2025_12_04,1764878880.0,338,48,1764881760,386,1,25597.5,1764882900,405,25632.5,SESSION_CLOSE,69.0,69.0,0.7486
2025_12_05,,-39,45,1764945360,6,1,25759.0,1764945600,10,25707.75,R_TRIGGER,-103.5,-103.5,0.7859
2025_12_05,1764945420.0,7,4,1764945660,11,-1,25695.75,1764945900,15,25724.0,R_TRIGGER,-57.5,-57.5,0.8464
2025_12_05,1764945660.0,11,6,1764946020,17,1,25738.25,1764949200,70,25826.75,R_TRIGGER,176.0,176.0,0.823
2025_12_05,1764947820.0,47,26,1764949380,73,-1,25814.5,1764950400,90,25759.5,R_TRIGGER,109.0,109.0,0.9644
2025_12_05,1764950220.0,87,3,1764950400,90,-1,25759.5,1764951720,112,25729.75,R_TRIGGER,58.5,58.5,0.772
2025_12_05,1764951540.0,109,9,1764952080,118,-1,25699.25,1764952680,128,25691.75,R_TRIGGER,14.0,14.0,0.7604
2025_12_05,1764952320.0,122,6,1764952680,128,-1,25691.75,1764953820,147,25709.0,CAT_STOP,-35.5,-101.0,0.7939
2025_12_05,1764956220.0,187,10,1764956820,197,-1,25709.0,1764959280,238,25740.0,R_TRIGGER,-63.0,-63.0,0.7499
2025_12_05,1764958920.0,232,6,1764959280,238,1,25740.0,1764961260,271,25723.25,R_TRIGGER,-34.5,-34.5,0.9529
2025_12_05,1764959640.0,244,43,1764962220,287,-1,25715.25,1764964680,328,25742.25,R_TRIGGER,-55.0,-55.0,0.7543
2025_12_05,1764963960.0,316,16,1764964920,332,1,25726.25,1764967560,376,25704.0,R_TRIGGER,-45.5,-45.5,0.7389
2025_12_05,1764964680.0,328,49,1764967620,377,-1,25693.75,1764968100,385,25709.0,R_TRIGGER,-31.5,-31.5,0.8695
2025_12_05,1764967860.0,381,9,1764968400,390,1,25736.0,1764969300,405,25735.75,SESSION_CLOSE,-1.5,-1.5,0.9613
2025_12_08,,-3,3,1765204200,0,-1,25823.75,1765205580,23,25763.5,R_TRIGGER,119.5,119.5,0.809
2025_12_08,1765205340.0,19,4,1765205580,23,-1,25763.5,1765207740,59,25700.5,R_TRIGGER,125.0,125.0,0.7593
2025_12_08,1765207560.0,56,13,1765208340,69,-1,25704.5,1765213680,158,25645.5,R_TRIGGER,117.0,117.0,0.7375
2025_12_08,1765213680.0,158,32,1765215600,190,1,25628.75,1765218420,237,25652.25,R_TRIGGER,46.0,46.0,0.9552
2025_12_08,1765216800.0,210,28,1765218480,238,-1,25640.0,1765221720,292,25605.5,R_TRIGGER,68.0,68.0,0.9749
2025_12_08,1765220280.0,268,26,1765221840,294,1,25593.0,1765228500,405,25658.0,SESSION_CLOSE,129.0,129.0,0.7407
2025_12_09,,-4,4,1765290600,0,-1,25602.25,1765290960,6,25597.0,R_TRIGGER,9.5,9.5,0.8
2025_12_09,1765290780.0,3,3,1765290960,6,-1,25597.0,1765291210,,25639.0,CAT_STOP,-85.0,-101.0,0.7679
2025_12_09,1765291680.0,18,12,1765292400,30,1,25639.0,1765292700,35,25625.25,R_TRIGGER,-28.5,-28.5,0.9681
2025_12_09,1765292520.0,32,8,1765293000,40,1,25637.5,1765295280,78,25638.75,R_TRIGGER,1.5,1.5,0.7667
2025_12_09,1765295340.0,79,29,1765297080,108,1,25699.0,1765298640,134,25673.75,R_TRIGGER,-51.5,-51.5,0.7343
2025_12_09,1765298640.0,134,7,1765299060,141,1,25708.0,1765300980,173,25700.25,R_TRIGGER,-16.5,-16.5,0.9519
2025_12_09,1765299960.0,156,17,1765300980,173,-1,25700.25,1765303440,214,25721.75,R_TRIGGER,-44.0,-44.0,0.7349
2025_12_09,1765302540.0,199,26,1765304100,225,1,25721.0,1765305900,255,25692.0,R_TRIGGER,-59.0,-59.0,0.7788
2025_12_09,1765304940.0,239,16,1765305900,255,-1,25692.0,1765306380,263,25732.5,R_TRIGGER,-82.0,-82.0,0.966
2025_12_09,1765305900.0,255,8,1765306380,263,1,25732.5,1765307580,283,25699.25,R_TRIGGER,-67.5,-67.5,0.9468
2025_12_09,1765306560.0,266,17,1765307580,283,-1,25699.25,1765314900,405,25683.75,SESSION_CLOSE,30.0,30.0,0.7593
2025_12_10,,-58,59,1765377060,1,1,25628.0,1765377360,6,25627.5,CAT_STOP,-2.0,-101.0,0.7794
2025_12_10,1765378020.0,17,6,1765378380,23,-1,25624.0,1765378740,29,25631.25,R_TRIGGER,-15.5,-15.5,0.7892
2025_12_10,1765378560.0,26,3,1765378740,29,-1,25631.25,1765381680,78,25611.75,R_TRIGGER,38.0,38.0,0.7549
2025_12_10,1765381200.0,70,10,1765381800,80,-1,25621.75,1765382820,97,25572.5,R_TRIGGER,97.5,97.5,0.7564
2025_12_10,1765382580.0,93,4,1765382820,97,-1,25572.5,1765383525,,25648.0,CAT_STOP,-152.0,-101.0,0.7639
2025_12_10,1765385100.0,135,7,1765385520,142,1,25648.0,1765387260,171,25626.5,R_TRIGGER,-44.0,-44.0,0.9541
2025_12_10,1765385820.0,147,29,1765387560,176,-1,25625.5,1765389060,201,25657.25,R_TRIGGER,-64.5,-64.5,0.7513
2025_12_10,1765387260.0,171,55,1765390560,226,-1,25642.75,1765393200,270,25692.5,R_TRIGGER,-100.5,-100.5,0.9682
2025_12_10,1765391400.0,240,30,1765393200,270,1,25692.5,1765393205,,25653.0,CAT_STOP,-80.0,-101.0,0.9831
2025_12_10,1765393200.0,270,3,1765393380,273,1,25653.0,1765393980,283,25694.25,R_TRIGGER,81.5,81.5,0.8251
2025_12_10,1765393800.0,280,3,1765393980,283,1,25694.25,1765394520,292,25696.25,R_TRIGGER,3.0,3.0,0.8321
2025_12_10,1765394160.0,286,6,1765394520,292,1,25696.25,1765394880,298,25733.75,CAT_STOP,74.0,-101.0,0.7781
2025_12_10,1765395360.0,306,3,1765395540,309,1,25733.75,1765395660,311,25822.75,CAT_STOP,177.0,-101.0,0.899
2025_12_10,1765398120.0,352,30,1765399920,382,1,25817.75,1765400880,398,25801.75,CAT_STOP,-33.0,-101.0,0.7496
2025_12_11,,-113,113,1765463400,0,-1,25592.5,1765463880,8,25604.5,R_TRIGGER,-25.0,-25.0,0.8568
2025_12_11,1765463640.0,4,4,1765463880,8,-1,25604.5,1765465380,33,25453.75,R_TRIGGER,300.5,300.5,0.8407
2025_12_11,1765465200.0,30,5,1765465500,35,-1,25475.75,1765465740,39,25521.5,CAT_STOP,-92.5,-101.0,0.7454
2025_12_11,1765468260.0,81,4,1765468500,85,-1,25521.5,1765470300,115,25488.25,R_TRIGGER,65.5,65.5,0.7482
2025_12_11,1765470000.0,110,5,1765470300,115,-1,25488.25,1765470960,126,25510.0,R_TRIGGER,-44.5,-44.5,0.7526
2025_12_11,1765470540.0,119,10,1765471140,129,1,25527.25,1765471800,140,25534.75,R_TRIGGER,14.0,14.0,0.9513
2025_12_11,1765471620.0,137,3,1765471800,140,-1,25534.75,1765472400,150,25511.0,R_TRIGGER,46.5,46.5,0.7621
2025_12_11,1765472220.0,147,3,1765472400,150,-1,25511.0,1765473240,164,25626.0,CAT_STOP,-231.0,-101.0,0.7599
2025_12_11,1765475940.0,209,11,1765476600,220,1,25625.75,1765479420,267,25636.75,R_TRIGGER,21.0,21.0,0.9602
2025_12_11,1765478700.0,255,18,1765479780,273,1,25660.75,1765484820,357,25677.25,R_TRIGGER,32.0,32.0,0.7666
2025_12_11,1765482600.0,320,37,1765484820,357,-1,25677.25,1765486200,380,25711.5,R_TRIGGER,-69.5,-69.5,0.826
2025_12_11,1765485420.0,367,13,1765486200,380,1,25711.5,1765487700,405,25820.0,SESSION_CLOSE,216.0,216.0,0.9704
2025_12_12,,-30,31,1765549860,1,-1,25569.25,1765550160,6,25591.5,R_TRIGGER,-45.5,-45.5,0.7628
2025_12_12,1765549860.0,1,5,1765550160,6,-1,25591.5,1765551180,23,25559.75,R_TRIGGER,62.5,62.5,0.7956
2025_12_12,1765551000.0,20,7,1765551420,27,-1,25554.5,1765553580,63,25371.25,R_TRIGGER,365.5,365.5,0.7862
2025_12_12,1765553400.0,60,3,1765553580,63,1,25371.25,1765554780,83,25346.75,R_TRIGGER,-50.0,-50.0,0.7512
2025_12_12,1765554480.0,78,7,1765554900,85,-1,25315.0,1765555680,98,25203.25,R_TRIGGER,222.5,222.5,0.9713
2025_12_12,1765555440.0,94,4,1765555680,98,-1,25203.25,1765556100,105,25222.25,R_TRIGGER,-39.0,-39.0,0.8228
2025_12_12,1765555860.0,101,4,1765556100,105,-1,25222.25,1765556700,115,25190.5,R_TRIGGER,62.5,62.5,0.8556
2025_12_12,1765556460.0,111,4,1765556700,115,-1,25190.5,1765557780,133,25181.0,R_TRIGGER,18.0,18.0,0.8226
2025_12_12,1765557600.0,130,3,1765557780,133,-1,25181.0,1765559125,,25247.75,CAT_STOP,-134.5,-101.0,0.8136
2025_12_12,1765560720.0,182,7,1765561140,189,1,25274.0,1765563720,232,25314.5,R_TRIGGER,80.0,80.0,0.963
2025_12_12,1765563420.0,227,8,1765563900,235,1,25319.5,1765566120,272,25216.25,CAT_STOP,-207.5,-101.0,0.7442
2025_12_15,,-273,273,1765809000,0,-1,25380.0,1765809420,7,25364.25,R_TRIGGER,30.5,30.5,0.739
2025_12_15,1765809240.0,4,3,1765809420,7,-1,25364.25,1765810140,19,25304.25,R_TRIGGER,119.0,119.0,0.7904
2025_12_15,1765809960.0,16,3,1765810140,19,-1,25304.25,1765811220,37,25224.5,R_TRIGGER,158.5,158.5,0.7387
2025_12_15,1765811040.0,34,4,1765811280,38,-1,25200.0,1765812720,62,25097.0,R_TRIGGER,205.0,205.0,0.8325
2025_12_15,1765812540.0,59,3,1765812720,62,-1,25097.0,1765813380,73,25139.25,R_TRIGGER,-85.5,-85.5,0.7783
2025_12_15,1765813200.0,70,4,1765813440,74,1,25176.5,1765813980,83,25120.0,R_TRIGGER,-114.0,-114.0,0.9708
2025_12_15,1765813800.0,80,5,1765814100,85,1,25150.5,1765815180,103,25161.0,R_TRIGGER,20.0,20.0,0.7652
2025_12_15,1765815000.0,100,3,1765815180,103,1,25161.0,1765816320,122,25207.0,R_TRIGGER,91.0,91.0,0.7461
2025_12_15,1765816140.0,119,3,1765816320,122,-1,25207.0,1765817460,141,25158.0,R_TRIGGER,97.0,97.0,0.7449
2025_12_15,1765817160.0,136,10,1765817760,146,-1,25148.5,1765820400,190,25164.25,R_TRIGGER,-32.5,-32.5,0.7555
2025_12_15,1765819980.0,183,9,1765820520,192,1,25181.0,1765820820,197,25134.25,R_TRIGGER,-94.5,-94.5,0.9629
2025_12_15,1765820520.0,192,8,1765821000,200,-1,25102.0,1765821480,208,25122.5,R_TRIGGER,-42.0,-42.0,0.9681
2025_12_15,1765821120.0,202,8,1765821600,210,-1,25121.0,1765824300,255,25124.5,R_TRIGGER,-8.0,-8.0,0.7401
2025_12_15,1765823460.0,241,14,1765824300,255,-1,25124.5,1765825440,274,25150.0,CAT_STOP,-52.0,-101.0,0.8025
2025_12_15,1765828020.0,317,13,1765828800,330,-1,25125.75,1765833300,405,25097.25,SESSION_CLOSE,56.0,56.0,0.766
2025_12_16,,-54,54,1765895400,0,1,25048.5,1765895405,,25012.25,CAT_STOP,-73.5,-101.0,0.9772
2025_12_16,1765895820.0,7,4,1765896060,11,1,25012.25,1765896360,16,25079.0,CAT_STOP,132.5,-101.0,0.8228
2025_12_16,1765897200.0,30,3,1765897380,33,-1,25079.0,1765897560,36,24998.25,CAT_STOP,160.5,-101.0,0.7365
2025_12_16,1765898820.0,57,3,1765899000,60,1,24998.25,1765899480,68,24969.75,R_TRIGGER,-58.0,-58.0,0.7985
2025_12_16,1765899120.0,62,6,1765899480,68,-1,24969.75,1765899900,75,25034.5,R_TRIGGER,-130.5,-130.5,0.8443
2025_12_16,1765899720.0,72,5,1765900020,77,1,25040.5,1765900245,,25016.25,CAT_STOP,-49.5,-101.0,0.9789
2025_12_16,1765900800.0,90,12,1765901520,102,-1,25016.25,1765903740,139,25057.75,R_TRIGGER,-84.0,-84.0,0.9687
2025_12_16,1765902480.0,118,22,1765903800,140,1,25066.0,1765905960,176,25027.0,R_TRIGGER,-79.0,-79.0,0.9745
2025_12_16,1765905360.0,166,10,1765905960,176,-1,25027.0,1765906565,,25013.25,CAT_STOP,26.5,-101.0,0.9766
2025_12_16,1765908600.0,220,24,1765910040,244,1,25013.25,1765911780,273,25018.75,R_TRIGGER,10.0,10.0,0.9544
2025_12_16,1765911060.0,261,12,1765911780,273,-1,25018.75,1765913640,304,25056.5,R_TRIGGER,-76.5,-76.5,0.8152
2025_12_16,1765912860.0,291,13,1765913640,304,1,25056.5,1765918800,390,25113.25,R_TRIGGER,112.5,112.5,0.7447
2025_12_16,1765918380.0,383,7,1765918800,390,-1,25113.25,1765919700,405,25097.75,SESSION_CLOSE,30.0,30.0,0.7751
2025_12_17,,-18,18,1765981800,0,-1,25176.5,1765983000,20,25061.0,R_TRIGGER,230.0,230.0,0.7654
2025_12_17,1765982760.0,16,4,1765983000,20,-1,25061.0,1765983490,,25077.5,CAT_STOP,-34.0,-101.0,0.8397
2025_12_17,1765983720.0,32,7,1765984140,39,-1,25060.25,1765984980,53,25098.25,R_TRIGGER,-77.0,-77.0,0.7877
2025_12_17,1765984380.0,43,10,1765984980,53,1,25098.25,1765985220,57,25064.25,CAT_STOP,-69.0,-101.0,0.9683
2025_12_17,1765985040.0,54,4,1765985280,58,1,25084.75,1765985700,65,24834.5,CAT_STOP,-501.5,-101.0,0.788
2025_12_17,1765986480.0,78,4,1765986720,82,-1,24834.5,1765987440,94,24857.5,R_TRIGGER,-47.0,-47.0,0.8706
2025_12_17,1765987080.0,88,6,1765987440,94,-1,24857.5,1765988340,109,24828.0,R_TRIGGER,58.0,58.0,0.7458
2025_12_17,1765988100.0,105,4,1765988340,109,-1,24828.0,1765989720,132,24828.0,R_TRIGGER,-1.0,-1.0,0.7887
2025_12_17,1765989300.0,125,10,1765989900,135,-1,24824.0,1765990800,150,24821.25,R_TRIGGER,4.5,4.5,0.8315
2025_12_17,1765990860.0,151,3,1765991040,154,-1,24770.5,1765991460,161,24808.0,R_TRIGGER,-76.0,-76.0,0.7514
2025_12_17,1765991040.0,154,8,1765991520,162,-1,24792.75,1765992290,,24827.5,CAT_STOP,-70.5,-101.0,0.7407
2025_12_17,1765993620.0,197,19,1765994760,216,1,24843.5,1765995060,221,24800.75,R_TRIGGER,-86.5,-86.5,0.9665
2025_12_17,1765994760.0,216,5,1765995060,221,-1,24800.75,1766001180,323,24745.75,R_TRIGGER,109.0,109.0,0.7956
2025_12_17,1766000160.0,306,18,1766001240,324,1,24750.0,1766004660,381,24691.75,R_TRIGGER,-117.5,-117.5,0.9731
2025_12_17,1766001720.0,332,49,1766004660,381,-1,24691.75,1766005380,393,24702.25,R_TRIGGER,-22.0,-22.0,0.8052
2025_12_17,1766005140.0,389,7,1766005560,396,1,24728.75,1766006040,404,24760.25,SESSION_CLOSE,62.0,62.0,0.9633
2025_12_18,,-178,179,1766068260,1,1,25080.75,1766068500,5,25008.0,CAT_STOP,-146.5,-101.0,0.8455
2025_12_18,1766068260.0,1,4,1766068500,5,-1,25008.0,1766069220,17,24984.75,R_TRIGGER,45.5,45.5,0.9802
2025_12_18,1766068860.0,11,7,1766069280,18,-1,24953.0,1766069580,23,25026.25,CAT_STOP,-147.5,-101.0,0.8428
2025_12_18,1766069460.0,21,3,1766069640,24,-1,25026.25,1766071320,52,25005.75,R_TRIGGER,40.0,40.0,0.7923
2025_12_18,1766070840.0,44,8,1766071320,52,-1,25005.75,1766071511,,25169.0,CAT_STOP,-327.5,-101.0,0.7881
2025_12_18,1766075400.0,120,24,1766076840,144,1,25168.5,1766077440,154,25117.25,R_TRIGGER,-103.5,-103.5,0.7825
2025_12_18,1766076840.0,144,10,1766077440,154,-1,25117.25,1766078460,171,25009.75,R_TRIGGER,214.0,214.0,0.967
2025_12_18,1766078220.0,167,4,1766078460,171,1,25009.75,1766078670,,25107.0,CAT_STOP,193.5,-101.0,0.7612
2025_12_18,1766083140.0,249,14,1766083980,263,-1,25107.0,1766084940,279,25081.0,R_TRIGGER,51.0,51.0,0.7572
2025_12_18,1766084700.0,275,4,1766084940,279,-1,25081.0,1766088240,334,25018.75,R_TRIGGER,123.5,123.5,0.7562
2025_12_18,1766088000.0,330,5,1766088300,335,1,25031.5,1766091300,385,25049.0,R_TRIGGER,34.0,34.0,0.9651
2025_12_18,1766090760.0,376,9,1766091300,385,-1,25049.0,1766092500,405,24975.25,SESSION_CLOSE,146.5,146.5,0.9706
2026_01_02,,-8,8,1767364200,0,1,25721.5,1767364360,,25678.75,CAT_STOP,-86.5,-101.0,0.9516
2026_01_02,1767364260.0,1,5,1767364560,6,1,25697.5,1767364800,10,25743.5,CAT_STOP,91.0,-101.0,0.7486
2026_01_02,1767365400.0,20,5,1767365700,25,1,25740.25,1767366660,41,25551.5,CAT_STOP,-378.5,-101.0,0.7569
2026_01_02,1767368580.0,73,5,1767368880,78,1,25551.5,1767369120,82,25336.0,CAT_STOP,-432.0,-101.0,0.8138
2026_01_02,1767370500.0,105,3,1767370680,108,-1,25336.0,1767370980,113,25386.0,CAT_STOP,-101.0,-101.0,0.7832
2026_01_02,1767370800.0,110,5,1767371100,115,-1,25374.0,1767371665,,25353.0,CAT_STOP,41.0,-101.0,0.7399
2026_01_02,1767372840.0,144,13,1767373620,157,-1,25337.25,1767373980,163,25362.25,CAT_STOP,-51.0,-101.0,0.7747
2026_01_02,1767377700.0,225,7,1767378120,232,1,25355.5,1767378780,243,25321.25,R_TRIGGER,-69.5,-69.5,0.9625
2026_01_02,1767378120.0,232,13,1767378900,245,-1,25325.0,1767380640,274,25320.25,R_TRIGGER,8.5,8.5,0.9569
2026_01_02,1767379980.0,263,12,1767380700,275,1,25340.25,1767383820,327,25403.25,R_TRIGGER,125.0,125.0,0.9598
2026_01_02,1767382800.0,310,17,1767383820,327,-1,25403.25,1767385140,349,25443.5,R_TRIGGER,-81.5,-81.5,0.9767
2026_01_02,1767383940.0,329,20,1767385140,349,1,25443.5,1767386580,373,25406.0,R_TRIGGER,-76.0,-76.0,0.9759
2026_01_02,1767385260.0,351,22,1767386580,373,-1,25406.0,1767388500,405,25393.25,SESSION_CLOSE,24.5,24.5,0.7699
2026_01_05,,-67,67,1767623400,0,1,25656.75,1767623565,,25598.0,CAT_STOP,-118.5,-101.0,0.8367
2026_01_05,1767623400.0,0,3,1767623580,3,-1,25598.0,1767624240,14,25602.0,R_TRIGGER,-9.0,-9.0,0.8427
2026_01_05,1767624060.0,11,5,1767624360,16,1,25613.25,1767624540,19,25596.0,R_TRIGGER,-35.5,-35.5,0.8542
2026_01_05,1767624360.0,16,3,1767624540,19,-1,25596.0,1767624720,22,25615.75,R_TRIGGER,-40.5,-40.5,0.8079
2026_01_05,1767624540.0,19,5,1767624840,24,-1,25607.25,1767625320,32,25614.5,R_TRIGGER,-15.5,-15.5,0.7991
2026_01_05,1767625020.0,27,5,1767625320,32,-1,25614.5,1767626880,58,25687.25,CAT_STOP,-146.5,-101.0,0.8144
2026_01_05,1767627840.0,74,25,1767629340,99,1,25687.25,1767632280,148,25662.75,R_TRIGGER,-50.0,-50.0,0.7852
2026_01_05,1767631800.0,140,11,1767632460,151,-1,25661.25,1767637740,239,25605.25,R_TRIGGER,111.0,111.0,0.7424
2026_01_05,1767637140.0,229,11,1767637800,240,1,25610.0,1767641760,306,25577.0,R_TRIGGER,-67.0,-67.0,0.8231
2026_01_05,1767638760.0,256,57,1767642180,313,-1,25558.25,1767643920,342,25602.0,R_TRIGGER,-88.5,-88.5,0.8491
2026_01_05,1767642120.0,312,50,1767645120,362,1,25600.5,1767647700,405,25578.5,SESSION_CLOSE,-45.0,-45.0,0.7357
2026_01_06,,-39,43,1767710040,4,1,25648.25,1767710100,5,25652.0,R_TRIGGER,6.5,6.5,0.7779
2026_01_06,1767709920.0,2,3,1767710100,5,1,25652.0,1767712140,39,25738.0,R_TRIGGER,171.0,171.0,0.794
2026_01_06,1767711660.0,31,8,1767712140,39,-1,25738.0,1767712560,46,25762.0,R_TRIGGER,-49.0,-49.0,0.764
2026_01_06,1767713160.0,56,14,1767714000,70,-1,25739.75,1767715800,100,25679.5,R_TRIGGER,119.5,119.5,0.7471
2026_01_06,1767715620.0,97,15,1767716520,112,1,25691.25,1767717420,127,25681.5,R_TRIGGER,-20.5,-20.5,0.9588
2026_01_06,1767716640.0,114,13,1767717420,127,1,25681.5,1767721740,199,25756.25,R_TRIGGER,148.5,148.5,0.735
2026_01_06,1767721140.0,189,10,1767721740,199,-1,25756.25,1767723480,228,25778.75,R_TRIGGER,-46.0,-46.0,0.9492
2026_01_06,1767722820.0,217,26,1767724380,243,1,25761.25,1767734100,405,25821.0,SESSION_CLOSE,118.5,118.5,0.7695
2026_01_07,,-24,24,1767796200,0,1,25777.75,1767798000,30,25831.25,R_TRIGGER,106.0,106.0,0.9704
2026_01_07,1767797760.0,26,4,1767798000,30,1,25831.25,1767798900,45,25836.0,R_TRIGGER,8.5,8.5,0.779
2026_01_07,1767798720.0,42,8,1767799200,50,1,25841.0,1767800340,69,25851.0,R_TRIGGER,19.0,19.0,0.7515
2026_01_07,1767800160.0,66,3,1767800340,69,-1,25851.0,1767800700,75,25872.5,R_TRIGGER,-44.0,-44.0,0.9737
2026_01_07,1767800340.0,69,6,1767800700,75,-1,25872.5,1767801780,93,25915.75,CAT_STOP,-87.5,-101.0,0.7596
2026_01_07,1767803280.0,118,13,1767804060,131,1,25917.5,1767808320,202,25971.75,R_TRIGGER,107.5,107.5,0.949
2026_01_07,1767807900.0,195,7,1767808320,202,-1,25971.75,1767811200,250,25961.5,R_TRIGGER,19.5,19.5,0.8549
2026_01_07,1767810540.0,239,12,1767811260,251,1,25966.25,1767812520,272,25953.25,R_TRIGGER,-27.0,-27.0,0.941
2026_01_07,1767811800.0,260,12,1767812520,272,-1,25953.25,1767820500,405,25826.0,SESSION_CLOSE,253.5,253.5,0.7407
2026_01_08,,-59,60,1767882660,1,-1,25741.0,1767883680,18,25652.75,R_TRIGGER,175.5,175.5,0.7732
2026_01_08,1767883500.0,15,3,1767883680,18,1,25652.75,1767884220,27,25629.25,R_TRIGGER,-48.0,-48.0,0.8234
2026_01_08,1767884040.0,24,3,1767884220,27,-1,25629.25,1767884760,36,25630.0,R_TRIGGER,-2.5,-2.5,0.7887
2026_01_08,1767884580.0,33,10,1767885180,43,1,25669.0,1767886380,63,25680.5,R_TRIGGER,22.0,22.0,0.9704
2026_01_08,1767886080.0,58,6,1767886440,64,-1,25665.5,1767886800,70,25673.25,R_TRIGGER,-16.5,-16.5,0.8108
2026_01_08,1767886620.0,67,8,1767887100,75,-1,25681.5,1767887940,89,25684.25,R_TRIGGER,-6.5,-6.5,0.7916
2026_01_08,1767887760.0,86,4,1767888000,90,-1,25679.75,1767889200,110,25659.25,R_TRIGGER,40.0,40.0,0.8061
2026_01_08,1767888960.0,106,5,1767889260,111,1,25665.0,1767889500,115,25638.75,R_TRIGGER,-53.5,-53.5,0.7784
2026_01_08,1767889260.0,111,5,1767889560,116,-1,25645.75,1767890340,129,25625.0,R_TRIGGER,40.5,40.5,0.7722
2026_01_08,1767890160.0,126,5,1767890460,131,1,25637.0,1767891120,142,25636.75,R_TRIGGER,-1.5,-1.5,0.7894
2026_01_08,1767890760.0,136,6,1767891120,142,1,25636.75,1767891960,156,25641.5,R_TRIGGER,8.5,8.5,0.7583
2026_01_08,1767891600.0,150,11,1767892260,161,1,25644.5,1767893100,175,25644.25,R_TRIGGER,-1.5,-1.5,0.7825
2026_01_08,1767892920.0,172,4,1767893160,176,-1,25631.75,1767893520,182,25667.75,R_TRIGGER,-73.0,-73.0,0.9628
2026_01_08,1767893220.0,177,14,1767894060,191,1,25675.25,1767895320,212,25667.0,R_TRIGGER,-17.5,-17.5,0.9573
2026_01_08,1767894720.0,202,11,1767895380,213,-1,25667.0,1767896340,229,25663.0,R_TRIGGER,7.0,7.0,0.9668
2026_01_08,1767896100.0,225,5,1767896400,230,1,25666.75,1767898380,263,25643.5,R_TRIGGER,-47.5,-47.5,0.9658
2026_01_08,1767898080.0,258,5,1767898380,263,-1,25643.5,1767899940,289,25632.0,R_TRIGGER,22.0,22.0,0.7598
2026_01_08,1767899760.0,286,3,1767899940,289,-1,25632.0,1767904095,,25687.25,CAT_STOP,-111.5,-101.0,0.7389
2026_01_09,,-27,27,1767969000,0,-1,25682.25,1767969360,6,25722.0,R_TRIGGER,-80.5,-80.5,0.7965
2026_01_09,1767969120.0,2,5,1767969420,7,1,25761.0,1767970080,18,25688.0,R_TRIGGER,-147.0,-147.0,0.8531
2026_01_09,1767969480.0,8,11,1767970140,19,1,25706.0,1767971160,36,25672.0,R_TRIGGER,-69.0,-69.0,0.792
2026_01_09,1767970980.0,33,5,1767971280,38,-1,25639.0,1767971520,42,25724.25,R_TRIGGER,-171.5,-171.5,0.9805
2026_01_09,1767971280.0,38,7,1767971700,45,1,25756.0,1767973320,72,25803.5,R_TRIGGER,94.0,94.0,0.961
2026_01_09,1767972840.0,64,8,1767973320,72,-1,25803.5,1767974520,92,25851.0,R_TRIGGER,-96.0,-96.0,0.9667
2026_01_09,1767974100.0,85,7,1767974520,92,1,25851.0,1767993300,405,25936.5,SESSION_CLOSE,170.0,170.0,0.9567
2026_01_12,,-315,315,1768228200,0,1,25792.5,1768229160,16,25856.25,R_TRIGGER,126.5,126.5,0.9618
2026_01_12,1768228980.0,13,3,1768229160,16,1,25856.25,1768230240,34,25877.0,R_TRIGGER,40.5,40.5,0.7576
2026_01_12,1768229460.0,21,14,1768230300,35,1,25881.25,1768231980,63,25880.5,R_TRIGGER,-2.5,-2.5,0.7482
2026_01_12,1768231500.0,55,10,1768232100,65,-1,25905.75,1768233360,86,25905.5,R_TRIGGER,-0.5,-0.5,0.7713
2026_01_12,1768232700.0,75,13,1768233480,88,1,25914.75,1768251000,380,25967.5,R_TRIGGER,104.5,104.5,0.9684
2026_01_12,1768248060.0,331,50,1768251060,381,-1,25965.0,1768252500,405,25954.75,SESSION_CLOSE,19.5,19.5,0.7476
2026_01_13,,-5,5,1768314600,0,-1,25972.75,1768314840,4,25983.75,R_TRIGGER,-23.0,-23.0,0.8482
2026_01_13,1768314600.0,0,11,1768315260,11,-1,26040.75,1768316760,36,25948.0,R_TRIGGER,184.5,184.5,0.7406
2026_01_13,1768316580.0,33,4,1768316820,37,-1,25935.0,1768318560,66,25875.0,R_TRIGGER,119.0,119.0,0.7652
2026_01_13,1768318020.0,57,10,1768318620,67,-1,25855.0,1768319640,84,25887.25,R_TRIGGER,-65.5,-65.5,0.7442
2026_01_13,1768319400.0,80,4,1768319640,84,1,25887.25,1768321620,117,25892.75,R_TRIGGER,10.0,10.0,0.9714
2026_01_13,1768321020.0,107,10,1768321620,117,-1,25892.75,1768321800,120,25913.75,R_TRIGGER,-43.0,-43.0,0.9744
2026_01_13,1768321620.0,117,3,1768321800,120,-1,25913.75,1768322580,133,25970.0,CAT_STOP,-113.5,-101.0,0.7808
2026_01_13,1768325460.0,181,3,1768325640,184,-1,25970.0,1768328040,224,25904.0,R_TRIGGER,131.0,131.0,0.7848
2026_01_13,1768327380.0,213,12,1768328100,225,1,25909.25,1768330140,259,25864.25,R_TRIGGER,-91.0,-91.0,0.9603
2026_01_13,1768328100.0,225,37,1768330320,262,-1,25847.5,1768332480,298,25863.5,R_TRIGGER,-33.0,-33.0,0.7523
2026_01_13,1768331100.0,275,36,1768333260,311,1,25868.0,1768335180,343,25842.5,R_TRIGGER,-52.0,-52.0,0.9597
2026_01_13,1768334160.0,326,27,1768335780,353,-1,25844.75,1768337220,377,25855.0,R_TRIGGER,-21.5,-21.5,0.7395
2026_01_13,1768336380.0,363,22,1768337700,385,1,25889.25,1768338900,405,25910.25,SESSION_CLOSE,41.0,41.0,0.7541
2026_01_14,,-60,60,1768401000,0,-1,25732.25,1768401285,,25747.75,CAT_STOP,-32.0,-101.0,0.9651
2026_01_14,1768401120.0,2,4,1768401360,6,1,25700.25,1768401480,8,25711.25,R_TRIGGER,21.0,21.0,0.7517
2026_01_14,1768401300.0,5,3,1768401480,8,1,25711.25,1768401710,,25620.25,CAT_STOP,-183.0,-101.0,0.7858
2026_01_14,1768402140.0,19,4,1768402380,23,-1,25620.25,1768403160,36,25585.25,R_TRIGGER,69.0,69.0,0.8365
2026_01_14,1768402800.0,30,6,1768403160,36,-1,25585.25,1768403505,,25628.25,CAT_STOP,-87.0,-101.0,0.7999
2026_01_14,1768404660.0,61,11,1768405320,72,-1,25599.25,1768406640,94,25531.0,R_TRIGGER,135.5,135.5,0.7971
2026_01_14,1768405860.0,81,14,1768406700,95,-1,25517.5,1768407830,,25490.0,CAT_STOP,54.0,-101.0,0.7545
2026_01_14,1768409700.0,145,14,1768410540,159,1,25500.25,1768411080,168,25448.75,R_TRIGGER,-104.0,-104.0,0.9563
2026_01_14,1768411320.0,172,5,1768411620,177,1,25493.75,1768412040,184,25451.5,R_TRIGGER,-85.5,-85.5,0.8362
2026_01_14,1768411680.0,178,12,1768412400,190,1,25462.0,1768413000,200,25443.5,R_TRIGGER,-38.0,-38.0,0.7586
2026_01_14,1768412760.0,196,4,1768413000,200,-1,25443.5,1768414020,217,25480.75,R_TRIGGER,-75.5,-75.5,0.9711
2026_01_14,1768413480.0,208,14,1768414320,222,1,25483.75,1768415580,243,25443.5,R_TRIGGER,-81.5,-81.5,0.9619
2026_01_14,1768415400.0,240,3,1768415580,243,-1,25443.5,1768416300,255,25472.25,R_TRIGGER,-58.5,-58.5,0.9778
2026_01_14,1768415880.0,248,8,1768416360,256,1,25474.75,1768420800,330,25474.0,R_TRIGGER,-2.5,-2.5,0.949
2026_01_14,1768420200.0,320,10,1768420800,330,-1,25474.0,1768420930,,25523.5,CAT_STOP,-100.0,-101.0,0.9734
2026_01_14,1768420860.0,331,4,1768421100,335,1,25556.5,1768421700,345,25540.75,R_TRIGGER,-32.5,-32.5,0.9711
2026_01_14,1768421280.0,338,7,1768421700,345,1,25540.75,1768423500,375,25573.75,R_TRIGGER,65.0,65.0,0.7764
2026_01_14,1768423200.0,370,5,1768423500,375,-1,25573.75,1768424100,385,25618.0,R_TRIGGER,-89.5,-89.5,0.9691
2026_01_14,1768423920.0,382,8,1768424400,390,1,25654.25,1768425300,405,25631.5,SESSION_CLOSE,-46.5,-46.5,0.9679
2026_01_15,,-539,539,1768487400,0,1,25904.5,1768487640,4,25888.75,R_TRIGGER,-32.5,-32.5,0.755
2026_01_15,,-2,6,1768487640,4,1,25888.75,1768488480,18,25918.25,R_TRIGGER,58.0,58.0,0.7878
2026_01_15,1768488300.0,15,3,1768488480,18,1,25918.25,1768488650,,25864.0,CAT_STOP,-109.5,-101.0,0.7711
2026_01_15,1768488900.0,25,4,1768489140,29,1,25864.0,1768490880,58,25854.5,R_TRIGGER,-20.0,-20.0,0.7344
2026_01_15,1768490640.0,54,4,1768490880,58,-1,25854.5,1768491240,64,25905.75,R_TRIGGER,-103.5,-103.5,0.7885
2026_01_15,1768490880.0,58,11,1768491540,69,-1,25905.0,1768492620,87,25868.0,R_TRIGGER,73.0,73.0,0.7626
2026_01_15,1768492320.0,82,5,1768492620,87,-1,25868.0,1768494110,,25899.5,CAT_STOP,-64.0,-101.0,0.7953
2026_01_15,1768499940.0,209,40,1768502340,249,-1,25893.0,1768506060,311,25799.0,R_TRIGGER,187.0,187.0,0.7559
2026_01_15,1768505460.0,301,14,1768506300,315,-1,25790.75,1768511700,405,25705.25,SESSION_CLOSE,170.0,170.0,0.7944
2026_01_16,,-65,65,1768573800,0,1,25883.5,1768574575,,25820.5,CAT_STOP,-127.0,-101.0,0.8392
2026_01_16,1768573860.0,1,18,1768574940,19,-1,25821.25,1768577040,54,25727.25,R_TRIGGER,187.0,187.0,0.971
2026_01_16,1768576740.0,49,6,1768577100,55,1,25682.25,1768577340,59,25668.25,R_TRIGGER,-29.0,-29.0,0.766
2026_01_16,1768577040.0,54,5,1768577340,59,-1,25668.25,1768578840,84,25655.25,R_TRIGGER,25.0,25.0,0.7735
2026_01_16,1768578120.0,72,15,1768579020,87,1,25671.25,1768582560,146,25694.5,R_TRIGGER,45.5,45.5,0.9581
2026_01_16,1768582020.0,137,9,1768582560,146,-1,25694.5,1768587480,228,25715.75,R_TRIGGER,-43.5,-43.5,0.9541
2026_01_16,1768586340.0,209,31,1768588200,240,1,25720.5,1768590840,284,25695.0,R_TRIGGER,-52.0,-52.0,0.7414
2026_01_16,1768590360.0,276,14,1768591200,290,-1,25687.25,1768593180,323,25727.5,R_TRIGGER,-81.5,-81.5,0.7428
2026_01_16,1768591140.0,289,41,1768593600,330,1,25714.75,1768597800,400,25673.0,R_TRIGGER,-84.5,-84.5,0.7515
2026_01_19,,-28,29,1768833060,1,-1,25278.75,1768834260,21,25277.25,R_TRIGGER,2.0,2.0,0.7454
2026_01_19,1768833900.0,15,9,1768834440,24,1,25289.5,1768835940,49,25311.0,R_TRIGGER,42.0,42.0,0.9523
2026_01_19,1768835160.0,36,13,1768835940,49,-1,25311.0,1768836420,57,25325.75,R_TRIGGER,-30.5,-30.5,0.9529
2026_01_19,1768836180.0,53,11,1768836840,64,1,25331.75,1768839900,115,25341.5,R_TRIGGER,18.5,18.5,0.9556
2026_01_19,1768839300.0,105,10,1768839900,115,-1,25341.5,1768840680,128,25367.75,R_TRIGGER,-53.5,-53.5,0.9485
2026_01_19,1768840140.0,119,10,1768840740,129,1,25372.75,1768845540,209,25398.25,SESSION_CLOSE,50.0,50.0,0.9535
2026_01_20,,-52,52,1768919400,0,1,25291.75,1768919495,,25251.25,CAT_STOP,-82.0,-101.0,0.7393
2026_01_20,1768919700.0,5,5,1768920000,10,-1,25251.25,1768920175,,25334.0,CAT_STOP,-166.5,-101.0,0.737
2026_01_20,1768920060.0,11,4,1768920300,15,1,25310.25,1768921320,32,25292.25,R_TRIGGER,-37.0,-37.0,0.8138
2026_01_20,1768920660.0,21,11,1768921320,32,1,25292.25,1768924200,80,25340.5,R_TRIGGER,95.5,95.5,0.8904
2026_01_20,1768923720.0,72,9,1768924260,81,-1,25325.75,1768924855,,25403.5,CAT_STOP,-156.5,-101.0,0.9698
2026_01_20,1768924560.0,86,5,1768924860,91,1,25403.5,1768926300,115,25344.25,CAT_STOP,-119.5,-101.0,0.9715
2026_01_20,1768925460.0,101,14,1768926300,115,-1,25344.25,1768926540,119,25411.25,CAT_STOP,-135.0,-101.0,0.9754
2026_01_20,1768926360.0,116,9,1768926900,125,1,25411.25,1768927430,,25353.5,CAT_STOP,-116.5,-101.0,0.9678
2026_01_20,1768927140.0,129,5,1768927440,134,-1,25353.5,1768928275,,25161.75,CAT_STOP,382.5,-101.0,0.8917
2026_01_21,,-149,149,1769005800,0,-1,25214.25,1769006820,17,25234.75,R_TRIGGER,-42.0,-42.0,0.7946
2026_01_21,1769006460.0,11,7,1769006880,18,1,25215.0,1769013360,126,25386.25,R_TRIGGER,341.5,341.5,0.734
2026_01_21,1769011920.0,102,27,1769013540,129,-1,25335.25,1769018220,207,25246.75,R_TRIGGER,176.0,176.0,0.7543
2026_01_21,1769015700.0,165,43,1769018280,208,1,25256.5,1769018520,212,25161.0,CAT_STOP,-192.0,-101.0,0.7868
2026_01_21,1769018280.0,208,5,1769018580,213,-1,25161.0,1769019045,,25248.75,CAT_STOP,-176.5,-101.0,0.8242
2026_01_21,1769018580.0,213,30,1769020380,243,1,25248.75,1769026680,348,25548.75,R_TRIGGER,599.0,599.0,0.7502
2026_01_21,1769025600.0,330,18,1769026680,348,-1,25548.75,1769030100,405,25520.75,SESSION_CLOSE,55.0,55.0,0.8486
2026_01_22,,-31,31,1769092200,0,-1,25681.75,1769092740,9,25672.75,R_TRIGGER,17.0,17.0,0.9771
2026_01_22,1769092500.0,5,5,1769092800,10,-1,25680.5,1769093580,23,25617.75,R_TRIGGER,124.5,124.5,0.7844
2026_01_22,1769093400.0,20,5,1769093700,25,-1,25588.25,1769094960,46,25576.75,R_TRIGGER,22.0,22.0,0.8215
2026_01_22,1769094360.0,36,11,1769095020,47,-1,25543.0,1769095315,,25649.25,CAT_STOP,-213.5,-101.0,0.7809
2026_01_22,1769097480.0,88,57,1769100900,145,1,25673.0,1769108280,268,25669.25,R_TRIGGER,-8.5,-8.5,0.7742
2026_01_22,1769105280.0,218,50,1769108280,268,-1,25669.25,1769115000,380,25633.75,R_TRIGGER,70.0,70.0,0.7846
2026_01_22,1769114280.0,368,12,1769115000,380,1,25633.75,1769116500,405,25649.5,SESSION_CLOSE,30.5,30.5,0.8167
2026_01_23,,-28,31,1769178780,3,1,25603.5,1769178840,4,25591.75,R_TRIGGER,-24.5,-24.5,0.7621
2026_01_23,1769178660.0,1,3,1769178840,4,1,25591.75,1769179740,19,25593.0,R_TRIGGER,1.5,1.5,0.8038
2026_01_23,1769179560.0,16,4,1769179800,20,1,25597.75,1769185680,118,25786.0,R_TRIGGER,375.5,375.5,0.7609
2026_01_23,1769184240.0,94,24,1769185680,118,-1,25786.0,1769186280,128,25819.25,R_TRIGGER,-67.5,-67.5,0.7709
2026_01_23,1769186100.0,125,3,1769186280,128,1,25819.25,1769187600,150,25772.75,R_TRIGGER,-94.0,-94.0,0.7546
2026_01_23,1769186940.0,139,11,1769187600,150,-1,25772.75,1769191680,218,25744.5,R_TRIGGER,55.5,55.5,0.9636
2026_01_23,1769191140.0,209,10,1769191740,219,1,25747.25,1769197260,311,25724.5,R_TRIGGER,-46.5,-46.5,0.9637
2026_01_23,1769196060.0,291,20,1769197260,311,-1,25724.5,1769199480,348,25741.25,R_TRIGGER,-34.5,-34.5,0.735
2026_01_23,1769199060.0,341,7,1769199480,348,1,25741.25,1769202720,402,25703.75,R_TRIGGER,-76.0,-76.0,0.9543
2026_01_26,,-48,48,1769437800,0,-1,25717.0,1769437965,,25856.0,CAT_STOP,-279.0,-101.0,0.9811
2026_01_26,1769440320.0,42,5,1769440620,47,1,25856.0,1769442180,73,25837.5,R_TRIGGER,-38.0,-38.0,0.9712
2026_01_26,1769442240.0,74,14,1769443080,88,1,25879.75,1769449800,200,25891.25,R_TRIGGER,22.0,22.0,0.7354
2026_01_26,1769447040.0,154,46,1769449800,200,-1,25891.25,1769452200,240,25920.0,R_TRIGGER,-58.5,-58.5,0.853
2026_01_26,1769450940.0,219,22,1769452260,241,1,25924.75,1769457240,324,25881.25,R_TRIGGER,-88.0,-88.0,0.7342
2026_01_26,1769452380.0,243,93,1769457960,336,-1,25884.0,1769462100,405,25865.0,SESSION_CLOSE,37.0,37.0,0.7402
2026_01_27,,-149,149,1769524200,0,-1,25981.5,1769524860,11,25966.75,R_TRIGGER,28.5,28.5,0.7824
2026_01_27,1769524680.0,8,5,1769524980,13,1,25956.25,1769533920,162,26070.5,R_TRIGGER,227.5,227.5,0.7421
2026_01_27,1769530740.0,109,59,1769534280,168,-1,26057.75,1769535660,191,26089.0,R_TRIGGER,-63.5,-63.5,0.7343
2026_01_27,1769534340.0,169,23,1769535720,192,1,26081.0,1769536860,211,26051.0,R_TRIGGER,-61.0,-61.0,0.772
2026_01_27,1769535720.0,192,19,1769536860,211,-1,26051.0,1769538000,230,26078.0,R_TRIGGER,-55.0,-55.0,0.7523
2026_01_27,1769536920.0,212,72,1769541240,284,1,26086.75,1769547300,385,26078.0,R_TRIGGER,-18.5,-18.5,0.8171
2026_01_27,1769545020.0,347,38,1769547300,385,-1,26078.0,1769548500,405,26083.5,SESSION_CLOSE,-12.0,-12.0,0.754
2026_01_28,,-87,87,1769610600,0,-1,26251.75,1769610720,2,26282.25,R_TRIGGER,-62.0,-62.0,0.7924
2026_01_28,,-11,13,1769610720,2,-1,26282.25,1769611200,10,26263.25,R_TRIGGER,37.0,37.0,0.8161
2026_01_28,1769610960.0,6,9,1769611500,15,-1,26291.75,1769611860,21,26275.5,R_TRIGGER,31.5,31.5,0.7407
2026_01_28,1769611680.0,18,12,1769612400,30,-1,26255.0,1769616660,101,26196.75,R_TRIGGER,115.5,115.5,0.7749
2026_01_28,1769616660.0,101,11,1769617320,112,-1,26157.0,1769619840,154,26133.25,R_TRIGGER,46.5,46.5,0.8856
2026_01_28,1769619240.0,144,17,1769620260,161,1,26147.0,1769621040,174,26125.25,R_TRIGGER,-44.5,-44.5,0.9601
2026_01_28,1769620800.0,170,5,1769621100,175,-1,26123.0,1769622780,203,26157.0,R_TRIGGER,-69.0,-69.0,0.9591
2026_01_28,1769621640.0,184,19,1769622780,203,1,26157.0,1769623260,211,26124.5,R_TRIGGER,-66.0,-66.0,0.9511
2026_01_28,1769622900.0,205,7,1769623320,212,-1,26128.25,1769624160,226,26165.75,R_TRIGGER,-76.0,-76.0,0.9636
2026_01_28,1769623320.0,212,36,1769625480,248,1,26149.5,1769626980,273,26133.75,R_TRIGGER,-32.5,-32.5,0.7593
2026_01_28,1769626800.0,270,3,1769626980,273,-1,26133.75,1769627520,282,26160.0,R_TRIGGER,-53.5,-53.5,0.8308
2026_01_28,1769626980.0,273,10,1769627580,283,-1,26141.75,1769628780,303,26151.75,R_TRIGGER,-21.0,-21.0,0.7592
2026_01_28,1769628540.0,299,4,1769628780,303,1,26151.75,1769629200,310,26144.75,R_TRIGGER,-15.0,-15.0,0.8481
2026_01_28,1769629020.0,307,4,1769629260,311,1,26154.75,1769630340,329,26160.75,R_TRIGGER,11.0,11.0,0.7829
2026_01_28,1769629920.0,322,8,1769630400,330,1,26178.25,1769632140,359,26174.5,R_TRIGGER,-8.5,-8.5,0.7568
2026_01_28,1769631060.0,341,20,1769632260,361,-1,26165.5,1769633580,383,26184.0,R_TRIGGER,-38.0,-38.0,0.9711
2026_01_28,1769633400.0,380,3,1769633580,383,-1,26184.0,1769634360,396,26085.25,R_TRIGGER,196.5,196.5,0.792
2026_01_28,1769634180.0,393,3,1769634360,396,-1,26085.25,1769634520,,26186.25,CAT_STOP,-203.0,-101.0,0.8212
2026_01_29,,-46,46,1769697000,0,-1,26139.25,1769698140,19,25986.25,R_TRIGGER,305.0,305.0,0.8545
2026_01_29,1769697960.0,16,4,1769698200,20,-1,25974.75,1769699280,38,25801.0,R_TRIGGER,346.5,346.5,0.758
2026_01_29,1769699040.0,34,4,1769699280,38,-1,25801.0,1769699880,48,25766.25,R_TRIGGER,68.5,68.5,0.8301
2026_01_29,1769699640.0,44,4,1769699880,48,-1,25766.25,1769700075,,25604.0,CAT_STOP,323.5,-101.0,0.8269
2026_01_29,1769702040.0,84,4,1769702280,88,1,25580.25,1769702520,92,25567.75,R_TRIGGER,-26.0,-26.0,0.7465
2026_01_29,1769702220.0,87,6,1769702580,93,-1,25569.75,1769703060,101,25615.75,R_TRIGGER,-93.0,-93.0,0.8172
2026_01_29,1769702820.0,97,4,1769703060,101,1,25615.75,1769704080,118,25665.5,R_TRIGGER,98.5,98.5,0.8235
2026_01_29,1769703720.0,112,8,1769704200,120,1,25692.0,1769705820,147,25697.0,R_TRIGGER,9.0,9.0,0.7502
2026_01_29,1769705280.0,138,9,1769705820,147,1,25697.0,1769708520,192,25824.5,R_TRIGGER,254.0,254.0,0.7579
2026_01_29,1769708280.0,188,6,1769708640,194,1,25836.5,1769709120,202,25836.75,CAT_STOP,-0.5,-101.0,0.736
2026_01_29,1769712000.0,250,20,1769713200,270,-1,25837.75,1769713560,276,25870.5,R_TRIGGER,-66.5,-66.5,0.9732
2026_01_29,1769713260.0,271,5,1769713560,276,1,25870.5,1769715000,300,25851.5,R_TRIGGER,-39.0,-39.0,0.8029
2026_01_29,1769714280.0,288,12,1769715000,300,-1,25851.5,1769718960,366,25882.0,R_TRIGGER,-62.0,-62.0,0.9672
2026_01_29,1769716140.0,319,52,1769719260,371,1,25904.75,1769720760,396,25968.5,R_TRIGGER,126.5,126.5,0.7365
2026_01_29,1769720280.0,388,9,1769720820,397,-1,25985.75,1769721300,405,25983.75,SESSION_CLOSE,3.0,3.0,0.7519
2026_01_30,,-60,60,1769783400,0,1,25896.5,1769783405,,25862.25,CAT_STOP,-69.5,-101.0,0.7645
2026_01_30,1769783400.0,0,7,1769783820,7,1,25862.25,1769784300,15,25858.75,R_TRIGGER,-8.0,-8.0,0.8193
2026_01_30,1769784000.0,10,6,1769784360,16,1,25857.25,1769784840,24,25876.5,R_TRIGGER,37.5,37.5,0.7802
2026_01_30,1769784600.0,20,4,1769784840,24,1,25876.5,1769785190,,25859.25,CAT_STOP,-35.5,-101.0,0.8043
2026_01_30,1769785920.0,42,14,1769786760,56,-1,25825.5,1769787300,65,25882.5,R_TRIGGER,-115.0,-115.0,0.978
2026_01_30,1769787000.0,60,5,1769787300,65,-1,25882.5,1769788040,,25812.25,CAT_STOP,139.5,-101.0,0.835
2026_01_30,1769790120.0,112,10,1769790720,122,-1,25812.25,1769793720,172,25758.25,R_TRIGGER,107.0,107.0,0.7662
2026_01_30,1769792880.0,158,17,1769793900,175,1,25763.75,1769794500,185,25715.25,R_TRIGGER,-98.0,-98.0,0.7647
2026_01_30,1769794260.0,181,4,1769794500,185,-1,25715.25,1769795160,196,25759.5,R_TRIGGER,-89.5,-89.5,0.8361
2026_01_30,1769794500.0,185,12,1769795220,197,1,25737.5,1769795640,204,25709.75,R_TRIGGER,-56.5,-56.5,0.7598
2026_01_30,1769795160.0,196,12,1769795880,208,-1,25695.75,1769797560,236,25650.5,R_TRIGGER,89.5,89.5,0.9718
2026_01_30,1769797380.0,233,4,1769797620,237,1,25662.25,1769798040,244,25604.5,R_TRIGGER,-116.5,-116.5,0.9806
2026_01_30,1769797800.0,240,10,1769798400,250,1,25624.5,1769801400,300,25690.5,R_TRIGGER,131.0,131.0,0.7627
2026_01_30,1769799960.0,276,24,1769801400,300,-1,25690.5,1769805300,365,25640.75,R_TRIGGER,98.5,98.5,0.9782
2026_01_30,1769804520.0,352,13,1769805300,365,-1,25640.75,1769806080,378,25663.75,CAT_STOP,-47.0,-101.0,0.755
2026_01_30,1769806500.0,385,5,1769806800,390,1,25663.75,1769807220,397,25638.5,R_TRIGGER,-51.5,-51.5,0.8497
2026_01_30,1769806800.0,390,7,1769807220,397,1,25638.5,1769807700,405,25654.5,SESSION_CLOSE,31.0,31.0,0.7932
2026_02_02,,-86,88,1770042720,2,-1,25635.75,1770042995,,25786.0,CAT_STOP,-301.5,-101.0,0.7576
2026_02_02,1770044340.0,29,5,1770044640,34,1,25797.0,1770047340,79,25845.0,R_TRIGGER,95.0,95.0,0.97
2026_02_02,1770045600.0,50,29,1770047340,79,-1,25845.0,1770049080,108,25877.75,R_TRIGGER,-66.5,-66.5,0.9644
2026_02_02,1770048360.0,96,15,1770049260,111,1,25879.25,1770061800,320,25883.75,R_TRIGGER,8.0,8.0,0.736
2026_02_02,1770058680.0,268,52,1770061800,320,-1,25883.75,1770062760,336,25891.75,R_TRIGGER,-17.0,-17.0,0.8384
2026_02_02,1770062400.0,330,7,1770062820,337,-1,25885.0,1770066900,405,25881.25,SESSION_CLOSE,6.5,6.5,0.7373
2026_02_03,,-75,75,1770129000,0,-1,25943.0,1770129960,16,25776.5,R_TRIGGER,332.0,332.0,0.7876
2026_02_03,1770129780.0,13,4,1770130020,17,-1,25798.25,1770131460,41,25574.25,R_TRIGGER,447.0,447.0,0.7513
2026_02_03,1770131280.0,38,3,1770131460,41,-1,25574.25,1770132000,50,25599.75,R_TRIGGER,-52.0,-52.0,0.7847
2026_02_03,1770131640.0,44,8,1770132120,52,-1,25544.75,1770132480,58,25560.75,R_TRIGGER,-33.0,-33.0,0.8066
2026_02_03,1770132300.0,55,3,1770132480,58,-1,25560.75,1770133140,69,25547.5,R_TRIGGER,25.5,25.5,0.7571
2026_02_03,1770132960.0,66,4,1770133200,70,1,25547.75,1770133500,75,25512.0,R_TRIGGER,-72.5,-72.5,0.8192
2026_02_03,1770133200.0,70,6,1770133560,76,-1,25525.5,1770133680,78,25580.5,CAT_STOP,-111.0,-101.0,0.7567
2026_02_03,1770133500.0,75,4,1770133740,79,1,25592.0,1770133980,83,25560.5,R_TRIGGER,-64.0,-64.0,0.9692
2026_02_03,1770133800.0,80,5,1770134100,85,1,25609.75,1770134580,93,25581.5,R_TRIGGER,-57.5,-57.5,0.7903
2026_02_03,1770134280.0,88,12,1770135000,100,-1,25540.25,1770135180,103,25579.5,R_TRIGGER,-79.5,-79.5,0.9656
2026_02_03,1770135000.0,100,5,1770135300,105,-1,25554.75,1770136560,126,25513.0,R_TRIGGER,82.5,82.5,0.8246
2026_02_03,1770136380.0,123,5,1770136680,128,-1,25504.75,1770137760,146,25516.75,R_TRIGGER,-25.0,-25.0,0.7686
2026_02_03,1770137460.0,141,9,1770138000,150,-1,25490.75,1770139080,168,25453.75,R_TRIGGER,73.0,73.0,0.7493
2026_02_03,1770138720.0,162,6,1770139080,168,-1,25453.75,1770140880,198,25396.5,R_TRIGGER,113.5,113.5,0.7906
2026_02_03,1770140580.0,193,8,1770141060,201,1,25415.5,1770141720,212,25382.25,R_TRIGGER,-67.5,-67.5,0.9598
2026_02_03,1770141060.0,201,11,1770141720,212,1,25382.25,1770142320,222,25363.5,R_TRIGGER,-38.5,-38.5,0.7492
2026_02_03,1770142140.0,219,4,1770142380,223,-1,25333.0,1770145860,281,25270.25,R_TRIGGER,124.5,124.5,0.9781
2026_02_03,1770145680.0,278,3,1770145860,281,1,25270.25,1770146700,295,25283.0,R_TRIGGER,24.5,24.5,0.7733
2026_02_03,1770146520.0,292,3,1770146700,295,-1,25283.0,1770148560,326,25313.0,R_TRIGGER,-61.0,-61.0,0.8234
2026_02_03,1770148380.0,323,5,1770148680,328,1,25318.75,1770148980,333,25292.5,R_TRIGGER,-53.5,-53.5,0.9649
2026_02_03,1770148740.0,329,4,1770148980,333,1,25292.5,1770151320,372,25387.75,R_TRIGGER,189.5,189.5,0.7756
2026_02_03,1770151080.0,368,4,1770151320,372,1,25387.75,1770153300,405,25433.75,SESSION_CLOSE,91.0,91.0,0.7419
2026_02_04,,-22,22,1770215400,0,1,25310.5,1770215520,2,25267.5,CAT_STOP,-87.0,-101.0,0.7897
2026_02_04,,-1,3,1770215520,2,-1,25267.5,1770215700,5,25344.25,R_TRIGGER,-154.5,-154.5,0.8368
2026_02_04,1770215520.0,2,3,1770215700,5,-1,25344.25,1770217500,35,25171.5,R_TRIGGER,344.5,344.5,0.8085
2026_02_04,1770217320.0,32,3,1770217500,35,-1,25171.5,1770217700,,25241.75,CAT_STOP,-141.5,-101.0,0.8414
2026_02_04,1770218280.0,48,5,1770218580,53,-1,25261.75,1770219660,71,25230.5,R_TRIGGER,61.5,61.5,0.8046
2026_02_04,1770219480.0,68,3,1770219660,71,-1,25230.5,1770221520,102,25130.5,R_TRIGGER,199.0,199.0,0.8594
2026_02_04,1770221340.0,99,6,1770221700,105,-1,25124.25,1770222240,114,25111.5,R_TRIGGER,24.5,24.5,0.8398
2026_02_04,1770221940.0,109,6,1770222300,115,-1,25104.75,1770224100,145,25000.5,R_TRIGGER,207.5,207.5,0.7963
2026_02_04,1770223860.0,141,4,1770224100,145,-1,25000.5,1770224595,,24845.0,CAT_STOP,310.0,-101.0,0.7697
2026_02_04,1770227400.0,200,5,1770227700,205,-1,24874.25,1770229500,235,24917.0,R_TRIGGER,-86.5,-86.5,0.8361
2026_02_04,1770228720.0,222,16,1770229680,238,1,24937.5,1770229920,242,24862.75,R_TRIGGER,-150.5,-150.5,0.7749
2026_02_04,1770229740.0,239,4,1770229980,243,-1,24862.75,1770230520,252,24932.25,R_TRIGGER,-140.0,-140.0,0.7518
2026_02_04,1770230040.0,244,8,1770230520,252,1,24932.25,1770230700,255,24886.5,CAT_STOP,-92.5,-101.0,0.8342
2026_02_04,1770230520.0,252,8,1770231000,260,-1,24839.75,1770231240,264,24904.0,CAT_STOP,-129.5,-101.0,0.9717
2026_02_04,1770231060.0,261,5,1770231360,266,1,24937.75,1770231900,275,24887.5,CAT_STOP,-101.5,-101.0,0.9682
2026_02_04,1770231480.0,268,7,1770231900,275,1,24887.5,1770235320,332,25056.75,R_TRIGGER,337.5,337.5,0.8486
2026_02_04,1770235080.0,328,5,1770235380,333,-1,25077.75,1770236820,357,25078.0,R_TRIGGER,-1.5,-1.5,0.8075
2026_02_04,1770235980.0,343,17,1770237000,360,-1,25054.25,1770238920,392,24934.75,R_TRIGGER,238.0,238.0,0.8066
2026_02_04,1770238560.0,386,6,1770238920,392,-1,24934.75,1770238935,,25022.5,CAT_STOP,-176.5,-101.0,0.9112
2026_02_04,1770239100.0,395,3,1770239280,398,-1,25022.5,1770239700,405,25032.5,SESSION_CLOSE,-21.0,-21.0,0.7642
2026_02_05,,-52,52,1770301800,0,-1,24712.5,1770302010,,24798.25,CAT_STOP,-172.5,-101.0,0.7574
2026_02_05,1770301920.0,2,3,1770302100,5,-1,24798.25,1770302280,8,24610.75,CAT_STOP,374.0,-101.0,0.8914
2026_02_05,1770304500.0,45,10,1770305100,55,-1,24610.75,1770305125,,24660.5,CAT_STOP,-100.5,-101.0,0.8015
2026_02_05,1770308040.0,104,4,1770308280,108,1,24666.0,1770311040,154,24761.75,R_TRIGGER,190.5,190.5,0.9756
2026_02_05,1770310500.0,145,13,1770311280,158,1,24766.75,1770314280,208,24781.75,R_TRIGGER,29.0,29.0,0.7376
2026_02_05,1770313560.0,196,12,1770314280,208,-1,24781.75,1770314520,212,24770.75,CAT_STOP,21.0,-101.0,0.9771
2026_02_05,1770317580.0,263,17,1770318600,280,1,24770.75,1770319860,301,24723.75,R_TRIGGER,-95.0,-95.0,0.7843
2026_02_05,1770319380.0,293,8,1770319860,301,-1,24723.75,1770322020,337,24781.75,R_TRIGGER,-117.0,-117.0,0.7458
2026_02_05,1770321120.0,322,15,1770322020,337,1,24781.75,1770322545,,24695.25,CAT_STOP,-174.0,-101.0,0.9631
2026_02_05,1770322260.0,341,8,1770322740,349,-1,24695.25,1770325200,390,24665.25,R_TRIGGER,59.0,59.0,0.8011
2026_02_05,1770324720.0,382,8,1770325200,390,1,24665.25,1770325260,391,24571.5,CAT_STOP,-188.5,-101.0,0.8656
2026_02_05,1770325260.0,391,3,1770325440,394,1,24571.5,1770326100,405,24596.25,SESSION_CLOSE,48.5,48.5,0.9124
2026_02_06,,-60,60,1770388200,0,-1,24738.75,1770388380,3,24856.75,CAT_STOP,-237.0,-101.0,0.8628
2026_02_06,1770388320.0,2,3,1770388500,5,1,24856.75,1770389700,25,24883.25,R_TRIGGER,52.0,52.0,0.9058
2026_02_06,1770389520.0,22,3,1770389700,25,1,24883.25,1770390000,30,24770.25,CAT_STOP,-227.0,-101.0,0.8425
2026_02_06,1770390660.0,41,3,1770390840,44,-1,24770.25,1770391020,47,24850.5,CAT_STOP,-161.5,-101.0,0.8027
2026_02_06,1770390960.0,46,3,1770391140,49,-1,24850.5,1770391380,53,24877.5,CAT_STOP,-55.0,-101.0,0.7691
2026_02_06,1770393240.0,84,4,1770393480,88,-1,24877.5,1770393780,93,25043.0,CAT_STOP,-332.0,-101.0,0.7864
2026_02_06,1770397080.0,148,10,1770397680,158,1,25043.0,1770408000,330,25064.75,R_TRIGGER,42.5,42.5,0.95
2026_02_06,1770401160.0,216,119,1770408300,335,1,25099.25,1770411540,389,25146.75,R_TRIGGER,94.0,94.0,0.956
2026_02_06,1770411120.0,382,7,1770411540,389,1,25146.75,1770412500,405,25121.5,SESSION_CLOSE,-51.5,-51.5,0.7549
2026_02_09,,-66,66,1770647400,0,-1,24990.5,1770647405,,25044.5,CAT_STOP,-109.0,-101.0,0.8265
2026_02_09,1770647460.0,1,3,1770647640,4,-1,25044.5,1770648000,10,25163.25,CAT_STOP,-238.5,-101.0,0.8894
2026_02_09,1770648840.0,24,10,1770649440,34,1,25163.25,1770650700,55,25195.75,R_TRIGGER,64.0,64.0,0.7481
2026_02_09,1770650400.0,50,6,1770650760,56,-1,25187.25,1770651000,60,25227.75,R_TRIGGER,-82.0,-82.0,0.7835
2026_02_09,1770650820.0,57,8,1770651300,65,1,25255.0,1770659880,208,25354.0,R_TRIGGER,197.0,197.0,0.9633
2026_02_09,1770657180.0,163,48,1770660060,211,-1,25348.0,1770662100,245,25376.25,R_TRIGGER,-57.5,-57.5,0.8533
2026_02_09,1770661260.0,231,19,1770662400,250,1,25373.5,1770668640,354,25378.0,R_TRIGGER,8.0,8.0,0.9588
2026_02_09,1770665940.0,309,45,1770668640,354,-1,25378.0,1770670260,381,25384.75,R_TRIGGER,-14.5,-14.5,0.7356
2026_02_09,1770669360.0,366,15,1770670260,381,1,25384.75,1770671700,405,25369.5,SESSION_CLOSE,-31.5,-31.5,0.9674
2026_02_10,,-78,80,1770733920,2,-1,25380.25,1770734700,15,25295.25,R_TRIGGER,169.0,169.0,0.7967
2026_02_10,1770734520.0,12,3,1770734700,15,-1,25295.25,1770735120,22,25330.75,R_TRIGGER,-72.0,-72.0,0.8364
2026_02_10,1770734940.0,19,6,1770735300,25,1,25388.25,1770736380,43,25366.25,R_TRIGGER,-45.0,-45.0,0.9567
2026_02_10,1770736500.0,45,3,1770736680,48,1,25413.25,1770737160,56,25407.0,R_TRIGGER,-13.5,-13.5,0.7685
2026_02_10,1770738420.0,77,5,1770738720,82,-1,25395.0,1770739260,91,25380.5,R_TRIGGER,28.0,28.0,0.9605
2026_02_10,1770738960.0,86,8,1770739440,94,-1,25388.5,1770740220,107,25389.5,R_TRIGGER,-3.0,-3.0,0.8102
2026_02_10,1770739740.0,99,10,1770740340,109,-1,25384.0,1770742020,137,25348.0,R_TRIGGER,71.0,71.0,0.7426
2026_02_10,1770741720.0,132,5,1770742020,137,1,25348.0,1770742200,140,25329.0,R_TRIGGER,-39.0,-39.0,0.7701
2026_02_10,1770743040.0,154,10,1770743640,164,1,25364.75,1770746700,215,25358.75,R_TRIGGER,-13.0,-13.0,0.9567
2026_02_10,1770745980.0,203,12,1770746700,215,-1,25358.75,1770749760,266,25313.5,R_TRIGGER,89.5,89.5,0.9667
2026_02_10,1770748440.0,244,26,1770750000,270,-1,25304.25,1770757500,395,25231.5,R_TRIGGER,144.5,144.5,0.7895
2026_02_10,1770756960.0,386,15,1770757860,401,1,25231.5,1770758100,405,25236.25,SESSION_CLOSE,8.5,8.5,0.9664
2026_02_11,,-266,267,1770820260,1,-1,25449.0,1770821100,15,25425.25,R_TRIGGER,46.5,46.5,0.8021
2026_02_11,1770820740.0,9,7,1770821160,16,-1,25373.25,1770821170,,25123.5,CAT_STOP,498.5,-101.0,0.7933
2026_02_11,1770823620.0,57,12,1770824340,69,-1,25168.0,1770825120,82,25222.5,R_TRIGGER,-110.0,-110.0,0.7568
2026_02_11,1770824940.0,79,3,1770825120,82,1,25222.5,1770825780,93,25205.0,R_TRIGGER,-36.0,-36.0,0.7563
2026_02_11,1770825420.0,87,9,1770825960,96,1,25204.25,1770827220,117,25209.0,R_TRIGGER,8.5,8.5,0.737
2026_02_11,1770827040.0,114,4,1770827280,118,-1,25208.5,1770828000,130,25255.5,R_TRIGGER,-95.0,-95.0,0.8138
2026_02_11,1770828000.0,130,9,1770828540,139,-1,25204.0,1770829740,159,25207.0,R_TRIGGER,-7.0,-7.0,0.746
2026_02_11,1770829320.0,152,7,1770829740,159,1,25207.0,1770832680,208,25263.75,R_TRIGGER,112.5,112.5,0.7996
2026_02_11,1770832260.0,201,7,1770832680,208,-1,25263.75,1770834420,237,25262.0,R_TRIGGER,2.5,2.5,0.9772
2026_02_11,1770833700.0,225,13,1770834480,238,1,25276.0,1770839100,315,25288.5,R_TRIGGER,24.0,24.0,0.9657
2026_02_11,1770837960.0,296,19,1770839100,315,-1,25288.5,1770839115,,25281.25,CAT_STOP,13.5,-101.0,0.9729
2026_02_12,,-47,47,1770906600,0,-1,25344.75,1770907020,7,25367.75,R_TRIGGER,-47.0,-47.0,0.7672
2026_02_12,1770906660.0,1,6,1770907020,7,-1,25367.75,1770907980,23,25264.75,R_TRIGGER,205.0,205.0,0.8549
2026_02_12,1770907800.0,20,3,1770907980,23,-1,25264.75,1770908580,33,25239.0,R_TRIGGER,50.5,50.5,0.775
2026_02_12,1770908400.0,30,4,1770908640,34,1,25200.25,1770908880,38,25177.0,R_TRIGGER,-47.5,-47.5,0.768
2026_02_12,1770908580.0,33,5,1770908880,38,-1,25177.0,1770909240,44,25233.25,R_TRIGGER,-113.5,-113.5,0.7374
2026_02_12,1770908940.0,39,8,1770909420,47,-1,25216.25,1770910080,58,25242.25,R_TRIGGER,-53.0,-53.0,0.7369
2026_02_12,1770909660.0,51,10,1770910260,61,1,25219.5,1770910380,63,25184.25,R_TRIGGER,-71.5,-71.5,0.7882
2026_02_12,1770910200.0,60,3,1770910380,63,-1,25184.25,1770914040,124,24846.0,R_TRIGGER,675.5,675.5,0.7364
2026_02_12,1770913860.0,121,3,1770914040,124,1,24846.0,1770914760,136,24858.75,R_TRIGGER,24.5,24.5,0.7927
2026_02_12,1770914580.0,133,4,1770914820,137,-1,24847.0,1770915840,154,24881.5,R_TRIGGER,-70.0,-70.0,0.8207
2026_02_12,1770915660.0,151,7,1770916080,158,1,24869.75,1770916320,162,24846.0,R_TRIGGER,-48.5,-48.5,0.7357
2026_02_12,1770916140.0,159,3,1770916320,162,-1,24846.0,1770916920,172,24887.5,R_TRIGGER,-84.0,-84.0,0.7639
2026_02_12,1770916740.0,169,6,1770917100,175,1,24894.5,1770917460,181,24868.75,R_TRIGGER,-52.5,-52.5,0.7464
2026_02_12,1770917280.0,178,3,1770917460,181,1,24868.75,1770918060,191,24892.0,R_TRIGGER,45.5,45.5,0.78
2026_02_12,1770917880.0,188,3,1770918060,191,1,24892.0,1770918995,,24836.5,CAT_STOP,-112.0,-101.0,0.7534
2026_02_12,1770919620.0,217,10,1770920220,227,-1,24819.25,1770920640,234,24853.75,R_TRIGGER,-70.0,-70.0,0.7976
2026_02_12,1770920340.0,229,7,1770920760,236,-1,24855.25,1770921180,243,24850.0,R_TRIGGER,9.5,9.5,0.7717
2026_02_12,1770920940.0,239,4,1770921180,243,-1,24850.0,1770921805,,24901.25,CAT_STOP,-103.5,-101.0,0.7994
2026_02_12,1770923520.0,282,5,1770923820,287,-1,24901.25,1770924720,302,24907.5,R_TRIGGER,-13.5,-13.5,0.7498
2026_02_12,1770924480.0,298,4,1770924720,302,1,24907.5,1770926280,328,24901.75,R_TRIGGER,-12.5,-12.5,0.7774
2026_02_12,1770925800.0,320,12,1770926520,332,1,24889.0,1770927600,350,24787.75,CAT_STOP,-203.5,-101.0,0.7924
2026_02_12,1770928860.0,371,5,1770929160,376,-1,24787.75,1770929700,385,24774.5,R_TRIGGER,25.5,25.5,0.8394
2026_02_12,1770929520.0,382,4,1770929760,386,-1,24753.0,1770930805,,24809.25,CAT_STOP,-113.5,-101.0,0.7438
2026_02_13,,-27,27,1770993000,0,1,24743.75,1770993030,,24714.75,CAT_STOP,-59.0,-101.0,0.8111
2026_02_13,1770993180.0,3,3,1770993360,6,-1,24714.75,1770993900,15,24802.25,R_TRIGGER,-176.0,-176.0,0.84
2026_02_13,1770993720.0,12,3,1770993900,15,-1,24802.25,1770994500,25,24790.75,R_TRIGGER,22.0,22.0,0.805
2026_02_13,1770994320.0,22,3,1770994500,25,1,24790.75,1770994505,,24699.75,CAT_STOP,-183.0,-101.0,0.8785
2026_02_13,1770994500.0,25,3,1770994680,28,1,24699.75,1770995640,44,24759.75,R_TRIGGER,119.0,119.0,0.8432
2026_02_13,1770995460.0,41,4,1770995700,45,1,24776.75,1770995820,47,24827.75,CAT_STOP,101.0,-101.0,0.8008
2026_02_13,1770996960.0,66,3,1770997140,69,1,24827.75,1770997495,,24807.75,CAT_STOP,-41.0,-101.0,0.7905
2026_02_13,1770998940.0,99,3,1770999120,102,-1,24807.75,1770999465,,24855.5,CAT_STOP,-96.5,-101.0,0.7676
2026_02_13,1770999840.0,114,4,1771000080,118,-1,24854.5,1771001155,,24965.5,CAT_STOP,-223.0,-101.0,0.7444
2026_02_13,1771005900.0,215,13,1771006680,228,-1,24965.5,1771016040,384,24797.75,R_TRIGGER,334.5,334.5,0.7654
2026_02_13,1771015020.0,367,17,1771016040,384,1,24797.75,1771017300,405,24790.25,SESSION_CLOSE,-16.0,-16.0,0.8217
2026_02_16,,-298,299,1771252260,1,-1,24763.5,1771253580,23,24758.25,R_TRIGGER,9.5,9.5,0.7389
2026_02_16,1771253220.0,17,6,1771253580,23,1,24758.25,1771255260,51,24732.75,R_TRIGGER,-52.0,-52.0,0.9586
2026_02_16,1771254360.0,36,16,1771255320,52,-1,24729.25,1771258200,100,24744.25,R_TRIGGER,-31.0,-31.0,0.7403
2026_02_16,1771256700.0,75,33,1771258680,108,-1,24713.5,1771260600,140,24729.0,R_TRIGGER,-32.0,-32.0,0.7517
2026_02_16,1771259940.0,129,15,1771260840,144,1,24723.25,1771264740,209,24746.0,SESSION_CLOSE,44.5,44.5,0.7407
2026_02_17,,-38,38,1771338600,0,-1,24625.5,1771338660,1,24700.5,R_TRIGGER,-151.0,-151.0,0.8435
2026_02_17,,-31,32,1771338660,1,-1,24700.5,1771338895,,24559.25,CAT_STOP,281.5,-101.0,0.902
2026_02_17,1771340400.0,30,3,1771340580,33,1,24559.25,1771340870,,24480.5,CAT_STOP,-158.5,-101.0,0.7406
2026_02_17,1771340640.0,34,7,1771341060,41,-1,24480.5,1771341150,,24562.25,CAT_STOP,-164.5,-101.0,0.8427
2026_02_17,1771341120.0,42,4,1771341360,46,-1,24562.25,1771341540,49,24511.25,CAT_STOP,101.0,-101.0,0.8607
2026_02_17,1771342380.0,63,11,1771343040,74,-1,24511.25,1771343280,78,24770.5,CAT_STOP,-519.5,-101.0,0.7979
2026_02_17,1771345800.0,120,6,1771346160,126,1,24770.5,1771347660,151,24728.0,R_TRIGGER,-86.0,-86.0,0.8398
2026_02_17,1771347360.0,146,9,1771347900,155,1,24740.5,1771348355,,24708.0,CAT_STOP,-66.0,-101.0,0.7789
2026_02_17,1771349400.0,180,3,1771349580,183,-1,24708.0,1771351020,207,24676.5,R_TRIGGER,62.0,62.0,0.838
2026_02_17,1771350780.0,203,6,1771351140,209,-1,24697.5,1771352580,233,24800.25,CAT_STOP,-206.5,-101.0,0.8008
2026_02_18,,-60,60,1771425000,0,-1,24776.5,1771425180,3,24804.0,R_TRIGGER,-56.0,-56.0,0.8977
2026_02_18,1771425000.0,0,3,1771425180,3,-1,24804.0,1771425660,11,24817.25,R_TRIGGER,-27.5,-27.5,0.7824
2026_02_18,1771425420.0,7,4,1771425660,11,-1,24817.25,1771425840,14,24886.5,CAT_STOP,-139.5,-101.0,0.8397
2026_02_18,1771426140.0,19,6,1771426500,25,1,24904.25,1771439160,236,25066.0,R_TRIGGER,322.5,322.5,0.968
2026_02_18,1771434420.0,157,80,1771439220,237,-1,25058.5,1771446900,365,24910.75,R_TRIGGER,294.5,294.5,0.7456
2026_02_18,1771445760.0,346,19,1771446900,365,1,24910.75,1771448760,396,24934.75,R_TRIGGER,47.0,47.0,0.7861
2026_02_18,1771448040.0,384,13,1771448820,397,-1,24941.25,1771449300,405,24930.5,SESSION_CLOSE,20.5,20.5,0.7576
2026_02_19,,-53,53,1771511400,0,1,24857.75,1771511760,6,24839.25,CAT_STOP,-38.0,-101.0,0.8046
2026_02_19,1771512240.0,14,4,1771512480,18,1,24839.25,1771513200,30,24868.25,R_TRIGGER,57.0,57.0,0.7714
2026_02_19,1771513020.0,27,3,1771513200,30,-1,24868.25,1771513380,33,24943.0,R_TRIGGER,-150.5,-150.5,0.8152
2026_02_19,1771513200.0,30,3,1771513380,33,1,24943.0,1771513560,36,24893.75,R_TRIGGER,-99.5,-99.5,0.9841
2026_02_19,1771513380.0,33,4,1771513620,37,-1,24911.25,1771514160,46,24913.75,R_TRIGGER,-6.0,-6.0,0.7717
2026_02_19,1771513920.0,42,4,1771514160,46,1,24913.75,1771514460,51,24861.0,R_TRIGGER,-106.5,-106.5,0.8243
2026_02_19,1771514940.0,59,6,1771515300,65,1,24925.25,1771516200,80,24876.5,R_TRIGGER,-98.5,-98.5,0.7853
2026_02_19,1771515300.0,65,15,1771516200,80,1,24876.5,1771517160,96,24867.75,R_TRIGGER,-18.5,-18.5,0.776
2026_02_19,1771516860.0,91,5,1771517160,96,-1,24867.75,1771517580,103,24900.75,R_TRIGGER,-67.0,-67.0,0.7687
2026_02_19,1771517220.0,97,9,1771517760,106,1,24935.0,1771518420,117,24902.25,R_TRIGGER,-66.5,-66.5,0.9608
2026_02_19,1771518180.0,113,5,1771518480,118,-1,24879.5,1771520040,144,24868.5,R_TRIGGER,21.0,21.0,0.9663
2026_02_19,1771519860.0,141,5,1771520160,146,1,24852.25,1771520520,152,24817.5,R_TRIGGER,-70.5,-70.5,0.8059
2026_02_19,1771520100.0,145,7,1771520520,152,-1,24817.5,1771521420,167,24865.5,R_TRIGGER,-97.0,-97.0,0.7636
2026_02_19,1771520760.0,156,14,1771521600,170,1,24882.75,1771522440,184,24853.0,R_TRIGGER,-60.5,-60.5,0.9682
2026_02_19,1771521840.0,174,10,1771522440,184,1,24853.0,1771523325,,24785.75,CAT_STOP,-135.5,-101.0,0.767
2026_02_19,1771524840.0,224,4,1771525080,228,-1,24785.25,1771526760,256,24809.0,R_TRIGGER,-48.5,-48.5,0.8378
2026_02_19,1771525200.0,230,26,1771526760,256,1,24809.0,1771529820,307,24786.25,R_TRIGGER,-46.5,-46.5,0.9623
2026_02_19,1771529040.0,294,13,1771529820,307,-1,24786.25,1771531320,332,24806.5,R_TRIGGER,-41.5,-41.5,0.7963
2026_02_19,1771530420.0,317,15,1771531320,332,1,24806.5,1771535700,405,24853.0,SESSION_CLOSE,92.0,92.0,0.972
2026_02_20,,-61,61,1771597800,0,-1,24726.25,1771597960,,24807.5,CAT_STOP,-163.5,-101.0,0.8117
2026_02_20,1771597800.0,0,3,1771597980,3,1,24807.5,1771599000,20,24884.75,R_TRIGGER,153.5,153.5,0.9871
2026_02_20,1771598760.0,16,5,1771599060,21,-1,24857.75,1771599600,30,25000.75,CAT_STOP,-287.0,-101.0,0.7564
2026_02_20,1771599540.0,29,3,1771599720,32,1,25000.75,1771599825,,24894.5,CAT_STOP,-213.5,-101.0,0.8652
2026_02_20,1771599720.0,32,3,1771599900,35,-1,24894.5,1771599905,,24980.75,CAT_STOP,-173.5,-101.0,0.789
2026_02_20,1771599960.0,36,4,1771600200,40,1,25025.75,1771600360,,24944.5,CAT_STOP,-163.5,-101.0,0.8477
2026_02_20,1771600200.0,40,3,1771600380,43,-1,24944.5,1771600390,,24966.25,CAT_STOP,-44.5,-101.0,0.7512
2026_02_20,1771600560.0,46,3,1771600740,49,1,24966.25,1771601400,60,24964.75,R_TRIGGER,-4.0,-4.0,0.7376
2026_02_20,1771601160.0,56,4,1771601400,60,1,24964.75,1771601625,,25045.0,CAT_STOP,159.5,-101.0,0.8198
2026_02_20,1771603440.0,94,11,1771604100,105,-1,25045.0,1771605180,123,25030.75,R_TRIGGER,27.5,27.5,0.9785
2026_02_20,1771605000.0,120,4,1771605240,124,1,25040.0,1771607160,156,25057.5,R_TRIGGER,34.0,34.0,0.8176
2026_02_20,1771606440.0,144,13,1771607220,157,-1,25053.25,1771608780,183,24960.0,R_TRIGGER,185.5,185.5,0.7861
2026_02_20,1771608240.0,174,11,1771608900,185,-1,24951.0,1771609560,196,25034.5,CAT_STOP,-168.0,-101.0,0.7578
2026_02_20,1771612200.0,240,3,1771612380,243,-1,25034.5,1771613155,,25086.5,CAT_STOP,-105.0,-101.0,0.8485
2026_02_23,,-118,120,1771857120,2,1,25019.0,1771857300,5,24993.75,R_TRIGGER,-51.5,-51.5,0.803
2026_02_23,1771857000.0,0,5,1771857300,5,1,24993.75,1771857660,11,24923.25,CAT_STOP,-142.0,-101.0,0.8627
2026_02_23,1771858260.0,21,3,1771858440,24,-1,24923.25,1771859640,44,24875.0,R_TRIGGER,95.5,95.5,0.7751
2026_02_23,1771859340.0,39,5,1771859640,44,-1,24875.0,1771860100,,24710.75,CAT_STOP,327.5,-101.0,0.7986
2026_02_23,1771863180.0,103,12,1771863900,115,-1,24737.75,1771864285,,24723.25,CAT_STOP,28.0,-101.0,0.7776
2026_02_23,1771868400.0,190,5,1771868700,195,-1,24717.75,1771870020,217,24733.0,CAT_STOP,-31.5,-101.0,0.7872
2026_02_23,1771877580.0,343,17,1771878600,360,1,24733.0,1771880100,385,24724.0,R_TRIGGER,-19.0,-19.0,0.9619
2026_02_23,1771879800.0,380,6,1771880160,386,1,24717.75,1771881300,405,24774.25,SESSION_CLOSE,112.0,112.0,0.7666
2026_02_24,,-35,35,1771943400,0,-1,24813.0,1771944000,10,24838.25,R_TRIGGER,-51.5,-51.5,0.8769
2026_02_24,1771943820.0,7,3,1771944000,10,1,24838.25,1771944780,23,24912.75,R_TRIGGER,148.0,148.0,0.8381
2026_02_24,1771944480.0,18,7,1771944900,25,1,24881.5,1771945250,,24865.0,CAT_STOP,-34.0,-101.0,0.7933
2026_02_24,1771945860.0,41,5,1771946160,46,-1,24870.25,1771946460,51,24920.0,CAT_STOP,-100.5,-101.0,0.8306
2026_02_24,1771946280.0,48,4,1771946520,52,1,24935.75,1771948560,86,24972.25,R_TRIGGER,72.0,72.0,0.9702
2026_02_24,1771947840.0,74,13,1771948620,87,-1,24984.25,1771948920,92,25016.5,R_TRIGGER,-65.5,-65.5,0.7684
2026_02_24,1771948620.0,87,6,1771948980,93,1,25015.0,1771950060,111,25006.75,R_TRIGGER,-17.5,-17.5,0.8698
2026_02_24,1771949580.0,103,12,1771950300,115,1,25016.75,1771957200,230,25030.75,R_TRIGGER,27.0,27.0,0.7491
2026_02_24,1771956180.0,213,22,1771957500,235,-1,25025.75,1771962720,322,25037.25,R_TRIGGER,-24.0,-24.0,0.7518
2026_02_24,1771960620.0,287,38,1771962900,325,-1,25020.25,1771966235,,25019.0,CAT_STOP,1.5,-101.0,0.7472
2026_02_25,,-411,411,1772029800,0,1,25211.5,1772032020,37,25314.25,R_TRIGGER,204.5,204.5,0.9536
2026_02_25,1772031600.0,30,9,1772032140,39,1,25318.0,1772033700,65,25294.0,R_TRIGGER,-49.0,-49.0,0.764
2026_02_25,1772033460.0,61,4,1772033700,65,-1,25294.0,1772037060,121,25314.25,R_TRIGGER,-41.5,-41.5,0.8027
2026_02_25,1772034900.0,85,36,1772037060,121,1,25314.25,1772054100,405,25395.0,SESSION_CLOSE,160.5,160.5,0.9581
2026_02_26,,-42,42,1772116200,0,-1,25293.75,1772116740,9,25276.0,R_TRIGGER,34.5,34.5,0.8411
2026_02_26,1772116560.0,6,4,1772116800,10,-1,25252.0,1772120220,67,24933.5,R_TRIGGER,636.0,636.0,0.8299
2026_02_26,1772120040.0,64,6,1772120400,70,1,24973.75,1772123760,126,25032.25,R_TRIGGER,116.0,116.0,0.8158
2026_02_26,1772123160.0,116,10,1772123760,126,1,25032.25,1772124395,,24977.75,CAT_STOP,-110.0,-101.0,0.7372
2026_02_26,1772124600.0,140,4,1772124840,144,-1,24977.75,1772125500,155,24996.25,R_TRIGGER,-38.0,-38.0,0.7976
2026_02_26,1772125080.0,148,10,1772125680,158,-1,24997.75,1772127180,183,24997.75,R_TRIGGER,-1.0,-1.0,0.7356
2026_02_26,1772126160.0,166,17,1772127180,183,1,24997.75,1772127360,186,24959.25,R_TRIGGER,-78.0,-78.0,0.9642
2026_02_26,1772127180.0,183,4,1772127420,187,-1,24946.5,1772130780,243,24955.0,R_TRIGGER,-18.0,-18.0,0.9769
2026_02_26,1772129760.0,226,17,1772130780,243,1,24955.0,1772131860,261,24982.75,R_TRIGGER,54.5,54.5,0.9623
2026_02_26,1772131500.0,255,9,1772132040,264,1,24991.5,1772136540,339,25049.5,R_TRIGGER,115.0,115.0,0.7782
2026_02_26,1772135700.0,325,14,1772136540,339,-1,25049.5,1772139420,387,25065.5,R_TRIGGER,-33.0,-33.0,0.7839
2026_02_26,1772137740.0,359,28,1772139420,387,1,25065.5,1772140500,405,25068.75,SESSION_CLOSE,5.5,5.5,0.8316
2026_02_27,,-30,30,1772202600,0,-1,24828.0,1772202720,2,24880.75,R_TRIGGER,-106.5,-106.5,0.7799
2026_02_27,,-2,4,1772202720,2,-1,24880.75,1772203560,16,24899.0,R_TRIGGER,-37.5,-37.5,0.7451
2026_02_27,1772203380.0,13,3,1772203560,16,1,24899.0,1772204100,25,24865.75,R_TRIGGER,-67.5,-67.5,0.807
2026_02_27,1772203740.0,19,6,1772204100,25,1,24865.75,1772207460,81,24944.0,R_TRIGGER,155.5,155.5,0.8419
2026_02_27,1772207100.0,75,6,1772207460,81,-1,24944.0,1772208100,,25003.75,CAT_STOP,-120.5,-101.0,0.7821
2026_02_27,1772207700.0,85,10,1772208300,95,1,24996.5,1772208540,99,24951.0,R_TRIGGER,-92.0,-92.0,0.7528
2026_02_27,1772208240.0,94,6,1772208600,100,-1,24961.75,1772209110,,24994.25,CAT_STOP,-66.0,-101.0,0.7654
2026_02_27,1772210700.0,135,10,1772211300,145,1,24994.25,1772212380,163,24965.25,R_TRIGGER,-59.0,-59.0,0.9635
2026_02_27,1772212080.0,158,5,1772212380,163,-1,24965.25,1772213520,182,24965.5,R_TRIGGER,-1.5,-1.5,0.9689
2026_02_27,1772212980.0,173,9,1772213520,182,-1,24965.5,1772219160,276,24950.75,R_TRIGGER,28.5,28.5,0.7952
2026_02_27,1772216820.0,237,39,1772219160,276,1,24950.75,1772219490,,24882.0,CAT_STOP,-138.5,-101.0,0.7445
2026_02_27,1772219160.0,276,37,1772221380,313,-1,24882.0,1772223060,341,24955.5,CAT_STOP,-148.0,-101.0,0.7762
2026_02_27,1772221440.0,314,28,1772223120,342,1,24955.5,1772224680,368,24925.25,R_TRIGGER,-61.5,-61.5,0.7559
2026_02_27,1772223840.0,354,14,1772224680,368,-1,24925.25,1772225410,,24999.25,CAT_STOP,-149.0,-101.0,0.8867
2026_02_27,1772224680.0,368,19,1772225820,387,1,24999.25,1772226900,405,24963.75,SESSION_CLOSE,-72.0,-72.0,0.9703
2026_03_02,,-32,33,1772461860,1,1,24745.0,1772461865,,24808.75,CAT_STOP,126.5,-101.0,0.9657
2026_03_02,1772462220.0,7,3,1772462400,10,1,24808.75,1772463180,23,24820.0,R_TRIGGER,21.5,21.5,0.8247
2026_03_02,1772462940.0,19,5,1772463240,24,1,24842.0,1772464860,51,24878.5,R_TRIGGER,72.0,72.0,0.8731
2026_03_02,1772464380.0,43,9,1772464920,52,-1,24871.0,1772465015,,24918.0,CAT_STOP,-95.0,-101.0,0.7716
2026_03_02,1772465580.0,63,6,1772465940,69,1,24918.0,1772466840,84,24889.25,R_TRIGGER,-58.5,-58.5,0.8936
2026_03_02,1772466420.0,77,8,1772466900,85,-1,24901.25,1772467560,96,24935.0,R_TRIGGER,-68.5,-68.5,0.7786
2026_03_02,1772466900.0,85,20,1772468100,105,1,24953.25,1772468460,111,24920.75,R_TRIGGER,-66.0,-66.0,0.7456
2026_03_02,1772467860.0,101,14,1772468700,115,-1,24908.0,1772469360,126,24921.25,R_TRIGGER,-27.5,-27.5,0.9626
2026_03_02,1772468880.0,118,8,1772469360,126,1,24921.25,1772476620,247,25010.5,R_TRIGGER,177.5,177.5,0.836
2026_03_02,1772472240.0,174,82,1772477160,256,-1,24999.25,1772478600,280,25033.0,R_TRIGGER,-68.5,-68.5,0.7497
2026_03_02,1772478000.0,270,10,1772478600,280,1,25033.0,1772482020,337,25020.75,R_TRIGGER,-25.5,-25.5,0.8276
2026_03_02,1772480880.0,318,19,1772482020,337,-1,25020.75,1772482680,348,25015.25,R_TRIGGER,10.0,10.0,0.9799
2026_03_02,1772482500.0,345,3,1772482680,348,-1,25015.25,1772486100,405,24993.0,SESSION_CLOSE,43.5,43.5,0.7821
2026_03_03,,-19,19,1772548200,0,1,24610.5,1772548205,,24527.75,CAT_STOP,-166.5,-101.0,0.8204
2026_03_03,1772548260.0,1,4,1772548500,5,1,24552.5,1772548510,,24551.75,CAT_STOP,-2.5,-101.0,0.8398
2026_03_03,1772548740.0,9,3,1772548920,12,1,24551.75,1772549360,,24453.0,CAT_STOP,-198.5,-101.0,0.8458
2026_03_03,1772550720.0,42,6,1772551080,48,-1,24433.0,1772552160,66,24441.5,R_TRIGGER,-18.0,-18.0,0.7921
2026_03_03,1772551740.0,59,8,1772552220,67,-1,24438.25,1772553600,90,24441.75,R_TRIGGER,-8.0,-8.0,0.7979
2026_03_03,1772553240.0,84,6,1772553600,90,1,24441.75,1772557740,159,24639.5,R_TRIGGER,394.5,394.5,0.876
2026_03_03,1772556360.0,136,23,1772557740,159,-1,24639.5,1772558585,,24695.75,CAT_STOP,-113.5,-101.0,0.7405
2026_03_03,1772557920.0,162,13,1772558700,175,1,24695.75,1772559180,183,24619.0,CAT_STOP,-154.5,-101.0,0.7765
2026_03_03,1772558940.0,179,5,1772559240,184,-1,24619.0,1772559780,193,24688.25,R_TRIGGER,-139.5,-139.5,0.8413
2026_03_03,1772559300.0,185,9,1772559840,194,1,24692.25,1772560435,,24749.25,CAT_STOP,113.0,-101.0,0.9664
2026_03_03,1772563260.0,251,28,1772564940,279,-1,24749.25,1772565645,,24788.25,CAT_STOP,-79.0,-101.0,0.9825
2026_03_03,1772566500.0,305,3,1772566680,308,1,24788.25,1772568960,346,24758.0,R_TRIGGER,-61.5,-61.5,0.7825
2026_03_03,1772567160.0,316,30,1772568960,346,-1,24758.0,1772570190,,24736.5,CAT_STOP,42.0,-101.0,0.9807
2026_03_04,,-119,119,1772634600,0,1,24934.5,1772634605,,24863.75,CAT_STOP,-142.5,-101.0,0.9772
2026_03_04,1772634840.0,4,6,1772635200,10,1,24863.75,1772635500,15,25045.25,CAT_STOP,362.0,-101.0,0.8776
2026_03_04,1772638200.0,60,15,1772639100,75,-1,25045.25,1772639725,,25127.25,CAT_STOP,-165.0,-101.0,0.7998
2026_03_04,1772639100.0,75,15,1772640000,90,1,25139.5,1772640720,102,25068.0,CAT_STOP,-144.0,-101.0,0.9684
2026_03_04,1772640120.0,92,11,1772640780,103,-1,25068.0,1772641650,,25139.75,CAT_STOP,-144.5,-101.0,0.745
2026_03_04,1772641140.0,109,31,1772643000,140,1,25145.5,1772655660,351,25127.25,R_TRIGGER,-37.5,-37.5,0.7548
2026_03_04,1772651880.0,288,64,1772655720,352,-1,25135.0,1772658900,405,25139.25,SESSION_CLOSE,-9.5,-9.5,0.7585
2026_03_05,,-11,11,1772721000,0,1,25036.5,1772721900,15,25045.5,R_TRIGGER,17.0,17.0,0.9734
2026_03_05,1772721480.0,8,7,1772721900,15,1,25045.5,1772723280,38,25127.0,R_TRIGGER,162.0,162.0,0.8529
2026_03_05,1772722800.0,30,10,1772723400,40,1,25152.5,1772724000,50,25010.0,CAT_STOP,-286.0,-101.0,0.7541
2026_03_05,1772726040.0,84,15,1772726940,99,-1,24998.5,1772728320,122,25018.75,R_TRIGGER,-41.5,-41.5,0.9762
2026_03_05,1772727540.0,109,15,1772728440,124,-1,25002.75,1772729175,,24870.25,CAT_STOP,264.0,-101.0,0.7923
2026_03_05,1772733300.0,205,13,1772734080,218,1,24866.0,1772734740,229,24805.5,R_TRIGGER,-122.0,-122.0,0.7827
2026_03_05,1772734500.0,225,7,1772734920,232,1,24845.75,1772735200,,24790.0,CAT_STOP,-112.5,-101.0,0.7403
2026_03_05,1772736180.0,253,8,1772736660,261,-1,24790.0,1772737290,,24837.75,CAT_STOP,-96.5,-101.0,0.8955
2026_03_05,1772736840.0,264,12,1772737560,276,-1,24837.75,1772740140,319,24865.25,R_TRIGGER,-56.0,-56.0,0.7677
2026_03_05,1772739120.0,302,17,1772740140,319,1,24865.25,1772745300,405,25036.5,SESSION_CLOSE,341.5,341.5,0.9705
2026_03_06,,-18,19,1772807460,1,1,24677.5,1772807760,6,24624.0,R_TRIGGER,-108.0,-108.0,0.7821
2026_03_06,1772807580.0,3,3,1772807760,6,-1,24624.0,1772807935,,24673.75,CAT_STOP,-100.5,-101.0,0.8052
2026_03_06,1772807760.0,6,4,1772808000,10,1,24673.75,1772808420,17,24664.75,R_TRIGGER,-19.0,-19.0,0.8855
2026_03_06,1772808180.0,13,4,1772808420,17,1,24664.75,1772808900,25,24672.25,R_TRIGGER,14.0,14.0,0.8257
2026_03_06,1772808660.0,21,6,1772809020,27,1,24661.25,1772809740,39,24676.0,R_TRIGGER,28.5,28.5,0.8746
2026_03_06,1772809320.0,32,7,1772809740,39,1,24676.0,1772811780,73,24818.5,R_TRIGGER,284.0,284.0,0.874
2026_03_06,1772811480.0,68,5,1772811780,73,-1,24818.5,1772812500,85,24847.0,R_TRIGGER,-58.0,-58.0,0.7517
2026_03_06,1772812320.0,82,3,1772812500,85,-1,24847.0,1772813055,,24859.75,CAT_STOP,-26.5,-101.0,0.7849
2026_03_06,1772814240.0,114,13,1772815020,127,-1,24859.75,1772815860,141,24896.5,CAT_STOP,-74.5,-101.0,0.7862
2026_03_06,1772816160.0,146,8,1772816640,154,1,24896.5,1772816820,157,24843.75,CAT_STOP,-106.5,-101.0,0.7549
2026_03_06,1772816640.0,154,3,1772816820,157,1,24843.75,1772818005,,24827.25,CAT_STOP,-34.0,-101.0,0.7353
2026_03_06,1772820900.0,225,15,1772821800,240,1,24835.0,1772825120,,24751.75,CAT_STOP,-167.5,-101.0,0.7413
2026_03_06,1772827320.0,332,8,1772827800,340,-1,24751.75,1772827805,,24693.25,CAT_STOP,116.0,-101.0,0.9819
2026_03_06,1772829420.0,367,3,1772829600,370,-1,24693.25,1772831700,405,24655.25,SESSION_CLOSE,75.0,75.0,0.8212
2026_03_09,,-40,40,1773063000,0,1,24511.5,1773063010,,24429.5,CAT_STOP,-165.0,-101.0,0.7686
2026_03_09,1773063000.0,0,6,1773063360,6,1,24429.5,1773063655,,24363.25,CAT_STOP,-133.5,-101.0,0.8617
2026_03_09,1773065100.0,35,3,1773065280,38,-1,24363.25,1773065940,49,24393.5,R_TRIGGER,-61.5,-61.5,0.7751
2026_03_09,1773065460.0,41,8,1773065940,49,-1,24393.5,1773066180,53,24478.75,CAT_STOP,-171.5,-101.0,0.8337
2026_03_09,1773066480.0,58,8,1773066960,66,1,24478.75,1773076020,217,24671.75,R_TRIGGER,385.0,385.0,0.8165
2026_03_09,1773074820.0,197,20,1773076020,217,-1,24671.75,1773080280,288,24653.75,R_TRIGGER,35.0,35.0,0.7498
2026_03_09,1773078180.0,253,36,1773080340,289,1,24660.75,1773085260,371,24947.25,R_TRIGGER,572.0,572.0,0.747
2026_03_09,1773085080.0,368,3,1773085260,371,-1,24947.25,1773086280,388,25005.0,CAT_STOP,-116.5,-101.0,0.8201
2026_03_09,1773085380.0,373,17,1773086400,390,1,25018.0,1773086625,,24943.75,CAT_STOP,-149.5,-101.0,0.8278
2026_03_09,1773086400.0,390,10,1773087000,400,-1,24943.75,1773087300,405,24954.5,SESSION_CLOSE,-22.5,-22.5,0.7539
2026_03_10,,-59,59,1773149400,0,1,25046.75,1773149700,5,24996.75,R_TRIGGER,-101.0,-101.0,0.7985
2026_03_10,1773149520.0,2,3,1773149700,5,1,24996.75,1773150900,25,24984.5,R_TRIGGER,-25.5,-25.5,0.8649
2026_03_10,1773150420.0,17,8,1773150900,25,-1,24984.5,1773151500,35,24987.5,R_TRIGGER,-7.0,-7.0,0.7507
2026_03_10,1773151260.0,31,4,1773151500,35,-1,24987.5,1773152400,50,24970.75,R_TRIGGER,32.5,32.5,0.8482
2026_03_10,1773151740.0,39,16,1773152700,55,1,25005.0,1773156720,122,25121.75,R_TRIGGER,232.5,232.5,0.9731
2026_03_10,1773154920.0,92,30,1773156720,122,-1,25121.75,1773157380,133,25144.25,CAT_STOP,-46.0,-101.0,0.7435
2026_03_10,1773158820.0,157,19,1773159960,176,1,25149.25,1773164100,245,25141.75,R_TRIGGER,-16.0,-16.0,0.964
2026_03_10,1773163740.0,239,6,1773164100,245,-1,25141.75,1773164880,258,25175.25,R_TRIGGER,-68.0,-68.0,0.9756
2026_03_10,1773164340.0,249,14,1773165180,263,1,25180.25,1773166380,283,25121.0,R_TRIGGER,-119.5,-119.5,0.9574
2026_03_10,1773165120.0,262,21,1773166380,283,-1,25121.0,1773167160,296,25085.0,R_TRIGGER,71.0,71.0,0.7529
2026_03_10,1773166920.0,292,7,1773167340,299,-1,25067.5,1773171600,370,25018.0,R_TRIGGER,98.0,98.0,0.7395
2026_03_10,1773171360.0,366,4,1773171600,370,-1,25018.0,1773173100,395,25007.0,R_TRIGGER,21.0,21.0,0.8677
2026_03_10,1773172200.0,380,17,1773173220,397,1,25015.0,1773173700,405,25024.75,SESSION_CLOSE,18.5,18.5,0.9662
2026_03_11,,-43,43,1773235800,0,1,25084.25,1773236880,18,25046.0,R_TRIGGER,-77.5,-77.5,0.8409
2026_03_11,1773236460.0,11,8,1773236940,19,1,25050.25,1773237960,36,25101.75,R_TRIGGER,102.0,102.0,0.7397
2026_03_11,1773237660.0,31,5,1773237960,36,1,25101.75,1773238980,53,25022.0,CAT_STOP,-160.5,-101.0,0.7662
2026_03_11,1773241260.0,91,11,1773241920,102,-1,24964.75,1773241950,,24998.75,CAT_STOP,-69.0,-101.0,0.9753
2026_03_11,1773242280.0,108,7,1773242700,115,-1,24998.75,1773244380,143,24954.25,R_TRIGGER,88.0,88.0,0.7779
2026_03_11,1773244140.0,139,12,1773244860,151,-1,24919.5,1773246660,181,24940.25,CAT_STOP,-42.5,-101.0,0.759
2026_03_11,1773250680.0,248,10,1773251280,258,-1,24933.25,1773251505,,24947.25,CAT_STOP,-29.0,-101.0,0.7417
2026_03_11,1773252720.0,282,19,1773253860,301,1,24959.5,1773260100,405,24964.5,SESSION_CLOSE,9.0,9.0,0.9699
2026_03_12,,-209,209,1773322200,0,-1,24780.75,1773322715,,24725.25,CAT_STOP,110.0,-101.0,0.7549
2026_03_12,1773323760.0,26,6,1773324120,32,1,24725.25,1773325260,51,24645.0,CAT_STOP,-161.5,-101.0,0.8452
2026_03_12,1773324900.0,45,13,1773325680,58,-1,24645.0,1773326760,76,24703.75,R_TRIGGER,-118.5,-118.5,0.8274
2026_03_12,1773326280.0,68,8,1773326760,76,1,24703.75,1773326880,78,24615.0,CAT_STOP,-178.5,-101.0,0.9749
2026_03_12,1773326760.0,76,5,1773327060,81,1,24612.75,1773328395,,24609.0,CAT_STOP,-8.5,-101.0,0.8084
2026_03_12,1773330180.0,133,26,1773331740,159,-1,24597.0,1773332100,165,24690.0,CAT_STOP,-187.0,-101.0,0.98
2026_03_12,1773331740.0,159,12,1773332460,171,1,24720.5,1773332720,,24644.75,CAT_STOP,-152.5,-101.0,0.9657
2026_03_12,1773332520.0,172,4,1773332760,176,1,24644.75,1773336000,230,24639.5,R_TRIGGER,-11.5,-11.5,0.8321
2026_03_12,1773335160.0,216,14,1773336000,230,-1,24639.5,1773336965,,24537.5,CAT_STOP,203.0,-101.0,0.7344
2026_03_13,,-44,48,1773408840,4,1,24660.75,1773409800,20,24738.25,R_TRIGGER,154.0,154.0,0.7834
2026_03_13,1773409560.0,16,4,1773409800,20,1,24738.25,1773410905,,24643.5,CAT_STOP,-190.5,-101.0,0.7855
2026_03_13,1773412260.0,61,4,1773412500,65,-1,24643.5,1773414540,99,24526.75,R_TRIGGER,232.5,232.5,0.8214
2026_03_13,1773414180.0,93,6,1773414540,99,1,24526.75,1773415380,113,24502.25,R_TRIGGER,-50.0,-50.0,0.7741
2026_03_13,1773414840.0,104,11,1773415500,115,-1,24473.25,1773418020,157,24465.75,R_TRIGGER,14.0,14.0,0.9766
2026_03_13,1773417420.0,147,16,1773418380,163,-1,24414.25,1773419560,,24481.5,CAT_STOP,-135.5,-101.0,0.8012
2026_03_13,1773419160.0,176,10,1773419760,186,1,24481.5,1773420295,,24420.25,CAT_STOP,-123.5,-101.0,0.9666
2026_03_13,1773419880.0,188,7,1773420300,195,-1,24420.25,1773420600,200,24462.75,R_TRIGGER,-86.0,-86.0,0.7433
2026_03_13,1773420420.0,197,3,1773420600,200,1,24462.75,1773421080,208,24407.25,R_TRIGGER,-112.0,-112.0,0.7919
2026_03_13,1773420900.0,205,4,1773421140,209,-1,24396.75,1773421920,222,24449.25,R_TRIGGER,-106.0,-106.0,0.9799
2026_03_13,1773421140.0,209,16,1773422100,225,1,24465.25,1773423660,251,24412.5,R_TRIGGER,-106.5,-106.5,0.9738
2026_03_13,1773422160.0,226,25,1773423660,251,1,24412.5,1773424220,,24416.0,CAT_STOP,6.0,-101.0,0.7921
2026_03_13,1773427860.0,321,14,1773428700,335,-1,24416.0,1773432900,405,24366.75,SESSION_CLOSE,97.5,97.5,0.7398
2026_03_16,,-44,45,1773667860,1,-1,24673.75,1773667980,3,24706.25,R_TRIGGER,-66.0,-66.0,0.7771
2026_03_16,1773667800.0,0,3,1773667980,3,1,24706.25,1773668400,10,24688.5,R_TRIGGER,-36.5,-36.5,0.9749
2026_03_16,1773668100.0,5,10,1773668700,15,1,24723.5,1773669120,22,24687.0,R_TRIGGER,-74.0,-74.0,0.8006
2026_03_16,1773668880.0,18,4,1773669120,22,1,24687.0,1773671340,59,24717.5,R_TRIGGER,60.0,60.0,0.7398
2026_03_16,1773670860.0,51,9,1773671400,60,-1,24690.5,1773672840,84,24674.25,R_TRIGGER,31.5,31.5,0.9734
2026_03_16,1773672660.0,81,9,1773673200,90,-1,24697.5,1773674040,104,24701.75,R_TRIGGER,-9.5,-9.5,0.7643
2026_03_16,1773673500.0,95,9,1773674040,104,1,24701.75,1773676620,147,24681.0,R_TRIGGER,-42.5,-42.5,0.9601
2026_03_16,1773675240.0,124,23,1773676620,147,-1,24681.0,1773679260,191,24670.0,R_TRIGGER,21.0,21.0,0.7401
2026_03_16,1773678660.0,181,12,1773679380,193,1,24679.75,1773683040,254,24673.5,R_TRIGGER,-13.5,-13.5,0.9593
2026_03_16,1773681900.0,235,19,1773683040,254,-1,24673.5,1773684300,275,24701.0,R_TRIGGER,-56.0,-56.0,0.9658
2026_03_16,1773683400.0,260,15,1773684300,275,1,24701.0,1773688380,343,24702.25,R_TRIGGER,1.5,1.5,0.8076
2026_03_16,1773688200.0,340,3,1773688380,343,-1,24702.25,1773691620,397,24683.0,R_TRIGGER,37.5,37.5,0.9773
2026_03_16,1773690600.0,380,17,1773691620,397,1,24683.0,1773692100,405,24678.5,SESSION_CLOSE,-10.0,-10.0,0.9553
2026_03_17,,-276,276,1773754200,0,-1,24783.0,1773754380,3,24843.75,CAT_STOP,-122.5,-101.0,0.7395
2026_03_17,1773757020.0,47,3,1773757200,50,1,24843.75,1773760080,98,24810.25,R_TRIGGER,-68.0,-68.0,0.8015
2026_03_17,1773758700.0,75,23,1773760080,98,-1,24810.25,1773764340,169,24801.5,R_TRIGGER,16.5,16.5,0.8753
2026_03_17,1773763620.0,157,13,1773764400,170,1,24794.75,1773772320,302,24791.0,R_TRIGGER,-8.5,-8.5,0.8444
2026_03_17,1773771000.0,280,22,1773772320,302,-1,24791.0,1773778500,405,24805.25,SESSION_CLOSE,-29.5,-29.5,0.7638
2026_03_18,,-29,29,1773840600,0,1,24706.0,1773841860,21,24719.5,R_TRIGGER,26.0,26.0,0.7802
2026_03_18,1773841560.0,16,14,1773842400,30,1,24722.25,1773843180,43,24679.5,R_TRIGGER,-86.5,-86.5,0.7422
2026_03_18,1773842880.0,38,5,1773843180,43,-1,24679.5,1773845880,88,24655.25,R_TRIGGER,47.5,47.5,0.9761
2026_03_18,1773844080.0,58,31,1773845940,89,1,24665.25,1773847200,110,24652.0,R_TRIGGER,-27.5,-27.5,0.9574
2026_03_18,1773846540.0,99,11,1773847200,110,-1,24652.0,1773855300,245,24641.25,R_TRIGGER,20.5,20.5,0.9626
2026_03_18,1773853920.0,222,27,1773855540,249,1,24645.25,1773857700,285,24611.25,R_TRIGGER,-69.0,-69.0,0.7342
2026_03_18,1773856860.0,271,14,1773857700,285,-1,24611.25,1773860760,336,24580.0,R_TRIGGER,61.5,61.5,0.9737
2026_03_18,1773860400.0,330,7,1773860820,337,-1,24560.25,1773864900,405,24410.0,SESSION_CLOSE,299.5,299.5,0.8468
2026_03_19,,-172,172,1773927000,0,-1,24161.0,1773927715,,24246.75,CAT_STOP,-172.5,-101.0,0.9722
2026_03_19,1773927360.0,6,14,1773928200,20,1,24275.0,1773930180,53,24204.5,CAT_STOP,-142.0,-101.0,0.9698
2026_03_19,1773929460.0,41,16,1773930420,57,-1,24204.5,1773930720,62,24327.0,CAT_STOP,-246.0,-101.0,0.8199
2026_03_19,1773930540.0,59,9,1773931080,68,1,24249.5,1773933900,115,24245.25,R_TRIGGER,-9.5,-9.5,0.8076
2026_03_19,1773932820.0,97,18,1773933900,115,-1,24245.25,1773936180,153,24307.0,CAT_STOP,-124.5,-101.0,0.7542
2026_03_19,1773940800.0,230,57,1773944220,287,1,24278.25,1773945475,,24334.0,CAT_STOP,110.5,-101.0,0.7772
2026_03_19,1773947460.0,341,24,1773948900,365,-1,24334.0,1773949255,,24402.0,CAT_STOP,-137.0,-101.0,0.8432
