feature,side,n_is,n_oos,P_up_IS,CI_IS_lo,CI_IS_hi,P_up_OOS,sign_match,mean_fwd_IS,mean_fwd_OOS,mean_abs_z,med_dur_min,IS_edge
L2_15m_price_velocity_12,below_-3sigma,412,109,0.57,0.5221,0.6173,0.5405,1,0.77,-7.95,4.33,14.92,0.06999999999999995
L2_5m_vol_accel_9,below_-3sigma,446,103,0.567,0.5209,0.6125,0.5619,1,4.37,6.83,3.61,4.92,0.06699999999999995
L2_1m_price_velocity_15,above_+3sigma,1029,243,0.5567,0.5263,0.5869,0.5347,1,6.69,4.29,4.49,1.92,0.05669999999999997
L2_15m_vol_sigma_12,below_-3sigma,423,95,0.5529,0.5055,0.5999,0.6392,1,3.03,6.82,6.08,14.92,0.05289999999999995
L1_15m_vol_accel_1b,above_+3sigma,473,123,0.5516,0.5067,0.596,0.512,1,5.72,-4.27,8.57,14.92,0.05159999999999998
L2_15m_vol_velocity_12,below_-3sigma,357,83,0.5515,0.4999,0.6026,0.5176,1,3.46,1.47,4.1,14.92,0.05149999999999999
L1_1m_bar_range,above_+3sigma,508,122,0.551,0.5077,0.5939,0.5887,1,4.67,7.0,7.13,1.92,0.051000000000000045
L2_15m_price_accel_12,below_-3sigma,292,69,0.551,0.494,0.6074,0.5352,1,-3.04,-5.37,4.14,14.92,0.051000000000000045
L2_15s_price_sigma_12,above_+3sigma,438,145,0.55,0.5034,0.5962,0.551,1,1.73,4.05,6.05,1.17,0.050000000000000044
