min_agree,n,pct_data,accuracy,lift
1,57047,77.04368964818691,0.5318947534489106,0.030105301088859227
2,57047,77.04368964818691,0.5318947534489106,0.030105301088859227
