{
  "day": "2025_11_16",
  "date_iso": "2025-11-16",
  "threshold": 0.85,
  "max_depth": 5,
  "n_phrases": 1,
  "n_motifs": 2,
  "n_sub_motifs": 3,
  "n_measures": 10,
  "n_notes": 28,
  "phrases": [
    {
      "start_i": 0,
      "end_i": 694,
      "shape": "NOISE",
      "r": -2.0,
      "skew": "NONE",
      "mean_sigma": 29.59153993103446,
      "start_ts": 1763334000,
      "end_ts": 1763337595,
      "length_min": 59.92,
      "motifs": [
        {
          "start_i": 0,
          "end_i": 361,
          "shape": "NOISE",
          "r": -2.0,
          "skew": "NONE",
          "mean_sigma": 37.952211579223274,
          "start_ts": 1763334000,
          "end_ts": 1763335820,
          "length_min": 30.33,
          "sub_motifs": [
            {
              "start_i": 0,
              "end_i": 132,
              "shape": "NOISE",
              "r": -2.0,
              "skew": "NONE",
              "mean_sigma": 20.685137539003424,
              "start_ts": 1763334000,
              "end_ts": 1763334660,
              "length_min": 11.0,
              "measures": [
                {
                  "start_i": 0,
                  "end_i": 31,
                  "shape": "NOISE",
                  "r": -2.0,
                  "skew": "NONE",
                  "mean_sigma": 20.698451885722083,
                  "start_ts": 1763334000,
                  "end_ts": 1763334155,
                  "length_min": 2.58,
                  "notes": [
                    {
                      "start_i": 0,
                      "end_i": 13,
                      "shape": "NOISE",
                      "r": -2.0,
                      "skew": "NONE",
                      "mean_sigma": 11.288407681696652,
                      "start_ts": 1763334000,
                      "end_ts": 1763334065,
                      "length_min": 1.08
                    },
                    {
                      "start_i": 14,
                      "end_i": 31,
                      "shape": "STEEP_LINEAR_DOWN",
                      "r": 0.9714176864392439,
                      "skew": "NONE",
                      "mean_sigma": 5.948722864978319,
                      "start_ts": 1763334070,
                      "end_ts": 1763334155,
                      "length_min": 1.42
                    }
                  ]
                },
                {
                  "start_i": 36,
                  "end_i": 90,
                  "shape": "STEEP_CONVEX_DOWN",
                  "r": 0.9350367094003866,
                  "skew": "SYMMETRIC",
                  "mean_sigma": 12.783202314761946,
                  "start_ts": 1763334180,
                  "end_ts": 1763334450,
                  "length_min": 4.5,
                  "notes": [
                    {
                      "start_i": 36,
                      "end_i": 56,
                      "shape": "STEEP_CONCAVE_UP",
                      "r": 0.8668928745595949,
                      "skew": "BACK_SKEWED",
                      "mean_sigma": 4.035879733070432,
                      "start_ts": 1763334180,
                      "end_ts": 1763334280,
                      "length_min": 1.67
                    },
                    {
                      "start_i": 56,
                      "end_i": 73,
                      "shape": "NOISE",
                      "r": 0.6336776072212043,
                      "skew": "NONE",
                      "mean_sigma": 5.538794654998587,
                      "start_ts": 1763334280,
                      "end_ts": 1763334365,
                      "length_min": 1.42
                    },
                    {
                      "start_i": 73,
                      "end_i": 90,
                      "shape": "STEEP_LINEAR_UP",
                      "r": 0.990859982159037,
                      "skew": "NONE",
                      "mean_sigma": 4.960582503983217,
                      "start_ts": 1763334365,
                      "end_ts": 1763334450,
                      "length_min": 1.42
                    }
                  ]
                },
                {
                  "start_i": 90,
                  "end_i": 132,
                  "shape": "STEEP_CONCAVE_UP",
                  "r": 0.972066800488242,
                  "skew": "BACK_SKEWED",
                  "mean_sigma": 10.398941088452046,
                  "start_ts": 1763334450,
                  "end_ts": 1763334660,
                  "length_min": 3.5,
                  "notes": [
                    {
                      "start_i": 90,
                      "end_i": 131,
                      "shape": "NOISE",
                      "r": 0.43111530098326556,
                      "skew": "NONE",
                      "mean_sigma": 4.28171620342047,
                      "start_ts": 1763334450,
                      "end_ts": 1763334655,
                      "length_min": 3.42
                    }
                  ]
                }
              ]
            },
            {
              "start_i": 132,
              "end_i": 361,
              "shape": "STEEP_LINEAR_UP",
              "r": 0.9889482306978116,
              "skew": "NONE",
              "mean_sigma": 22.001538818859974,
              "start_ts": 1763334660,
              "end_ts": 1763335820,
              "length_min": 19.33,
              "measures": [
                {
                  "start_i": 132,
                  "end_i": 351,
                  "shape": "STEEP_LINEAR_UP",
                  "r": 0.9662994810629731,
                  "skew": "NONE",
                  "mean_sigma": 5.18332469729574,
                  "start_ts": 1763334660,
                  "end_ts": 1763335770,
                  "length_min": 18.5,
                  "notes": [
                    {
                      "start_i": 132,
                      "end_i": 163,
                      "shape": "STEEP_CONCAVE_UP",
                      "r": 0.9439763511205516,
                      "skew": "BACK_SKEWED",
                      "mean_sigma": 2.8167405124350786,
                      "start_ts": 1763334660,
                      "end_ts": 1763334815,
                      "length_min": 2.58
                    },
                    {
                      "start_i": 163,
                      "end_i": 167,
                      "shape": "STEEP_LINEAR_UP",
                      "r": 0.9721820279046104,
                      "skew": "NONE",
                      "mean_sigma": 2.7494395042811917,
                      "start_ts": 1763334815,
                      "end_ts": 1763334835,
                      "length_min": 0.33
                    },
                    {
                      "start_i": 167,
                      "end_i": 193,
                      "shape": "NOISE",
                      "r": 0.5094866565147789,
                      "skew": "NONE",
                      "mean_sigma": 1.7345498457555475,
                      "start_ts": 1763334835,
                      "end_ts": 1763334965,
                      "length_min": 2.17
                    },
                    {
                      "start_i": 193,
                      "end_i": 222,
                      "shape": "STEEP_CONCAVE_UP",
                      "r": 0.9711162924814903,
                      "skew": "BACK_SKEWED",
                      "mean_sigma": 3.078466829301161,
                      "start_ts": 1763334965,
                      "end_ts": 1763335110,
                      "length_min": 2.42
                    },
                    {
                      "start_i": 222,
                      "end_i": 279,
                      "shape": "STEEP_LINEAR_UP",
                      "r": 0.9718440535398863,
                      "skew": "NONE",
                      "mean_sigma": 2.1120666266583874,
                      "start_ts": 1763335110,
                      "end_ts": 1763335395,