{
  "day": "2025_12_07",
  "date_iso": "2025-12-07",
  "threshold": 0.85,
  "max_depth": 5,
  "n_phrases": 1,
  "n_motifs": 2,
  "n_sub_motifs": 4,
  "n_measures": 9,
  "n_notes": 23,
  "phrases": [
    {
      "start_i": 0,
      "end_i": 576,
      "shape": "NOISE",
      "r": -2.0,
      "skew": "NONE",
      "mean_sigma": 11.110684456407206,
      "start_ts": 1765148400,
      "end_ts": 1765151995,
      "length_min": 59.92,
      "motifs": [
        {
          "start_i": 0,
          "end_i": 361,
          "shape": "FLATLINE",
          "r": 0.0,
          "skew": "NONE",
          "mean_sigma": 5.014700536992662,
          "start_ts": 1765148400,
          "end_ts": 1765150440,
          "length_min": 34.0,
          "sub_motifs": [
            {
              "start_i": 0,
              "end_i": 91,
              "shape": "NOISE",
              "r": -2.0,
              "skew": "NONE",
              "mean_sigma": 7.850083885908439,
              "start_ts": 1765148400,
              "end_ts": 1765148865,
              "length_min": 7.75,
              "measures": [
                {
                  "start_i": 0,
                  "end_i": 31,
                  "shape": "NOISE",
                  "r": -2.0,
                  "skew": "NONE",
                  "mean_sigma": 7.171663417274737,
                  "start_ts": 1765148400,
                  "end_ts": 1765148555,
                  "length_min": 2.58,
                  "notes": [
                    {
                      "start_i": 0,
                      "end_i": 13,
                      "shape": "NOISE",
                      "r": -2.0,
                      "skew": "NONE",
                      "mean_sigma": 4.907730398668195,
                      "start_ts": 1765148400,
                      "end_ts": 1765148465,
                      "length_min": 1.08
                    },
                    {
                      "start_i": 14,
                      "end_i": 31,
                      "shape": "STEEP_LINEAR_DOWN",
                      "r": 0.8669355990571018,
                      "skew": "NONE",
                      "mean_sigma": 2.9562494000528425,
                      "start_ts": 1765148470,
                      "end_ts": 1765148555,
                      "length_min": 1.42
                    }
                  ]
                },
                {
                  "start_i": 36,
                  "end_i": 91,
                  "shape": "STEEP_CONVEX_DOWN",
                  "r": 0.9888607725902078,
                  "skew": "SYMMETRIC",
                  "mean_sigma": 4.2778457701735855,
                  "start_ts": 1765148580,
                  "end_ts": 1765148865,
                  "length_min": 4.75,
                  "notes": [
                    {
                      "start_i": 36,
                      "end_i": 64,
                      "shape": "STEEP_CONVEX_DOWN",
                      "r": 0.8647873254482047,
                      "skew": "FRONT_SKEWED",
                      "mean_sigma": 1.8618405130038365,
                      "start_ts": 1765148580,
                      "end_ts": 1765148725,
                      "length_min": 2.42
                    },
                    {
                      "start_i": 64,
                      "end_i": 67,
                      "shape": "STEEP_LINEAR_DOWN",
                      "r": 0.9972394296060312,
                      "skew": "NONE",
                      "mean_sigma": 1.3501689811473145,
                      "start_ts": 1765148725,
                      "end_ts": 1765148745,
                      "length_min": 0.33
                    },
                    {
                      "start_i": 67,
                      "end_i": 80,
                      "shape": "NOISE",
                      "r": 0.5010431920691885,
                      "skew": "NONE",
                      "mean_sigma": 3.5287492948311683,
                      "start_ts": 1765148745,
                      "end_ts": 1765148810,
                      "length_min": 1.08
                    },
                    {
                      "start_i": 80,
                      "end_i": 91,
                      "shape": "STEEP_CONVEX_UP",
                      "r": 0.962283871425879,
                      "skew": "SYMMETRIC",
                      "mean_sigma": 1.8617349879685534,
                      "start_ts": 1765148810,
                      "end_ts": 1765148865,
                      "length_min": 0.92
                    }
                  ]
                }
              ]
            },
            {
              "start_i": 114,
              "end_i": 254,
              "shape": "FLATLINE",
              "r": 0.0,
              "skew": "NONE",
              "mean_sigma": 5.765751342808768,
              "start_ts": 1765148985,
              "end_ts": 1765149780,
              "length_min": 13.25,
              "measures": [
                {
                  "start_i": 114,
                  "end_i": 199,
                  "shape": "STEEP_LINEAR_DOWN",
                  "r": 0.8885718147332747,
                  "skew": "NONE",
                  "mean_sigma": 3.2859445916699555,
                  "start_ts": 1765148985,
                  "end_ts": 1765149485,
                  "length_min": 8.33,
                  "notes": [
                    {
                      "start_i": 114,
                      "end_i": 144,
                      "shape": "NOISE",
                      "r": 0.23801087990319802,
                      "skew": "NONE",
                      "mean_sigma": 1.4298728759324948,
                      "start_ts": 1765148985,
                      "end_ts": 1765149175,
                      "length_min": 3.17
                    },
                    {
                      "start_i": 144,
                      "end_i": 174,
                      "shape": "STEEP_CONVEX_DOWN",
                      "r": 0.9360499024191735,
                      "skew": "BACK_SKEWED",
                      "mean_sigma": 1.6554610533170833,
                      "start_ts": 1765149175,
                      "end_ts": 1765149345,
                      "length_min": 2.83
                    },
                    {
                      "start_i": 174,
                      "end_i": 199,
                      "shape": "STEEP_LINEAR_UP",
                      "r": 0.9936219758664459,
                      "skew": "NONE",
                      "mean_sigma": 1.510327750351787,
                      "start_ts": 1765149345,
                      "end_ts": 1765149485,
                      "length_min": 2.33
                    }
                  ]
                },
                {
                  "start_i": 199,
                  "end_i": 254,
                  "shape": "STEEP_CONVEX_UP",
                  "r": 0.9711459319822503,
                  "skew": "BACK_SKEWED",
                  "mean_sigma": 4.261279604182205,
                  "start_ts": 1765149485,
                  "end_ts": 1765149780,
                  "length_min": 4.92,
                  "notes": [
                    {
                      "start_i": 199,
                      "end_i": 221,
                      "shape": "STEEP_CONVEX_DOWN",
                      "r": 0.9053764054868922,
                      "skew": "BACK_SKEWED",
                      "mean_sigma": 1.4089820987505,
                      "start_ts": 1765149485,
                      "end_ts": 1765149610,
                      "length_min": 2.08
                    },
                    {
                      "start_i": 221,
                      "end_i": 250,
                      "shape": "STEEP_LINEAR_UP",
                      "r": 0.9032520291101777,
                      "skew": "NONE",
                      "mean_sigma": 2.2337751608209,
                      "start_ts": 1765149610,
                      "end_ts": 1765149760,