{
  "day": "2025_11_02",
  "date_iso": "2025-11-02",
  "threshold": 0.85,
  "max_depth": 5,
  "n_phrases": 1,
  "n_motifs": 2,
  "n_sub_motifs": 4,
  "n_measures": 11,
  "n_notes": 25,
  "phrases": [
    {
      "start_i": 0,
      "end_i": 665,
      "shape": "NOISE",
      "r": -2.0,
      "skew": "NONE",
      "mean_sigma": 9.031991560397568,
      "start_ts": 1762124400,
      "end_ts": 1762127995,
      "length_min": 59.92,
      "motifs": [
        {
          "start_i": 0,
          "end_i": 361,
          "shape": "NOISE",
          "r": -2.0,
          "skew": "NONE",
          "mean_sigma": 11.294569409903838,
          "start_ts": 1762124400,
          "end_ts": 1762126305,
          "length_min": 31.75,
          "sub_motifs": [
            {
              "start_i": 0,
              "end_i": 91,
              "shape": "NOISE",
              "r": -2.0,
              "skew": "NONE",
              "mean_sigma": 8.01817495707135,
              "start_ts": 1762124400,
              "end_ts": 1762124870,
              "length_min": 7.83,
              "measures": [
                {
                  "start_i": 0,
                  "end_i": 31,
                  "shape": "NOISE",
                  "r": -2.0,
                  "skew": "NONE",
                  "mean_sigma": 7.531919329779784,
                  "start_ts": 1762124400,
                  "end_ts": 1762124555,
                  "length_min": 2.58,
                  "notes": [
                    {
                      "start_i": 0,
                      "end_i": 13,
                      "shape": "NOISE",
                      "r": -2.0,
                      "skew": "NONE",
                      "mean_sigma": 4.5598354408406365,
                      "start_ts": 1762124400,
                      "end_ts": 1762124465,
                      "length_min": 1.08
                    },
                    {
                      "start_i": 14,
                      "end_i": 31,
                      "shape": "STEEP_CONCAVE_UP",
                      "r": 0.9787574955231386,
                      "skew": "FRONT_SKEWED",
                      "mean_sigma": 2.9465425352893515,
                      "start_ts": 1762124470,
                      "end_ts": 1762124555,
                      "length_min": 1.42
                    }
                  ]
                },
                {
                  "start_i": 36,
                  "end_i": 91,
                  "shape": "STEEP_LINEAR_UP",
                  "r": 0.9592951428209986,
                  "skew": "NONE",
                  "mean_sigma": 4.120217690801708,
                  "start_ts": 1762124585,
                  "end_ts": 1762124870,
                  "length_min": 4.75,
                  "notes": [
                    {
                      "start_i": 36,
                      "end_i": 74,
                      "shape": "NOISE",
                      "r": 0.818530249024453,
                      "skew": "NONE",
                      "mean_sigma": 1.4422253948356598,
                      "start_ts": 1762124585,
                      "end_ts": 1762124785,
                      "length_min": 3.33
                    },
                    {
                      "start_i": 74,
                      "end_i": 91,
                      "shape": "STEEP_CONVEX_UP",
                      "r": 0.9677263753018344,
                      "skew": "NONE",
                      "mean_sigma": 2.39078116652017,
                      "start_ts": 1762124785,
                      "end_ts": 1762124870,
                      "length_min": 1.42
                    }
                  ]
                }
              ]
            },
            {
              "start_i": 114,
              "end_i": 321,
              "shape": "STEEP_CONCAVE_UP",
              "r": 0.9416248135509458,
              "skew": "SYMMETRIC",
              "mean_sigma": 8.048420248546142,
              "start_ts": 1762124985,
              "end_ts": 1762126085,
              "length_min": 18.33,
              "measures": [
                {
                  "start_i": 114,
                  "end_i": 170,
                  "shape": "FLATLINE",
                  "r": 0.6432139123698702,
                  "skew": "NONE",
                  "mean_sigma": 2.1388523551516325,
                  "start_ts": 1762124985,
                  "end_ts": 1762125285,
                  "length_min": 5.0,
                  "notes": [
                    {
                      "start_i": 114,
                      "end_i": 147,
                      "shape": "NOISE",
                      "r": 0.6882566793367796,
                      "skew": "NONE",
                      "mean_sigma": 1.3369181637092455,
                      "start_ts": 1762124985,
                      "end_ts": 1762125165,
                      "length_min": 3.0
                    },
                    {
                      "start_i": 147,
                      "end_i": 170,
                      "shape": "STEEP_CONVEX_UP",
                      "r": 0.9851127154515072,
                      "skew": "SYMMETRIC",
                      "mean_sigma": 0.8154856574520556,
                      "start_ts": 1762125165,
                      "end_ts": 1762125285,
                      "length_min": 2.0
                    }
                  ]
                },
                {
                  "start_i": 170,
                  "end_i": 258,
                  "shape": "STEEP_CONCAVE_UP",
                  "r": 0.9710327227751868,
                  "skew": "FRONT_SKEWED",
                  "mean_sigma": 2.27357988079561,
                  "start_ts": 1762125285,
                  "end_ts": 1762125760,
                  "length_min": 7.92,
                  "notes": [
                    {
                      "start_i": 170,
                      "end_i": 241,
                      "shape": "NOISE",
                      "r": 0.7637728244027756,
                      "skew": "NONE",
                      "mean_sigma": 1.148910571237188,
                      "start_ts": 1762125285,
                      "end_ts": 1762125660,
                      "length_min": 6.25
                    },
                    {
                      "start_i": 241,
                      "end_i": 258,
                      "shape": "STEEP_CONCAVE_DOWN",
                      "r": 0.9677236830881987,
                      "skew": "BACK_SKEWED",
                      "mean_sigma": 1.103506867397112,
                      "start_ts": 1762125660,
                      "end_ts": 1762125760,
                      "length_min": 1.67
                    }
                  ]
                },
                {
                  "start_i": 258,
                  "end_i": 321,
                  "shape": "STEEP_CONVEX_DOWN",
                  "r": 0.986235231524544,
                  "skew": "BACK_SKEWED",
                  "mean_sigma": 3.282990747168475,
                  "start_ts": 1762125760,
                  "end_ts": 1762126085,
                  "length_min": 5.42,
                  "notes": [
                    {
                      "start_i": 258,
                      "end_i": 290,
                      "shape": "NOISE",
                      "r": 0.7535123288351644,
                      "skew": "NONE",
                      "mean_sigma": 1.2945159127026107,
                      "start_ts": 1762125760,
                      "end_ts": 1762125925,
                      "length_min": 2.75
                    },
                    {
                      "start_i": 290,
                      "end_i": 312,
                      "shape": "STEEP_CONVEX_DOWN",
                      "r": 0.8629818563240825,
                      "skew": "FRONT_SKEWED",
                      "mean_sigma": 1.2233595572893226,
                      "start_ts": 1762125925,
                      "end_ts": 1762126035,