{
  "day": "2025_02_16",
  "date_iso": "2025-02-16",
  "threshold": 0.85,
  "max_depth": 5,
  "n_phrases": 1,
  "n_motifs": 2,
  "n_sub_motifs": 5,
  "n_measures": 9,
  "n_notes": 28,
  "phrases": [
    {
      "start_i": 0,
      "end_i": 666,
      "shape": "NOISE",
      "r": -2.0,
      "skew": "NONE",
      "mean_sigma": 12.900148771822401,
      "start_ts": 1739746800,
      "end_ts": 1739750385,
      "length_min": 59.75,
      "motifs": [
        {
          "start_i": 0,
          "end_i": 361,
          "shape": "FLATLINE",
          "r": 0.0,
          "skew": "NONE",
          "mean_sigma": 4.585562751041583,
          "start_ts": 1739746800,
          "end_ts": 1739748720,
          "length_min": 32.0,
          "sub_motifs": [
            {
              "start_i": 0,
              "end_i": 91,
              "shape": "NOISE",
              "r": -2.0,
              "skew": "NONE",
              "mean_sigma": 6.222515212546333,
              "start_ts": 1739746800,
              "end_ts": 1739747280,
              "length_min": 8.0,
              "measures": [
                {
                  "start_i": 0,
                  "end_i": 31,
                  "shape": "NOISE",
                  "r": -2.0,
                  "skew": "NONE",
                  "mean_sigma": 2.268917109305865,
                  "start_ts": 1739746800,
                  "end_ts": 1739746960,
                  "length_min": 2.67,
                  "notes": [
                    {
                      "start_i": 0,
                      "end_i": 13,
                      "shape": "NOISE",
                      "r": -2.0,
                      "skew": "NONE",
                      "mean_sigma": 1.3656435037733905,
                      "start_ts": 1739746800,
                      "end_ts": 1739746865,
                      "length_min": 1.08
                    },
                    {
                      "start_i": 14,
                      "end_i": 20,
                      "shape": "STEEP_CONCAVE_DOWN",
                      "r": 0.9742378774215747,
                      "skew": "SYMMETRIC",
                      "mean_sigma": 1.8327983097558307,
                      "start_ts": 1739746870,
                      "end_ts": 1739746900,
                      "length_min": 0.5
                    },
                    {
                      "start_i": 20,
                      "end_i": 31,
                      "shape": "STEEP_CONVEX_DOWN",
                      "r": 0.9777221977747442,
                      "skew": "BACK_SKEWED",
                      "mean_sigma": 1.1904446488179183,
                      "start_ts": 1739746900,
                      "end_ts": 1739746960,
                      "length_min": 1.0
                    }
                  ]
                },
                {
                  "start_i": 36,
                  "end_i": 87,
                  "shape": "STEEP_CONVEX_DOWN",
                  "r": 0.9370401313184895,
                  "skew": "FRONT_SKEWED",
                  "mean_sigma": 3.322462431386318,
                  "start_ts": 1739746985,
                  "end_ts": 1739747260,
                  "length_min": 4.58,
                  "notes": [
                    {
                      "start_i": 36,
                      "end_i": 60,
                      "shape": "STEEP_CONVEX_DOWN",
                      "r": 0.9489952094926938,
                      "skew": "BACK_SKEWED",
                      "mean_sigma": 1.2443522609829125,
                      "start_ts": 1739746985,
                      "end_ts": 1739747115,
                      "length_min": 2.17
                    },
                    {
                      "start_i": 60,
                      "end_i": 74,
                      "shape": "NOISE",
                      "r": 0.3356071376279257,
                      "skew": "NONE",
                      "mean_sigma": 1.8564582632114552,
                      "start_ts": 1739747115,
                      "end_ts": 1739747190,
                      "length_min": 1.25
                    },
                    {
                      "start_i": 74,
                      "end_i": 87,
                      "shape": "STEEP_CONVEX_DOWN",
                      "r": 0.9053432409344955,
                      "skew": "SYMMETRIC",
                      "mean_sigma": 1.1872755077214214,
                      "start_ts": 1739747190,
                      "end_ts": 1739747260,
                      "length_min": 1.17
                    }
                  ]
                },
                {
                  "start_i": 87,
                  "end_i": 91,
                  "shape": "FLATLINE",
                  "r": 0.0,
                  "skew": "NONE",
                  "mean_sigma": 2.797556479811442,
                  "start_ts": 1739747260,
                  "end_ts": 1739747280,
                  "length_min": 0.33,
                  "notes": [
                    {
                      "start_i": 87,
                      "end_i": 91,
                      "shape": "STEEP_LINEAR_DOWN",
                      "r": 0.9977944512370507,
                      "skew": "NONE",
                      "mean_sigma": 0.9426271889091893,
                      "start_ts": 1739747260,
                      "end_ts": 1739747280,
                      "length_min": 0.33
                    }
                  ]
                }
              ]
            },
            {
              "start_i": 114,
              "end_i": 171,
              "shape": "GENTLE_LINEAR_UP",
              "r": 0.9803875400154274,
              "skew": "NONE",
              "mean_sigma": 5.21100858726933,
              "start_ts": 1739747400,
              "end_ts": 1739747700,
              "length_min": 5.0,
              "measures": [
                {
                  "start_i": 114,
                  "end_i": 171,
                  "shape": "STEEP_LINEAR_UP",
                  "r": 0.988874552995964,
                  "skew": "NONE",
                  "mean_sigma": 2.515317983134313,
                  "start_ts": 1739747400,
                  "end_ts": 1739747700,
                  "length_min": 5.0,
                  "notes": [
                    {
                      "start_i": 114,
                      "end_i": 137,
                      "shape": "STEEP_CONCAVE_UP",
                      "r": 0.9118904602373405,
                      "skew": "SYMMETRIC",
                      "mean_sigma": 1.6648606985467431,
                      "start_ts": 1739747400,
                      "end_ts": 1739747515,
                      "length_min": 1.92
                    },
                    {
                      "start_i": 137,
                      "end_i": 141,
                      "shape": "STEEP_CONVEX_UP",
                      "r": 0.9314359476467173,
                      "skew": "FRONT_SKEWED",
                      "mean_sigma": 0.37582433737740945,
                      "start_ts": 1739747515,
                      "end_ts": 1739747535,
                      "length_min": 0.33
                    },
                    {
                      "start_i": 141,
                      "end_i": 171,
                      "shape": "STEEP_LINEAR_UP",
                      "r": 0.9454144618413989,
                      "skew": "NONE",
                      "mean_sigma": 0.5388457813260048,
                      "start_ts": 1739747535,
                      "end_ts": 1739747700,
                      "length_min": 2.75
                    }
                  ]
                }
              ]
            },
            {
              "start_i": 171,
              "end_i": 295,
              "shape": "FLATLINE",
              "r": 0.0,
              "skew": "NONE",
              "mean_sigma": 4.865226177224379,
              "start_ts": 1739747700,
              "end_ts": 1739748360,
              "length_min": 11.0,