{
  "day": "2025_11_09",
  "date_iso": "2025-11-09",
  "threshold": 0.85,
  "max_depth": 5,
  "n_phrases": 1,
  "n_motifs": 2,
  "n_sub_motifs": 3,
  "n_measures": 10,
  "n_notes": 26,
  "phrases": [
    {
      "start_i": 0,
      "end_i": 689,
      "shape": "NOISE",
      "r": -2.0,
      "skew": "NONE",
      "mean_sigma": 23.80632376869872,
      "start_ts": 1762729200,
      "end_ts": 1762732795,
      "length_min": 59.92,
      "motifs": [
        {
          "start_i": 0,
          "end_i": 361,
          "shape": "NOISE",
          "r": -2.0,
          "skew": "NONE",
          "mean_sigma": 8.304834307753387,
          "start_ts": 1762729200,
          "end_ts": 1762731050,
          "length_min": 30.83,
          "sub_motifs": [
            {
              "start_i": 0,
              "end_i": 91,
              "shape": "NOISE",
              "r": -2.0,
              "skew": "NONE",
              "mean_sigma": 11.71955515944751,
              "start_ts": 1762729200,
              "end_ts": 1762729655,
              "length_min": 7.58,
              "measures": [
                {
                  "start_i": 0,
                  "end_i": 31,
                  "shape": "FLATLINE",
                  "r": 0.0,
                  "skew": "NONE",
                  "mean_sigma": 9.879543205611798,
                  "start_ts": 1762729200,
                  "end_ts": 1762729355,
                  "length_min": 2.58,
                  "notes": [
                    {
                      "start_i": 0,
                      "end_i": 13,
                      "shape": "NOISE",
                      "r": -2.0,
                      "skew": "NONE",
                      "mean_sigma": 10.661165580068873,
                      "start_ts": 1762729200,
                      "end_ts": 1762729265,
                      "length_min": 1.08
                    },
                    {
                      "start_i": 14,
                      "end_i": 19,
                      "shape": "STEEP_LINEAR_UP",
                      "r": 0.9816049070561684,
                      "skew": "NONE",
                      "mean_sigma": 6.871207901702697,
                      "start_ts": 1762729270,
                      "end_ts": 1762729295,
                      "length_min": 0.42
                    },
                    {
                      "start_i": 19,
                      "end_i": 29,
                      "shape": "NOISE",
                      "r": 0.8031862329049726,
                      "skew": "NONE",
                      "mean_sigma": 3.4917767398573134,
                      "start_ts": 1762729295,
                      "end_ts": 1762729345,
                      "length_min": 0.83
                    },
                    {
                      "start_i": 29,
                      "end_i": 31,
                      "shape": "FLATLINE",
                      "r": 0.0,
                      "skew": "NONE",
                      "mean_sigma": 4.717105594490879,
                      "start_ts": 1762729345,
                      "end_ts": 1762729355,
                      "length_min": 0.17
                    }
                  ]
                },
                {
                  "start_i": 39,
                  "end_i": 48,
                  "shape": "STEEP_LINEAR_DOWN",
                  "r": 0.9473699269105841,
                  "skew": "NONE",
                  "mean_sigma": 11.416808448905039,
                  "start_ts": 1762729395,
                  "end_ts": 1762729440,
                  "length_min": 0.75,
                  "notes": [
                    {
                      "start_i": 39,
                      "end_i": 48,
                      "shape": "STEEP_LINEAR_DOWN",
                      "r": 0.9821526721517394,
                      "skew": "NONE",
                      "mean_sigma": 4.984768470905953,
                      "start_ts": 1762729395,
                      "end_ts": 1762729440,
                      "length_min": 0.75
                    }
                  ]
                },
                {
                  "start_i": 48,
                  "end_i": 91,
                  "shape": "STEEP_CONVEX_DOWN",
                  "r": 0.9013203728988332,
                  "skew": "BACK_SKEWED",
                  "mean_sigma": 8.606548771011381,
                  "start_ts": 1762729440,
                  "end_ts": 1762729655,
                  "length_min": 3.58,
                  "notes": [
                    {
                      "start_i": 48,
                      "end_i": 91,
                      "shape": "STEEP_CONCAVE_UP",
                      "r": 0.9374896920134503,
                      "skew": "FRONT_SKEWED",
                      "mean_sigma": 2.4637720264399956,
                      "start_ts": 1762729440,
                      "end_ts": 1762729655,
                      "length_min": 3.58
                    }
                  ]
                }
              ]
            },
            {
              "start_i": 114,
              "end_i": 361,
              "shape": "STEEP_LINEAR_DOWN",
              "r": 0.9850018483686386,
              "skew": "NONE",
              "mean_sigma": 10.757767462016934,
              "start_ts": 1762729770,
              "end_ts": 1762731050,
              "length_min": 21.33,
              "measures": [
                {
                  "start_i": 114,
                  "end_i": 174,
                  "shape": "STEEP_CONVEX_DOWN",
                  "r": 0.9111656506971738,
                  "skew": "SYMMETRIC",
                  "mean_sigma": 6.354250639344723,
                  "start_ts": 1762729770,
                  "end_ts": 1762730070,
                  "length_min": 5.0,
                  "notes": [
                    {
                      "start_i": 114,
                      "end_i": 149,
                      "shape": "STEEP_CONVEX_DOWN",
                      "r": 0.8962889972052339,
                      "skew": "FRONT_SKEWED",
                      "mean_sigma": 2.9548766214252336,
                      "start_ts": 1762729770,
                      "end_ts": 1762729945,
                      "length_min": 2.92
                    },
                    {
                      "start_i": 149,
                      "end_i": 174,
                      "shape": "STEEP_CONVEX_UP",
                      "r": 0.8716909966684797,
                      "skew": "BACK_SKEWED",
                      "mean_sigma": 2.111051091311969,
                      "start_ts": 1762729945,
                      "end_ts": 1762730070,
                      "length_min": 2.08
                    }
                  ]
                },
                {
                  "start_i": 174,
                  "end_i": 210,
                  "shape": "NOISE",
                  "r": 0.7052109680173024,
                  "skew": "NONE",
                  "mean_sigma": 4.333637597103937,
                  "start_ts": 1762730070,
                  "end_ts": 1762730255,
                  "length_min": 3.08,
                  "notes": [
                    {
                      "start_i": 174,
                      "end_i": 193,
                      "shape": "NOISE",
                      "r": 0.5562006068665158,
                      "skew": "NONE",
                      "mean_sigma": 1.6994085768634153,
                      "start_ts": 1762730070,
                      "end_ts": 1762730165,
                      "length_min": 1.58
                    },
                    {
                      "start_i": 193,
                      "end_i": 210,
                      "shape": "STEEP_CONVEX_DOWN",
                      "r": 0.9535490910681698,
                      "skew": "SYMMETRIC",
                      "mean_sigma": 1.8580571077171548,
                      "start_ts": 1762730165,
                      "end_ts": 1762730255,