{
  "day": "2025_01_01",
  "date_iso": "2025-01-01",
  "threshold": 0.85,
  "max_depth": 5,
  "n_phrases": 1,
  "n_motifs": 2,
  "n_sub_motifs": 4,
  "n_measures": 11,
  "n_notes": 27,
  "phrases": [
    {
      "start_i": 0,
      "end_i": 605,
      "shape": "NOISE",
      "r": -2.0,
      "skew": "NONE",
      "mean_sigma": 11.851731795701022,
      "start_ts": 1735772400,
      "end_ts": 1735775995,
      "length_min": 59.92,
      "motifs": [
        {
          "start_i": 0,
          "end_i": 361,
          "shape": "NOISE",
          "r": -2.0,
          "skew": "NONE",
          "mean_sigma": 8.061574286821777,
          "start_ts": 1735772400,
          "end_ts": 1735774570,
          "length_min": 36.17,
          "sub_motifs": [
            {
              "start_i": 0,
              "end_i": 91,
              "shape": "NOISE",
              "r": -2.0,
              "skew": "NONE",
              "mean_sigma": 15.976906865210895,
              "start_ts": 1735772400,
              "end_ts": 1735772860,
              "length_min": 7.67,
              "measures": [
                {
                  "start_i": 0,
                  "end_i": 31,
                  "shape": "NOISE",
                  "r": -2.0,
                  "skew": "NONE",
                  "mean_sigma": 5.443491341672279,
                  "start_ts": 1735772400,
                  "end_ts": 1735772560,
                  "length_min": 2.67,
                  "notes": [
                    {
                      "start_i": 0,
                      "end_i": 13,
                      "shape": "NOISE",
                      "r": -2.0,
                      "skew": "NONE",
                      "mean_sigma": 2.906209163931735,
                      "start_ts": 1735772400,
                      "end_ts": 1735772465,
                      "length_min": 1.08
                    },
                    {
                      "start_i": 14,
                      "end_i": 20,
                      "shape": "STEEP_CONVEX_UP",
                      "r": 0.9549242751427098,
                      "skew": "SYMMETRIC",
                      "mean_sigma": 2.2791377603800083,
                      "start_ts": 1735772470,
                      "end_ts": 1735772505,
                      "length_min": 0.58
                    },
                    {
                      "start_i": 20,
                      "end_i": 31,
                      "shape": "STEEP_LINEAR_UP",
                      "r": 0.9803585396615384,
                      "skew": "NONE",
                      "mean_sigma": 4.821771369812515,
                      "start_ts": 1735772505,
                      "end_ts": 1735772560,
                      "length_min": 0.92
                    }
                  ]
                },
                {
                  "start_i": 36,
                  "end_i": 91,
                  "shape": "STEEP_CONCAVE_UP",
                  "r": 0.9800994609498727,
                  "skew": "SYMMETRIC",
                  "mean_sigma": 10.062588530361628,
                  "start_ts": 1735772585,
                  "end_ts": 1735772860,
                  "length_min": 4.58,
                  "notes": [
                    {
                      "start_i": 36,
                      "end_i": 70,
                      "shape": "STEEP_CONCAVE_UP",
                      "r": 0.957046214311037,
                      "skew": "BACK_SKEWED",
                      "mean_sigma": 3.19514961190743,
                      "start_ts": 1735772585,
                      "end_ts": 1735772755,
                      "length_min": 2.83
                    },
                    {
                      "start_i": 70,
                      "end_i": 91,
                      "shape": "STEEP_LINEAR_DOWN",
                      "r": 0.9389955382060781,
                      "skew": "NONE",
                      "mean_sigma": 1.5425259158554268,
                      "start_ts": 1735772755,
                      "end_ts": 1735772860,
                      "length_min": 1.75
                    }
                  ]
                }
              ]
            },
            {
              "start_i": 113,
              "end_i": 263,
              "shape": "FLATLINE",
              "r": 0.0,
              "skew": "NONE",
              "mean_sigma": 10.266392211314628,
              "start_ts": 1735772980,
              "end_ts": 1735773950,
              "length_min": 16.17,
              "measures": [
                {
                  "start_i": 113,
                  "end_i": 175,
                  "shape": "STEEP_LINEAR_DOWN",
                  "r": 0.9002046606927906,
                  "skew": "NONE",
                  "mean_sigma": 3.0242994800768686,
                  "start_ts": 1735772980,
                  "end_ts": 1735773375,
                  "length_min": 6.58,
                  "notes": [
                    {
                      "start_i": 113,
                      "end_i": 133,
                      "shape": "STEEP_CONVEX_DOWN",
                      "r": 0.9106990752286448,
                      "skew": "FRONT_SKEWED",
                      "mean_sigma": 1.4068892085408473,
                      "start_ts": 1735772980,
                      "end_ts": 1735773105,
                      "length_min": 2.08
                    },
                    {
                      "start_i": 133,
                      "end_i": 143,
                      "shape": "STEEP_CONCAVE_DOWN",
                      "r": 0.9421334977919313,
                      "skew": "SYMMETRIC",
                      "mean_sigma": 1.2832834605861279,
                      "start_ts": 1735773105,
                      "end_ts": 1735773165,
                      "length_min": 1.0
                    },
                    {
                      "start_i": 143,
                      "end_i": 157,
                      "shape": "NOISE",
                      "r": 0.3929740374318543,
                      "skew": "NONE",
                      "mean_sigma": 1.7042281551740406,
                      "start_ts": 1735773165,
                      "end_ts": 1735773250,
                      "length_min": 1.42
                    },
                    {
                      "start_i": 157,
                      "end_i": 175,
                      "shape": "STEEP_CONVEX_UP",
                      "r": 0.9434417643901926,
                      "skew": "SYMMETRIC",
                      "mean_sigma": 1.8928298607725351,
                      "start_ts": 1735773250,
                      "end_ts": 1735773375,
                      "length_min": 2.08
                    }
                  ]
                },
                {
                  "start_i": 175,
                  "end_i": 245,
                  "shape": "NOISE",
                  "r": 0.8872233568452876,
                  "skew": "NONE",
                  "mean_sigma": 4.069745693091852,
                  "start_ts": 1735773375,
                  "end_ts": 1735773845,
                  "length_min": 7.83,
                  "notes": [
                    {
                      "start_i": 175,
                      "end_i": 225,
                      "shape": "STEEP_CONVEX_DOWN",
                      "r": 0.9580827750964142,
                      "skew": "SYMMETRIC",
                      "mean_sigma": 1.4264830789247818,
                      "start_ts": 1735773375,
                      "end_ts": 1735773700,
                      "length_min": 5.42
                    },
                    {
                      "start_i": 225,
                      "end_i": 244,
                      "shape": "NOISE",
                      "r": 0.7849842678777883,
                      "skew": "NONE",
                      "mean_sigma": 1.749659232180663,
                      "start_ts": 1735773700,
                      "end_ts": 1735773835,