{
  "day": "2025_04_20",
  "date_iso": "2025-04-20",
  "threshold": 0.85,
  "max_depth": 5,
  "n_phrases": 1,
  "n_motifs": 2,
  "n_sub_motifs": 4,
  "n_measures": 9,
  "n_notes": 22,
  "phrases": [
    {
      "start_i": 0,
      "end_i": 721,
      "shape": "FLATLINE",
      "r": 0.0,
      "skew": "NONE",
      "mean_sigma": 4.535117645177486,
      "start_ts": 1745186400,
      "end_ts": 1745190820,
      "length_min": 73.67,
      "motifs": [
        {
          "start_i": 0,
          "end_i": 361,
          "shape": "NOISE",
          "r": -2.0,
          "skew": "NONE",
          "mean_sigma": 12.449297175897176,
          "start_ts": 1745186400,
          "end_ts": 1745188440,
          "length_min": 34.0,
          "sub_motifs": [
            {
              "start_i": 0,
              "end_i": 91,
              "shape": "NOISE",
              "r": -2.0,
              "skew": "NONE",
              "mean_sigma": 17.535321920319916,
              "start_ts": 1745186400,
              "end_ts": 1745186865,
              "length_min": 7.75,
              "measures": [
                {
                  "start_i": 0,
                  "end_i": 31,
                  "shape": "NOISE",
                  "r": -2.0,
                  "skew": "NONE",
                  "mean_sigma": 18.69400185144811,
                  "start_ts": 1745186400,
                  "end_ts": 1745186560,
                  "length_min": 2.67,
                  "notes": [
                    {
                      "start_i": 0,
                      "end_i": 13,
                      "shape": "NOISE",
                      "r": -2.0,
                      "skew": "NONE",
                      "mean_sigma": 13.95986051205396,
                      "start_ts": 1745186400,
                      "end_ts": 1745186470,
                      "length_min": 1.17
                    },
                    {
                      "start_i": 14,
                      "end_i": 31,
                      "shape": "STEEP_LINEAR_DOWN",
                      "r": 0.9594856701051167,
                      "skew": "SYMMETRIC",
                      "mean_sigma": 4.68443050213264,
                      "start_ts": 1745186475,
                      "end_ts": 1745186560,
                      "length_min": 1.42
                    }
                  ]
                },
                {
                  "start_i": 35,
                  "end_i": 91,
                  "shape": "STEEP_LINEAR_DOWN",
                  "r": 0.9984392166826386,
                  "skew": "NONE",
                  "mean_sigma": 13.795511410292999,
                  "start_ts": 1745186580,
                  "end_ts": 1745186865,
                  "length_min": 4.75,
                  "notes": [
                    {
                      "start_i": 35,
                      "end_i": 91,
                      "shape": "STEEP_LINEAR_DOWN",
                      "r": 0.9750127617561317,
                      "skew": "NONE",
                      "mean_sigma": 3.8340254311370034,
                      "start_ts": 1745186580,
                      "end_ts": 1745186865,
                      "length_min": 4.75
                    }
                  ]
                }
              ]
            },
            {
              "start_i": 113,
              "end_i": 289,
              "shape": "STEEP_CONVEX_DOWN",
              "r": 0.9533632021694716,
              "skew": "BACK_SKEWED",
              "mean_sigma": 17.560075848611145,
              "start_ts": 1745186975,
              "end_ts": 1745188020,
              "length_min": 17.42,
              "measures": [
                {
                  "start_i": 113,
                  "end_i": 166,
                  "shape": "FLATLINE",
                  "r": 0.0,
                  "skew": "NONE",
                  "mean_sigma": 10.269165722200038,
                  "start_ts": 1745186975,
                  "end_ts": 1745187265,
                  "length_min": 4.83,
                  "notes": [
                    {
                      "start_i": 113,
                      "end_i": 142,
                      "shape": "NOISE",
                      "r": 0.8024914530064882,
                      "skew": "NONE",
                      "mean_sigma": 3.7518691510352538,
                      "start_ts": 1745186975,
                      "end_ts": 1745187125,
                      "length_min": 2.5
                    },
                    {
                      "start_i": 142,
                      "end_i": 164,
                      "shape": "STEEP_CONCAVE_UP",
                      "r": 0.8945454782249408,
                      "skew": "SYMMETRIC",
                      "mean_sigma": 2.075735515320425,
                      "start_ts": 1745187125,
                      "end_ts": 1745187250,
                      "length_min": 2.08
                    },
                    {
                      "start_i": 164,
                      "end_i": 166,
                      "shape": "FLATLINE",
                      "r": 0.0,
                      "skew": "NONE",
                      "mean_sigma": 2.436397395478789,
                      "start_ts": 1745187250,
                      "end_ts": 1745187265,
                      "length_min": 0.25
                    }
                  ]
                },
                {
                  "start_i": 166,
                  "end_i": 282,
                  "shape": "NOISE",
                  "r": 0.458127416110283,
                  "skew": "NONE",
                  "mean_sigma": 4.392753767915969,
                  "start_ts": 1745187265,
                  "end_ts": 1745187985,
                  "length_min": 12.0,
                  "notes": [
                    {
                      "start_i": 166,
                      "end_i": 194,
                      "shape": "NOISE",
                      "r": 0.6707148725016207,
                      "skew": "NONE",
                      "mean_sigma": 1.8286444952311178,
                      "start_ts": 1745187265,
                      "end_ts": 1745187465,
                      "length_min": 3.33
                    },
                    {
                      "start_i": 194,
                      "end_i": 203,
                      "shape": "STEEP_CONVEX_UP",
                      "r": 0.953605404808514,
                      "skew": "FRONT_SKEWED",
                      "mean_sigma": 1.8913866838256284,
                      "start_ts": 1745187465,
                      "end_ts": 1745187515,
                      "length_min": 0.83
                    },
                    {
                      "start_i": 203,
                      "end_i": 218,
                      "shape": "NOISE",
                      "r": 0.7216900644950995,
                      "skew": "NONE",
                      "mean_sigma": 2.8211770078964866,
                      "start_ts": 1745187515,
                      "end_ts": 1745187610,
                      "length_min": 1.58
                    },
                    {
                      "start_i": 218,
                      "end_i": 264,
                      "shape": "STEEP_LINEAR_DOWN",
                      "r": 0.9199437471329154,
                      "skew": "NONE",
                      "mean_sigma": 2.55377011301045,
                      "start_ts": 1745187610,
                      "end_ts": 1745187875,
                      "length_min": 4.42
                    },
                    {
                      "start_i": 264,
                      "end_i": 282,
                      "shape": "STEEP_LINEAR_UP",
                      "r": 0.9531929849379234,
                      "skew": "NONE",
                      "mean_sigma": 3.400483740898512,
                      "start_ts": 1745187875,
                      "end_ts": 1745187985,