{
  "day": "2025_01_26",
  "date_iso": "2025-01-26",
  "threshold": 0.85,
  "max_depth": 5,
  "n_phrases": 1,
  "n_motifs": 2,
  "n_sub_motifs": 3,
  "n_measures": 9,
  "n_notes": 31,
  "phrases": [
    {
      "start_i": 0,
      "end_i": 714,
      "shape": "NOISE",
      "r": -2.0,
      "skew": "NONE",
      "mean_sigma": 22.86102899386784,
      "start_ts": 1737932400,
      "end_ts": 1737935995,
      "length_min": 59.92,
      "motifs": [
        {
          "start_i": 0,
          "end_i": 361,
          "shape": "NOISE",
          "r": -2.0,
          "skew": "NONE",
          "mean_sigma": 13.866339222780745,
          "start_ts": 1737932400,
          "end_ts": 1737934205,
          "length_min": 30.08,
          "sub_motifs": [
            {
              "start_i": 0,
              "end_i": 91,
              "shape": "FLATLINE",
              "r": 0.0,
              "skew": "NONE",
              "mean_sigma": 10.60682695552734,
              "start_ts": 1737932400,
              "end_ts": 1737932855,
              "length_min": 7.58,
              "measures": [
                {
                  "start_i": 0,
                  "end_i": 31,
                  "shape": "NOISE",
                  "r": -2.0,
                  "skew": "NONE",
                  "mean_sigma": 11.495536703148824,
                  "start_ts": 1737932400,
                  "end_ts": 1737932555,
                  "length_min": 2.58,
                  "notes": [
                    {
                      "start_i": 0,
                      "end_i": 13,
                      "shape": "NOISE",
                      "r": -2.0,
                      "skew": "NONE",
                      "mean_sigma": 10.834674088556719,
                      "start_ts": 1737932400,
                      "end_ts": 1737932465,
                      "length_min": 1.08
                    },
                    {
                      "start_i": 14,
                      "end_i": 31,
                      "shape": "STEEP_LINEAR_UP",
                      "r": 0.9811446853839605,
                      "skew": "NONE",
                      "mean_sigma": 4.813436164524384,
                      "start_ts": 1737932470,
                      "end_ts": 1737932555,
                      "length_min": 1.42
                    }
                  ]
                },
                {
                  "start_i": 36,
                  "end_i": 45,
                  "shape": "STEEP_CONVEX_DOWN",
                  "r": 0.8874423381400481,
                  "skew": "SYMMETRIC",
                  "mean_sigma": 9.340085235983883,
                  "start_ts": 1737932580,
                  "end_ts": 1737932625,
                  "length_min": 0.75,
                  "notes": [
                    {
                      "start_i": 36,
                      "end_i": 45,
                      "shape": "FLATLINE",
                      "r": 0.0,
                      "skew": "NONE",
                      "mean_sigma": 2.9405679996974365,
                      "start_ts": 1737932580,
                      "end_ts": 1737932625,
                      "length_min": 0.75
                    }
                  ]
                },
                {
                  "start_i": 45,
                  "end_i": 57,
                  "shape": "FLATLINE",
                  "r": 0.0,
                  "skew": "NONE",
                  "mean_sigma": 8.906358998271761,
                  "start_ts": 1737932625,
                  "end_ts": 1737932685,
                  "length_min": 1.0,
                  "notes": [
                    {
                      "start_i": 45,
                      "end_i": 57,
                      "shape": "STEEP_CONCAVE_DOWN",
                      "r": 0.981150140051849,
                      "skew": "BACK_SKEWED",
                      "mean_sigma": 4.972023701269022,
                      "start_ts": 1737932625,
                      "end_ts": 1737932685,
                      "length_min": 1.0
                    }
                  ]
                },
                {
                  "start_i": 57,
                  "end_i": 91,
                  "shape": "STEEP_CONVEX_DOWN",
                  "r": 0.9567663598288654,
                  "skew": "FRONT_SKEWED",
                  "mean_sigma": 14.083331951433996,
                  "start_ts": 1737932685,
                  "end_ts": 1737932855,
                  "length_min": 2.83,
                  "notes": [
                    {
                      "start_i": 57,
                      "end_i": 91,
                      "shape": "STEEP_LINEAR_UP",
                      "r": 0.9410724632195323,
                      "skew": "NONE",
                      "mean_sigma": 4.532618281725115,
                      "start_ts": 1737932685,
                      "end_ts": 1737932855,
                      "length_min": 2.83
                    }
                  ]
                }
              ]
            },
            {
              "start_i": 114,
              "end_i": 361,
              "shape": "STEEP_LINEAR_DOWN",
              "r": 0.988591499271242,
              "skew": "NONE",
              "mean_sigma": 13.51954714267268,
              "start_ts": 1737932970,
              "end_ts": 1737934205,
              "length_min": 20.58,
              "measures": [
                {
                  "start_i": 114,
                  "end_i": 297,
                  "shape": "STEEP_LINEAR_DOWN",
                  "r": 0.9762901772700721,
                  "skew": "NONE",
                  "mean_sigma": 6.365062302018031,
                  "start_ts": 1737932970,
                  "end_ts": 1737933885,
                  "length_min": 15.25,
                  "notes": [
                    {
                      "start_i": 114,
                      "end_i": 168,
                      "shape": "STEEP_LINEAR_DOWN",
                      "r": 0.9294921488918165,
                      "skew": "NONE",
                      "mean_sigma": 2.9561091830311796,
                      "start_ts": 1737932970,
                      "end_ts": 1737933240,
                      "length_min": 4.5
                    },
                    {
                      "start_i": 168,
                      "end_i": 212,
                      "shape": "NOISE",
                      "r": 0.674852054930606,
                      "skew": "NONE",
                      "mean_sigma": 2.6920991525924256,
                      "start_ts": 1737933240,
                      "end_ts": 1737933460,
                      "length_min": 3.67
                    },
                    {
                      "start_i": 212,
                      "end_i": 254,
                      "shape": "STEEP_LINEAR_DOWN",
                      "r": 0.9235247816989011,
                      "skew": "NONE",
                      "mean_sigma": 2.6952459065117482,
                      "start_ts": 1737933460,
                      "end_ts": 1737933670,
                      "length_min": 3.5
                    },
                    {
                      "start_i": 254,
                      "end_i": 263,
                      "shape": "STEEP_CONCAVE_DOWN",
                      "r": 0.9824359370718702,
                      "skew": "SYMMETRIC",
                      "mean_sigma": 3.5674232794140806,
                      "start_ts": 1737933670,
                      "end_ts": 1737933715,
                      "length_min": 0.75
                    },
                    {
                      "start_i": 263,
                      "end_i": 277,
                      "shape": "NOISE",
                      "r": 0.8193239240979734,
                      "skew": "NONE",
                      "mean_sigma": 2.1617217533258493,
                      "start_ts": 1737933715,
                      "end_ts": 1737933785,