{
  "day": "2025_08_31",
  "date_iso": "2025-08-31",
  "threshold": 0.85,
  "max_depth": 5,
  "n_phrases": 1,
  "n_motifs": 2,
  "n_sub_motifs": 4,
  "n_measures": 10,
  "n_notes": 28,
  "phrases": [
    {
      "start_i": 0,
      "end_i": 721,
      "shape": "NOISE",
      "r": -2.0,
      "skew": "NONE",
      "mean_sigma": 11.046998432983184,
      "start_ts": 1756677600,
      "end_ts": 1756681995,
      "length_min": 73.25,
      "motifs": [
        {
          "start_i": 0,
          "end_i": 361,
          "shape": "NOISE",
          "r": -2.0,
          "skew": "NONE",
          "mean_sigma": 10.900960395303393,
          "start_ts": 1756677600,
          "end_ts": 1756679685,
          "length_min": 34.75,
          "sub_motifs": [
            {
              "start_i": 0,
              "end_i": 91,
              "shape": "NOISE",
              "r": -2.0,
              "skew": "NONE",
              "mean_sigma": 7.75532052240833,
              "start_ts": 1756677600,
              "end_ts": 1756678065,
              "length_min": 7.75,
              "measures": [
                {
                  "start_i": 0,
                  "end_i": 31,
                  "shape": "NOISE",
                  "r": -2.0,
                  "skew": "NONE",
                  "mean_sigma": 2.693103761748957,
                  "start_ts": 1756677600,
                  "end_ts": 1756677755,
                  "length_min": 2.58,
                  "notes": [
                    {
                      "start_i": 0,
                      "end_i": 30,
                      "shape": "NOISE",
                      "r": -2.0,
                      "skew": "NONE",
                      "mean_sigma": 2.3016919487337244,
                      "start_ts": 1756677600,
                      "end_ts": 1756677750,
                      "length_min": 2.5
                    }
                  ]
                },
                {
                  "start_i": 36,
                  "end_i": 42,
                  "shape": "STEEP_LINEAR_UP",
                  "r": 0.9437251338262259,
                  "skew": "NONE",
                  "mean_sigma": 4.452443471017829,
                  "start_ts": 1756677780,
                  "end_ts": 1756677810,
                  "length_min": 0.5,
                  "notes": [
                    {
                      "start_i": 36,
                      "end_i": 42,
                      "shape": "STEEP_LINEAR_UP",
                      "r": 0.9974267124674511,
                      "skew": "NONE",
                      "mean_sigma": 2.9956314197641407,
                      "start_ts": 1756677780,
                      "end_ts": 1756677810,
                      "length_min": 0.5
                    }
                  ]
                },
                {
                  "start_i": 42,
                  "end_i": 91,
                  "shape": "STEEP_CONCAVE_UP",
                  "r": 0.9855137808280799,
                  "skew": "BACK_SKEWED",
                  "mean_sigma": 7.2514321765658645,
                  "start_ts": 1756677810,
                  "end_ts": 1756678065,
                  "length_min": 4.25,
                  "notes": [
                    {
                      "start_i": 42,
                      "end_i": 63,
                      "shape": "STEEP_CONCAVE_UP",
                      "r": 0.8774335999544356,
                      "skew": "BACK_SKEWED",
                      "mean_sigma": 2.153381893709719,
                      "start_ts": 1756677810,
                      "end_ts": 1756677925,
                      "length_min": 1.92
                    },
                    {
                      "start_i": 63,
                      "end_i": 79,
                      "shape": "NOISE",
                      "r": 0.8035828388575023,
                      "skew": "NONE",
                      "mean_sigma": 2.0368596097218807,
                      "start_ts": 1756677925,
                      "end_ts": 1756678005,
                      "length_min": 1.33
                    },
                    {
                      "start_i": 79,
                      "end_i": 91,
                      "shape": "STEEP_CONCAVE_UP",
                      "r": 0.971587526533023,
                      "skew": "SYMMETRIC",
                      "mean_sigma": 3.950656820996063,
                      "start_ts": 1756678005,
                      "end_ts": 1756678065,
                      "length_min": 1.0
                    }
                  ]
                }
              ]
            },
            {
              "start_i": 114,
              "end_i": 324,
              "shape": "STEEP_CONCAVE_UP",
              "r": 0.9659639794756203,
              "skew": "FRONT_SKEWED",
              "mean_sigma": 9.18146346801022,
              "start_ts": 1756678180,
              "end_ts": 1756679400,
              "length_min": 20.33,
              "measures": [
                {
                  "start_i": 114,
                  "end_i": 154,
                  "shape": "NOISE",
                  "r": 0.7544203439121624,
                  "skew": "NONE",
                  "mean_sigma": 2.561875818896659,
                  "start_ts": 1756678180,
                  "end_ts": 1756678410,
                  "length_min": 3.83,
                  "notes": [
                    {
                      "start_i": 114,
                      "end_i": 128,
                      "shape": "NOISE",
                      "r": 0.3292798810954605,
                      "skew": "NONE",
                      "mean_sigma": 0.9516785070007819,
                      "start_ts": 1756678180,
                      "end_ts": 1756678265,
                      "length_min": 1.42
                    },
                    {
                      "start_i": 128,
                      "end_i": 154,
                      "shape": "STEEP_LINEAR_DOWN",
                      "r": 0.9462887090627359,
                      "skew": "NONE",
                      "mean_sigma": 0.981831527906452,
                      "start_ts": 1756678265,
                      "end_ts": 1756678410,
                      "length_min": 2.42
                    }
                  ]
                },
                {
                  "start_i": 154,
                  "end_i": 211,
                  "shape": "STEEP_CONVEX_DOWN",
                  "r": 0.9156764235141676,
                  "skew": "BACK_SKEWED",
                  "mean_sigma": 1.7815913688908174,
                  "start_ts": 1756678410,
                  "end_ts": 1756678740,
                  "length_min": 5.5,
                  "notes": [
                    {
                      "start_i": 154,
                      "end_i": 195,
                      "shape": "STEEP_CONVEX_DOWN",
                      "r": 0.8932818716957626,
                      "skew": "BACK_SKEWED",
                      "mean_sigma": 0.9946776589678253,
                      "start_ts": 1756678410,
                      "end_ts": 1756678645,
                      "length_min": 3.92
                    },
                    {
                      "start_i": 195,
                      "end_i": 211,
                      "shape": "STEEP_LINEAR_UP",
                      "r": 0.9685843219107654,
                      "skew": "NONE",
                      "mean_sigma": 0.9796118542238088,
                      "start_ts": 1756678645,
                      "end_ts": 1756678740,
                      "length_min": 1.58
                    }
                  ]
                },
                {
                  "start_i": 211,
                  "end_i": 261,
                  "shape": "STEEP_CONCAVE_UP",
                  "r": 0.8781692065721372,
                  "skew": "FRONT_SKEWED",
                  "mean_sigma": 2.3400586448878915,
                  "start_ts": 1756678740,
                  "end_ts": 1756679010,