{
  "day": "2026_01_01",
  "date_iso": "2026-01-01",
  "threshold": 0.85,
  "max_depth": 5,
  "n_phrases": 1,
  "n_motifs": 2,
  "n_sub_motifs": 4,
  "n_measures": 12,
  "n_notes": 25,
  "phrases": [
    {
      "start_i": 0,
      "end_i": 577,
      "shape": "NOISE",
      "r": -2.0,
      "skew": "NONE",
      "mean_sigma": 4.116121137655204,
      "start_ts": 1767308400,
      "end_ts": 1767311994,
      "length_min": 59.9,
      "motifs": [
        {
          "start_i": 0,
          "end_i": 361,
          "shape": "NOISE",
          "r": -2.0,
          "skew": "NONE",
          "mean_sigma": 10.193451846488037,
          "start_ts": 1767308400,
          "end_ts": 1767310437,
          "length_min": 33.95,
          "sub_motifs": [
            {
              "start_i": 0,
              "end_i": 91,
              "shape": "NOISE",
              "r": -2.0,
              "skew": "NONE",
              "mean_sigma": 8.037130239007451,
              "start_ts": 1767308400,
              "end_ts": 1767308875,
              "length_min": 7.92,
              "measures": [
                {
                  "start_i": 0,
                  "end_i": 80,
                  "shape": "NOISE",
                  "r": -2.0,
                  "skew": "NONE",
                  "mean_sigma": 4.495803660569114,
                  "start_ts": 1767308400,
                  "end_ts": 1767308820,
                  "length_min": 7.0,
                  "notes": [
                    {
                      "start_i": 0,
                      "end_i": 13,
                      "shape": "NOISE",
                      "r": -2.0,
                      "skew": "NONE",
                      "mean_sigma": 2.9169874818614434,
                      "start_ts": 1767308400,
                      "end_ts": 1767308465,
                      "length_min": 1.08
                    },
                    {
                      "start_i": 14,
                      "end_i": 19,
                      "shape": "STEEP_CONCAVE_DOWN",
                      "r": 0.9906755081592664,
                      "skew": "BACK_SKEWED",
                      "mean_sigma": 1.7765777633514281,
                      "start_ts": 1767308470,
                      "end_ts": 1767308496,
                      "length_min": 0.43
                    },
                    {
                      "start_i": 19,
                      "end_i": 47,
                      "shape": "STEEP_CONVEX_DOWN",
                      "r": 0.9508810662284676,
                      "skew": "SYMMETRIC",
                      "mean_sigma": 2.610134448552832,
                      "start_ts": 1767308496,
                      "end_ts": 1767308636,
                      "length_min": 2.33
                    },
                    {
                      "start_i": 47,
                      "end_i": 59,
                      "shape": "NOISE",
                      "r": 0.6547316293867048,
                      "skew": "NONE",
                      "mean_sigma": 2.0377902593725796,
                      "start_ts": 1767308636,
                      "end_ts": 1767308698,
                      "length_min": 1.03
                    },
                    {
                      "start_i": 59,
                      "end_i": 66,
                      "shape": "STEEP_CONVEX_UP",
                      "r": 0.9376688325512635,
                      "skew": "BACK_SKEWED",
                      "mean_sigma": 2.2741454082201584,
                      "start_ts": 1767308698,
                      "end_ts": 1767308730,
                      "length_min": 0.53
                    },
                    {
                      "start_i": 66,
                      "end_i": 80,
                      "shape": "STEEP_LINEAR_UP",
                      "r": 0.9529112769763225,
                      "skew": "NONE",
                      "mean_sigma": 1.5492372791987188,
                      "start_ts": 1767308730,
                      "end_ts": 1767308820,
                      "length_min": 1.5
                    }
                  ]
                },
                {
                  "start_i": 80,
                  "end_i": 91,
                  "shape": "STEEP_LINEAR_UP",
                  "r": 0.9796022933466594,
                  "skew": "NONE",
                  "mean_sigma": 4.357707420352417,
                  "start_ts": 1767308820,
                  "end_ts": 1767308875,
                  "length_min": 0.92,
                  "notes": [
                    {
                      "start_i": 80,
                      "end_i": 91,
                      "shape": "STEEP_CONCAVE_UP",
                      "r": 0.8589030106116569,
                      "skew": "BACK_SKEWED",
                      "mean_sigma": 1.9243747195002932,
                      "start_ts": 1767308820,
                      "end_ts": 1767308875,
                      "length_min": 0.92
                    }
                  ]
                }
              ]
            },
            {
              "start_i": 114,
              "end_i": 126,
              "shape": "STEEP_CONVEX_UP",
              "r": 0.9161952533726857,
              "skew": "BACK_SKEWED",
              "mean_sigma": 7.331374579820525,
              "start_ts": 1767309010,
              "end_ts": 1767309070,
              "length_min": 1.0,
              "measures": [
                {
                  "start_i": 114,
                  "end_i": 126,
                  "shape": "STEEP_LINEAR_UP",
                  "r": 0.9836269708517392,
                  "skew": "NONE",
                  "mean_sigma": 2.2007772800156618,
                  "start_ts": 1767309010,
                  "end_ts": 1767309070,
                  "length_min": 1.0,
                  "notes": [
                    {
                      "start_i": 114,
                      "end_i": 126,
                      "shape": "STEEP_LINEAR_UP",
                      "r": 0.9925321145314132,
                      "skew": "NONE",
                      "mean_sigma": 1.1232924098598538,
                      "start_ts": 1767309010,
                      "end_ts": 1767309070,
                      "length_min": 1.0
                    }
                  ]
                }
              ]
            },
            {
              "start_i": 126,
              "end_i": 361,
              "shape": "STEEP_LINEAR_UP",
              "r": 0.9705359900395513,
              "skew": "NONE",
              "mean_sigma": 6.262628247465259,
              "start_ts": 1767309070,
              "end_ts": 1767310437,
              "length_min": 22.78,
              "measures": [
                {
                  "start_i": 126,
                  "end_i": 214,
                  "shape": "STEEP_CONCAVE_UP",
                  "r": 0.9612903436647992,
                  "skew": "BACK_SKEWED",
                  "mean_sigma": 3.8914844610207213,
                  "start_ts": 1767309070,
                  "end_ts": 1767309540,
                  "length_min": 7.83,
                  "notes": [
                    {
                      "start_i": 126,
                      "end_i": 214,
                      "shape": "NOISE",
                      "r": 0.3774373752837505,
                      "skew": "NONE",
                      "mean_sigma": 1.767277097516835,
                      "start_ts": 1767309070,
                      "end_ts": 1767309540,
                      "length_min": 7.83
                    }
                  ]
                },
                {
                  "start_i": 214,
                  "end_i": 227,
                  "shape": "FLATLINE",
                  "r": 0.0,
                  "skew": "NONE",
                  "mean_sigma": 2.2108254575638093,
                  "start_ts": 1767309540,
                  "end_ts": 1767309632,
                  "length_min": 1.53,