n,pct_data,accuracy,lift
6383,43.04693822497977,0.6094313018956603,0.08070187108907811
