threshold,n,pct_data,accuracy,lift
20.0,10502,70.82546533585109,0.5708436488287946,0.04211421802221238
