tf,n_train,n_test,r2_test,accuracy_test,baseline_acc,lift
1m,44519,14841,-0.013531159652198532,0.5466684650660911,0.5287294308065822,0.017939034259508935
5m,44519,14841,-0.0011268749688810864,0.5785001348799569,0.5287294308065822,0.049770704073374694
15m,44519,14841,0.0016273853638331115,0.5959670892905314,0.5287294308065822,0.06723765848394925
1h,44519,14841,-0.029244940910071904,0.5414755867278123,0.5287294308065822,0.012746155921230073
4h,44519,14841,-0.05763165155810901,0.5144321553817103,0.5287294308065822,-0.014297275424871914
