tf,half_cycle_bars,half_cycle_minutes,turns
5s,4.917875633615208,0.40982296946793395,331827
15s,4.849192537687543,1.2122981344218857,139636
1m,4.597077568785948,4.597077568785948,38599
5m,4.634630451815095,23.173152259075476,7659
15m,4.642464678178964,69.63697017268446,2549
1h,4.246043165467626,254.76258992805754,696
