**DEPRECATED — LOOKAHEAD ARTIFACT, DO NOT QUOTE**

x_q,y_q,n,mean_fwd,std_fwd,win_rate,mean_conc,additive_pred,interaction
0,0,9136,1.9385398423817863,81.90746794331194,0.5422504378283712,-6.706163438869291,-0.39199986796183917,2.3305397103436256
0,1,3967,-3.657927905218049,59.39247751243331,0.49760524325686917,-4.785465120192853,-1.0360224010155894,-2.6219055042024593
0,2,2484,-5.875100644122384,88.51609087463862,0.4786634460547504,-3.4835270174762685,-0.767268972171689,-5.107831671950695
1,0,3931,-0.6855761892648181,48.432473773485086,0.5258204019333503,0.95928119559995,1.1676142423888898,-1.853190431653708
1,1,7496,2.4922625400213447,34.765960193208336,0.5518943436499466,0.7296176310643508,0.5235917093351393,1.9686708306862055
1,2,4221,-0.7157071783937455,50.759293031478165,0.49324804548685147,0.9994046139035289,0.7923451381790397,-1.5080523165727853
2,0,2530,0.9638339920948616,69.03765123311913,0.5513833992094862,5.342333774510065,2.576144768596931,-1.6123107765020697
2,1,3991,0.7943497870207968,53.80319632567448,0.49461287897769984,4.520599257512924,1.932122235543181,-1.1377724485223841
2,2,9122,3.2215248848936637,87.32615252250133,0.5108528831396624,9.304443616007202,2.2008756643870813,1.0206492205065825
