**DEPRECATED — LOOKAHEAD ARTIFACT, DO NOT QUOTE**

x_q,y_q,n,mean_fwd,std_fwd,win_rate,mean_conc,additive_pred,interaction
0,0,11820,3.302876480541455,63.30606191699043,0.5426395939086295,-11.865762330357803,4.312884076810701,-1.0100075962692463
0,1,3250,-1.1001538461538463,59.150386026675015,0.5172307692307693,-12.73108106347756,2.1910707017517463,-3.2912245479055926
0,2,549,-4.455828779599272,86.88097105823418,0.5300546448087432,-19.493193981291583,-0.1603126767543286,-4.295516102844943
1,0,3647,1.871401151631478,67.61771178547605,0.5423635865094598,2.7979103962320973,2.4282109036030493,-0.5568097519715713
1,1,9117,0.7558407370845673,64.4562621071248,0.5140945486453877,1.9167517833694385,0.30639752854409386,0.4494432085404735
1,2,2869,-3.531282676890903,61.929206331824815,0.4959916347159289,-4.7618130820208195,-2.0449858499619813,-1.4862968269289216
2,0,153,4.4754901960784315,63.68819736916038,0.5228758169934641,16.13773047392797,2.2003119482239524,2.275178247854479
2,1,3262,3.096030042918455,82.35250418254549,0.5220723482526057,10.555769348652014,0.07849857316499675,3.0175314697534583
2,2,12214,-0.8811200261994433,73.49944710556812,0.5058130014737187,14.934251510354871,-2.272884805341078,1.391764779141635
