tf,n_days,n_up_pred,up_precision,up_lift_vs_baserate,n_down_pred,down_precision,down_lift_vs_baserate,coverage,abstain_pct
5s,348,110,0.2727272727272727,0.025600835945663508,120,0.20833333333333334,0.027298850574712652,0.6609195402298851,0.3390804597701149
1m,348,88,0.3409090909090909,0.09378265412748168,118,0.3220338983050847,0.14099941554646403,0.5919540229885057,0.40804597701149425
5m,348,102,0.47058823529411764,0.22346179851250844,123,0.35772357723577236,0.17668909447715167,0.646551724137931,0.35344827586206895
15m,348,136,0.4852941176470588,0.23816768086544962,150,0.36666666666666664,0.18563218390804595,0.8218390804597702,0.17816091954022983
1h,348,105,0.5428571428571428,0.29573070607553364,125,0.416,0.2349655172413793,0.6609195402298851,0.3390804597701149
