**DEPRECATED — LOOKAHEAD ARTIFACT, DO NOT QUOTE**

Z,mean_lift,max_lift,n_triplets
z_se_w,0.2795084950215817,1.7938983679464036,1155
z_low_w,0.223264544131068,1.697162292826855,1155
z_high_w,0.2152728583294885,1.7145086414310975,1155
SE_low_w,0.1409411284249605,0.8082436491966855,1155
SE_high_w,0.1374511719581058,0.7759676389182374,1155
hurst_w,0.0913188196781868,0.8683088999037267,1155
