feature,side,n_is,n_oos,P_up_IS,CI_IS_lo,CI_IS_hi,P_up_OOS,sign_match,mean_fwd_IS,mean_fwd_OOS,mean_abs_z,med_dur_min,IS_edge
L2_15m_price_velocity_12,below_-3sigma,412,109,0.57,0.5221,0.6173,0.5405,1,0.77,-7.95,4.33,14.92,0.06999999999999995
L2_15m_vol_sigma_12,below_-3sigma,423,95,0.5529,0.5055,0.5999,0.6392,1,3.03,6.82,6.08,14.92,0.05289999999999995
L2_15m_vol_velocity_12,below_-3sigma,357,83,0.5515,0.4999,0.6026,0.5176,1,3.46,1.47,4.1,14.92,0.05149999999999999
