{
  "day": "2025_03_21",
  "date_iso": "2025-03-21",
  "threshold": 0.85,
  "n_phrases": 2,
  "n_motifs": 2,
  "phrases": [
    {
      "start_i": 0,
      "end_i": 721,
      "shape": "NOISE",
      "r": -2.0,
      "skew": "NONE",
      "mean_sigma": 15.137693790616098,
      "motifs": [
        {
          "start_i": 0,
          "end_i": 721,
          "shape": "NOISE",
          "r": -2.0,
          "skew": "NONE",
          "mean_sigma": 11.506504191448471,
          "start_ts": 1742515200,
          "end_ts": 1742548745,
          "length_min": 559.1
        }
      ],
      "start_ts": 1742515200,
      "end_ts": 1742548745,
      "length_min": 559.1
    },
    {
      "start_i": 781,
      "end_i": 1440,
      "shape": "STEEP_CONCAVE_DOWN",
      "r": 0.9399671671815293,
      "skew": "BACK_SKEWED",
      "mean_sigma": 31.251565475282163,
      "motifs": [
        {
          "start_i": 781,
          "end_i": 1440,
          "shape": "STEEP_CONCAVE_DOWN",
          "r": 0.9710971054608752,
          "skew": "BACK_SKEWED",
          "mean_sigma": 26.05365967684517,
          "start_ts": 1742552345,
          "end_ts": 1742563795,
          "length_min": 190.8
        }
      ],
      "start_ts": 1742552345,
      "end_ts": 1742563795,
      "length_min": 190.8
    }
  ]
}