{
  "day": "2025_11_16",
  "date_iso": "2025-11-16",
  "threshold": 0.85,
  "n_phrases": 1,
  "n_motifs": 1,
  "phrases": [
    {
      "start_i": 0,
      "end_i": 694,
      "shape": "NOISE",
      "r": -2.0,
      "skew": "NONE",
      "mean_sigma": 29.59153993103446,
      "motifs": [
        {
          "start_i": 0,
          "end_i": 694,
          "shape": "NOISE",
          "r": -2.0,
          "skew": "NONE",
          "mean_sigma": 38.680482033358295,
          "start_ts": 1763334000,
          "end_ts": 1763337595,
          "length_min": 59.9
        }
      ],
      "start_ts": 1763334000,
      "end_ts": 1763337595,
      "length_min": 59.9
    }
  ]
}