{
  "day": "2025_07_06",
  "date_iso": "2025-07-06",
  "threshold": 0.85,
  "n_phrases": 1,
  "n_motifs": 2,
  "phrases": [
    {
      "start_i": 0,
      "end_i": 1178,
      "shape": "FLATLINE",
      "r": -2.0,
      "skew": "NONE",
      "mean_sigma": 6.41456127302343,
      "motifs": [
        {
          "start_i": 0,
          "end_i": 721,
          "shape": "NOISE",
          "r": -2.0,
          "skew": "NONE",
          "mean_sigma": 6.492718695180694,
          "start_ts": 1751839200,
          "end_ts": 1751843440,
          "length_min": 70.7
        },
        {
          "start_i": 840,
          "end_i": 1178,
          "shape": "GENTLE_CONVEX_UP",
          "r": 0.9406714164409807,
          "skew": "BACK_SKEWED",
          "mean_sigma": 9.80599885958285,
          "start_ts": 1751844190,
          "end_ts": 1751846395,
          "length_min": 36.8
        }
      ],
      "start_ts": 1751839200,
      "end_ts": 1751846395,
      "length_min": 119.9
    }
  ]
}