{
  "day": "2025_09_07",
  "date_iso": "2025-09-07",
  "threshold": 0.85,
  "n_phrases": 1,
  "n_motifs": 2,
  "phrases": [
    {
      "start_i": 0,
      "end_i": 1289,
      "shape": "NOISE",
      "r": -2.0,
      "skew": "NONE",
      "mean_sigma": 32.13375988246568,
      "motifs": [
        {
          "start_i": 0,
          "end_i": 721,
          "shape": "NOISE",
          "r": -2.0,
          "skew": "NONE",
          "mean_sigma": 17.97862789806596,
          "start_ts": 1757282400,
          "end_ts": 1757286350,
          "length_min": 65.8
        },
        {
          "start_i": 833,
          "end_i": 1289,
          "shape": "STEEP_LINEAR_UP",
          "r": 0.9915966603545006,
          "skew": "NONE",
          "mean_sigma": 12.253238827108078,
          "start_ts": 1757286990,
          "end_ts": 1757289595,
          "length_min": 43.4
        }
      ],
      "start_ts": 1757282400,
      "end_ts": 1757289595,
      "length_min": 119.9
    }
  ]
}