{
  "day": "2025_10_05",
  "date_iso": "2025-10-05",
  "threshold": 0.85,
  "n_phrases": 2,
  "n_motifs": 2,
  "phrases": [
    {
      "start_i": 0,
      "end_i": 721,
      "shape": "NOISE",
      "r": -2.0,
      "skew": "NONE",
      "mean_sigma": 5.920328603037846,
      "motifs": [
        {
          "start_i": 0,
          "end_i": 721,
          "shape": "NOISE",
          "r": -2.0,
          "skew": "NONE",
          "mean_sigma": 7.426952798162586,
          "start_ts": 1759701600,
          "end_ts": 1759705885,
          "length_min": 71.4
        }
      ],
      "start_ts": 1759701600,
      "end_ts": 1759705885,
      "length_min": 71.4
    },
    {
      "start_i": 1059,
      "end_i": 1189,
      "shape": "FLATLINE",
      "r": 0.0,
      "skew": "NONE",
      "mean_sigma": 17.431242476819854,
      "motifs": [
        {
          "start_i": 1059,
          "end_i": 1189,
          "shape": "GENTLE_CONCAVE_UP",
          "r": 0.923622069765007,
          "skew": "FRONT_SKEWED",
          "mean_sigma": 9.803188154303582,
          "start_ts": 1759708030,
          "end_ts": 1759708795,
          "length_min": 12.8
        }
      ],
      "start_ts": 1759708030,
      "end_ts": 1759708795,
      "length_min": 12.8
    }
  ]
}