{
  "day": "2025_07_13",
  "date_iso": "2025-07-13",
  "threshold": 0.85,
  "n_phrases": 1,
  "n_motifs": 2,
  "phrases": [
    {
      "start_i": 0,
      "end_i": 1309,
      "shape": "NOISE",
      "r": -2.0,
      "skew": "NONE",
      "mean_sigma": 19.9927967449196,
      "motifs": [
        {
          "start_i": 0,
          "end_i": 721,
          "shape": "NOISE",
          "r": -2.0,
          "skew": "NONE",
          "mean_sigma": 12.753089635310094,
          "start_ts": 1752444000,
          "end_ts": 1752447810,
          "length_min": 63.5
        },
        {
          "start_i": 839,
          "end_i": 1309,
          "shape": "GENTLE_LINEAR_DOWN",
          "r": 0.9500551174175075,
          "skew": "NONE",
          "mean_sigma": 10.864747432363133,
          "start_ts": 1752448465,
          "end_ts": 1752451195,
          "length_min": 45.5
        }
      ],
      "start_ts": 1752444000,
      "end_ts": 1752451195,
      "length_min": 119.9
    }
  ]
}