{
  "day": "2025_08_24",
  "date_iso": "2025-08-24",
  "threshold": 0.85,
  "n_phrases": 2,
  "n_motifs": 2,
  "phrases": [
    {
      "start_i": 0,
      "end_i": 721,
      "shape": "NOISE",
      "r": -2.0,
      "skew": "NONE",
      "mean_sigma": 7.755428864662856,
      "motifs": [
        {
          "start_i": 0,
          "end_i": 721,
          "shape": "FLATLINE",
          "r": 0.0,
          "skew": "NONE",
          "mean_sigma": 7.967559433252633,
          "start_ts": 1756072800,
          "end_ts": 1756077275,
          "length_min": 74.6
        }
      ],
      "start_ts": 1756072800,
      "end_ts": 1756077275,
      "length_min": 74.6
    },
    {
      "start_i": 1035,
      "end_i": 1128,
      "shape": "FLATLINE",
      "r": 0.0,
      "skew": "NONE",
      "mean_sigma": 10.814177202701938,
      "motifs": [
        {
          "start_i": 1035,
          "end_i": 1128,
          "shape": "GENTLE_LINEAR_DOWN",
          "r": 0.8905781334417116,
          "skew": "NONE",
          "mean_sigma": 5.256045996714144,
          "start_ts": 1756079420,
          "end_ts": 1756079980,
          "length_min": 9.3
        }
      ],
      "start_ts": 1756079420,
      "end_ts": 1756079980,
      "length_min": 9.3
    }
  ]
}