{
  "day": "2025_01_26",
  "date_iso": "2025-01-26",
  "threshold": 0.85,
  "n_phrases": 1,
  "n_motifs": 1,
  "phrases": [
    {
      "start_i": 0,
      "end_i": 714,
      "shape": "NOISE",
      "r": -2.0,
      "skew": "NONE",
      "mean_sigma": 22.86102899386784,
      "motifs": [
        {
          "start_i": 0,
          "end_i": 714,
          "shape": "NOISE",
          "r": -2.0,
          "skew": "NONE",
          "mean_sigma": 16.940482546764407,
          "start_ts": 1737932400,
          "end_ts": 1737935995,
          "length_min": 59.9
        }
      ],
      "start_ts": 1737932400,
      "end_ts": 1737935995,
      "length_min": 59.9
    }
  ]
}