{
  "day": "2025_02_23",
  "date_iso": "2025-02-23",
  "threshold": 0.85,
  "n_phrases": 1,
  "n_motifs": 1,
  "phrases": [
    {
      "start_i": 0,
      "end_i": 697,
      "shape": "NOISE",
      "r": -2.0,
      "skew": "NONE",
      "mean_sigma": 8.966829171473476,
      "motifs": [
        {
          "start_i": 0,
          "end_i": 697,
          "shape": "NOISE",
          "r": -2.0,
          "skew": "NONE",
          "mean_sigma": 14.288388751457703,
          "start_ts": 1740351600,
          "end_ts": 1740355195,
          "length_min": 59.9
        }
      ],
      "start_ts": 1740351600,
      "end_ts": 1740355195,
      "length_min": 59.9
    }
  ]
}