{
  "day": "2025_02_02",
  "date_iso": "2025-02-02",
  "threshold": 0.85,
  "n_phrases": 1,
  "n_motifs": 1,
  "phrases": [
    {
      "start_i": 0,
      "end_i": 713,
      "shape": "NOISE",
      "r": -2.0,
      "skew": "NONE",
      "mean_sigma": 13.58724376621623,
      "motifs": [
        {
          "start_i": 0,
          "end_i": 713,
          "shape": "NOISE",
          "r": -2.0,
          "skew": "NONE",
          "mean_sigma": 30.547230384873536,
          "start_ts": 1738537200,
          "end_ts": 1738540795,
          "length_min": 59.9
        }
      ],
      "start_ts": 1738537200,
      "end_ts": 1738540795,
      "length_min": 59.9
    }
  ]
}