{
  "day": "2025_01_12",
  "date_iso": "2025-01-12",
  "threshold": 0.85,
  "n_phrases": 1,
  "n_motifs": 1,
  "phrases": [
    {
      "start_i": 0,
      "end_i": 648,
      "shape": "NOISE",
      "r": -2.0,
      "skew": "NONE",
      "mean_sigma": 20.218695873700064,
      "motifs": [
        {
          "start_i": 0,
          "end_i": 648,
          "shape": "NOISE",
          "r": -2.0,
          "skew": "NONE",
          "mean_sigma": 17.91742495493612,
          "start_ts": 1736722800,
          "end_ts": 1736726395,
          "length_min": 59.9
        }
      ],
      "start_ts": 1736722800,
      "end_ts": 1736726395,
      "length_min": 59.9
    }
  ]
}