{
  "day": "2025_04_20",
  "date_iso": "2025-04-20",
  "threshold": 0.85,
  "n_phrases": 1,
  "n_motifs": 1,
  "phrases": [
    {
      "start_i": 0,
      "end_i": 721,
      "shape": "FLATLINE",
      "r": 0.0,
      "skew": "NONE",
      "mean_sigma": 4.535117645177486,
      "motifs": [
        {
          "start_i": 0,
          "end_i": 721,
          "shape": "NOISE",
          "r": -2.0,
          "skew": "NONE",
          "mean_sigma": 10.424822961432792,
          "start_ts": 1745186400,
          "end_ts": 1745190820,
          "length_min": 73.7
        }
      ],
      "start_ts": 1745186400,
      "end_ts": 1745190820,
      "length_min": 73.7
    }
  ]
}