{
  "day": "2025_08_03",
  "date_iso": "2025-08-03",
  "threshold": 0.85,
  "n_phrases": 2,
  "n_motifs": 2,
  "phrases": [
    {
      "start_i": 0,
      "end_i": 721,
      "shape": "NOISE",
      "r": -2.0,
      "skew": "NONE",
      "mean_sigma": 24.480685152459706,
      "motifs": [
        {
          "start_i": 0,
          "end_i": 721,
          "shape": "NOISE",
          "r": -2.0,
          "skew": "NONE",
          "mean_sigma": 19.38227928781293,
          "start_ts": 1754258400,
          "end_ts": 1754262165,
          "length_min": 62.8
        }
      ],
      "start_ts": 1754258400,
      "end_ts": 1754262165,
      "length_min": 62.8
    },
    {
      "start_i": 1068,
      "end_i": 1372,
      "shape": "GENTLE_LINEAR_UP",
      "r": 0.8609160647753274,
      "skew": "NONE",
      "mean_sigma": 31.453207431328828,
      "motifs": [
        {
          "start_i": 1068,
          "end_i": 1372,
          "shape": "FLATLINE",
          "r": 0.0,
          "skew": "NONE",
          "mean_sigma": 12.836482658729661,
          "start_ts": 1754263985,
          "end_ts": 1754265595,
          "length_min": 26.8
        }
      ],
      "start_ts": 1754263985,
      "end_ts": 1754265595,
      "length_min": 26.8
    }
  ]
}