{
  "day": "2025_12_07",
  "date_iso": "2025-12-07",
  "threshold": 0.85,
  "n_phrases": 1,
  "n_motifs": 1,
  "phrases": [
    {
      "start_i": 0,
      "end_i": 576,
      "shape": "NOISE",
      "r": -2.0,
      "skew": "NONE",
      "mean_sigma": 11.110684456407206,
      "motifs": [
        {
          "start_i": 0,
          "end_i": 576,
          "shape": "NOISE",
          "r": -2.0,
          "skew": "NONE",
          "mean_sigma": 5.997180405498345,
          "start_ts": 1765148400,
          "end_ts": 1765151995,
          "length_min": 59.9
        }
      ],
      "start_ts": 1765148400,
      "end_ts": 1765151995,
      "length_min": 59.9
    }
  ]
}