{
  "day": "2025_06_08",
  "date_iso": "2025-06-08",
  "threshold": 0.85,
  "n_phrases": 2,
  "n_motifs": 2,
  "phrases": [
    {
      "start_i": 0,
      "end_i": 721,
      "shape": "NOISE",
      "r": -2.0,
      "skew": "NONE",
      "mean_sigma": 7.476119674409461,
      "motifs": [
        {
          "start_i": 0,
          "end_i": 721,
          "shape": "NOISE",
          "r": -2.0,
          "skew": "NONE",
          "mean_sigma": 17.142729124119665,
          "start_ts": 1749420000,
          "end_ts": 1749423935,
          "length_min": 65.6
        }
      ],
      "start_ts": 1749420000,
      "end_ts": 1749423935,
      "length_min": 65.6
    },
    {
      "start_i": 1060,
      "end_i": 1245,
      "shape": "FLATLINE",
      "r": 0.0,
      "skew": "NONE",
      "mean_sigma": 8.998004556592631,
      "motifs": [
        {
          "start_i": 1060,
          "end_i": 1245,
          "shape": "GENTLE_LINEAR_UP",
          "r": 0.9613180938244934,
          "skew": "NONE",
          "mean_sigma": 6.890761569957811,
          "start_ts": 1749426095,
          "end_ts": 1749427195,
          "length_min": 18.3
        }
      ],
      "start_ts": 1749426095,
      "end_ts": 1749427195,
      "length_min": 18.3
    }
  ]
}