{
  "day": "2025_07_20",
  "date_iso": "2025-07-20",
  "threshold": 0.85,
  "n_phrases": 2,
  "n_motifs": 2,
  "phrases": [
    {
      "start_i": 0,
      "end_i": 721,
      "shape": "NOISE",
      "r": -2.0,
      "skew": "NONE",
      "mean_sigma": 12.927899817961588,
      "motifs": [
        {
          "start_i": 0,
          "end_i": 721,
          "shape": "NOISE",
          "r": -2.0,
          "skew": "NONE",
          "mean_sigma": 7.56564064036038,
          "start_ts": 1753048800,
          "end_ts": 1753053390,
          "length_min": 76.5
        }
      ],
      "start_ts": 1753048800,
      "end_ts": 1753053390,
      "length_min": 76.5
    },
    {
      "start_i": 1024,
      "end_i": 1117,
      "shape": "FLATLINE",
      "r": 0.0,
      "skew": "NONE",
      "mean_sigma": 11.339196662567593,
      "motifs": [
        {
          "start_i": 1024,
          "end_i": 1117,
          "shape": "GENTLE_CONCAVE_UP",
          "r": 0.8827674575607025,
          "skew": "SYMMETRIC",
          "mean_sigma": 4.1241226870968415,
          "start_ts": 1753055395,
          "end_ts": 1753055995,
          "length_min": 10.0
        }
      ],
      "start_ts": 1753055395,
      "end_ts": 1753055995,
      "length_min": 10.0
    }
  ]
}