{
  "day": "2025_09_14",
  "date_iso": "2025-09-14",
  "threshold": 0.85,
  "n_phrases": 1,
  "n_motifs": 1,
  "phrases": [
    {
      "start_i": 0,
      "end_i": 721,
      "shape": "NOISE",
      "r": -2.0,
      "skew": "NONE",
      "mean_sigma": 2.1471936505761806,
      "motifs": [
        {
          "start_i": 0,
          "end_i": 721,
          "shape": "NOISE",
          "r": -2.0,
          "skew": "NONE",
          "mean_sigma": 5.280974357392247,
          "start_ts": 1757887200,
          "end_ts": 1757892820,
          "length_min": 93.7
        }
      ],
      "start_ts": 1757887200,
      "end_ts": 1757892820,
      "length_min": 93.7
    }
  ]
}