{
  "day": "2025_04_06",
  "date_iso": "2025-04-06",
  "threshold": 0.85,
  "n_phrases": 2,
  "n_motifs": 2,
  "phrases": [
    {
      "start_i": 0,
      "end_i": 721,
      "shape": "NOISE",
      "r": -2.0,
      "skew": "NONE",
      "mean_sigma": 13.091598491164957,
      "motifs": [
        {
          "start_i": 0,
          "end_i": 721,
          "shape": "NOISE",
          "r": -2.0,
          "skew": "NONE",
          "mean_sigma": 20.333012538817172,
          "start_ts": 1743976800,
          "end_ts": 1743980460,
          "length_min": 61.0
        }
      ],
      "start_ts": 1743976800,
      "end_ts": 1743980460,
      "length_min": 61.0
    },
    {
      "start_i": 1071,
      "end_i": 1423,
      "shape": "GENTLE_LINEAR_UP",
      "r": 0.8677218312746249,
      "skew": "NONE",
      "mean_sigma": 43.58341310671033,
      "motifs": [
        {
          "start_i": 1071,
          "end_i": 1423,
          "shape": "STEEP_LINEAR_UP",
          "r": 0.9760844219353049,
          "skew": "NONE",
          "mean_sigma": 57.0652165863699,
          "start_ts": 1743982215,
          "end_ts": 1743983995,
          "length_min": 29.7
        }
      ],
      "start_ts": 1743982215,
      "end_ts": 1743983995,
      "length_min": 29.7
    }
  ]
}