{
  "day": "2025_11_28",
  "date_iso": "2025-11-28",
  "threshold": 0.85,
  "n_phrases": 2,
  "n_motifs": 4,
  "phrases": [
    {
      "start_i": 0,
      "end_i": 721,
      "shape": "FLATLINE",
      "r": 0.0,
      "skew": "NONE",
      "mean_sigma": 5.819303905855116,
      "motifs": [
        {
          "start_i": 0,
          "end_i": 721,
          "shape": "NOISE",
          "r": -2.0,
          "skew": "NONE",
          "mean_sigma": 5.113555255939543,
          "start_ts": 1764288000,
          "end_ts": 1764293570,
          "length_min": 92.8
        }
      ],
      "start_ts": 1764288000,
      "end_ts": 1764293570,
      "length_min": 92.8
    },
    {
      "start_i": 982,
      "end_i": 4405,
      "shape": "GENTLE_LINEAR_UP",
      "r": 0.9827727208394125,
      "skew": "NONE",
      "mean_sigma": 18.51804554345433,
      "motifs": [
        {
          "start_i": 982,
          "end_i": 2148,
          "shape": "GENTLE_CONCAVE_UP",
          "r": 0.8984997550589632,
          "skew": "SYMMETRIC",
          "mean_sigma": 12.643259866406758,
          "start_ts": 1764296230,
          "end_ts": 1764342410,
          "length_min": 769.7
        },
        {
          "start_i": 2148,
          "end_i": 2367,
          "shape": "FLATLINE",
          "r": 0.9277016897265732,
          "skew": "SYMMETRIC",
          "mean_sigma": 12.764605034263587,
          "start_ts": 1764342410,
          "end_ts": 1764343505,
          "length_min": 18.2
        },
        {
          "start_i": 2367,
          "end_i": 4405,
          "shape": "GENTLE_CONCAVE_UP",
          "r": 0.9444958219457715,
          "skew": "BACK_SKEWED",
          "mean_sigma": 14.296407692409774,
          "start_ts": 1764343505,
          "end_ts": 1764353695,
          "length_min": 169.8
        }
      ],
      "start_ts": 1764296230,
      "end_ts": 1764353695,
      "length_min": 957.8
    }
  ]
}