{
  "day": "2025_03_02",
  "date_iso": "2025-03-02",
  "threshold": 0.85,
  "n_phrases": 1,
  "n_motifs": 1,
  "phrases": [
    {
      "start_i": 0,
      "end_i": 702,
      "shape": "NOISE",
      "r": -2.0,
      "skew": "NONE",
      "mean_sigma": 23.371914013708768,
      "motifs": [
        {
          "start_i": 0,
          "end_i": 702,
          "shape": "NOISE",
          "r": -2.0,
          "skew": "NONE",
          "mean_sigma": 21.232774940315007,
          "start_ts": 1740956400,
          "end_ts": 1740959995,
          "length_min": 59.9
        }
      ],
      "start_ts": 1740956400,
      "end_ts": 1740959995,
      "length_min": 59.9
    }
  ]
}