{
  "day": "2025_11_09",
  "date_iso": "2025-11-09",
  "threshold": 0.85,
  "n_phrases": 1,
  "n_motifs": 1,
  "phrases": [
    {
      "start_i": 0,
      "end_i": 689,
      "shape": "NOISE",
      "r": -2.0,
      "skew": "NONE",
      "mean_sigma": 23.80632376869872,
      "motifs": [
        {
          "start_i": 0,
          "end_i": 689,
          "shape": "NOISE",
          "r": -2.0,
          "skew": "NONE",
          "mean_sigma": 11.693391608134814,
          "start_ts": 1762729200,
          "end_ts": 1762732795,
          "length_min": 59.9
        }
      ],
      "start_ts": 1762729200,
      "end_ts": 1762732795,
      "length_min": 59.9
    }
  ]
}