{
  "day": "2025_10_19",
  "date_iso": "2025-10-19",
  "threshold": 0.85,
  "n_phrases": 1,
  "n_motifs": 2,
  "phrases": [
    {
      "start_i": 0,
      "end_i": 1263,
      "shape": "NOISE",
      "r": -2.0,
      "skew": "NONE",
      "mean_sigma": 19.143426378122353,
      "motifs": [
        {
          "start_i": 0,
          "end_i": 721,
          "shape": "NOISE",
          "r": -2.0,
          "skew": "NONE",
          "mean_sigma": 7.900001706792775,
          "start_ts": 1760911200,
          "end_ts": 1760915340,
          "length_min": 69.0
        },
        {
          "start_i": 839,
          "end_i": 1263,
          "shape": "STEEP_LINEAR_DOWN",
          "r": 0.992387225258434,
          "skew": "NONE",
          "mean_sigma": 19.82572653846956,
          "start_ts": 1760916080,
          "end_ts": 1760918395,
          "length_min": 38.6
        }
      ],
      "start_ts": 1760911200,
      "end_ts": 1760918395,
      "length_min": 119.9
    }
  ]
}