{
  "day": "2025_08_10",
  "date_iso": "2025-08-10",
  "threshold": 0.85,
  "n_phrases": 2,
  "n_motifs": 2,
  "phrases": [
    {
      "start_i": 0,
      "end_i": 721,
      "shape": "NOISE",
      "r": -2.0,
      "skew": "NONE",
      "mean_sigma": 2.0230861515500758,
      "motifs": [
        {
          "start_i": 0,
          "end_i": 721,
          "shape": "NOISE",
          "r": -2.0,
          "skew": "NONE",
          "mean_sigma": 3.707565186447308,
          "start_ts": 1754863200,
          "end_ts": 1754867655,
          "length_min": 74.2
        }
      ],
      "start_ts": 1754863200,
      "end_ts": 1754867655,
      "length_min": 74.2
    },
    {
      "start_i": 1059,
      "end_i": 1156,
      "shape": "FLATLINE",
      "r": 0.0,
      "skew": "NONE",
      "mean_sigma": 13.588225820626832,
      "motifs": [
        {
          "start_i": 1059,
          "end_i": 1156,
          "shape": "STEEP_CONVEX_DOWN",
          "r": 0.9346720762581084,
          "skew": "FRONT_SKEWED",
          "mean_sigma": 8.62697314086661,
          "start_ts": 1754869680,
          "end_ts": 1754870395,
          "length_min": 11.9
        }
      ],
      "start_ts": 1754869680,
      "end_ts": 1754870395,
      "length_min": 11.9
    }
  ]
}