{
  "day": "2025_03_16",
  "date_iso": "2025-03-16",
  "threshold": 0.85,
  "n_phrases": 2,
  "n_motifs": 2,
  "phrases": [
    {
      "start_i": 0,
      "end_i": 721,
      "shape": "NOISE",
      "r": -2.0,
      "skew": "NONE",
      "mean_sigma": 2.327248926362664,
      "motifs": [
        {
          "start_i": 0,
          "end_i": 721,
          "shape": "NOISE",
          "r": -2.0,
          "skew": "NONE",
          "mean_sigma": 16.792409857734548,
          "start_ts": 1742162400,
          "end_ts": 1742166175,
          "length_min": 62.9
        }
      ],
      "start_ts": 1742162400,
      "end_ts": 1742166175,
      "length_min": 62.9
    },
    {
      "start_i": 1071,
      "end_i": 1289,
      "shape": "GENTLE_CONCAVE_UP",
      "r": 0.8536019821649501,
      "skew": "FRONT_SKEWED",
      "mean_sigma": 20.984169234898445,
      "motifs": [
        {
          "start_i": 1071,
          "end_i": 1289,
          "shape": "STEEP_LINEAR_UP",
          "r": 0.9679445734984482,
          "skew": "NONE",
          "mean_sigma": 13.757475935045797,
          "start_ts": 1742168380,
          "end_ts": 1742169595,
          "length_min": 20.2
        }
      ],
      "start_ts": 1742168380,
      "end_ts": 1742169595,
      "length_min": 20.2
    }
  ]
}