{
  "day": "2025_02_09",
  "date_iso": "2025-02-09",
  "threshold": 0.85,
  "n_phrases": 1,
  "n_motifs": 1,
  "phrases": [
    {
      "start_i": 0,
      "end_i": 671,
      "shape": "NOISE",
      "r": -2.0,
      "skew": "NONE",
      "mean_sigma": 17.045445781544288,
      "motifs": [
        {
          "start_i": 0,
          "end_i": 671,
          "shape": "NOISE",
          "r": -2.0,
          "skew": "NONE",
          "mean_sigma": 17.357436764388236,
          "start_ts": 1739142000,
          "end_ts": 1739145595,
          "length_min": 59.9
        }
      ],
      "start_ts": 1739142000,
      "end_ts": 1739145595,
      "length_min": 59.9
    }
  ]
}