{
  "day": "2025_08_17",
  "date_iso": "2025-08-17",
  "threshold": 0.85,
  "n_phrases": 1,
  "n_motifs": 1,
  "phrases": [
    {
      "start_i": 0,
      "end_i": 721,
      "shape": "NOISE",
      "r": -2.0,
      "skew": "NONE",
      "mean_sigma": 3.4473160780157435,
      "motifs": [
        {
          "start_i": 0,
          "end_i": 721,
          "shape": "NOISE",
          "r": -2.0,
          "skew": "NONE",
          "mean_sigma": 6.014180924920884,
          "start_ts": 1755468000,
          "end_ts": 1755473135,
          "length_min": 85.6
        }
      ],
      "start_ts": 1755468000,
      "end_ts": 1755473135,
      "length_min": 85.6
    }
  ]
}