{
  "day": "2025_12_19",
  "date_iso": "2025-12-19",
  "threshold": 0.85,
  "n_phrases": 2,
  "n_motifs": 2,
  "phrases": [
    {
      "start_i": 0,
      "end_i": 721,
      "shape": "NOISE",
      "r": -2.0,
      "skew": "NONE",
      "mean_sigma": 18.40822055374353,
      "motifs": [
        {
          "start_i": 0,
          "end_i": 721,
          "shape": "NOISE",
          "r": -2.0,
          "skew": "NONE",
          "mean_sigma": 11.22055237080418,
          "start_ts": 1766102400,
          "end_ts": 1766144231,
          "length_min": 697.2
        }
      ],
      "start_ts": 1766102400,
      "end_ts": 1766144231,
      "length_min": 697.2
    },
    {
      "start_i": 818,
      "end_i": 1065,
      "shape": "STEEP_CONVEX_DOWN",
      "r": 0.961050401818563,
      "skew": "FRONT_SKEWED",
      "mean_sigma": 22.7002045715233,
      "motifs": [
        {
          "start_i": 818,
          "end_i": 1065,
          "shape": "NOISE",
          "r": 0.7881831277974422,
          "skew": "NONE",
          "mean_sigma": 11.023781732052171,
          "start_ts": 1766148467,
          "end_ts": 1766154596,
          "length_min": 102.2
        }
      ],
      "start_ts": 1766148467,
      "end_ts": 1766154596,
      "length_min": 102.2
    }
  ]
}