{
  "day": "2025_10_26",
  "date_iso": "2025-10-26",
  "threshold": 0.85,
  "n_phrases": 2,
  "n_motifs": 2,
  "phrases": [
    {
      "start_i": 0,
      "end_i": 721,
      "shape": "NOISE",
      "r": -2.0,
      "skew": "NONE",
      "mean_sigma": 18.184862578564758,
      "motifs": [
        {
          "start_i": 0,
          "end_i": 721,
          "shape": "FLATLINE",
          "r": 0.0,
          "skew": "NONE",
          "mean_sigma": 11.111246809544951,
          "start_ts": 1761516000,
          "end_ts": 1761519875,
          "length_min": 64.6
        }
      ],
      "start_ts": 1761516000,
      "end_ts": 1761519875,
      "length_min": 64.6
    },
    {
      "start_i": 1075,
      "end_i": 1217,
      "shape": "FLATLINE",
      "r": 0.0,
      "skew": "NONE",
      "mean_sigma": 9.441375195937397,
      "motifs": [
        {
          "start_i": 1075,
          "end_i": 1217,
          "shape": "GENTLE_LINEAR_DOWN",
          "r": 0.9250425893289679,
          "skew": "NONE",
          "mean_sigma": 5.518406838528488,
          "start_ts": 1761522295,
          "end_ts": 1761523195,
          "length_min": 15.0
        }
      ],
      "start_ts": 1761522295,
      "end_ts": 1761523195,
      "length_min": 15.0
    }
  ]
}