{
  "day": "2025_06_01",
  "date_iso": "2025-06-01",
  "threshold": 0.85,
  "n_phrases": 2,
  "n_motifs": 2,
  "phrases": [
    {
      "start_i": 0,
      "end_i": 721,
      "shape": "NOISE",
      "r": -2.0,
      "skew": "NONE",
      "mean_sigma": 15.07964601106088,
      "motifs": [
        {
          "start_i": 0,
          "end_i": 721,
          "shape": "NOISE",
          "r": -2.0,
          "skew": "NONE",
          "mean_sigma": 8.231359135499176,
          "start_ts": 1748815200,
          "end_ts": 1748819655,
          "length_min": 74.2
        }
      ],
      "start_ts": 1748815200,
      "end_ts": 1748819655,
      "length_min": 74.2
    },
    {
      "start_i": 1051,
      "end_i": 1143,
      "shape": "FLATLINE",
      "r": 0.0,
      "skew": "NONE",
      "mean_sigma": 14.55081408293702,
      "motifs": [
        {
          "start_i": 1051,
          "end_i": 1143,
          "shape": "GENTLE_LINEAR_DOWN",
          "r": 0.8672311982158151,
          "skew": "NONE",
          "mean_sigma": 7.805158954537504,
          "start_ts": 1748821635,
          "end_ts": 1748822395,
          "length_min": 12.7
        }
      ],
      "start_ts": 1748821635,
      "end_ts": 1748822395,
      "length_min": 12.7
    }
  ]
}