{
  "day": "2025_12_14",
  "date_iso": "2025-12-14",
  "threshold": 0.85,
  "n_phrases": 1,
  "n_motifs": 1,
  "phrases": [
    {
      "start_i": 0,
      "end_i": 628,
      "shape": "NOISE",
      "r": -2.0,
      "skew": "NONE",
      "mean_sigma": 12.36402636031773,
      "motifs": [
        {
          "start_i": 0,
          "end_i": 628,
          "shape": "NOISE",
          "r": -2.0,
          "skew": "NONE",
          "mean_sigma": 13.89224541854623,
          "start_ts": 1765753200,
          "end_ts": 1765756799,
          "length_min": 60.0
        }
      ],
      "start_ts": 1765753200,
      "end_ts": 1765756799,
      "length_min": 60.0
    }
  ]
}