{
  "day": "2025_04_13",
  "date_iso": "2025-04-13",
  "threshold": 0.85,
  "n_phrases": 3,
  "n_motifs": 3,
  "phrases": [
    {
      "start_i": 0,
      "end_i": 721,
      "shape": "NOISE",
      "r": -2.0,
      "skew": "NONE",
      "mean_sigma": 61.00287381811427,
      "motifs": [
        {
          "start_i": 0,
          "end_i": 721,
          "shape": "NOISE",
          "r": -2.0,
          "skew": "NONE",
          "mean_sigma": 31.930494744551513,
          "start_ts": 1744581600,
          "end_ts": 1744585275,
          "length_min": 61.2
        }
      ],
      "start_ts": 1744581600,
      "end_ts": 1744585275,
      "length_min": 61.2
    },
    {
      "start_i": 1078,
      "end_i": 1254,
      "shape": "GENTLE_CONVEX_UP",
      "r": 0.8746208315797912,
      "skew": "BACK_SKEWED",
      "mean_sigma": 39.8741187094128,
      "motifs": [
        {
          "start_i": 1078,
          "end_i": 1254,
          "shape": "STEEP_LINEAR_UP",
          "r": 0.9605329002759165,
          "skew": "NONE",
          "mean_sigma": 29.89589669616545,
          "start_ts": 1744587110,
          "end_ts": 1744588080,
          "length_min": 16.2
        }
      ],
      "start_ts": 1744587110,
      "end_ts": 1744588080,
      "length_min": 16.2
    },
    {
      "start_i": 1254,
      "end_i": 1367,
      "shape": "FLATLINE",
      "r": 0.0,
      "skew": "NONE",
      "mean_sigma": 37.0020913179881,
      "motifs": [
        {
          "start_i": 1254,
          "end_i": 1367,
          "shape": "STEEP_CONCAVE_UP",
          "r": 0.9347597306782263,
          "skew": "FRONT_SKEWED",
          "mean_sigma": 17.124143839377997,
          "start_ts": 1744588080,
          "end_ts": 1744588795,
          "length_min": 11.9
        }
      ],
      "start_ts": 1744588080,
      "end_ts": 1744588795,
      "length_min": 11.9
    }
  ]
}