{
  "day": "2025_06_15",
  "date_iso": "2025-06-15",
  "threshold": 0.85,
  "n_phrases": 2,
  "n_motifs": 2,
  "phrases": [
    {
      "start_i": 0,
      "end_i": 721,
      "shape": "NOISE",
      "r": -2.0,
      "skew": "NONE",
      "mean_sigma": 28.06038255305294,
      "motifs": [
        {
          "start_i": 0,
          "end_i": 721,
          "shape": "NOISE",
          "r": -2.0,
          "skew": "NONE",
          "mean_sigma": 23.41189045943723,
          "start_ts": 1750024800,
          "end_ts": 1750029040,
          "length_min": 70.7
        }
      ],
      "start_ts": 1750024800,
      "end_ts": 1750029040,
      "length_min": 70.7
    },
    {
      "start_i": 1045,
      "end_i": 1135,
      "shape": "FLATLINE",
      "r": 0.0,
      "skew": "NONE",
      "mean_sigma": 28.82376664854095,
      "motifs": [
        {
          "start_i": 1045,
          "end_i": 1135,
          "shape": "STEEP_CONCAVE_UP",
          "r": 0.918236420709083,
          "skew": "FRONT_SKEWED",
          "mean_sigma": 23.333408391859514,
          "start_ts": 1750031220,
          "end_ts": 1750031995,
          "length_min": 12.9
        }
      ],
      "start_ts": 1750031220,
      "end_ts": 1750031995,
      "length_min": 12.9
    }
  ]
}