{
  "day": "2026_01_18",
  "date_iso": "2026-01-18",
  "threshold": 0.85,
  "n_phrases": 1,
  "n_motifs": 1,
  "phrases": [
    {
      "start_i": 0,
      "end_i": 692,
      "shape": "NOISE",
      "r": -2.0,
      "skew": "NONE",
      "mean_sigma": 0.9759451308293676,
      "motifs": [
        {
          "start_i": 0,
          "end_i": 692,
          "shape": "FLATLINE",
          "r": 0.0,
          "skew": "NONE",
          "mean_sigma": 7.322561883009249,
          "start_ts": 1768777200,
          "end_ts": 1768780795,
          "length_min": 59.9
        }
      ],
      "start_ts": 1768777200,
      "end_ts": 1768780795,
      "length_min": 59.9
    }
  ]
}