{
  "day": "2026_01_25",
  "date_iso": "2026-01-25",
  "threshold": 0.85,
  "n_phrases": 1,
  "n_motifs": 1,
  "phrases": [
    {
      "start_i": 0,
      "end_i": 704,
      "shape": "NOISE",
      "r": -2.0,
      "skew": "NONE",
      "mean_sigma": 19.957713540594067,
      "motifs": [
        {
          "start_i": 0,
          "end_i": 704,
          "shape": "NOISE",
          "r": -2.0,
          "skew": "NONE",
          "mean_sigma": 21.69484442659629,
          "start_ts": 1769382000,
          "end_ts": 1769385595,
          "length_min": 59.9
        }
      ],
      "start_ts": 1769382000,
      "end_ts": 1769385595,
      "length_min": 59.9
    }
  ]
}