{
  "day": "2026_01_11",
  "date_iso": "2026-01-11",
  "threshold": 0.85,
  "n_phrases": 1,
  "n_motifs": 1,
  "phrases": [
    {
      "start_i": 0,
      "end_i": 634,
      "shape": "NOISE",
      "r": -2.0,
      "skew": "NONE",
      "mean_sigma": 2.3459706459403504,
      "motifs": [
        {
          "start_i": 0,
          "end_i": 634,
          "shape": "FLATLINE",
          "r": 0.0,
          "skew": "NONE",
          "mean_sigma": 8.808691450956346,
          "start_ts": 1768172400,
          "end_ts": 1768175995,
          "length_min": 59.9
        }
      ],
      "start_ts": 1768172400,
      "end_ts": 1768175995,
      "length_min": 59.9
    }
  ]
}