{
  "day": "2026_03_08",
  "date_iso": "2026-03-08",
  "threshold": 0.85,
  "n_phrases": 2,
  "n_motifs": 2,
  "phrases": [
    {
      "start_i": 0,
      "end_i": 721,
      "shape": "NOISE",
      "r": -2.0,
      "skew": "NONE",
      "mean_sigma": 39.671821491645126,
      "motifs": [
        {
          "start_i": 0,
          "end_i": 721,
          "shape": "NOISE",
          "r": -2.0,
          "skew": "NONE",
          "mean_sigma": 21.23272317291005,
          "start_ts": 1773007200,
          "end_ts": 1773010810,
          "length_min": 60.2
        }
      ],
      "start_ts": 1773007200,
      "end_ts": 1773010810,
      "length_min": 60.2
    },
    {
      "start_i": 1079,
      "end_i": 1438,
      "shape": "GENTLE_LINEAR_DOWN",
      "r": 0.8677218312746245,
      "skew": "NONE",
      "mean_sigma": 27.399502577073747,
      "motifs": [
        {
          "start_i": 1079,
          "end_i": 1438,
          "shape": "STEEP_LINEAR_DOWN",
          "r": 0.9866026112536276,
          "skew": "NONE",
          "mean_sigma": 21.37574515061853,
          "start_ts": 1773012600,
          "end_ts": 1773014395,
          "length_min": 29.9
        }
      ],
      "start_ts": 1773012600,
      "end_ts": 1773014395,
      "length_min": 29.9
    }
  ]
}