{
  "day": "2026_02_08",
  "date_iso": "2026-02-08",
  "threshold": 0.85,
  "n_phrases": 1,
  "n_motifs": 1,
  "phrases": [
    {
      "start_i": 0,
      "end_i": 677,
      "shape": "NOISE",
      "r": -2.0,
      "skew": "NONE",
      "mean_sigma": 13.894429320022782,
      "motifs": [
        {
          "start_i": 0,
          "end_i": 677,
          "shape": "NOISE",
          "r": -2.0,
          "skew": "NONE",
          "mean_sigma": 9.195766709619727,
          "start_ts": 1770591600,
          "end_ts": 1770595195,
          "length_min": 59.9
        }
      ],
      "start_ts": 1770591600,
      "end_ts": 1770595195,
      "length_min": 59.9
    }
  ]
}