{
  "day": "2026_03_01",
  "date_iso": "2026-03-01",
  "threshold": 0.85,
  "n_phrases": 1,
  "n_motifs": 1,
  "phrases": [
    {
      "start_i": 0,
      "end_i": 719,
      "shape": "NOISE",
      "r": -2.0,
      "skew": "NONE",
      "mean_sigma": 6.647596857865251,
      "motifs": [
        {
          "start_i": 0,
          "end_i": 719,
          "shape": "FLATLINE",
          "r": 0.0,
          "skew": "NONE",
          "mean_sigma": 19.227167194863345,
          "start_ts": 1772406000,
          "end_ts": 1772409595,
          "length_min": 59.9
        }
      ],
      "start_ts": 1772406000,
      "end_ts": 1772409595,
      "length_min": 59.9
    }
  ]
}