{
  "dir": {
    "train_acc": 0.8253943217665615,
    "is_test_acc": 0.8277602523659306,
    "oos_acc": 0.8095923261390887,
    "is_test_baseline": 0.5053627760252366,
    "oos_baseline": 0.5011990407673861,
    "n_classes": 2
  },
  "dur": {
    "train_acc": 0.4056782334384858,
    "is_test_acc": 0.3331230283911672,
    "oos_acc": 0.3299760191846523,
    "is_test_baseline": 0.25236593059936907,
    "oos_baseline": 0.26091127098321343,
    "n_classes": 4
  },
  "spd": {
    "train_acc": 0.5152996845425868,
    "is_test_acc": 0.46876971608832807,
    "oos_acc": 0.44268585131894483,
    "is_test_baseline": 0.25425867507886435,
    "oos_baseline": 0.29160671462829735,
    "n_classes": 4
  },
  "traj": {
    "train_acc": 0.38438485804416406,
    "is_test_acc": 0.3463722397476341,
    "oos_acc": 0.302158273381295,
    "is_test_baseline": 0.8580441640378549,
    "oos_baseline": 0.8354916067146283,
    "n_classes": 4
  }
}