day,dir,mfe,bar_mfe,mae,cap_4,cap_6,cap_8,cap_12,cap_16,cap_20,cap_30,cap_40,cap_60
2024_01_30,1,2.5,3,-142.0,-3.75,-3.75,-25.0,-25.0,-25.0,-25.0,-47.0,-47.0,-58.75
2024_01_30,-1,95.0,363,-41.25,-17.0,-17.0,-17.0,-17.0,-17.0,-21.25,-30.0,-41.25,90.5
2024_01_30,1,0.75,1,-123.25,-10.5,-10.5,-10.5,-22.25,-22.25,-22.25,-29.25,-40.0,-63.5
2024_01_30,-1,107.75,318,-15.5,-5.5,-3.25,4.5,-3.0,-3.0,-6.75,49.5,38.0,103.25
2024_01_30,-1,106.25,249,-13.0,-4.75,-6.5,-9.5,-13.0,50.0,58.25,48.0,36.5,101.75
2024_01_30,-1,48.0,196,-28.5,-4.5,-7.25,-7.25,8.5,3.0,-0.0,-10.25,-21.75,43.5
2024_01_30,-1,56.0,140,-20.5,11.25,11.25,9.5,15.25,13.0,6.0,-0.75,-12.75,51.5
2024_01_30,1,7.75,40,-68.75,-1.5,-2.25,-6.25,-7.75,-16.5,-16.5,-54.25,-54.25,-54.25
2024_01_30,1,13.5,28,-63.0,-5.0,-5.0,-5.0,-10.75,-12.25,-7.25,-48.5,-48.5,-48.5
2024_01_30,-1,53.0,30,-18.0,-8.0,-8.0,-8.0,-13.0,-18.0,22.75,22.75,48.5,48.5
2024_01_30,1,1.75,9,-65.5,-4.0,-10.0,-10.0,-14.25,-14.25,-51.0,-51.0,-51.0,-60.75
2024_01_30,-1,0.75,3,-35.25,-12.25,-12.25,-12.25,-12.25,-27.0,-27.0,-35.25,-1.25,-1.25
2024_01_31,-1,162.25,390,-89.5,-18.25,-18.25,-18.25,-18.25,-18.25,-26.0,-34.25,60.75,44.5
2024_01_31,1,158.75,224,-93.0,1.75,1.75,-3.0,14.5,3.0,3.0,14.5,25.75,15.5
2024_01_31,-1,107.5,203,-144.25,-6.0,-6.0,-8.75,-15.5,-19.5,-20.75,-36.0,-43.0,-64.75
2024_01_31,1,89.0,92,-162.75,4.5,0.5,0.5,-3.25,-11.25,-11.25,-19.0,-44.0,-54.25
2024_01_31,-1,155.75,124,-96.0,30.5,30.5,30.5,30.5,30.5,30.5,21.5,19.0,-4.75
2024_01_31,-1,135.0,88,-116.75,12.0,12.0,-25.5,-25.5,-25.5,-25.5,-25.5,-25.5,-62.0
2024_01_31,1,135.25,10,-116.5,111.75,111.75,111.75,111.75,111.75,111.75,102.75,88.5,60.25
2024_01_31,1,10.75,1,-179.75,-1.5,-1.5,-1.5,-1.5,-27.5,-27.5,-27.5,-36.25,-66.25
2024_01_31,-1,143.5,61,-0.0,90.25,90.25,90.25,90.25,90.25,79.0,72.75,57.25,104.5
2024_01_31,-1,69.5,49,-26.5,-5.5,-7.0,-7.0,-3.25,-3.25,-3.25,-16.75,-26.5,30.5
2024_02_01,-1,45.0,101,-242.0,-2.75,-2.75,-2.75,-18.5,-18.5,-18.5,-1.0,-12.0,-37.5
2024_02_01,-1,42.25,83,-244.75,-5.75,9.5,9.5,9.0,9.0,-3.75,-3.75,-14.75,-40.25
2024_02_01,1,204.5,366,-82.5,-5.75,-15.75,-15.75,-15.75,-16.5,-21.5,-38.25,-33.5,-54.25
2024_02_01,-1,49.5,21,-237.5,25.75,38.75,32.75,32.75,32.75,27.5,13.75,9.0,-10.5
2024_02_01,1,259.0,280,0.0,18.0,18.0,17.25,78.0,72.25,70.25,59.5,48.25,45.5
2024_02_01,-1,15.5,38,-210.75,-0.75,-5.25,-5.25,-12.75,-12.75,-21.0,-29.5,-41.5,-65.25
2024_02_01,1,145.5,200,-80.75,-8.0,-8.0,-8.0,-26.5,-26.5,-26.5,-33.5,-43.5,-68.0
2024_02_01,-1,12.0,1,-214.25,5.5,5.5,1.75,-8.5,-8.5,-8.5,-26.5,-29.0,-48.25
2024_02_01,1,184.0,173,-25.25,-6.25,-6.25,-2.0,4.75,4.75,-19.0,-19.0,-19.0,184.0
2024_02_01,-1,9.0,3,-200.25,2.25,2.25,-6.0,-6.0,-10.75,-17.25,-21.75,-36.75,-55.5
2024_02_01,1,175.25,139,-8.75,-7.5,-7.5,-8.75,1.25,1.25,1.25,38.5,26.5,175.25
2024_02_01,-1,11.0,2,-137.75,3.25,3.25,-5.75,-5.75,-5.75,-10.75,-20.5,-42.5,-73.5
2024_02_01,1,64.25,10,0.0,25.5,25.5,25.5,64.25,64.25,64.25,64.25,64.25,64.25
2024_02_02,1,268.75,311,-26.75,-14.75,-14.75,-14.75,-14.75,-26.75,-26.75,73.75,68.0,179.75
2024_02_02,-1,-0.0,0,-273.5,-16.0,-16.0,-16.0,-16.0,-16.0,-26.75,-34.0,-45.25,-70.75
2024_02_02,1,222.25,303,0.0,59.75,36.75,36.75,36.75,36.75,36.75,27.25,21.5,133.25
2024_02_02,1,154.5,242,-7.5,29.5,29.5,27.75,24.25,22.25,22.25,6.0,-7.5,65.5
2024_02_02,-1,-0.0,0,-142.75,-7.25,-7.25,-9.25,-14.5,-25.25,-25.25,-31.0,-42.25,-63.25
2024_02_02,1,121.75,203,-14.25,-5.5,-14.25,-14.25,-14.25,48.5,70.75,70.75,32.75,32.75
2024_02_02,-1,15.25,7,-89.0,-0.0,-0.0,-0.0,-5.25,-10.25,-4.75,-27.5,-27.5,-46.25
2024_02_02,1,42.75,94,-36.5,-8.5,-8.5,-8.5,-18.5,-18.5,-12.0,-32.25,-32.25,-18.75
2024_02_02,1,64.25,63,0.0,1.5,1.5,9.0,41.75,41.75,41.25,31.5,22.25,2.75
2024_02_02,1,22.5,20,-40.5,0.25,0.25,-3.0,10.25,3.5,-0.5,-10.25,-19.5,-39.0
2024_02_02,1,25.5,13,-37.5,20.75,16.25,16.25,13.25,6.5,2.5,-7.25,-16.5,-36.0
2024_02_02,-1,46.25,65,-15.0,-0.25,-8.0,-8.0,-8.0,-14.5,-15.0,38.0,38.0,38.0
2024_02_02,-1,51.5,46,-7.25,-2.75,-2.75,12.0,6.25,-3.5,-3.5,43.25,43.25,43.25
2024_02_02,-1,40.0,6,-0.0,35.0,26.0,26.0,26.0,24.0,31.75,31.75,31.75,31.75
2024_02_05,1,29.25,319,-155.0,5.5,10.5,10.5,-10.75,-10.75,-10.75,-14.5,-22.5,-49.25
2024_02_05,1,35.5,303,-148.75,-0.25,-16.25,-16.25,-16.25,-16.25,-16.25,-28.5,-43.0,-70.0
2024_02_05,-1,121.25,41,-63.0,9.75,9.75,9.75,9.75,-0.0,-0.0,87.5,80.0,59.0
2024_02_05,1,151.0,229,-3.0,-1.75,-3.0,28.75,24.25,20.0,27.5,90.25,110.25,84.0
2024_02_05,-1,17.25,142,-49.75,-4.25,0.25,0.25,-4.0,-9.0,-9.0,-21.5,-30.0,-49.5
2024_02_05,-1,15.25,111,-51.75,1.75,2.5,2.5,-1.5,-5.25,-9.5,-24.75,-32.0,-51.5
2024_02_05,1,36.5,33,-30.5,-7.75,-7.75,-10.75,-14.5,17.25,13.75,6.25,-4.25,-30.5
2024_02_05,-1,38.0,11,-12.25,-3.5,28.75,28.75,18.25,18.25,17.25,-1.0,-3.0,13.5
2024_02_05,-1,4.25,40,-37.0,-5.5,-7.5,-8.5,-15.25,-25.75,-25.75,-33.5,-11.25,-11.25
2024_02_05,1,3.5,4,-37.75,-9.25,-9.25,-9.25,-14.0,-25.5,-25.5,-37.75,-37.75,-22.25
2024_02_05,-1,1.75,1,-16.5,-8.0,-8.0,-8.0,-10.25,-14.25,-11.75,-11.75,-11.75,-11.75
2024_02_06,1,0.0,0,-193.25,-20.75,-20.75,-20.75,-20.75,-20.75,-20.75,-44.25,-44.25,-61.25
2024_02_06,-1,149.0,167,-13.25,-0.0,-0.0,-1.25,-5.5,-9.5,-13.25,69.5,62.25,88.0
2024_02_06,1,28.0,317,-70.75,-10.5,-10.5,-10.5,-10.5,-10.5,-21.5,-11.25,-23.75,-38.5
2024_02_06,1,15.75,275,-83.0,1.75,1.75,1.75,-4.0,-13.75,-13.75,-23.5,-36.0,-50.75
2024_02_06,-1,47.0,37,-51.75,6.75,6.75,6.75,22.75,22.75,24.75,14.0,4.5,-14.0
2024_02_06,1,62.5,212,-36.25,-11.25,-11.25,-11.25,-17.0,-17.0,-9.25,-15.25,-15.25,-36.25
2024_02_06,1,64.0,164,-34.75,-5.5,-6.25,12.5,16.75,9.5,9.5,-13.75,-13.75,-34.75
2024_02_06,-1,37.5,10,-61.25,25.75,25.75,28.75,21.75,11.75,11.75,6.75,-4.25,-26.5
2024_02_06,1,25.0,43,-37.0,-0.75,-5.25,-5.25,-9.0,-12.5,-21.25,-32.25,-37.0,6.0
2024_02_06,-1,4.75,4,-57.25,-7.0,-7.0,-9.25,-11.25,-11.25,-17.75,-27.5,-43.25,-56.75
2024_02_06,1,13.25,6,-6.5,0.75,0.75,0.75,0.75,-3.75,-5.75,-5.75,-5.75,-5.75
2024_02_07,-1,31.75,10,-119.5,18.5,18.5,18.5,19.75,13.5,4.5,-3.5,-9.75,-52.0
2024_02_07,-1,6.75,6,-144.5,-6.5,-6.5,-6.5,-5.25,-11.5,-20.5,-28.5,-34.75,-77.0
2024_02_07,-1,-0.0,0,-148.5,-11.25,-11.25,-11.25,-21.0,-21.0,-21.0,-33.0,-43.25,-81.0
2024_02_07,1,9.5,252,-66.5,-5.75,-16.0,-16.0,-16.0,-16.0,-21.0,-39.0,-41.5,-65.5
2024_02_07,-1,29.0,100,-47.0,-8.25,-8.25,-8.25,-14.75,-19.5,-20.75,-33.25,-29.0,-34.5
2024_02_07,1,19.0,230,-57.0,-16.0,-16.0,-16.0,-16.0,-16.0,-26.0,-32.0,-38.0,-56.0
2024_02_07,-1,24.75,66,-51.25,-3.0,-3.0,-3.0,-5.0,-11.25,-14.25,-24.75,-33.25,-38.75
2024_02_07,1,15.0,167,-61.0,-10.75,-10.75,-10.75,-17.0,-17.0,-22.5,-31.5,-42.0,-60.0
2024_02_07,-1,35.0,14,-41.0,9.0,9.0,13.5,13.5,18.5,11.25,4.25,-12.75,-28.5
2024_02_07,1,51.0,128,-19.0,-7.5,-7.5,-7.5,-7.5,0.5,0.5,-19.0,-19.0,45.25
2024_02_07,-1,-0.0,0,-62.5,-7.75,-7.75,-12.0,-12.0,-20.25,-20.25,-30.0,-40.0,-62.0
2024_02_07,1,31.25,102,-3.0,13.75,13.75,12.0,7.75,0.0,0.0,25.5,25.5,25.5
2024_02_07,-1,9.25,20,-13.75,-4.25,-7.25,1.0,-6.25,-7.75,-13.75,-13.75,-13.75,-13.75
2024_02_08,1,66.0,178,-15.75,-5.25,12.75,12.75,-1.5,-1.5,-1.5,-12.75,25.75,0.75
2024_02_08,1,36.75,129,-29.75,-6.0,-6.0,-6.0,-19.0,-19.0,-19.0,-29.5,-3.5,-28.5
2024_02_08,-1,-0.0,0,-66.5,-14.5,-14.5,-14.5,-14.5,-22.25,-22.25,-30.0,-45.75,-63.75
2024_02_08,1,14.0,80,-51.25,-5.5,-3.25,-3.5,-12.5,-12.5,-12.5,-23.75,-26.25,-51.25
2024_02_08,1,6.75,31,-58.5,-4.25,-7.0,-10.5,-14.0,-19.75,-20.75,-31.0,-33.5,-58.5
2024_02_08,-1,38.5,113,-21.25,5.25,4.75,-0.0,-16.0,-16.0,-16.0,-16.0,-2.5,7.25
2024_02_08,1,10.75,37,-49.0,-4.25,-4.25,-5.75,-15.25,-15.25,-9.75,-21.25,-33.75,-17.75
2024_02_08,-1,37.25,46,-9.25,-2.5,-2.5,-7.75,10.0,21.25,14.75,5.0,-3.75,6.0
2024_02_08,1,20.25,43,-4.25,-4.25,11.0,11.75,8.0,2.0,-0.75,5.0,5.0,5.0
2024_02_08,-1,12.0,12,-3.75,3.25,-3.75,-3.75,-3.75,5.25,5.25,5.25,5.25,5.25
2024_02_09,-1,16.5,6,-173.25,-4.5,-7.25,5.5,3.5,-4.75,-4.75,-13.75,-29.5,-45.25
2024_02_09,-1,-0.0,0,-166.75,-10.5,-10.5,-10.5,-16.75,-16.75,-23.0,-38.75,-40.75,-60.0
2024_02_09,1,126.0,286,-15.75,-10.0,-10.0,-10.0,-15.75,42.5,42.5,26.75,90.0,90.0
2024_02_09,-1,11.5,2,-87.75,3.75,3.75,-0.75,-0.75,-6.5,-13.25,-20.0,-30.75,-51.75
2024_02_09,-1,2.5,8,-86.25,-4.75,-5.75,-8.0,-11.25,-15.0,-19.75,-29.25,-39.5,-60.5
2024_02_09,1,66.0,134,-5.75,-5.75,-5.75,-5.75,53.25,49.5,40.25,35.25,30.0,30.0
2024_02_09,-1,20.5,96,-17.5,-9.0,-9.0,-9.0,-14.0,-17.25,18.5,18.5,18.5,18.5
2024_02_09,1,0.0,0,-20.25,-8.0,-8.0,-8.0,-14.75,-17.5,-20.25,-18.25,-18.25,-18.25
2024_02_09,-1,9.5,28,-6.5,-1.25,-6.5,-6.5,7.5,7.5,7.5,7.5,7.5,7.5
2024_02_09,-1,10.0,16,-0.0,8.0,8.0,8.0,8.0,8.0,8.0,8.0,8.0,8.0
2024_02_12,-1,90.75,402,-104.25,-11.75,-11.75,-11.75,-25.25,-25.25,-25.25,-31.75,-41.0,-62.25
2024_02_12,1,90.25,94,-104.75,-0.75,-3.0,-5.0,-7.25,-10.25,62.5,56.75,44.5,27.0
2024_02_12,1,75.75,63,-119.25,17.75,17.75,30.75,24.0,56.5,48.0,42.25,30.0,12.5
2024_02_12,-1,161.5,264,-23.5,-8.75,-8.75,-8.75,-14.75,-16.0,-21.25,-18.5,97.25,156.75
2024_02_12,1,13.75,24,-170.25,-3.5,1.75,1.75,-2.0,-8.5,-8.5,-19.5,-29.5,-48.5
2024_02_12,-1,126.0,163,-0.0,43.0,39.25,39.25,34.5,28.5,28.5,72.75,61.75,121.25
2024_02_12,1,0.0,0,-104.25,-6.5,-6.5,-10.75,-19.5,-19.5,-21.25,-35.25,-52.0,-71.5
2024_02_12,-1,90.25,127,-2.25,61.0,61.0,46.5,46.5,46.5,46.5,37.0,26.0,85.5
2024_02_12,-1,69.0,118,-0.0,39.75,39.75,25.25,25.25,25.25,25.25,15.75,4.75,64.25
2024_02_12,1,0.0,0,-61.25,-6.25,-6.25,-8.75,-14.5,-26.5,-26.5,-31.75,-44.25,-61.25
2024_02_12,-1,33.25,81,-27.5,4.5,4.5,1.5,-4.0,-5.75,-10.0,-23.5,28.5,28.5
2024_02_12,1,6.75,9,-54.0,-7.75,-7.75,-2.5,-5.25,-11.25,-14.5,-23.75,-37.0,-54.0
2024_02_12,-1,39.5,32,-16.75,-4.0,-6.0,-12.25,-12.25,-16.5,34.75,34.75,34.75,34.75
2024_02_13,-1,69.0,352,-173.75,-7.5,-7.5,-16.25,-16.25,-16.25,-31.0,-31.0,-40.5,-61.5
2024_02_13,1,140.75,63,-102.0,-7.25,-7.25,-7.0,-7.0,-7.0,-11.25,-5.5,-12.5,77.0
2024_02_13,1,8.25,4,-215.25,-3.75,-3.75,-3.75,-3.75,-8.5,-18.0,-25.25,-37.75,-51.75
2024_02_13,-1,162.25,184,-17.5,-5.25,11.5,11.5,-1.5,-1.5,-1.5,-9.0,72.5,99.75
2024_02_13,-1,141.25,149,-7.5,15.0,15.0,11.0,9.5,-1.5,-1.5,53.25,51.5,78.75
2024_02_13,1,4.25,175,-141.25,-10.25,-10.25,-10.25,-16.0,-16.0,-18.25,-28.25,-43.0,-61.25
2024_02_13,-1,115.75,94,-29.75,6.25,59.75,55.5,54.5,46.0,46.0,27.75,26.0,53.25
2024_02_13,-1,85.0,38,-60.5,48.25,48.25,48.25,48.25,68.0,63.25,54.5,44.25,22.5
2024_02_13,1,105.75,36,0.0,0.0,43.0,43.0,43.0,103.0,103.0,103.0,103.0,103.0
2024_02_13,1,25.5,16,-5.0,-5.0,-5.0,-5.0,-5.0,22.75,22.75,22.75,22.75,22.75
2024_02_14,1,91.25,381,-89.0,-7.75,-7.75,-8.25,-16.25,-16.25,-20.0,-34.5,15.75,-4.0
2024_02_14,-1,57.0,145,-123.25,-7.25,-7.25,-14.75,-14.75,-17.0,-27.0,-30.25,-40.25,-70.25
2024_02_14,1,88.25,344,-92.0,0.5,0.5,0.5,40.75,32.5,32.5,16.75,12.75,-7.0
2024_02_14,-1,94.75,82,-85.5,-5.0,-5.0,-11.75,-11.75,64.5,51.5,51.5,36.5,30.25
2024_02_14,1,116.5,254,-63.75,-10.75,-10.75,-10.75,-36.25,-36.25,-36.25,-36.25,-48.5,-61.25
2024_02_14,-1,30.75,21,-149.5,-8.75,-8.75,-8.75,-12.5,-20.25,-20.25,-2.5,-13.75,-33.75
2024_02_14,1,147.0,218,-4.0,-4.0,-4.0,32.5,32.5,35.0,24.5,24.5,13.25,10.5
2024_02_14,-1,19.75,59,-119.25,10.0,7.25,6.25,1.25,-1.75,-6.75,-15.75,-26.5,-47.5
2024_02_14,1,103.5,142,-35.5,29.0,23.75,23.75,16.0,16.0,14.0,-0.5,-10.25,-33.0
2024_02_14,-1,36.75,9,-102.25,32.25,20.0,20.0,20.0,20.0,16.5,3.75,-4.75,-23.75
2024_02_14,-1,-0.0,0,-121.5,-11.5,-11.5,-11.5,-15.5,-20.25,-20.25,-32.75,-40.0,-60.5
2024_02_14,1,90.5,75,-10.0,-6.0,-6.0,-10.0,-10.0,73.75,81.5,81.5,81.5,81.5
2024_02_14,1,94.75,63,-2.25,-2.25,-2.25,-2.25,44.0,78.0,85.75,85.75,85.75,85.75
2024_02_14,1,5.5,5,-8.0,-8.0,-8.0,-8.0,-8.0,-0.25,-0.25,-0.25,-0.25,-0.25
2024_02_15,-1,102.25,96,-77.0,26.25,26.25,22.75,26.5,26.5,65.75,57.75,47.25,41.25
2024_02_15,1,111.25,354,-68.0,-5.75,-5.75,-8.5,-24.25,-24.25,-24.25,-42.0,-42.0,-68.0
2024_02_15,1,132.75,326,-46.5,-5.5,0.5,2.75,2.75,2.75,-6.75,-29.0,-29.0,-46.5
2024_02_15,-1,38.25,6,-141.0,33.5,20.5,20.5,20.5,20.5,18.0,3.0,-8.0,-22.75
2024_02_15,1,133.0,281,-12.75,-6.0,-6.0,-6.0,-3.5,-3.5,-8.75,18.75,49.0,121.25
2024_02_15,-1,7.5,4,-138.25,1.5,1.5,-7.5,-7.5,-9.25,-12.75,-23.0,-35.5,-54.25
2024_02_15,1,91.5,182,0.0,13.0,13.0,13.0,41.0,34.0,34.0,22.0,7.5,79.75
2024_02_15,-1,30.0,97,-60.5,-6.25,-6.25,-6.25,-9.0,-13.75,1.25,-8.5,-17.0,-32.0
2024_02_15,-1,33.5,81,-57.0,-5.5,-5.5,-5.5,-10.25,4.75,4.75,-5.0,-13.5,-28.5
2024_02_15,1,56.0,97,-34.5,2.0,2.0,2.0,-2.25,-2.25,-8.25,-15.5,-24.75,44.25
2024_02_15,-1,30.75,23,-59.75,-6.5,-6.5,3.75,-2.25,-5.25,9.25,-2.0,-11.25,-31.25
2024_02_15,-1,-0.0,0,-65.75,-8.0,-8.0,-8.0,-13.5,-17.25,-25.75,-37.25,-41.75,-62.5
2024_02_15,1,55.0,14,-3.0,46.5,45.25,45.25,39.0,39.0,43.25,43.25,43.25,43.25
2024_02_16,-1,196.75,404,-0.75,13.5,13.5,13.5,13.5,13.5,9.25,-0.75,146.25,127.75
2024_02_16,-1,53.5,351,-127.0,7.25,7.25,7.25,7.75,7.75,4.0,-10.0,-10.0,-32.5
2024_02_16,1,46.75,175,-133.75,5.25,10.75,10.75,7.25,0.5,0.5,1.0,-4.0,-29.75
2024_02_16,-1,127.0,196,-53.5,-9.0,-9.0,-9.0,24.75,24.75,11.75,8.75,-0.75,-20.0
2024_02_16,1,59.75,35,-120.75,18.25,16.25,49.5,44.0,43.25,36.75,27.5,-2.0,-2.0
2024_02_16,-1,152.25,94,-0.0,4.75,69.0,69.0,69.0,77.25,77.25,152.0,152.0,152.0
2024_02_16,-1,13.75,12,-2.0,-2.0,13.5,13.5,13.5,13.5,13.5,13.5,13.5,13.5
2024_02_19,1,10.75,9,-21.0,-8.25,-8.25,-8.25,-2.0,-6.25,-9.25,-21.0,-6.0,-6.0
2024_02_19,-1,11.75,29,-11.25,-0.25,-0.25,-1.75,-0.5,-4.25,-9.5,-3.25,-3.25,-3.25
2024_02_19,-1,3.25,3,-18.75,-0.75,-5.25,-5.25,-9.5,-13.75,-17.0,-10.75,-10.75,-10.75
2024_02_19,1,11.75,28,-2.75,7.0,3.75,3.75,3.75,3.75,3.75,3.75,3.75,3.75
2024_02_20,1,0.75,1,-257.75,-20.0,-20.0,-20.0,-20.0,-20.0,-20.0,-33.0,-62.75,-62.75
2024_02_20,-1,171.0,181,-4.25,-4.25,35.25,35.25,29.0,29.0,47.75,109.25,99.5,70.75
2024_02_20,1,61.0,306,-97.25,39.0,38.5,35.0,28.0,28.0,18.5,13.5,-2.25,-18.5
2024_02_20,-1,82.25,66,-76.0,2.0,-0.75,-0.75,-11.5,-11.5,48.5,45.5,38.25,21.75
2024_02_20,-1,13.25,1,-145.0,6.75,6.75,-11.25,-11.25,-11.25,-11.25,-23.5,-30.75,-47.25
2024_02_20,1,110.0,165,-24.0,-11.75,-11.75,-11.75,-14.0,8.25,-10.0,-10.0,-15.0,80.25
2024_02_20,-1,7.75,1,-126.25,-3.0,-3.0,-3.0,-6.5,-14.0,-14.0,-25.75,-34.25,-57.25
2024_02_20,1,90.25,117,-13.0,-6.5,-6.5,-8.25,-6.75,-6.75,-6.75,35.0,15.0,60.5
2024_02_20,-1,8.0,1,-71.75,-1.5,-1.5,-1.5,-15.5,-15.5,-15.5,-23.0,-43.5,-56.25
2024_02_20,1,30.5,10,0.0,1.75,22.25,22.25,17.5,3.75,3.75,0.25,0.75,0.75
2024_02_20,-1,3.0,2,-0.0,2.25,2.25,2.25,2.25,2.25,2.25,2.25,2.25,2.25
2024_02_21,-1,109.0,312,-57.75,-23.75,-23.75,-23.75,-23.75,-23.75,-23.75,-3.25,-16.75,-38.0
2024_02_21,-1,117.75,309,-49.0,-9.0,-9.0,-9.0,23.0,20.75,18.25,5.5,-8.0,-29.25
2024_02_21,1,39.0,358,-127.75,-2.75,-2.75,-2.75,-6.75,-5.0,-10.0,-26.25,-29.25,-58.25
2024_02_21,-1,84.0,252,-82.75,-6.25,-6.25,-6.25,-14.5,-14.5,-24.25,-36.5,-42.0,17.25
2024_02_21,1,40.75,297,-126.0,9.25,-2.0,-2.0,-2.0,-5.5,-9.75,-17.5,-38.25,-56.5
2024_02_21,-1,108.25,180,-58.5,-0.75,-0.75,-8.0,-8.0,-13.75,-13.75,-24.0,10.0,41.5
2024_02_21,-1,87.75,157,-79.0,11.5,11.5,14.25,11.75,6.0,3.75,-6.0,-10.5,21.0
2024_02_21,1,66.0,189,-100.75,-22.0,-22.0,-22.0,-22.0,-22.0,-22.0,-45.0,-45.0,-55.25
2024_02_21,-1,55.75,100,-111.0,-10.25,-10.25,-10.25,-21.75,-21.75,-21.75,-30.75,-42.5,-11.0
2024_02_21,1,69.5,167,-97.25,-8.0,-8.0,-8.0,-12.0,-16.25,-21.75,-34.0,-42.5,-60.75
2024_02_21,-1,80.5,68,-86.25,-4.25,-7.75,-8.0,-12.25,-12.5,-12.5,-12.5,-15.0,13.75
2024_02_21,1,77.5,120,-89.25,1.25,1.25,-6.0,-6.0,-16.0,-16.0,-29.5,-43.75,-52.75
2024_02_21,-1,36.5,18,-130.25,3.25,3.25,3.25,1.0,-3.0,14.25,3.0,-5.25,-30.25
2024_02_21,1,133.0,71,-23.25,-10.5,-10.5,-10.5,-13.25,-17.75,-17.75,123.75,123.75,123.75
2024_02_21,1,133.25,49,-20.0,-9.25,-9.25,-9.25,-16.75,-16.75,-20.0,124.0,124.0,124.0
2024_02_21,1,49.5,20,0.0,31.25,31.25,31.5,31.5,40.25,40.25,40.25,40.25,40.25
2024_02_22,1,196.75,299,-20.75,-18.25,-18.25,-18.25,-18.25,-18.25,-20.25,37.25,20.0,12.75
2024_02_22,1,217.0,296,-0.5,23.75,23.75,23.75,23.75,69.5,69.5,57.5,40.25,33.0
2024_02_22,1,148.25,282,-37.0,0.75,0.75,0.75,0.75,0.75,0.75,-11.25,-28.5,-35.75
2024_02_22,-1,17.5,54,-167.75,1.0,1.0,1.0,-4.25,-12.75,-12.75,-22.5,-28.0,-47.75
2024_02_22,1,123.0,239,-62.25,-1.0,-1.0,-3.0,-9.25,-19.25,-19.25,-26.5,-51.25,-55.0
2024_02_22,-1,2.0,4,-177.25,-4.75,-5.75,-6.25,-10.5,-32.75,-32.75,-32.75,-41.0,-65.75
2024_02_22,1,113.0,165,-28.75,-10.0,-10.0,-10.0,-20.25,-20.25,-20.25,81.0,68.5,50.25
2024_02_22,-1,-0.0,0,-141.75,-8.25,-8.25,-8.25,-17.5,-17.5,-20.0,-31.25,-43.75,-60.0
2024_02_22,1,105.75,129,-3.0,1.75,1.75,-3.0,-3.0,-3.0,81.75,73.75,61.25,43.0
2024_02_22,-1,47.0,98,-15.0,4.0,4.0,4.0,-0.25,13.75,1.25,-0.5,-13.0,45.75
2024_02_22,-1,32.25,83,-29.75,-7.75,-7.75,-8.0,2.75,-1.0,-13.5,-15.25,-27.75,31.0
2024_02_22,-1,38.0,44,-24.0,6.5,6.5,-2.75,-2.75,-4.75,-10.25,-18.0,36.75,36.75
2024_02_22,-1,26.75,42,-35.25,-4.75,-4.75,-14.0,-14.0,-16.0,-21.5,-29.25,25.5,25.5
2024_02_22,1,3.0,3,-41.75,-4.0,-3.5,-6.5,-9.5,-18.25,-18.25,-27.75,-37.25,-40.5
2024_02_22,-1,14.75,12,-0.0,6.5,6.5,13.5,13.5,13.5,13.5,13.5,13.5,13.5
2024_02_23,1,6.5,12,-186.25,-3.75,-3.75,-3.75,-13.5,-13.5,-25.0,-25.0,-45.0,-63.5
2024_02_23,1,0.0,0,-166.0,-24.75,-24.75,-24.75,-24.75,-24.75,-24.75,-43.25,-43.25,-62.75
2024_02_23,-1,119.25,75,-23.25,-13.25,-13.25,-13.25,-13.25,-18.25,-18.25,-23.25,74.0,57.0
2024_02_23,1,43.25,18,-58.0,23.25,23.25,20.0,20.0,20.75,20.75,12.25,-3.75,-17.75
2024_02_23,-1,70.25,239,-27.75,-5.0,-5.0,-8.5,14.25,10.75,1.25,-5.75,-11.25,70.25
2024_02_23,-1,66.25,230,-31.75,3.5,3.5,3.5,10.25,6.75,-2.75,-9.75,-15.25,66.25
2024_02_23,1,26.25,30,-71.75,2.5,3.5,0.25,11.0,7.75,5.75,-5.25,-19.0,-37.75
2024_02_23,-1,76.0,136,-0.5,16.25,16.25,4.5,4.5,4.5,2.25,13.25,22.5,76.0
2024_02_23,1,1.75,1,-54.75,-3.25,-14.25,-14.25,-14.25,-14.25,-21.5,-33.25,-40.25,-54.75
2024_02_23,-1,21.5,65,-32.0,-5.75,-6.25,-5.0,-10.0,-14.25,-8.5,-19.5,-32.0,21.5
2024_02_23,1,18.0,6,-35.5,12.75,11.75,5.5,5.5,-10.0,-10.0,-18.75,-24.75,-35.5
2024_02_23,-1,16.75,15,-0.0,7.5,16.75,16.75,16.75,16.75,16.75,16.75,16.75,16.75
2024_02_26,1,24.25,181,-72.5,-3.5,-3.5,-3.5,-3.5,-6.75,-17.0,-21.0,-41.0,-59.5
2024_02_26,-1,23.0,375,-73.75,-0.25,-10.75,-10.75,-10.75,-10.75,-14.5,-25.25,-40.5,-55.25
2024_02_26,-1,58.5,342,-38.25,-4.0,-15.25,-15.25,-15.25,-16.25,-2.25,-9.75,-19.75,54.75
2024_02_26,1,39.0,87,-57.75,-5.75,-17.25,-17.25,-17.25,-17.25,-20.25,5.75,-3.0,-21.5
2024_02_26,-1,37.5,305,-59.25,-11.25,-11.25,-11.25,-23.25,-23.25,-23.25,-30.75,-40.75,33.75
2024_02_26,-1,50.0,298,-46.75,-10.0,-10.0,-10.0,-3.25,-6.25,-14.75,-25.25,-31.25,46.25
2024_02_26,1,7.75,40,-89.0,0.75,0.75,-1.5,-17.75,-17.75,-17.75,-25.5,-34.25,-52.75
2024_02_26,-1,71.25,253,-25.5,2.5,2.5,2.5,-3.75,-5.5,-8.5,-20.25,0.5,67.5
2024_02_26,1,4.25,6,-92.5,-6.5,-6.5,-4.5,-8.0,-12.5,-16.0,-26.75,-37.75,-56.25
2024_02_26,-1,54.75,192,-27.0,-16.25,-16.25,-16.25,-16.25,-16.25,-20.0,-2.75,-16.0,51.0
2024_02_26,-1,51.5,173,-25.75,-5.5,-7.5,7.25,11.25,7.75,4.5,-6.0,-19.25,47.75
2024_02_26,-1,56.75,122,-20.5,2.75,2.75,-8.25,-8.25,-8.25,-14.0,53.0,53.0,53.0
2024_02_26,1,17.0,14,-55.25,-6.0,-6.0,4.0,4.0,-0.75,-5.25,-16.25,-29.25,-47.0
2024_02_26,-1,53.25,54,-4.5,-1.5,-4.5,4.75,49.5,49.5,49.5,49.5,49.5,49.5
2024_02_27,-1,95.5,210,-9.25,2.25,2.25,2.25,61.75,57.75,51.0,42.5,32.75,15.0
2024_02_27,-1,65.75,174,-39.0,-8.5,-8.5,-8.5,-13.25,-26.0,-26.0,-37.5,20.5,4.25
2024_02_27,1,1.5,308,-103.25,-9.25,-9.25,-9.25,-14.0,-17.0,-35.75,-35.75,-40.0,-61.25
2024_02_27,1,9.0,276,-95.75,-8.5,-8.5,-8.5,-14.25,-23.5,-23.5,-32.5,-40.75,-65.25
2024_02_27,-1,75.0,113,-29.75,2.75,2.75,2.75,-1.5,8.0,8.0,-2.0,29.75,13.5
2024_02_27,-1,44.75,38,-60.0,-3.5,-3.5,-8.75,-11.25,-15.0,23.25,12.5,-0.5,-16.75
2024_02_27,1,82.0,136,-6.75,-0.75,-0.75,-2.25,-3.75,-6.5,57.75,73.75,73.75,73.75
2024_02_27,-1,9.25,19,-17.5,-6.5,-6.5,-11.5,-17.5,-17.5,-11.0,-9.25,-9.25,-9.25
2024_02_27,1,1.25,27,-19.0,-10.25,-10.25,-10.25,-12.0,-16.5,-0.5,-0.5,-0.5,-0.5
2024_02_27,1,3.0,7,-12.0,-7.0,-7.0,-6.5,-9.75,1.25,1.25,1.25,1.25,1.25
2024_02_28,-1,34.0,397,-67.5,-21.25,-21.25,-21.25,-21.25,-21.25,-21.25,-35.0,-18.5,-39.0
2024_02_28,1,56.25,87,-45.25,-8.75,-8.75,-8.75,-15.25,-22.25,-22.25,24.5,11.75,-5.75
2024_02_28,-1,78.75,248,-13.0,-10.25,-10.25,-10.25,-13.0,27.0,27.0,21.0,10.5,73.5
2024_02_28,1,29.25,44,-52.0,-6.0,-6.0,-12.0,-12.0,-18.75,-22.0,-5.75,-17.0,-30.75
2024_02_28,1,11.0,3,-70.25,6.75,1.75,1.75,-4.0,-6.0,-9.25,-24.0,-35.25,-49.0
2024_02_28,-1,58.5,121,-0.0,18.0,13.0,13.0,11.5,5.25,14.0,10.0,0.25,53.25
2024_02_28,1,25.75,48,-32.5,-8.25,-8.25,-8.25,-17.0,-17.0,-2.25,-5.75,-18.25,-27.25
2024_02_28,-1,34.0,61,-24.25,1.0,-5.0,-5.0,-12.5,-12.5,-17.0,-24.25,28.75,28.75
2024_02_28,1,10.5,7,-47.75,1.25,0.0,0.0,-2.75,-12.75,-12.75,-21.0,-33.5,-42.5
2024_02_28,1,2.5,1,-48.5,-3.5,-3.5,-5.5,-13.5,-13.5,-17.5,-28.25,-40.5,-43.25
2024_02_28,-1,34.5,23,-12.0,-5.25,-8.25,-8.25,-9.25,-9.25,-12.0,29.25,29.25,29.25
2024_02_29,1,64.25,386,-134.75,10.75,10.75,10.75,10.75,10.75,3.0,-4.5,-30.75,-38.75
2024_02_29,-1,96.0,89,-103.0,0.5,0.5,0.5,0.5,0.5,-7.5,-15.75,-25.25,32.25
2024_02_29,1,85.5,320,-113.5,7.25,1.0,1.0,-15.75,-15.75,-15.75,-18.25,-34.75,-49.25
2024_02_29,-1,69.25,38,-129.75,-15.25,-15.25,-15.25,-15.25,-21.0,-21.0,-34.0,23.0,5.5
2024_02_29,-1,64.25,10,-134.75,-5.5,3.75,3.75,43.25,43.25,43.25,28.75,18.0,0.5
2024_02_29,1,117.0,225,-17.5,2.0,2.0,0.75,-5.0,-17.5,-17.5,36.0,27.0,75.75
2024_02_29,-1,25.5,44,-68.0,-4.0,6.75,4.0,-3.25,-3.25,-6.75,-19.0,-15.25,-34.75
2024_02_29,-1,14.75,19,-78.75,1.0,-6.0,-6.0,2.5,-9.25,-9.25,-15.25,-26.0,-45.5
2024_02_29,1,52.75,27,-7.0,-7.0,-7.0,4.25,13.0,13.0,13.0,13.0,10.75,11.5
2024_02_29,1,54.25,19,-5.0,5.75,5.75,5.75,14.5,14.5,14.5,14.5,12.25,13.0
2024_02_29,-1,0.25,1,-17.75,-5.25,-6.25,-10.5,-13.25,-17.75,-17.75,-17.75,-17.75,-17.75
2024_03_01,1,246.5,302,0.0,21.0,21.0,21.0,5.25,5.25,5.25,36.0,202.0,200.75
2024_03_01,1,184.75,251,-9.25,-9.25,-9.25,-9.25,-9.25,35.0,35.0,150.75,140.25,139.0
2024_03_01,-1,-0.0,0,-153.5,-9.25,-9.25,-9.25,-15.5,-18.75,-23.75,-31.25,-46.75,-62.75
2024_03_01,1,129.25,166,0.0,26.0,18.75,18.75,112.75,110.25,104.0,95.25,84.75,83.5
2024_03_01,-1,16.75,85,-30.5,-4.5,-9.25,-9.25,-17.75,-17.75,-22.75,-30.5,15.25,15.25
2024_03_01,-1,31.25,65,-0.0,-0.0,-0.0,9.5,15.5,11.0,6.5,29.75,29.75,29.75
2024_03_01,-1,19.5,8,-0.0,15.0,18.0,18.0,18.0,18.0,18.0,18.0,18.0,18.0
2024_03_04,-1,76.5,400,-29.5,6.25,6.25,6.25,6.25,6.25,-0.5,-6.5,-13.5,-27.75
2024_03_04,1,21.75,272,-84.25,0.75,0.75,0.75,-8.5,-8.5,-15.5,-21.5,-32.25,-40.75
2024_03_04,-1,52.0,278,-54.0,-6.0,-6.0,-6.0,-6.0,-10.0,-12.25,-24.25,-33.0,-52.25
2024_03_04,-1,68.25,249,-37.75,0.5,0.5,-0.75,-6.0,-10.75,-14.75,1.5,-8.75,-36.0
2024_03_04,1,24.0,163,-82.0,-7.0,-7.0,-9.0,-14.75,-18.75,-23.25,-31.0,-46.25,-38.5
2024_03_04,-1,71.25,213,-34.75,2.0,2.0,1.25,0.25,17.0,14.75,4.5,-5.75,-33.0
2024_03_04,1,42.0,80,-64.0,-5.5,-5.5,-5.5,-9.0,24.25,19.25,-0.5,-0.5,-20.5
2024_03_04,1,34.0,55,-72.0,-4.75,-9.75,-9.75,-12.0,16.25,11.25,-8.5,-8.5,-28.5
2024_03_04,-1,86.0,40,-2.0,23.5,23.5,23.5,23.5,17.5,11.25,80.0,80.0,80.0
2024_03_05,-1,257.25,359,-0.0,10.25,10.25,16.25,16.25,11.0,8.5,27.25,12.75,119.25
2024_03_05,-1,244.5,328,-0.0,61.0,61.0,61.0,61.0,97.75,127.5,138.0,127.5,106.5
2024_03_05,-1,96.75,232,-43.75,8.25,8.25,8.25,4.0,-3.25,-3.25,-12.25,-22.5,-41.25
2024_03_05,1,2.5,3,-138.0,-5.75,-5.75,-5.75,-10.25,-15.0,-19.5,-30.5,-41.25,-58.5
2024_03_05,-1,112.75,169,-21.5,-11.0,-11.0,-11.0,-18.5,-18.5,-20.5,38.5,67.0,48.5
2024_03_05,1,73.0,117,-61.25,-1.5,-1.5,-1.5,-0.5,-7.75,-7.75,-18.75,-28.5,-53.25
2024_03_05,-1,47.5,71,-86.75,-8.25,-8.25,-8.25,-16.5,-16.5,6.5,11.0,1.75,-16.75
2024_03_05,-1,19.5,37,-114.75,-4.0,-10.0,-10.0,-16.75,-16.75,-21.5,-17.0,-26.25,-44.75
2024_03_05,-1,-0.0,0,-114.25,-8.0,-8.0,-8.0,-16.5,-16.5,-25.75,-38.5,-44.25,-66.5
2024_03_05,1,88.5,21,0.0,7.75,7.5,7.5,86.25,86.25,86.25,86.25,86.25,86.25
2024_03_06,1,52.75,182,-143.75,-10.25,-10.25,-10.25,-23.5,-23.5,-23.5,-44.75,-44.75,-67.0
2024_03_06,-1,86.75,13,-109.75,2.25,2.25,58.75,58.75,58.75,58.75,55.5,43.5,15.25
2024_03_06,1,161.75,122,-20.75,30.5,30.5,14.75,14.75,14.75,14.75,58.25,118.25,72.0
2024_03_06,-1,79.0,242,-103.5,-6.0,-6.0,-17.0,-17.0,-17.0,-24.5,-32.0,-44.75,-62.25
2024_03_06,1,75.75,43,-106.75,11.75,25.75,25.75,51.5,59.75,54.25,39.0,32.25,-14.0
2024_03_06,1,20.0,34,-148.0,-10.0,-10.0,-10.0,-14.75,-5.25,-5.25,-55.25,-55.25,-55.25
2024_03_06,-1,97.75,121,-37.75,17.25,17.25,17.25,-11.75,-11.75,-11.75,-11.75,-23.25,-37.75
2024_03_06,1,0.0,0,-86.0,-30.5,-30.5,-30.5,-30.5,-30.5,-30.5,-30.5,-50.0,-60.0
2024_03_06,-1,51.25,47,-17.25,-8.25,-8.25,-8.25,-8.25,-11.25,5.75,-6.75,6.0,-9.5
2024_03_06,1,13.0,2,-25.0,-10.0,-10.0,-10.0,-10.0,-10.0,-10.0,-22.0,-9.0,-9.0
2024_03_06,1,2.25,2,-17.5,-3.5,-4.25,-7.5,-11.75,-14.75,-10.5,-10.5,-10.5,-10.5
2024_03_07,1,180.75,264,-50.25,-4.0,30.75,16.75,16.75,16.75,16.75,3.25,-15.25,-33.5
2024_03_07,-1,52.75,4,-178.25,35.75,35.75,35.75,35.75,35.75,29.25,22.75,-4.0,-12.25
2024_03_07,1,171.75,233,-5.25,9.0,7.0,-5.25,-5.25,-5.25,61.75,55.5,113.25,109.75
2024_03_07,1,109.0,179,-45.25,-3.5,-5.0,9.5,24.5,23.0,17.5,40.75,50.5,47.0
2024_03_07,-1,97.0,224,-57.25,-5.0,-8.0,-8.0,-14.0,-5.0,-9.5,-19.5,-33.25,-50.75
2024_03_07,-1,86.0,214,-68.25,-5.5,-15.0,-15.0,-15.0,-16.0,-20.5,-30.5,-44.25,-61.75
2024_03_07,1,46.5,34,-107.75,25.75,21.75,21.75,33.0,29.5,25.5,16.25,-12.0,-15.5
2024_03_07,-1,122.25,76,-7.0,20.5,20.5,19.25,13.5,5.5,5.5,-0.25,122.25,122.25
2024_03_07,1,5.5,2,-123.75,-2.5,-2.5,-2.5,-11.75,-11.75,-15.0,-30.5,-40.5,-74.75
2024_03_07,-1,83.25,12,-5.0,-5.0,20.75,20.75,20.75,83.25,83.25,83.25,83.25,83.25
2024_03_08,-1,300.0,245,-111.75,-6.25,-6.25,-12.0,-12.0,-27.25,-27.25,-4.0,-13.75,-37.5
2024_03_08,-1,302.0,240,-109.75,10.75,10.75,10.75,10.75,10.75,-2.0,-2.0,-11.75,-35.5
2024_03_08,1,42.25,30,-369.5,-1.0,-1.0,-1.0,17.25,17.25,17.25,10.25,-7.5,-35.75
2024_03_08,-1,371.25,179,-6.25,-1.5,-1.5,-1.5,-3.75,19.25,9.75,7.0,-6.25,300.25
2024_03_08,-1,133.75,87,-43.75,-21.25,-21.25,-21.25,-21.25,-21.25,-21.25,-21.25,-32.25,62.75
2024_03_08,-1,150.0,79,-27.5,6.75,6.75,6.75,6.75,6.75,1.75,-12.0,-17.5,79.0
2024_03_08,1,112.0,101,-41.75,9.75,25.5,25.5,12.75,12.75,12.75,-1.0,-12.25,-26.25
2024_03_08,1,112.75,99,-41.0,10.5,26.25,26.25,13.5,13.5,13.5,-0.25,-11.5,-25.5
2024_03_08,-1,60.0,21,-93.75,-11.5,-11.5,-11.5,-11.5,42.25,39.75,23.75,16.0,-11.0
2024_03_08,1,109.75,43,-21.5,15.75,15.75,15.75,12.75,12.75,88.75,68.0,68.0,37.0
2024_03_08,1,85.5,29,-45.75,23.0,23.0,23.0,56.0,67.5,64.5,43.75,43.75,12.75
2024_03_08,-1,102.25,64,-24.5,-4.0,-4.0,-4.0,-18.75,-18.75,-18.75,61.25,76.5,76.5
2024_03_11,1,28.5,85,-90.25,-47.0,-47.0,-47.0,-47.0,-47.0,-47.0,-47.0,-47.0,-72.25
2024_03_11,-1,18.0,29,-100.75,-19.5,-19.5,-19.5,-19.5,-19.5,-46.5,-46.5,-46.5,-65.0
2024_03_11,1,59.5,18,-34.25,-6.75,-6.75,-19.5,-19.5,-19.5,28.25,28.25,12.75,-11.75
2024_03_11,-1,41.0,18,-50.25,-0.75,-0.75,-0.75,27.75,18.75,18.75,7.75,-7.0,-22.25
2024_03_11,1,43.25,184,-24.5,11.75,11.75,4.5,4.5,8.0,8.0,-1.0,-18.25,-17.75
2024_03_11,1,48.25,155,-19.5,-6.0,-6.0,9.5,9.5,9.5,10.25,0.0,-13.5,-12.75
2024_03_11,-1,10.0,33,-57.75,-5.75,-5.75,-5.75,-8.25,-16.75,-16.75,-28.0,-36.5,-50.25
2024_03_11,1,21.25,85,-46.5,5.25,0.75,0.75,-3.25,-8.5,-12.0,-33.75,-33.75,-39.75
2024_03_11,-1,34.5,10,-33.25,1.25,21.25,26.25,14.5,14.5,14.5,3.5,-7.25,-25.75
2024_03_11,1,26.25,34,-34.75,-5.25,3.25,3.0,-1.75,-10.75,-10.75,-6.0,-20.75,-34.75
2024_03_11,-1,24.0,78,-37.0,-10.0,-10.0,-10.0,-16.25,-16.25,-20.0,-31.75,-9.5,-9.5
2024_03_11,1,4.0,5,-42.75,-9.0,-9.0,-9.0,-10.0,-14.0,-20.75,-28.75,-37.75,-9.25
2024_03_11,-1,36.0,51,-10.75,-8.0,-8.0,-8.0,17.25,15.0,11.0,-0.5,2.5,2.5
2024_03_11,-1,15.75,13,-20.75,-9.25,-9.25,-9.25,-14.25,-20.75,-20.75,-19.0,-17.75,-17.75
2024_03_11,1,5.0,25,-30.25,-14.0,-14.0,-14.0,-14.0,-17.5,-26.0,-30.25,3.25,3.25
2024_03_12,1,156.5,385,-149.5,-11.5,-11.5,-11.5,-15.5,-26.5,-26.5,-64.5,-64.5,-64.5
2024_03_12,-1,69.5,13,-236.5,13.75,12.75,9.5,46.0,46.0,46.0,35.5,24.25,-7.5
2024_03_12,1,229.0,360,0.0,8.0,21.75,21.75,21.75,21.75,21.75,153.0,156.25,133.25
2024_03_12,1,50.5,256,-107.0,-22.25,-22.25,-22.25,-22.25,-22.25,-22.25,-45.25,-45.25,-61.0
2024_03_12,-1,77.25,86,-80.25,-0.75,-0.75,-0.75,-0.75,-0.75,-8.75,-17.75,30.0,15.75
2024_03_12,-1,46.0,32,-111.5,32.75,32.75,30.25,26.75,22.75,15.5,9.75,-1.25,-15.5
2024_03_12,-1,16.5,11,-141.0,-5.25,-10.25,-10.25,-19.75,-19.75,-7.5,-19.75,-30.75,-45.0
2024_03_12,-1,-0.0,0,-102.75,-8.25,-8.25,-8.25,-12.25,-17.25,-20.25,-31.5,-40.75,-61.0
2024_03_12,1,90.75,129,-9.0,3.0,3.0,-7.0,-7.0,-7.0,36.25,16.25,16.25,73.0
2024_03_12,-1,-0.0,0,-99.75,-4.5,-8.75,-8.75,-22.0,-22.0,-22.0,-37.75,-45.5,-60.0
2024_03_12,1,82.75,115,0.0,14.0,14.0,9.5,15.75,28.25,28.25,8.25,8.25,65.0
2024_03_12,-1,-0.0,0,-74.5,-17.25,-17.25,-17.25,-17.25,-17.25,-32.25,-32.25,-47.0,-68.75
2024_03_12,1,23.5,57,-23.5,-7.5,-7.5,-21.5,-21.5,-21.5,-21.5,5.75,5.75,5.75
2024_03_13,-1,119.75,133,-0.0,8.0,8.0,8.0,82.25,82.25,77.75,61.5,54.5,38.25
2024_03_13,1,51.75,246,-58.0,-5.75,-2.25,-2.25,17.0,17.0,3.5,-7.75,-7.75,-32.5
2024_03_13,-1,47.25,49,-62.5,12.0,12.0,12.0,4.75,4.75,0.75,-14.0,-19.0,-14.0
2024_03_13,1,56.0,198,-53.75,-2.25,-11.25,-11.25,-11.25,-16.75,-23.0,-29.0,-39.75,-10.0
2024_03_13,-1,2.0,1,-107.75,-6.5,-6.5,-6.5,-10.5,-20.25,-20.25,-31.5,-44.25,-59.25
2024_03_13,1,70.25,157,-27.75,1.0,-1.25,-1.25,-4.0,-6.75,-7.75,38.75,28.25,4.25
2024_03_13,1,22.25,53,-75.75,-9.25,-9.25,-9.25,1.25,1.25,-1.75,-9.25,-19.75,-43.75
2024_03_13,-1,76.25,19,-4.5,4.75,-4.5,-4.5,-4.5,43.25,43.25,43.25,34.75,34.5
2024_03_13,1,0.0,0,-32.75,-9.75,-9.75,-9.75,-21.75,-21.75,-21.75,-32.75,-3.75,-3.75
2024_03_14,-1,188.0,365,-41.5,-24.25,-24.25,-24.25,-24.25,-24.25,-24.25,-24.25,-41.5,59.5
2024_03_14,1,43.0,18,-131.25,-5.25,-10.0,-10.0,-15.75,-9.25,20.0,4.25,-1.25,-23.0
2024_03_14,1,31.75,27,-135.75,-6.5,-6.5,-0.75,-0.75,-17.0,-17.0,-1.5,-11.75,-29.75
2024_03_14,1,37.5,156,-122.25,10.75,10.75,10.75,1.75,1.75,-2.75,-16.25,-16.25,-36.0
2024_03_14,-1,124.25,213,-35.5,34.5,29.75,29.75,23.5,18.5,18.5,6.0,-3.0,9.0
2024_03_14,1,42.75,102,-117.0,6.0,3.0,3.0,5.0,0.0,-6.75,-20.5,-29.75,-42.5
2024_03_14,-1,96.75,160,-63.0,10.0,40.0,30.75,30.75,19.75,19.75,11.0,1.5,-18.5
2024_03_14,1,94.25,38,-65.5,9.75,12.25,12.25,12.25,8.25,72.5,60.25,53.5,33.5
2024_03_14,-1,137.75,71,-6.25,-6.25,-6.25,1.5,15.75,11.5,6.75,-2.0,90.5,57.75
2024_03_14,-1,134.75,47,-0.5,28.0,97.5,97.5,97.5,97.5,100.25,97.25,87.5,54.75
2024_03_14,-1,26.25,17,-109.0,-10.25,-10.25,-10.25,-8.25,-8.25,-8.25,-11.25,-21.0,-53.75
2024_03_14,1,76.5,18,-16.25,-16.25,-16.25,-16.25,-16.25,-16.25,51.5,42.75,42.75,42.75
2024_03_15,-1,135.75,206,-17.0,-4.25,-4.25,-4.25,14.5,14.5,14.5,32.75,19.0,34.75
2024_03_15,-1,95.75,200,-57.0,-7.75,-7.75,-25.5,-25.5,-25.5,-25.5,-7.25,-21.0,-5.25
2024_03_15,1,67.75,28,-85.0,-2.25,-2.25,7.5,6.75,49.75,37.75,37.75,25.75,4.25
2024_03_15,-1,99.0,117,-13.75,-8.5,-8.5,-8.5,-3.5,-13.75,-13.75,41.25,41.25,37.0
2024_03_15,1,43.0,151,-47.25,-16.5,-16.5,-16.5,-16.5,-16.5,-18.75,-36.25,-41.5,12.75
2024_03_15,-1,12.25,6,-78.0,3.5,3.5,3.5,-5.25,-5.25,-12.25,-24.75,-28.25,-49.75
2024_03_15,1,55.0,106,-4.5,10.5,10.5,10.5,3.5,3.5,3.75,-4.5,0.25,24.75
2024_03_15,1,22.25,69,-32.5,5.0,4.75,-3.75,-3.75,-11.5,-11.5,-24.5,-32.5,-8.0
2024_03_15,-1,21.75,8,-33.0,1.25,10.75,10.75,5.0,5.0,-1.75,-10.75,-27.0,-2.75
2024_03_15,1,13.5,9,-41.25,-1.25,-1.25,-2.25,-7.75,-7.5,-7.5,-26.0,-30.25,-16.75
2024_03_15,-1,22.25,31,-29.5,-9.0,-9.0,-9.0,-17.0,-17.0,-29.5,-2.25,-2.25,-2.25
2024_03_15,1,0.0,0,-51.75,-9.0,-9.0,-9.0,-17.5,-17.5,-21.25,-30.5,-40.75,-27.25
2024_03_15,-1,22.25,8,-6.5,-6.0,-6.0,13.0,5.0,5.0,-5.0,-2.25,-2.25,-2.25
2024_03_18,1,64.5,57,-95.5,-2.0,13.0,13.0,7.0,16.5,16.5,5.25,-14.5,-24.5
2024_03_18,-1,75.75,364,-84.25,-2.5,-2.5,-2.5,-14.25,-14.25,-14.25,-33.5,-39.75,-61.25
2024_03_18,1,25.25,7,-134.75,-6.25,-6.25,16.5,7.25,7.25,1.0,-11.25,-18.25,-35.0
2024_03_18,-1,123.0,299,-8.25,1.0,-6.75,-6.75,-6.75,24.25,18.0,31.5,61.5,35.0
2024_03_18,1,28.5,119,-63.25,4.5,11.25,1.5,1.5,1.5,-15.0,-15.0,-23.25,-37.0
2024_03_18,-1,68.25,208,-23.5,-4.25,-10.0,-10.0,-12.5,29.25,22.0,12.0,6.75,-19.75
2024_03_18,1,35.0,67,-56.75,3.5,3.5,5.25,-2.25,-2.25,-6.5,-20.25,-27.25,-30.5
2024_03_18,-1,33.5,143,-58.25,-5.5,-5.5,-5.5,-8.0,-13.75,-16.5,-26.25,-37.5,-56.5
2024_03_18,1,34.0,25,-57.75,-5.75,9.75,3.0,3.0,13.5,13.5,2.0,-13.25,-31.5
2024_03_18,-1,44.5,80,-33.5,-6.75,-6.75,-8.5,-16.0,-16.0,-27.25,-30.75,31.75,31.75
2024_03_18,1,3.75,3,-74.25,-3.5,-3.5,-6.75,-8.75,-12.5,-17.75,-31.0,-41.25,-59.0
2024_03_18,-1,43.25,12,-0.0,31.75,31.75,31.75,29.0,26.0,23.0,30.5,30.5,30.5
2024_03_19,-1,61.25,12,-169.0,-12.75,-12.75,-12.75,-12.75,-19.75,39.25,25.75,18.5,-5.25
2024_03_19,-1,-0.0,0,-214.5,-6.0,-6.0,-13.25,-13.25,-24.75,-24.75,-30.75,-44.75,-60.75
2024_03_19,1,155.25,247,-23.25,-5.25,1.5,1.5,-5.25,-5.25,-9.75,-20.75,105.25,90.75
2024_03_19,1,132.5,200,-17.25,-0.5,-0.5,-4.0,-5.0,-10.0,-17.25,89.0,82.5,68.0
2024_03_19,1,114.75,165,-19.5,-6.75,-6.75,-14.25,-14.25,-19.5,72.0,71.25,64.75,50.25
2024_03_19,-1,41.75,105,-22.75,-2.25,-2.25,-3.75,-3.75,-12.25,-12.25,-12.25,-21.5,-19.0
2024_03_19,1,26.75,70,-37.75,11.0,7.5,7.5,3.25,-3.75,-3.75,-14.5,-21.0,-37.75
2024_03_19,-1,26.25,65,-38.25,-16.0,-16.0,-16.0,-16.0,-16.0,-17.0,-27.75,-37.0,-34.5
2024_03_19,1,5.75,35,-58.75,-6.75,-6.75,-9.0,-12.75,-16.25,-24.25,-24.25,-42.0,-58.75
2024_03_19,-1,40.75,19,-20.5,-7.25,-7.25,-11.0,21.5,21.5,18.25,8.5,-0.0,-20.0
2024_03_19,-1,6.5,2,-51.75,0.75,-1.5,-1.5,-6.25,-13.0,-13.75,-25.5,-39.25,-40.5
2024_03_19,1,37.5,15,0.0,33.0,25.25,25.25,25.25,26.25,26.25,26.25,26.25,26.25
2024_03_20,1,208.0,401,-83.75,-11.25,-11.25,-11.25,-27.0,-27.0,-27.0,-33.25,-42.25,-60.75
2024_03_20,-1,23.0,246,-268.75,-9.75,-9.75,-9.75,7.5,4.25,-7.25,-14.25,-26.0,-43.25
2024_03_20,1,255.5,347,-36.25,9.5,7.75,4.0,-0.5,-11.75,-11.75,-25.75,-25.75,34.25
2024_03_20,1,261.5,308,-30.25,-3.25,-3.25,1.75,-1.75,-5.75,-8.5,-18.5,-29.75,40.25
2024_03_20,-1,18.25,120,-273.5,4.0,-1.75,-1.75,-9.25,-9.25,-10.75,-20.75,-48.0,-48.0
2024_03_20,-1,11.5,93,-280.25,-4.75,-4.75,-6.0,-12.25,-13.75,-22.25,-27.5,-54.75,-54.75
2024_03_20,-1,15.25,74,-276.5,-4.25,-9.25,-9.25,-16.5,-16.5,-19.75,-51.0,-51.0,-51.0
2024_03_20,-1,20.25,34,-271.5,-0.5,-0.5,-0.5,5.75,-0.25,-0.25,-46.0,-46.0,-46.0
2024_03_20,1,265.75,136,-5.25,-5.25,70.5,70.5,66.5,66.5,66.5,66.5,66.5,44.5
2024_03_20,-1,-0.0,0,-242.25,-10.75,-10.75,-10.75,-47.5,-47.5,-47.5,-47.5,-47.5,-62.0
2024_03_20,1,121.0,82,-0.25,20.25,20.25,20.25,0.25,0.25,0.25,7.25,7.25,110.5
2024_03_20,-1,12.75,7,-81.25,-0.25,-0.25,-0.25,-4.5,-6.0,-7.75,-18.0,-37.5,-49.5
2024_03_20,-1,11.5,1,-73.5,-2.75,-2.75,-2.75,-2.75,-7.75,-10.25,-29.75,-29.75,-53.75
2024_03_20,1,19.75,9,-3.75,11.75,11.75,11.75,9.25,9.25,9.25,9.25,9.25,9.25
2024_03_21,1,27.0,176,-119.75,-9.0,-9.0,-9.0,-14.5,-19.25,-0.25,-9.75,-18.75,-39.75
2024_03_21,1,34.5,172,-112.25,21.75,21.75,21.75,7.25,7.25,7.25,-2.25,-11.25,-32.25
2024_03_21,1,66.75,158,-80.0,1.0,1.0,1.0,-0.75,7.25,20.25,-4.5,-4.5,-20.25
2024_03_21,-1,85.25,352,-61.5,-16.75,-16.75,-16.75,-16.75,-16.75,-23.25,-32.5,-14.5,-37.75
2024_03_21,1,33.0,119,-113.75,-13.5,-13.5,-13.5,-13.5,-38.25,-38.25,-38.25,-41.75,-36.5
2024_03_21,-1,78.75,328,-68.0,-3.75,-11.0,-11.0,-5.75,-11.25,-17.75,-27.0,-21.0,-44.25
2024_03_21,1,52.5,87,-94.25,3.0,-11.75,-11.75,-11.75,-11.75,-11.75,-23.0,-34.5,-17.0
2024_03_21,-1,67.0,291,-79.75,-8.5,-8.5,-8.5,-11.25,-17.25,-19.5,-32.75,-38.75,-59.75
2024_03_21,1,43.25,57,-103.5,-7.5,-7.5,28.0,24.75,19.5,14.25,11.5,-1.75,-26.25
2024_03_21,-1,103.5,154,-4.0,-4.0,8.25,6.0,3.0,53.0,53.0,69.75,87.25,87.25
2024_03_21,-1,34.25,111,-23.25,-2.0,-2.0,-5.75,-8.5,-16.25,-16.25,0.5,18.0,18.0
2024_03_21,-1,14.25,84,-21.0,-5.25,-5.25,-3.25,-3.25,-11.5,-11.5,-19.5,-2.0,-2.0
2024_03_21,-1,19.0,36,-16.25,-4.0,-8.0,-8.0,-13.75,-16.25,-10.75,2.75,2.75,2.75
2024_03_21,1,12.25,4,-19.5,8.0,1.75,1.75,-7.0,-7.0,-12.75,-19.5,-3.25,-3.25
2024_03_21,-1,11.5,3,-6.25,-0.5,4.0,3.0,-1.25,-6.25,-4.75,-4.75,-4.75,-4.75
2024_03_22,1,96.0,272,-24.0,-5.75,-3.5,-3.5,-9.5,-9.5,-19.5,-24.0,-7.75,33.75
2024_03_22,-1,21.0,7,-99.0,13.75,13.75,12.5,-4.0,-4.0,-4.0,-13.25,-21.25,-42.0
2024_03_22,-1,10.0,25,-109.75,-9.5,-9.5,-9.5,-17.25,-17.25,-22.75,-22.5,-34.0,-52.75
2024_03_22,1,65.75,149,-22.0,-11.5,-11.5,-11.5,-12.75,-16.5,-20.0,34.25,25.25,3.5
2024_03_22,-1,5.5,55,-82.25,-4.5,-5.0,-5.0,-8.75,-13.75,-17.25,-25.25,-35.0,-59.5
2024_03_22,1,70.0,127,-17.75,0.25,0.25,0.25,-3.75,-7.75,-14.5,38.5,29.5,7.75
2024_03_22,-1,2.25,17,-85.5,-13.75,-13.75,-13.75,-13.75,-16.5,-18.75,-28.5,-38.25,-62.75
2024_03_22,1,28.5,53,-44.25,3.75,3.75,-0.5,-3.0,-3.75,6.25,-3.0,-12.0,-33.75
2024_03_22,-1,50.5,61,-9.75,8.75,8.75,8.75,2.25,-1.0,-8.5,19.5,9.75,41.25
2024_03_22,-1,35.25,28,-18.25,-4.75,-4.75,-12.0,-12.0,15.5,12.0,4.25,-5.5,26.0
2024_03_22,1,22.75,13,-25.75,0.75,0.75,6.0,6.0,6.0,-9.5,-9.5,-21.25,-21.5
2024_03_22,-1,13.25,6,-0.0,2.0,2.0,9.0,9.0,9.0,9.0,9.0,9.0,9.0
2024_03_25,-1,34.75,11,-112.5,-11.5,-11.5,-11.5,-13.0,-16.0,10.0,1.0,-8.5,-26.5
2024_03_25,1,75.0,288,0.0,21.75,17.25,17.25,24.25,20.5,15.5,23.25,31.0,14.5
2024_03_25,1,39.0,234,-21.5,0.0,-0.75,-4.75,-6.0,-11.5,-7.25,-12.75,-5.0,-21.5
2024_03_25,-1,13.75,234,-46.75,-7.25,-7.25,-0.0,-4.25,-7.75,-10.0,-21.25,-30.5,8.25
2024_03_25,1,43.25,114,-17.25,-0.5,-0.5,-2.0,-8.5,22.5,22.75,11.5,-0.75,-17.25
2024_03_25,1,3.0,8,-57.5,-6.25,-6.25,-5.75,-9.0,-17.5,-17.5,-28.75,-41.0,-57.5
2024_03_25,-1,22.5,36,-22.25,-4.0,-8.0,-8.0,-12.0,-18.0,-22.25,17.0,17.0,17.0
2024_03_25,1,4.25,1,-40.5,-2.75,-2.75,-6.75,-10.75,-18.75,-18.75,-31.25,-37.5,-35.0
2024_03_25,-1,1.0,2,-3.5,-3.5,-3.0,-3.0,-3.0,-3.0,-3.0,-3.0,-3.0,-3.0
2024_03_26,-1,123.0,385,-42.75,-4.0,-10.25,-10.25,-24.0,-24.0,-24.0,-39.5,-42.75,91.5
2024_03_26,1,3.25,4,-162.5,-4.0,-4.0,-9.0,-9.0,-17.5,-17.5,-30.0,-48.0,-64.0
2024_03_26,-1,114.5,327,-31.75,9.5,9.5,4.5,3.5,-1.75,-3.25,-14.5,-24.25,83.0
2024_03_26,1,15.5,42,-130.75,-5.5,-6.0,-3.0,-11.25,-11.25,-14.25,-15.25,-25.75,-45.75
2024_03_26,-1,115.5,215,-5.25,-0.25,0.5,-3.25,10.5,6.75,2.75,85.0,84.0,84.0
2024_03_26,1,9.75,66,-111.0,-0.75,-3.0,-10.5,-10.5,-17.5,-17.5,-20.25,-40.25,-51.5
2024_03_26,-1,98.0,130,-22.75,-5.75,-5.75,-5.75,-9.75,-13.75,-20.0,67.5,66.5,66.5
2024_03_26,1,13.75,17,-107.0,9.5,3.75,3.75,0.0,-3.0,-8.0,-16.25,-36.25,-47.5
2024_03_26,-1,104.0,74,-11.5,-2.0,-1.5,-4.25,-7.25,-11.5,76.25,73.5,72.5,72.5
2024_03_26,1,0.0,0,-106.75,-8.25,-8.25,-8.25,-15.0,-16.0,-21.75,-36.0,-44.25,-62.25
2024_03_26,1,0.0,0,-89.75,-5.75,-19.0,-19.0,-19.0,-19.0,-27.25,-30.25,-45.25,-71.0
2024_03_26,-1,62.5,26,-0.0,12.0,12.0,9.25,30.0,26.0,34.75,32.0,31.0,31.0
2024_03_27,-1,153.25,40,-0.0,34.25,34.25,34.25,31.75,27.75,124.75,108.5,108.5,92.0
2024_03_27,-1,107.75,20,-33.25,29.0,29.0,84.0,84.0,84.0,79.25,63.0,63.0,46.5
2024_03_27,1,90.25,331,-41.25,-8.75,-8.75,-8.75,-8.75,-8.75,-12.75,-28.25,-32.75,85.5
2024_03_27,-1,39.25,47,-92.25,19.0,19.0,15.75,11.5,7.75,3.75,6.5,-3.5,-20.75
2024_03_27,-1,16.75,7,-114.75,-6.5,-6.5,-9.0,0.25,0.25,-6.0,-16.0,-26.0,-43.25
2024_03_27,1,101.0,267,-27.0,-5.5,-10.25,-10.25,-12.25,-20.0,-20.0,-3.75,-14.25,96.25
2024_03_27,-1,12.25,197,-111.5,-0.25,-6.25,-6.25,-4.5,-10.25,-12.25,-22.75,-39.5,-56.0
2024_03_27,1,86.25,221,-37.5,1.25,-1.0,-3.5,0.0,-1.75,-8.25,-18.5,-29.0,81.5
2024_03_27,-1,18.25,130,-105.5,2.25,2.25,-1.5,-5.5,-10.0,-11.25,-25.25,-31.75,-50.0
2024_03_27,1,92.75,146,-31.0,-1.25,-4.5,-4.5,-9.5,-13.25,6.0,-7.5,-17.75,88.0
2024_03_27,-1,15.25,68,-108.5,-7.0,-7.0,-9.75,-16.0,-16.0,-20.0,-34.75,-41.75,-53.0
2024_03_27,-1,37.0,42,-86.75,2.5,0.75,15.25,10.25,6.25,16.0,0.75,-4.25,-31.25
2024_03_27,1,96.0,41,0.0,8.25,58.25,55.5,91.25,91.25,91.25,91.25,91.25,91.25
2024_03_27,1,30.5,20,-4.75,-4.75,-1.0,-1.0,25.75,25.75,25.75,25.75,25.75,25.75
2024_03_28,-1,17.25,312,-61.75,-2.5,-7.75,-7.75,-11.25,-16.5,-28.0,-28.0,-45.0,-60.0
2024_03_28,1,10.25,17,-68.75,-8.5,-8.5,-8.5,-4.75,-8.75,-16.5,-19.75,-31.5,-52.5
2024_03_28,-1,40.25,268,-25.0,1.0,1.0,1.0,-5.0,-2.25,-13.75,-21.25,-9.5,17.5
2024_03_28,1,8.25,81,-57.0,-4.5,-9.75,-9.75,-11.0,-15.5,-17.25,-24.75,-35.5,-52.75
2024_03_28,-1,40.25,178,-25.0,-12.25,-12.25,-12.25,-12.25,-17.25,-21.25,2.75,-9.5,17.5
2024_03_28,-1,44.0,158,-12.0,7.0,11.5,11.5,9.5,3.75,17.75,6.5,-5.75,21.25
2024_03_28,-1,20.25,51,-35.75,0.25,0.25,6.75,6.75,1.25,-1.25,-17.25,-29.5,-2.5
2024_03_28,-1,-0.0,0,-56.0,-4.25,-10.5,-10.5,-14.5,-19.0,-24.75,-37.5,-49.75,-22.75
2024_03_28,1,9.0,23,-44.0,-14.25,-14.25,-14.25,-14.25,-16.25,-17.25,-35.75,-35.75,-23.0
2024_03_28,-1,26.5,53,-26.5,-4.5,-9.5,-9.5,-17.75,-17.75,-20.25,5.5,5.5,5.5
2024_03_28,1,9.0,4,-44.0,-4.0,1.75,-2.25,-4.5,-8.25,-17.25,-35.75,-35.75,-23.0
2024_03_28,1,6.25,15,-31.5,-2.25,-2.25,-3.25,-7.25,-23.25,-23.25,-31.5,-10.5,-10.5
2024_03_28,-1,24.25,10,-13.5,-10.5,-10.5,-10.5,-13.5,8.0,3.25,3.25,3.25,3.25
2024_03_28,-1,37.75,3,-0.0,29.25,29.25,29.25,25.25,21.5,16.75,16.75,16.75,16.75
2024_04_01,-1,74.25,149,-109.75,-22.5,-22.5,-22.5,-22.5,-22.5,-22.5,-39.25,-57.5,-71.25
2024_04_01,1,24.25,8,-141.75,16.0,16.0,14.0,4.75,4.75,-21.75,-21.75,-21.75,-36.75
2024_04_01,-1,105.0,101,-22.5,-4.25,-11.5,-11.5,-20.75,-20.75,-20.75,56.5,53.0,41.75
2024_04_01,1,36.25,267,-52.0,-7.75,-7.75,-12.5,-12.5,-17.25,-22.5,-34.5,-41.0,-43.75
2024_04_01,-1,11.0,6,-77.25,4.25,4.25,-8.25,-8.25,-8.25,-21.0,-21.0,-30.75,-52.25
2024_04_01,1,25.75,205,-54.25,-3.75,-5.75,-8.5,-4.5,-12.5,-12.5,-24.25,-32.25,-54.25
2024_04_01,-1,27.0,6,-53.0,21.0,21.0,17.75,7.75,7.75,3.25,-3.5,-13.5,-44.25
2024_04_01,1,47.5,127,-12.25,-4.25,-12.25,-12.25,-12.25,0.5,1.25,39.25,39.25,39.25
2024_04_02,-1,58.0,44,-77.25,-6.0,-6.0,-18.5,-18.5,-18.5,13.5,4.75,-5.75,-2.5
2024_04_02,-1,37.75,12,-97.5,21.75,21.75,21.75,21.75,21.75,3.75,3.75,-3.25,-22.75
2024_04_02,1,101.5,312,-31.25,-4.5,-4.5,-4.5,-10.25,-17.75,-17.75,-25.75,-9.5,97.25
2024_04_02,1,98.75,279,-12.75,19.0,18.0,20.5,20.5,9.0,9.0,-2.5,-12.25,94.5
2024_04_02,-1,-0.0,0,-100.5,-6.5,-6.5,-9.75,-13.25,-17.0,-22.5,-36.5,-40.75,-61.25
2024_04_02,1,64.0,180,-8.5,-5.0,10.25,7.5,0.25,0.25,-3.5,59.75,59.75,59.75
2024_04_02,-1,8.0,71,-64.5,0.25,0.25,-1.75,-6.25,-10.75,-14.25,-23.5,-34.0,-52.0
2024_04_02,1,62.0,74,-10.5,-7.0,-7.0,-7.25,-7.25,-10.5,2.75,57.75,57.75,57.75
2024_04_02,-1,3.25,10,-69.25,-7.25,-7.25,-14.0,-14.0,-16.25,-19.5,-28.25,-38.75,-56.75
2024_04_02,1,49.75,45,-16.5,7.0,4.75,-4.5,-4.5,-4.5,-9.5,45.5,45.5,45.5
2024_04_02,-1,1.0,1,-57.0,-5.75,-5.75,-14.0,-14.0,-15.5,-20.25,-30.25,-39.25,-52.75
2024_04_02,1,36.75,22,-3.75,13.25,18.25,15.25,23.5,32.5,32.5,32.5,32.5,32.5
2024_04_03,-1,-0.0,0,-194.5,-6.25,-6.25,-13.5,-13.5,-19.25,-24.25,-65.75,-65.75,-65.75
2024_04_03,1,182.75,93,-3.75,84.5,84.5,84.5,84.5,67.75,67.75,147.25,134.75,120.5
2024_04_03,-1,83.25,213,-22.75,5.25,5.25,19.5,13.5,9.5,-2.75,-2.75,-13.75,19.25
2024_04_03,1,12.5,5,-93.5,8.0,-0.25,-0.25,-0.25,-17.5,-17.5,-17.5,-48.25,-48.25
2024_04_03,-1,45.25,166,-55.5,-30.5,-30.5,-30.5,-30.5,-30.5,-30.5,-30.5,-43.75,-18.75
2024_04_03,1,7.75,72,-93.0,-10.75,-10.75,-10.75,-12.25,-14.25,-12.5,-23.75,-34.5,-78.0
2024_04_03,-1,81.5,66,-14.75,-6.5,-6.5,-9.25,-4.5,-9.75,-14.75,48.5,41.25,17.5
2024_04_03,-1,75.5,35,-3.0,0.5,-1.0,54.75,54.0,51.25,51.25,42.5,35.25,11.5
2024_04_03,1,41.0,27,0.0,0.75,0.75,2.75,2.75,2.75,40.25,40.25,40.25,40.25
2024_04_03,1,8.25,3,0.0,3.25,1.0,7.5,7.5,7.5,7.5,7.5,7.5,7.5
2024_04_04,1,26.25,200,-467.5,17.75,17.75,-4.5,-4.5,-4.5,-4.5,-8.75,-25.25,-39.75
2024_04_04,-1,427.75,336,-66.0,-0.5,-0.5,-4.0,-11.5,-11.5,-7.0,-17.5,-27.0,-46.0
2024_04_04,-1,446.5,249,-47.25,-8.25,-8.25,-8.25,-13.75,-16.75,-27.25,-30.25,-40.5,431.5
2024_04_04,-1,476.5,176,-5.5,-1.5,-4.75,-4.75,147.75,251.0,251.0,244.75,226.25,461.5
2024_04_04,-1,269.5,90,-0.0,39.75,39.75,39.75,39.75,44.0,44.0,37.75,19.25,254.5
2024_04_04,-1,19.25,2,-5.5,15.25,0.5,0.5,0.5,0.5,-4.75,4.25,4.25,4.25
2024_04_05,-1,51.5,8,-245.75,21.0,21.0,21.0,30.5,30.5,30.5,10.25,10.25,-12.5
2024_04_05,-1,31.25,6,-266.0,0.75,0.75,0.75,10.25,10.25,10.25,-10.0,-10.0,-32.75
2024_04_05,1,222.0,192,0.0,24.5,24.5,24.5,24.5,24.5,9.25,9.25,0.25,7.0
2024_04_05,-1,-0.0,0,-211.25,-10.25,-10.25,-10.25,-21.25,-21.25,-21.25,-31.25,-43.25,-75.25
2024_04_05,1,169.25,137,-1.25,0.75,0.75,0.75,63.5,63.5,50.0,50.0,39.25,19.75
2024_04_05,1,113.5,112,-52.25,-16.5,-16.5,-16.5,-16.5,-16.5,-16.5,-36.0,-36.0,48.75
2024_04_05,-1,-0.0,0,-165.75,-6.5,-6.5,-15.75,-15.75,-26.25,-26.25,-31.5,-44.5,-63.5
2024_04_05,1,110.25,85,-32.75,40.5,33.25,33.25,33.25,62.75,58.5,50.0,68.25,45.5
2024_04_05,1,33.75,8,-109.25,19.0,19.0,19.0,19.0,17.0,12.5,-8.25,-8.25,-31.0
2024_04_05,-1,96.5,53,-24.25,-6.0,-6.0,-9.0,-13.0,-13.0,-13.0,-23.25,46.25,34.0
2024_04_05,-1,101.0,21,-0.0,10.25,10.25,10.25,10.25,83.25,75.0,50.75,50.75,38.5
2024_04_05,1,10.5,12,-58.25,-12.25,-12.25,-12.25,-12.25,-8.75,-24.25,-24.25,-33.25,-49.5
2024_04_05,1,32.5,84,-27.0,0.0,4.0,4.0,4.0,-1.0,-1.0,-17.25,-21.5,-5.25
2024_04_05,-1,8.75,8,-50.75,-6.5,-6.5,-6.5,-5.5,-8.75,-12.5,-21.25,-42.25,-13.0
2024_04_05,-1,-0.0,0,-59.5,-7.0,-7.0,-14.25,-14.25,-17.5,-21.25,-30.0,-51.0,-21.75
2024_04_05,1,27.75,9,-11.25,-3.5,-3.5,-3.5,-3.5,11.25,6.25,-3.75,-10.0,-10.0
2024_04_08,-1,74.25,9,-54.0,-7.0,-7.0,34.5,49.75,49.75,49.75,38.0,33.75,6.5
2024_04_08,-1,24.0,158,-87.75,-13.25,-13.25,-13.25,-13.25,-15.5,-15.5,-17.75,-27.25,-48.5
2024_04_08,1,72.5,53,-39.25,2.75,2.75,2.75,-12.25,-12.25,-12.25,31.0,31.0,2.75
2024_04_08,1,0.0,0,-111.75,-5.5,-9.75,-9.75,-16.0,-16.0,-41.5,-41.5,-41.5,-69.75
2024_04_08,-1,80.0,80,-12.5,-4.0,-7.25,-12.5,-12.5,51.0,57.0,50.0,32.5,18.75
2024_04_08,1,38.5,177,-8.5,2.75,8.5,8.5,5.75,6.75,0.25,-6.5,-1.75,23.5
2024_04_08,1,20.5,96,-21.25,-1.25,-2.25,-4.25,-4.5,-4.5,-6.25,-17.75,-19.75,5.5
2024_04_08,-1,10.75,8,-31.0,-0.0,3.75,1.25,-4.0,-7.75,-11.75,-19.5,-30.25,-16.0
2024_04_08,1,18.75,31,-21.5,-5.0,-17.75,-17.75,-17.75,-17.75,-9.25,-11.75,-21.5,3.75
2024_04_08,-1,3.75,50,-36.5,-6.5,-6.5,-12.5,-12.5,-19.5,-23.0,-35.75,-21.5,-21.5
2024_04_08,-1,12.25,16,-13.25,-1.25,-3.75,-6.75,-2.0,-8.75,-8.75,-13.0,-13.0,-13.0
2024_04_09,-1,233.75,82,-2.5,30.5,30.5,30.5,30.5,13.5,13.5,13.5,-0.25,170.5
2024_04_09,-1,187.75,80,-48.5,-15.5,-15.5,-15.5,-15.5,-32.5,-32.5,-32.5,-46.25,124.5
2024_04_09,1,185.75,299,0.0,16.0,16.0,7.25,7.25,3.0,1.25,2.75,43.75,24.25
2024_04_09,-1,38.25,136,-142.0,-9.0,-9.0,-9.0,-20.5,-20.5,-20.5,-30.0,-2.0,-25.0
2024_04_09,1,118.75,178,-61.5,1.25,-5.5,-5.5,-5.5,-9.75,-11.5,-27.75,-33.75,-52.5
2024_04_09,-1,49.0,114,-131.25,-4.5,-8.0,-8.0,-19.0,-19.0,-21.0,-5.25,8.75,-14.25
2024_04_09,1,125.75,153,-54.5,-4.5,-4.5,-4.5,-11.25,-11.25,-11.25,-20.75,-26.75,-45.5
2024_04_09,-1,47.5,80,-132.75,-4.0,13.75,13.75,9.25,6.25,-0.0,-6.75,7.25,-15.75
2024_04_09,1,121.75,101,-58.5,-5.5,-15.75,-15.75,-15.75,-18.0,-25.25,-30.25,-40.5,112.5
2024_04_09,-1,32.5,19,-147.75,-5.75,-8.0,-8.0,14.25,14.25,12.5,-1.5,-7.75,-30.75
2024_04_09,1,74.25,33,-36.0,5.5,5.5,5.5,-6.0,-6.0,-6.0,-19.25,-36.0,65.0
2024_04_09,1,88.5,23,-21.75,-21.75,-21.75,-21.75,-21.75,-21.75,-21.75,79.25,79.25,79.25
2024_04_09,-1,4.25,1,-93.5,-9.75,-9.75,-9.75,-9.75,-12.0,-25.5,-29.75,-36.75,-70.75
2024_04_09,1,39.25,4,0.0,32.0,32.0,31.0,30.0,30.0,30.0,30.0,30.0,30.0
2024_04_10,1,81.5,67,-25.0,3.0,3.0,3.0,3.0,3.0,3.0,12.75,-9.25,-25.0
2024_04_10,1,32.75,54,-73.75,-58.0,-58.0,-58.0,-58.0,-58.0,-58.0,-58.0,-58.0,-73.75
2024_04_10,-1,11.75,205,-91.5,-8.0,-8.0,-8.0,-18.0,-18.0,-18.0,-44.5,-44.5,-61.5
2024_04_10,1,73.5,48,-29.75,18.0,18.0,18.0,37.0,30.0,30.0,14.25,9.75,13.5
2024_04_10,-1,32.0,134,-65.25,-6.25,-6.25,-13.0,-13.0,-13.0,-7.0,-22.5,-29.25,-38.75
2024_04_10,1,36.0,116,-61.25,-10.0,-10.0,-10.0,-21.75,-21.75,-21.75,-37.0,-45.5,-47.0
2024_04_10,1,55.5,81,-41.75,-16.25,-16.25,-16.25,-16.25,-16.25,-19.75,-30.0,-9.0,-27.5
2024_04_10,1,60.5,52,-36.75,6.5,6.5,0.75,0.75,-3.75,8.75,8.75,-4.0,-22.5
2024_04_10,-1,14.25,7,-83.0,8.5,2.5,2.5,-9.5,-9.5,-9.5,-35.75,-35.75,-61.0
2024_04_10,1,1.25,3,-96.0,-8.5,-8.5,-8.5,-13.75,-20.0,-20.0,-41.25,-41.25,-71.0
2024_04_10,-1,17.5,90,-78.25,5.5,5.5,5.5,0.75,-12.5,-12.5,-49.25,-49.25,-49.25
2024_04_10,-1,29.0,70,-66.75,-37.75,-37.75,-37.75,-37.75,-37.75,-37.75,-37.75,-45.75,-31.25
2024_04_10,1,21.0,109,-74.75,-28.0,-28.0,-28.0,-28.0,-28.0,-28.0,-40.5,-40.5,-61.5
2024_04_10,1,43.75,97,-52.0,-4.25,4.25,4.25,-4.5,-4.5,-16.5,-18.5,-28.0,-48.75
2024_04_10,-1,43.5,24,-52.25,-10.5,-10.5,-10.5,-16.0,-16.0,18.25,12.5,-5.75,-16.75
2024_04_10,-1,40.0,11,-55.75,18.25,18.25,18.25,18.25,14.75,14.75,9.0,-9.25,-20.25
2024_04_10,1,19.5,26,-43.0,-6.75,-6.75,8.0,-1.5,-1.5,-14.25,-14.25,-29.75,-43.0
2024_04_10,-1,15.75,2,-46.75,6.75,6.75,6.75,1.0,-6.75,-6.75,-19.5,-26.25,-46.75
2024_04_10,1,14.0,1,-46.25,8.25,-4.25,-4.25,-4.25,-4.25,-10.0,-23.75,-29.75,-46.25
2024_04_10,-1,9.5,1,-7.75,-1.0,-1.0,-1.0,-3.5,-7.25,-7.75,-7.75,-7.75,-7.75
2024_04_11,-1,52.0,45,-283.5,-18.25,-18.25,-18.25,-18.25,-18.25,-23.75,-34.5,-40.0,-8.0
2024_04_11,1,295.75,308,-4.0,-4.0,21.75,31.0,27.25,25.25,17.5,259.25,271.0,271.0
2024_04_11,-1,-0.0,0,-219.75,-5.75,-8.5,-8.5,-14.25,-18.25,-24.5,-34.5,-51.75,-73.5
2024_04_11,1,196.5,171,-12.0,-5.25,-5.25,-11.25,-11.25,84.75,82.5,160.0,171.75,171.75
2024_04_11,1,33.0,40,-0.75,16.75,13.5,11.0,5.0,14.0,12.25,-0.75,8.25,8.25
2024_04_11,-1,17.25,8,-0.0,2.0,10.25,8.75,8.25,8.25,8.25,8.25,8.25,8.25
2024_04_12,1,16.75,27,-196.75,-8.0,-8.0,-8.0,-16.75,-16.75,-25.0,-17.5,-28.75,-46.75
2024_04_12,1,11.5,12,-202.0,-15.75,-15.75,-15.75,-15.75,-6.0,-22.75,-22.75,-34.0,-52.0
2024_04_12,-1,137.5,302,-41.25,-15.25,-15.25,-15.25,-15.25,-16.0,-35.25,-35.25,-40.75,-0.25
2024_04_12,-1,120.0,281,-39.75,27.75,27.75,27.75,27.75,23.25,22.25,13.25,0.5,-17.75
2024_04_12,1,42.5,29,-117.25,-5.0,-5.0,-5.0,-5.0,-10.75,15.75,10.75,-4.0,-20.5
2024_04_12,-1,134.75,214,-25.0,-8.5,-8.5,-8.5,-23.0,-23.0,-23.0,73.5,87.25,70.0
2024_04_12,-1,129.0,189,-0.0,39.5,39.5,39.5,39.5,31.5,31.5,67.75,81.5,64.25
2024_04_12,1,28.25,141,-40.5,-7.25,-7.25,7.5,7.5,7.5,3.5,-6.75,-17.0,-36.5
2024_04_12,-1,23.5,76,-45.25,-9.25,-9.25,-9.25,-26.75,-26.75,-26.75,-29.0,-18.25,-39.75
2024_04_12,1,7.0,116,-61.75,-9.0,-9.0,-9.0,-18.0,-18.0,-24.5,-30.75,-44.5,-61.75
2024_04_12,-1,38.0,52,-30.75,-1.25,-1.25,-6.0,2.25,2.25,2.25,5.5,-3.75,-25.25
2024_04_12,-1,21.5,32,-47.25,-7.5,-7.5,-3.5,-7.25,-11.0,0.75,-11.0,-20.25,-41.75
2024_04_12,1,38.5,29,-17.5,-4.75,-4.75,-15.75,-15.75,-15.75,-17.5,33.5,33.5,33.5
2024_04_15,-1,464.75,349,-13.25,36.25,28.0,28.0,28.0,18.0,18.0,-1.25,-1.25,55.5
2024_04_15,1,0.0,0,-453.0,-7.0,-7.0,-28.25,-28.25,-28.25,-28.25,-46.5,-46.5,-72.75
2024_04_15,-1,397.5,310,-11.75,24.0,24.0,24.0,24.0,24.0,24.0,9.5,-8.5,-11.75
2024_04_15,1,14.5,30,-363.75,0.25,0.25,-0.5,-8.75,-8.75,-23.0,-23.0,-29.5,-45.75
2024_04_15,-1,334.25,180,-6.25,-6.25,-6.25,59.75,72.75,72.75,70.0,58.75,49.25,315.25
2024_04_15,1,0.0,0,-285.0,-4.0,-25.5,-25.5,-25.5,-25.5,-25.5,-30.0,-62.5,-62.5
2024_04_15,-1,222.5,121,-0.0,133.75,133.75,133.75,133.75,133.75,118.0,118.0,138.25,203.5
2024_04_15,-1,37.0,57,-51.75,-20.25,-20.25,-20.25,-20.25,-20.25,-20.25,-32.5,-51.75,18.0
2024_04_15,-1,38.5,29,-19.25,10.0,5.0,5.0,-0.0,-4.5,-8.5,8.0,-2.25,19.5
2024_04_15,1,0.0,0,-36.75,-9.0,-9.0,-9.0,-15.5,-17.75,-22.75,-34.5,-35.5,-35.5
2024_04_15,-1,2.5,7,-1.0,1.25,1.25,1.25,1.25,1.25,1.25,1.25,1.25,1.25
2024_04_16,-1,30.5,16,-117.75,-19.25,-19.25,-19.25,-19.25,-19.25,-21.0,-9.25,-11.25,-36.0
2024_04_16,1,89.25,241,-56.25,4.0,4.0,4.0,10.75,10.75,10.75,1.25,-1.75,-29.75
2024_04_16,-1,38.25,180,-107.25,24.25,24.25,17.0,17.0,12.25,7.5,-0.75,-9.0,-36.75
2024_04_16,1,97.0,175,-48.5,3.25,3.25,3.25,-1.25,13.5,10.5,9.75,9.75,-13.5
2024_04_16,-1,44.5,91,-101.0,4.0,2.5,-5.25,-5.25,-11.5,-11.5,-25.5,-32.0,-52.0
2024_04_16,1,64.0,113,-81.5,-4.5,-7.75,-7.75,-13.25,-16.0,-10.25,-20.5,-66.5,-66.5
2024_04_16,-1,-0.0,0,-145.5,-30.5,-30.5,-30.5,-30.5,-30.5,-30.5,-30.5,-53.0,-68.75
2024_04_16,-1,23.0,32,-100.75,-12.0,-12.0,-12.0,-12.0,-27.5,-27.5,-27.5,-64.5,-64.5
2024_04_16,1,36.25,2,-87.5,32.25,27.5,27.5,10.75,10.75,10.75,-20.0,-20.0,-39.25
2024_04_16,-1,43.5,11,-53.0,33.0,33.0,33.0,11.75,11.75,11.75,11.75,0.5,-27.25
2024_04_16,1,52.0,39,-23.75,33.75,33.75,33.75,33.75,33.75,30.0,14.0,-7.25,-20.0
2024_04_16,-1,29.25,26,-17.25,-1.75,-1.75,-1.75,-11.75,-11.75,-15.5,23.75,23.75,23.75
2024_04_17,-1,329.75,195,-1.5,10.25,10.25,10.25,10.25,5.5,-1.5,103.25,92.25,110.5
2024_04_17,1,0.0,0,-213.0,-18.25,-18.25,-18.25,-18.25,-18.25,-22.0,-31.5,-40.25,-66.25
2024_04_17,-1,170.0,86,-9.75,4.0,4.0,-1.25,-9.75,-9.75,-9.75,139.0,122.0,107.75
2024_04_17,-1,12.75,2,-142.75,0.25,0.25,0.25,0.25,-9.0,-9.0,-19.25,-33.5,-51.75
2024_04_17,1,109.25,99,-42.0,-4.0,-0.75,-10.5,-10.5,-10.5,-2.25,15.0,12.25,48.75
2024_04_17,-1,57.0,134,-94.25,-6.5,-6.5,-14.25,-14.25,-25.75,-25.75,-32.0,-45.25,-73.75
2024_04_17,1,79.5,34,-71.75,3.25,3.25,3.25,3.25,-1.0,-17.5,-17.5,36.5,19.0
2024_04_17,-1,66.0,66,-1.25,-0.5,-0.5,-0.5,-0.5,30.0,20.5,15.75,13.75,46.0
2024_04_17,-1,25.5,38,-38.5,-11.75,-11.75,-11.75,-8.75,-8.75,-7.5,-20.25,-26.75,5.5
2024_04_17,1,7.5,3,-53.25,-14.5,-14.5,-14.5,-14.5,-13.25,-13.25,-24.0,-39.75,-53.25
2024_04_17,-1,0.5,4,-17.5,-8.0,-8.0,-8.0,-15.75,-17.5,-9.75,-9.75,-9.75,-9.75
2024_04_18,-1,113.75,395,-102.5,60.75,60.75,60.75,60.75,51.75,51.75,42.75,27.75,4.0
2024_04_18,1,106.5,88,-109.75,-5.0,-20.75,-20.75,-20.75,-20.75,-20.75,-31.5,-42.5,43.25
2024_04_18,-1,179.0,268,-4.0,6.25,6.25,-2.25,-2.25,-2.25,22.25,22.25,116.0,154.25
2024_04_18,-1,47.5,138,-22.25,21.75,18.25,18.25,13.25,9.75,12.75,-2.0,-8.5,22.75
2024_04_18,-1,37.0,112,-32.75,-4.25,-12.5,-12.5,-12.5,-19.0,-29.0,-32.75,-10.5,12.25
2024_04_18,1,3.75,3,-66.0,-8.25,-8.25,-8.25,-31.0,-31.0,-31.0,-31.0,-39.75,-63.25
2024_04_18,-1,17.25,95,-42.5,3.0,3.0,3.0,-6.75,-6.75,-6.75,-16.0,-30.25,-7.5
2024_04_18,1,8.0,29,-51.75,-7.0,-7.0,-7.0,-6.25,-11.5,-19.75,-23.0,-37.5,-27.0
2024_04_18,-1,13.75,12,-41.0,-12.0,-12.0,-12.0,-12.0,-38.0,-38.0,-38.0,-41.0,-11.0
2024_04_19,-1,349.5,376,-39.0,-7.75,-7.75,-19.75,-19.75,-19.75,-20.75,1.25,-8.25,-39.0
2024_04_19,-1,267.0,313,-23.75,33.75,29.0,29.0,23.0,13.5,13.5,-2.5,-2.5,-21.5
2024_04_19,1,8.5,6,-282.25,-1.5,-1.5,-0.5,-8.75,-8.75,-16.5,-25.0,-44.0,-53.25
2024_04_19,-1,241.0,281,-21.25,-5.25,-9.75,-9.75,-21.25,-21.25,-21.25,119.5,93.25,93.25
2024_04_19,-1,102.0,202,-110.0,-6.5,-6.5,0.5,0.5,-4.5,-7.0,-19.5,-45.75,-45.75
2024_04_19,1,65.75,59,-146.25,12.75,12.75,12.75,16.25,12.25,20.5,7.25,-6.0,1.5
2024_04_19,1,33.75,37,-178.25,7.0,5.75,1.5,-11.5,-11.5,-11.5,-24.75,-38.0,-30.5
2024_04_19,1,60.5,19,-151.5,-10.75,-10.75,-10.75,-10.75,-10.75,18.0,18.0,18.0,-3.75
2024_04_19,1,13.75,3,-198.25,0.25,0.25,0.25,0.25,-28.75,-28.75,-28.75,-28.75,-50.5
2024_04_19,-1,135.25,105,-22.0,-22.0,-22.0,-22.0,-22.0,-22.0,-22.0,-22.0,-22.0,55.0
2024_04_19,-1,27.25,53,-53.0,-17.0,-17.0,-17.0,-17.0,-17.0,-24.0,-26.5,-35.25,-35.25
2024_04_19,1,0.0,0,-80.25,-9.25,-9.25,-9.25,-25.5,-25.5,-25.5,-37.0,-46.75,-63.25
2024_04_19,-1,49.5,9,-25.0,31.0,31.0,31.0,31.0,31.0,18.5,18.5,0.75,-13.0
2024_04_19,1,0.0,0,-20.5,-6.25,-6.25,-8.5,-15.0,-20.5,-20.5,-1.75,-1.75,-1.75
2024_04_22,1,173.5,306,-120.0,-1.25,-1.25,-1.25,-1.25,-1.25,-1.25,-1.25,10.5,-10.5
2024_04_22,1,151.5,274,-142.0,-19.25,-19.25,-19.25,-19.25,-19.25,-22.0,-32.5,-49.25,-61.75
2024_04_22,-1,119.25,60,-174.25,78.5,78.5,66.25,66.25,66.25,61.25,54.0,41.25,57.75
2024_04_22,1,255.5,190,0.0,34.5,34.5,34.5,34.5,28.75,28.75,68.0,56.5,191.5
2024_04_22,1,195.25,155,-14.5,3.0,3.0,3.0,22.0,22.0,16.75,7.75,-3.75,131.25
2024_04_22,-1,-0.0,0,-193.25,-15.0,-15.0,-15.0,-15.0,-20.75,-20.75,-33.0,-47.0,-66.0
2024_04_22,1,176.75,97,0.0,22.25,22.25,22.25,124.25,119.0,117.25,145.0,136.25,112.75
2024_04_22,1,6.25,5,-113.75,-0.5,-0.5,-17.0,-17.0,-17.0,-17.0,-25.5,-34.25,-57.75
2024_04_22,-1,87.0,83,-1.25,4.75,21.5,21.5,8.5,8.5,8.5,1.0,40.0,79.0
2024_04_22,-1,81.0,54,-7.25,-2.0,-2.0,-2.0,-4.25,54.0,54.0,41.25,34.0,73.0
2024_04_23,1,233.0,314,0.0,29.5,29.5,29.5,7.0,7.0,7.0,7.0,46.0,221.75
2024_04_23,1,193.75,312,-32.25,-9.75,-9.75,-9.75,-32.25,-32.25,-32.25,-32.25,6.75,182.5
2024_04_23,1,170.0,281,0.0,32.0,32.0,32.0,20.25,20.25,20.25,78.25,60.75,158.75
2024_04_23,-1,-0.0,0,-109.25,-10.0,-10.0,-10.0,-25.75,-25.75,-25.75,-30.75,-43.25,-63.75
2024_04_23,1,73.75,192,-16.25,5.5,5.5,5.5,2.5,-3.0,-9.0,-14.0,33.75,62.5
2024_04_23,-1,0.5,1,-81.75,-3.5,-11.5,-11.5,-11.5,-21.5,-21.5,-29.5,-40.5,-61.75
2024_04_23,-1,24.25,38,-50.75,-6.0,-6.0,7.75,5.5,-6.0,-6.0,-7.25,-20.0,-36.0
2024_04_23,1,47.5,65,-11.0,12.5,6.25,6.25,16.5,16.5,26.75,15.25,7.5,36.25
2024_04_23,1,0.25,75,-47.0,-17.5,-17.5,-17.5,-17.5,-17.5,-20.75,-32.75,-44.75,0.25
2024_04_23,-1,32.0,56,-15.25,4.5,4.5,0.5,-5.75,-5.75,-10.5,-14.25,-14.25,-15.25
2024_04_23,1,19.75,12,0.0,12.25,12.25,0.0,0.0,0.0,19.75,19.75,19.75,19.75
2024_04_24,1,72.75,18,-183.25,40.75,40.75,40.75,59.0,48.25,48.25,26.75,26.75,0.75
2024_04_24,-1,184.0,371,-52.0,-12.5,-12.5,-12.5,-12.5,-18.75,-28.25,-32.75,-48.5,81.25
2024_04_24,1,19.5,140,-146.5,-6.5,-6.5,-18.75,-18.75,-18.75,-40.0,-40.0,-40.0,-66.25
2024_04_24,-1,88.25,254,-77.75,7.75,4.0,4.0,-3.5,-3.5,17.0,17.0,3.5,-14.5
2024_04_24,1,80.25,49,-85.75,0.25,0.25,0.25,66.5,62.25,49.75,49.75,38.0,18.25
2024_04_24,-1,134.5,121,-14.0,-1.75,-1.75,-1.75,-1.75,-9.5,-9.5,24.25,15.0,-4.5
2024_04_24,1,29.0,35,-119.5,-5.75,-6.0,-8.75,14.0,11.75,6.0,-100.5,-100.5,-100.5
2024_04_24,-1,29.25,1,-0.0,12.75,12.75,12.75,12.75,12.75,2.25,17.0,17.0,17.0
2024_04_25,-1,11.0,3,-474.0,-20.5,-20.5,-20.5,-20.5,-20.5,-20.5,-20.5,-32.0,-49.75
2024_04_25,1,425.5,359,-26.25,55.5,51.75,51.75,56.0,47.0,47.0,25.5,25.5,9.25
2024_04_25,-1,19.75,14,-432.0,-24.5,-24.5,-24.5,-24.5,-24.5,-24.5,-12.0,-25.75,-40.5
2024_04_25,1,373.0,238,-19.75,-19.75,-19.75,-19.75,-19.75,-19.75,60.5,51.75,40.25,87.0
2024_04_25,-1,1.0,1,-327.25,-6.25,-6.25,-16.75,-16.75,-16.75,-23.5,-30.75,-42.25,-59.75
2024_04_25,1,292.5,153,-9.0,31.25,31.25,31.25,27.75,51.75,51.0,34.25,34.25,6.5
2024_04_25,-1,43.25,27,-258.25,4.75,4.75,4.75,4.75,4.75,4.75,6.25,-16.75,-16.75
2024_04_25,1,241.5,65,-17.75,0.75,0.75,0.75,29.75,27.0,25.0,13.0,3.75,-15.75
2024_04_25,-1,10.75,9,-248.5,-0.25,-0.25,-0.25,-5.75,-14.75,-14.75,-68.0,-68.0,-68.0
2024_04_25,1,93.25,5,0.0,86.0,77.25,77.25,77.25,77.25,62.25,62.25,83.5,83.5
2024_04_26,-1,-0.0,0,-227.25,-42.5,-42.5,-42.5,-42.5,-42.5,-42.5,-42.5,-42.5,-64.75
2024_04_26,1,175.25,230,0.0,13.25,13.25,13.25,52.25,59.5,59.5,74.5,67.5,112.0
2024_04_26,1,59.0,172,-16.75,-10.75,-10.75,-10.75,-10.75,-16.75,25.0,15.25,-9.5,-4.25
2024_04_26,-1,-0.0,0,-70.75,-7.0,-7.0,-14.75,-14.75,-26.5,-26.5,-36.0,-50.75,-60.0
2024_04_26,-1,-0.0,0,-64.25,-10.25,-10.25,-10.25,-13.25,-16.5,-22.75,-33.25,-44.5,-62.0
2024_04_26,1,36.0,57,-27.25,-0.5,-0.5,-0.5,19.25,16.75,10.5,1.25,-5.25,-27.25
2024_04_26,1,8.25,11,-52.0,-8.0,-8.0,-8.0,-14.25,-10.0,-12.75,-23.5,-34.5,-52.0
2024_04_26,-1,48.0,151,-12.25,-9.0,-9.0,-9.0,-12.0,26.75,19.5,12.5,0.5,43.5
2024_04_26,-1,26.5,123,-29.25,-8.5,-8.5,-8.5,6.75,5.25,-2.0,-9.0,-21.0,22.0
2024_04_26,1,20.25,29,-35.5,-6.5,-6.5,9.25,7.5,0.0,0.0,-9.75,-22.75,-31.0
2024_04_26,-1,26.5,29,-12.25,-5.25,-12.25,-12.25,-12.25,22.0,22.0,22.0,22.0,22.0
2024_04_29,1,0.0,0,-145.5,-7.25,-7.25,-8.5,-19.5,-19.5,-37.0,-37.0,-46.5,-65.75
2024_04_29,-1,54.0,324,-79.25,5.75,5.75,5.75,0.5,0.5,-4.5,-14.75,-29.5,-42.75
2024_04_29,-1,87.5,281,-45.75,-13.0,-13.0,-13.0,-13.0,-17.25,-21.5,7.0,-3.25,-22.5
2024_04_29,1,49.25,112,-84.0,11.75,11.75,12.75,6.75,6.75,6.75,-4.25,7.5,-22.5
2024_04_29,-1,92.5,123,-40.75,8.5,4.75,4.75,-2.75,-8.0,-8.0,-20.25,-27.5,31.5
2024_04_29,1,20.5,25,-112.75,4.5,4.5,4.5,7.75,-4.25,-4.25,-10.0,-21.25,-51.25
2024_04_29,-1,109.0,65,-21.5,7.0,6.5,35.0,35.0,35.0,30.0,22.5,68.75,48.0
2024_04_29,1,44.0,77,-86.5,-3.75,-5.25,-31.5,-31.5,-31.5,-31.5,-31.5,-50.25,-67.25
2024_04_29,-1,54.25,5,-76.25,39.5,39.5,39.5,39.5,32.25,32.25,23.75,14.0,-6.75
2024_04_29,1,77.5,36,-6.75,-5.0,-6.75,67.0,63.75,67.5,67.5,67.5,67.5,67.5
2024_04_30,-1,289.0,400,-48.75,-12.0,-12.0,-12.0,-12.0,-18.0,-25.25,-25.25,-48.75,91.25
2024_04_30,1,30.75,10,-307.0,-10.0,-10.0,-10.0,-13.25,-23.0,-23.0,-1.25,-26.0,-29.5
2024_04_30,1,4.25,31,-327.5,-5.25,-5.25,-5.25,-14.25,-14.25,-19.25,-28.75,-46.5,-58.5
2024_04_30,-1,298.75,344,-33.0,11.75,11.75,11.75,6.5,4.0,1.0,-10.5,-19.0,101.0
2024_04_30,-1,296.0,318,-0.0,2.5,2.5,73.25,70.0,63.75,63.0,72.5,117.5,98.25
2024_04_30,1,0.0,0,-225.0,-4.5,-21.75,-21.75,-21.75,-21.75,-21.75,-37.75,-57.5,-64.25
2024_04_30,-1,187.25,220,-11.0,11.25,11.25,11.25,25.0,25.0,25.0,15.0,8.75,-10.5
2024_04_30,1,36.5,17,-161.75,18.0,18.0,25.0,22.5,19.25,13.75,4.75,-6.25,-31.0
2024_04_30,-1,166.5,113,-10.25,-5.75,-10.25,-10.25,3.75,3.75,-0.75,-7.75,6.25,95.75
2024_04_30,-1,149.75,58,-10.5,8.0,8.0,8.0,15.25,12.0,5.75,-1.5,-10.5,79.0
2024_04_30,1,5.5,14,-154.75,-9.5,-9.5,-9.5,-14.5,-16.0,-22.0,-35.75,-35.75,-70.75
2024_04_30,-1,100.5,19,-0.0,41.75,41.75,41.75,62.25,62.25,29.75,29.75,29.75,29.75
2024_05_01,1,291.75,330,-85.5,-13.25,-13.25,-13.25,-13.25,1.0,-7.0,-10.75,-23.5,-42.75
2024_05_01,-1,52.5,120,-324.75,-23.0,-23.0,-23.0,-23.0,-23.0,-23.0,-23.5,-23.5,-42.25
2024_05_01,1,340.0,291,-37.25,-2.75,-2.75,10.75,20.25,20.25,37.75,35.0,24.0,-3.0
2024_05_01,-1,50.0,105,-327.25,-5.75,-8.5,-8.5,-10.25,-26.0,-26.0,-34.75,-40.5,-10.0
2024_05_01,1,301.0,267,-76.25,7.75,7.75,4.25,-0.25,9.75,-1.25,-4.0,-15.0,-42.0
2024_05_01,1,275.0,244,-102.25,-9.75,-9.75,-9.75,-15.75,-16.25,-27.25,-30.0,-41.0,-68.0
2024_05_01,-1,48.5,50,-328.75,-5.5,-7.25,17.75,17.75,7.0,7.0,-0.25,-12.25,-11.5
2024_05_01,1,323.0,209,-54.25,18.5,8.25,8.25,8.25,4.0,0.25,-16.75,-21.0,-54.25
2024_05_01,1,324.0,191,-53.25,-15.75,-15.75,-15.75,-15.75,-20.0,-20.0,-32.25,-53.25,43.25
2024_05_01,-1,-0.0,0,-372.75,-13.0,-13.0,-13.0,-13.0,-23.25,-23.25,-37.5,-42.75,-60.25
2024_05_01,1,317.25,164,-47.0,-4.75,-12.0,-12.0,-12.0,-16.0,-20.75,-33.0,-40.25,36.5
2024_05_01,-1,12.5,28,-351.75,-8.75,-8.75,-8.75,-14.5,-3.75,-15.75,-22.5,-29.0,-83.5
2024_05_01,1,329.5,92,-17.25,15.0,15.0,15.0,6.25,6.25,4.5,25.75,19.0,48.75
2024_05_01,-1,109.25,86,-237.5,-7.25,-7.25,-5.5,-5.5,-5.5,-5.5,-5.5,-38.75,-38.75
2024_05_01,1,103.5,19,-243.25,5.75,5.75,5.75,5.75,5.75,5.75,5.75,5.75,41.5
2024_05_01,1,34.25,3,-307.5,-10.25,-10.25,-10.25,21.75,11.75,11.75,-2.5,-22.75,-37.0
2024_05_01,-1,297.25,36,-19.75,-12.0,-12.0,-12.0,-12.0,-19.75,68.0,128.25,137.0,273.75
2024_05_01,1,10.0,1,-307.0,-11.5,-11.5,-11.5,-11.5,-11.5,-11.5,-20.75,-51.25,-51.25
2024_05_01,-1,317.0,32,-0.0,87.75,87.75,87.75,87.75,87.75,87.75,148.0,156.75,293.5
2024_05_01,-1,132.25,11,-11.75,-11.75,-11.75,-11.75,106.25,106.25,106.25,89.75,89.75,108.75
2024_05_02,1,102.25,339,-177.5,-21.5,-21.5,-21.5,-21.5,-21.5,-21.5,-34.25,-48.75,-75.75
2024_05_02,-1,164.5,37,-115.25,31.5,15.0,15.0,15.0,15.0,15.0,43.75,121.75,96.75
2024_05_02,1,177.25,284,-43.25,-9.5,-9.5,-9.5,-1.25,-6.25,-7.0,-26.25,-43.0,-1.75
2024_05_02,-1,-0.0,0,-208.75,-13.5,-13.5,-13.5,-13.5,-29.5,-29.5,-37.5,-52.25,-64.5
2024_05_02,1,153.0,250,-26.0,-8.25,-8.25,-8.25,16.25,10.25,1.75,-10.0,-21.5,-26.0
2024_05_02,-1,19.5,68,-159.5,1.0,1.0,1.0,1.0,0.75,-5.0,-26.75,-26.75,-45.25
2024_05_02,-1,34.75,26,-144.25,6.25,12.0,17.25,11.75,0.25,0.25,3.25,-5.25,-27.25
2024_05_02,1,153.0,141,-11.5,1.75,1.75,1.75,-1.75,-7.0,-11.5,49.0,112.5,91.25
2024_05_02,1,88.25,83,-11.25,-3.25,-3.25,-3.25,-11.25,-11.25,51.5,58.0,47.75,26.5
2024_05_02,1,42.25,24,-19.5,12.25,13.75,13.75,13.75,10.75,5.5,12.0,1.75,-19.5
2024_05_02,-1,31.5,21,-28.75,6.25,6.25,6.25,12.75,12.25,3.25,-23.75,-23.75,-28.75
2024_05_02,-1,11.25,6,-49.0,1.0,0.5,0.5,-8.0,-8.0,-17.0,-44.0,-44.0,-49.0
2024_05_02,-1,-0.0,0,-46.5,-14.5,-14.5,-14.5,-14.5,-41.5,-41.5,-41.5,-41.5,-18.25
2024_05_02,1,7.25,2,-21.0,-1.5,-1.5,-1.5,-6.25,-11.0,-14.5,-21.0,-21.0,-21.0
2024_05_03,1,74.75,405,-45.75,-12.25,-12.25,-12.25,-12.25,-18.25,25.25,25.25,4.75,-1.75
2024_05_03,-1,66.5,23,-54.0,18.5,18.5,18.5,18.5,7.0,7.0,19.25,19.25,4.5
2024_05_03,1,61.0,369,-59.5,-21.5,-21.5,-21.5,-21.5,-21.5,-21.5,-35.75,-43.75,-38.75
2024_05_03,-1,29.5,10,-91.0,-9.25,-9.25,-9.25,-9.25,-9.25,-9.25,-17.75,-17.75,-32.5
2024_05_03,1,48.25,330,-71.0,2.0,2.0,-0.5,-22.25,-22.25,-22.25,-22.25,-37.25,-51.5
2024_05_03,-1,28.5,16,-90.75,-4.0,-4.0,-4.0,-4.0,-4.0,7.5,-9.0,-15.5,-33.75
2024_05_03,1,72.0,285,0.0,20.25,19.5,27.5,22.25,31.0,29.25,18.25,72.0,72.0
2024_05_03,-1,5.0,3,-55.75,-4.25,-2.25,-3.25,-8.25,-13.5,-17.75,-27.25,-39.25,-55.25
2024_05_03,1,35.0,171,-17.5,-2.0,-2.0,-2.0,-7.25,-17.5,-17.5,-0.75,35.0,35.0
2024_05_03,-1,-0.0,0,-48.0,-6.25,-6.25,-9.5,-14.25,-20.25,-20.25,-31.5,-44.0,-48.0
2024_05_03,1,39.0,136,0.0,30.5,24.75,24.75,25.5,20.25,15.5,3.25,39.0,39.0
2024_05_03,1,15.5,87,-20.25,4.0,4.0,-0.25,-3.25,-8.0,-10.0,-20.25,15.5,15.5
2024_05_03,-1,10.25,15,-25.5,-5.25,-11.75,-11.75,-12.75,-14.0,-14.0,-22.5,-25.5,-25.5
2024_05_03,-1,1.75,2,-31.0,-7.0,-7.0,-7.0,-17.5,-17.5,-23.25,-29.75,-31.0,-31.0
2024_05_03,1,1.25,4,-5.5,-5.5,1.25,1.25,1.25,1.25,1.25,1.25,1.25,1.25
2024_05_06,1,146.75,389,-2.75,-2.75,-2.75,33.5,33.5,23.0,23.0,31.0,23.75,129.5
2024_05_06,-1,-0.0,0,-149.5,-8.25,-8.25,-8.25,-20.5,-20.5,-20.5,-33.75,-46.75,-61.25
2024_05_06,1,98.75,361,-27.25,2.75,2.75,0.25,-2.5,-2.5,-6.5,-17.0,-24.25,81.5
2024_05_06,-1,17.0,61,-109.0,-10.0,-10.0,-10.0,-12.25,-22.0,-22.0,-13.75,-23.25,-46.5
2024_05_06,-1,30.75,15,-95.25,23.25,23.25,19.25,13.25,13.25,2.0,-0.0,-9.5,-32.75
2024_05_06,1,97.25,207,-5.25,-4.25,1.0,1.0,-5.25,-5.25,-4.75,80.0,80.0,80.0
2024_05_06,-1,-0.0,0,-99.0,-4.5,-7.5,-8.75,-12.75,-17.0,-21.0,-30.75,-41.5,-63.0
2024_05_06,1,82.25,138,0.0,7.0,6.0,4.5,19.25,17.5,65.0,65.0,65.0,65.0
2024_05_06,-1,7.25,2,-57.5,3.0,-2.25,-2.25,-6.25,-9.25,-14.75,-24.0,-36.0,-53.25
2024_05_06,1,48.0,14,0.0,8.0,8.0,38.75,35.5,30.75,30.75,30.75,30.75,30.75
2024_05_07,1,31.75,159,-58.25,-6.5,-6.5,-11.0,-13.25,-16.75,-25.25,-29.5,-40.0,-28.75
2024_05_07,-1,32.75,284,-57.25,-4.25,-6.75,5.75,2.5,-4.75,-11.25,-17.0,-25.75,-46.25
2024_05_07,-1,18.25,275,-71.75,-7.75,-7.75,-8.75,-12.0,-19.25,-25.75,-31.5,-40.25,-60.75
2024_05_07,1,59.25,95,-30.75,-0.75,44.25,42.5,34.75,34.75,32.5,27.0,-0.5,-1.25
2024_05_07,-1,71.75,108,-18.25,-4.5,-5.5,-5.5,-5.5,-8.5,-11.25,41.5,29.0,31.5
2024_05_07,1,8.5,7,-81.5,1.5,1.5,-1.5,-5.0,-12.0,-12.0,-23.75,-51.25,-52.0
2024_05_07,-1,68.5,54,-0.0,18.75,18.75,18.75,18.75,18.75,48.5,38.25,25.75,28.25
2024_05_07,1,21.75,58,-11.0,-11.0,-11.0,-11.0,-5.75,-5.75,19.25,19.25,19.25,19.25
2024_05_08,1,143.25,75,0.0,14.0,14.0,68.75,65.75,59.75,58.5,112.0,102.75,78.75
2024_05_08,-1,73.5,146,-14.75,-6.25,-6.25,-14.75,-14.75,25.5,28.5,43.5,32.75,55.75
2024_05_08,1,18.5,193,-35.0,-18.0,-18.0,-18.0,-18.0,-18.0,-26.0,-31.5,-17.25,-17.25
2024_05_08,-1,21.5,48,-32.0,-4.25,-9.5,-9.5,-16.75,-16.75,-7.5,-8.5,-19.25,3.75
2024_05_08,1,36.0,152,-17.5,-0.5,-7.5,-7.5,-7.5,-14.0,-17.5,6.0,0.25,0.25
2024_05_08,-1,13.25,3,-40.25,6.75,6.75,3.25,0.25,-3.75,-9.0,-16.75,-27.5,-4.5
2024_05_08,1,30.75,118,-5.0,7.25,7.25,7.25,11.25,7.75,1.25,0.75,-5.0,-5.0
2024_05_08,-1,10.75,76,-25.0,2.25,-0.5,-0.5,-8.5,-8.5,-13.25,-25.0,10.75,10.75
2024_05_08,1,16.5,30,-19.25,2.25,5.75,3.25,3.25,-2.25,-6.0,-13.5,-19.25,-19.25
2024_05_09,1,45.0,327,-76.5,-5.0,-11.75,-11.75,-12.75,-16.5,-23.25,-34.25,-56.5,-63.0
2024_05_09,-1,60.0,14,-61.5,43.0,45.5,45.5,45.5,43.5,39.0,29.5,17.5,-3.75
2024_05_09,1,75.5,298,-25.75,12.0,4.25,4.25,4.25,1.5,-20.0,-20.0,-25.75,70.0
2024_05_09,-1,-0.0,0,-84.75,-10.0,-10.0,-10.0,-15.0,-18.5,-22.0,-32.75,-43.0,-62.75
2024_05_09,1,29.0,260,-29.25,-11.25,-11.25,-11.25,-12.5,6.0,5.0,-6.5,-15.0,23.5
2024_05_09,-1,20.25,11,-38.0,14.75,14.0,11.25,7.25,3.5,-1.25,-10.0,-21.75,-32.5
2024_05_09,1,35.5,161,-15.0,-6.25,-6.25,-9.5,-15.0,-15.0,-2.5,-2.5,30.0,30.0
2024_05_09,-1,6.75,41,-35.0,1.0,-7.5,-7.5,-7.5,-11.5,-17.0,-26.25,-33.5,-29.5
2024_05_09,-1,4.5,2,-37.25,-2.0,-2.0,-3.5,-11.5,-11.5,-17.0,-28.5,-35.75,-31.75
2024_05_09,-1,15.75,36,-21.75,-4.5,0.25,2.0,-2.75,-0.75,-5.25,-17.0,-16.5,-16.5
2024_05_09,-1,5.75,9,-31.75,-9.25,-9.25,-9.25,-9.25,-10.75,-15.25,-27.0,-26.5,-26.5
2024_05_09,1,13.5,5,0.0,8.25,8.25,8.25,8.25,8.25,8.25,8.25,8.25,8.25
2024_05_10,-1,87.5,83,-59.5,-11.75,-11.75,-11.75,-31.25,-31.25,-31.25,-31.25,-43.0,23.0
2024_05_10,1,5.25,5,-112.25,-13.75,-13.75,-13.75,-13.75,-11.25,-14.75,-26.0,-38.75,-54.75
2024_05_10,-1,101.75,52,-15.75,-5.0,-15.75,-15.75,-15.75,57.5,52.75,46.5,61.0,37.25
2024_05_10,-1,12.0,1,-59.25,2.0,2.0,2.0,-5.0,-5.0,-11.0,-19.5,-28.75,-52.5
2024_05_10,-1,36.5,12,-33.25,11.0,11.0,26.5,11.75,11.75,11.75,6.5,-5.5,-26.5
2024_05_10,1,37.5,197,-20.25,11.5,11.5,8.25,8.25,3.0,3.0,-7.5,-20.25,20.0
2024_05_10,-1,10.5,1,-47.25,0.25,0.25,0.25,-5.25,-13.0,-13.0,-20.75,-32.0,-29.75
2024_05_10,1,31.25,125,-6.0,8.0,8.0,8.0,11.5,5.25,3.25,-6.0,13.75,13.75
2024_05_10,-1,7.25,2,-30.0,2.25,-0.5,-1.0,-5.5,-9.75,-17.0,-24.75,-12.5,-12.5
2024_05_10,1,10.5,66,-12.75,-5.75,-9.0,-9.0,-12.75,-8.75,-7.0,-7.0,-7.0,-7.0
2024_05_13,-1,61.0,217,-0.0,6.0,6.0,6.0,0.75,0.75,24.5,17.25,11.75,21.5
2024_05_13,1,1.0,127,-57.5,-12.5,-12.5,-12.5,-12.5,-21.75,-21.75,-36.0,-43.5,-18.0
2024_05_13,-1,38.75,158,-19.75,-5.75,-9.25,-9.25,-12.0,-17.0,-17.0,-16.25,-3.75,-0.75
2024_05_13,-1,30.25,101,-28.25,4.25,0.5,0.5,-5.5,-9.25,-12.25,-24.75,-12.25,-9.25
2024_05_13,1,16.0,39,-42.5,-0.5,4.5,4.5,2.5,-1.5,-6.25,-19.5,-28.5,-3.0
2024_05_13,-1,42.75,9,-7.5,32.25,32.25,32.25,29.5,25.25,20.25,8.25,0.25,3.25
2024_05_13,-1,5.5,18,-24.25,-4.5,-4.5,-9.5,-7.0,-10.75,-17.0,-13.5,-13.5,-13.5
2024_05_13,1,19.0,92,-5.75,-5.75,-0.25,-2.75,2.75,8.25,8.25,8.25,8.25,8.25
2024_05_13,1,5.75,47,-12.0,-6.0,-6.0,-10.5,-10.5,-5.0,-5.0,-5.0,-5.0,-5.0
2024_05_13,-1,-0.0,0,-17.25,-5.5,-6.25,-8.25,-12.5,-16.5,-6.5,-6.5,-6.5,-6.5
2024_05_13,1,1.75,19,-12.5,-9.0,-9.0,-9.0,-12.5,-9.0,-9.0,-9.0,-9.0,-9.0
2024_05_14,1,142.75,383,-20.0,-20.0,-20.0,-20.0,-20.0,-20.0,-20.0,2.0,31.5,20.25
2024_05_14,-1,5.75,2,-141.25,-7.5,-7.5,-3.25,-13.25,-13.25,-17.0,-40.25,-40.25,-54.25
2024_05_14,-1,17.0,3,-127.75,8.0,8.0,8.0,-4.0,-4.0,-4.0,-26.75,-26.75,-50.25
2024_05_14,1,87.0,330,-53.25,13.0,13.0,13.0,13.0,8.75,-4.75,-4.75,-24.25,-35.5
2024_05_14,-1,12.0,2,-128.25,2.0,2.0,2.0,-0.25,-4.0,-13.75,-22.5,-31.25,-60.5
2024_05_14,1,91.5,295,-37.25,-2.25,17.25,9.5,9.5,7.25,1.5,-6.25,-18.75,-36.5
2024_05_14,-1,35.5,102,-93.25,8.0,19.5,18.75,14.0,11.0,14.5,2.5,-9.25,-28.25
2024_05_14,-1,1.25,11,-103.0,-4.0,-7.25,-9.75,-10.75,-19.0,-19.0,-29.0,-47.5,-65.0
2024_05_14,1,11.0,22,-11.0,-3.75,-5.5,-5.5,-5.5,-8.5,-10.75,-9.0,-9.0,-9.0
2024_05_14,1,0.0,0,-16.75,-14.25,-14.25,-14.25,-14.25,-16.5,-14.75,-14.75,-14.75,-14.75
2024_05_14,-1,-0.0,0,-4.0,-4.0,-2.0,-2.0,-2.0,-2.0,-2.0,-2.0,-2.0,-2.0
2024_05_15,-1,50.25,19,-195.0,-9.0,-9.0,-9.0,-12.5,-16.25,-10.25,9.0,9.0,-13.0
2024_05_15,-1,56.5,14,-188.75,14.25,11.75,-0.0,-0.0,-0.0,-4.0,15.25,15.25,-6.75
2024_05_15,-1,1.25,1,-191.0,-4.5,-9.0,-9.0,-14.5,-18.25,-24.25,-30.75,-45.0,-67.0
2024_05_15,1,182.0,306,0.0,9.0,9.0,6.75,3.0,59.5,58.5,149.5,158.75,158.75
2024_05_15,-1,5.5,4,-89.25,1.5,-1.75,-2.5,-7.5,-10.5,-15.75,-26.25,-36.5,-59.5
2024_05_15,1,19.5,79,-15.5,5.5,4.5,4.5,-0.75,-1.25,-5.25,-13.0,-3.75,-3.75
2024_05_15,-1,5.75,89,-29.25,-7.25,-7.25,-9.25,-12.5,-15.0,-19.5,-29.25,-6.0,-6.0
2024_05_15,1,7.25,22,-20.75,-4.25,-4.25,-7.5,-9.5,-9.5,-12.75,-9.0,-9.0,-9.0
2024_05_15,1,8.5,2,-19.5,3.5,-8.25,-8.25,-8.25,-8.25,-11.5,-7.75,-7.75,-7.75
2024_05_15,-1,8.0,3,-8.5,-3.75,-3.75,-3.75,-6.0,-8.5,-3.75,-3.75,-3.75,-3.75
2024_05_16,-1,43.0,402,-78.25,2.0,-2.75,-2.75,-10.25,-10.25,-14.75,-23.5,-35.5,-55.5
2024_05_16,-1,72.75,374,-48.5,19.25,19.25,19.25,14.25,14.25,10.5,-1.0,-9.0,-36.0
2024_05_16,1,42.75,45,-78.5,-0.25,-1.75,-5.5,30.75,19.25,19.25,12.5,-1.0,-22.75
2024_05_16,-1,88.25,291,-26.0,-6.0,-6.0,-8.25,-15.5,-18.5,-20.75,29.5,85.25,85.25
2024_05_16,-1,93.5,252,-5.5,9.0,9.0,7.0,3.25,-0.25,0.5,34.75,90.5,90.5
2024_05_16,-1,95.5,193,-3.5,3.25,3.25,1.75,-2.75,34.5,31.0,36.75,92.5,92.5
2024_05_16,-1,49.25,125,-13.75,12.75,12.75,12.75,0.25,0.25,0.25,-9.5,46.25,46.25
2024_05_16,1,3.25,24,-46.0,-4.75,-6.0,-8.5,-16.75,-16.75,-20.25,-33.5,-38.5,-43.0
2024_05_16,-1,42.0,40,-7.25,14.75,14.75,14.75,7.0,7.0,2.75,-7.25,39.0,39.0
2024_05_16,-1,35.0,22,-14.25,-4.25,-7.25,-14.25,-14.25,32.0,32.0,32.0,32.0,32.0
2024_05_17,-1,104.25,292,-15.25,13.25,12.5,-2.25,-2.25,-2.25,-2.25,7.75,-4.5,42.5
2024_05_17,1,20.75,9,-98.75,13.25,13.25,8.5,8.5,4.0,0.0,-11.0,-20.0,-40.25
2024_05_17,-1,94.75,182,-8.25,-0.75,-2.75,-4.25,14.0,10.5,8.0,-2.5,53.5,33.0
2024_05_17,1,12.75,8,-90.25,-1.5,-1.5,-1.5,-1.5,-4.5,-10.5,-17.75,-31.75,-50.75
2024_05_17,-1,89.0,136,-2.0,-1.25,3.25,2.5,10.75,6.25,4.0,53.5,47.75,27.25
2024_05_17,-1,82.5,80,-0.25,2.75,2.0,15.75,12.75,66.5,57.75,47.0,41.25,20.75
2024_05_17,1,53.25,71,0.0,29.0,29.0,42.25,40.0,35.75,40.0,40.0,40.0,40.0
2024_05_17,1,13.0,16,-4.5,-4.5,-4.5,-2.75,-2.25,-0.25,-0.25,-0.25,-0.25,-0.25
2024_05_20,1,126.75,206,0.0,34.75,34.0,28.0,28.0,82.0,77.0,70.0,85.25,56.5
2024_05_20,1,39.75,93,-30.5,0.75,0.75,0.5,-8.25,-8.25,-12.0,-1.75,-1.75,-30.5
2024_05_20,-1,11.75,133,-58.5,-9.5,-9.5,-9.5,-14.0,-20.25,-20.25,-32.25,-44.25,-9.25
2024_05_20,1,46.0,28,-24.25,27.5,25.75,22.5,30.0,30.0,24.25,4.5,4.5,-24.25
2024_05_20,-1,28.75,41,-31.0,2.75,1.25,1.25,14.75,11.5,7.25,-3.25,-12.75,7.75
2024_05_20,-1,13.0,72,-29.75,-1.0,-6.25,-6.25,-12.0,-14.75,-19.25,-27.0,9.0,9.0
2024_05_20,1,13.5,17,-29.25,-2.5,-2.5,5.0,-2.5,-2.5,-7.75,-18.75,-29.25,-25.25
2024_05_20,-1,22.75,29,-11.25,11.75,12.5,-4.75,-4.75,-4.75,-4.75,18.75,18.75,18.75
2024_05_21,1,111.25,385,-11.5,6.0,6.0,6.0,-4.25,-4.25,-4.25,104.0,104.0,104.0
2024_05_21,1,90.0,363,-14.0,-4.5,-9.75,-9.75,-14.0,21.5,24.0,82.75,82.75,82.75
2024_05_21,-1,2.75,77,-64.25,-6.25,-6.25,-8.5,-14.0,-14.0,-19.75,-27.5,-38.0,-58.5
2024_05_21,1,46.75,226,-20.25,4.75,1.5,1.5,-3.5,-7.0,-11.25,39.5,39.5,39.5
2024_05_21,-1,10.75,17,-56.25,-2.75,-4.5,1.5,-4.75,-5.5,-9.5,-19.5,-30.0,-50.5
2024_05_21,1,51.5,149,-0.75,6.5,6.75,13.25,9.5,3.75,1.0,44.25,44.25,44.25
2024_05_21,-1,3.75,14,-45.0,-1.0,-3.0,-5.5,-10.25,-14.75,-18.75,-28.0,-36.75,-37.75
2024_05_21,-1,5.25,5,-32.75,1.25,-2.25,-6.25,-9.5,-15.75,-15.75,-27.0,-25.5,-25.5
2024_05_21,1,22.75,23,-6.0,-0.25,-0.25,-6.0,-6.0,15.5,15.5,15.5,15.5,15.5
2024_05_21,1,8.25,3,-5.0,1.0,1.0,-5.0,-5.0,1.0,1.0,1.0,1.0,1.0
2024_05_22,1,41.0,84,-103.75,21.0,21.0,21.0,18.5,15.25,11.5,6.25,0.5,-20.5
2024_05_22,-1,118.25,224,-26.5,-4.25,-4.25,-8.0,-11.0,-14.0,-19.25,-13.5,77.75,57.0
2024_05_22,1,7.25,2,-137.5,0.5,0.5,-4.0,-18.0,-18.0,-18.0,-27.5,-33.25,-54.25
2024_05_22,-1,119.5,158,-19.25,-4.75,-6.0,-13.5,-13.5,-16.0,-1.25,-12.25,79.0,58.25
2024_05_22,-1,131.5,124,-0.25,6.5,6.5,4.5,19.5,14.75,10.75,-0.25,91.0,70.25
2024_05_22,-1,128.0,61,-0.0,39.75,39.75,39.75,50.0,49.25,70.5,70.5,87.5,66.75
2024_05_22,1,84.5,73,-30.75,-7.5,-7.5,-14.0,-14.0,-30.75,-30.75,-30.75,3.25,61.0
2024_05_22,-1,-0.0,0,-115.25,-17.25,-17.25,-17.25,-17.25,-17.25,-23.5,-35.25,-42.0,-71.75
2024_05_22,1,46.0,30,-52.25,1.0,-2.0,-16.0,-16.0,-16.0,-16.0,-26.5,-35.25,22.5
2024_05_22,-1,18.0,7,-80.25,-8.25,-8.25,-8.25,-14.5,-14.5,-14.5,-14.5,-28.0,-56.5
2024_05_22,1,55.25,7,0.0,41.75,41.75,41.75,37.0,37.0,29.5,31.75,31.75,31.75
2024_05_23,-1,336.25,322,-0.0,19.75,19.75,19.75,18.0,95.75,95.75,93.25,72.5,63.25
2024_05_23,1,26.5,100,-268.75,-9.75,-9.75,-9.75,-15.0,-18.0,-33.25,-33.25,-28.75,-51.0
2024_05_23,-1,237.75,244,-57.5,41.75,41.75,41.75,41.75,41.75,41.75,31.25,17.75,0.25
2024_05_23,1,48.0,46,-247.25,-1.0,-1.0,-1.0,-1.0,28.5,27.25,18.0,-5.75,-15.25
2024_05_23,-1,264.0,159,-28.5,-4.5,-6.25,-13.5,-13.5,-18.25,-20.25,174.5,219.75,198.25
2024_05_23,-1,276.25,130,-0.0,61.25,68.5,66.25,62.5,55.75,55.75,186.75,232.0,210.5
2024_05_23,-1,68.5,42,-21.0,1.5,1.5,1.5,1.5,-3.5,-21.0,-21.0,24.25,2.75
2024_05_23,-1,58.75,34,-13.25,5.25,5.25,5.25,5.25,-4.0,-4.0,-8.25,14.5,-7.0
2024_05_23,-1,10.75,10,-61.0,1.5,1.5,-1.75,-2.25,-5.75,-10.75,-26.5,-33.25,-54.75
2024_05_23,1,27.75,20,0.0,3.5,3.5,3.5,0.75,0.75,0.75,16.0,16.0,16.0
2024_05_23,1,6.25,4,-20.75,-5.75,-20.75,-20.75,-20.75,-20.75,-20.75,-5.5,-5.5,-5.5
2024_05_24,-1,-0.0,0,-190.0,-7.75,-7.75,-12.75,-12.75,-58.25,-58.25,-58.25,-58.25,-62.5
2024_05_24,1,116.25,241,-6.5,-3.0,-3.0,-3.0,-6.5,11.75,85.0,77.25,73.75,44.75
2024_05_24,-1,33.5,193,-39.0,-5.75,-5.75,-5.75,-16.75,-16.75,-20.5,-29.0,-37.25,15.5
2024_05_24,1,29.75,98,-42.75,-1.75,4.75,4.75,-4.75,-4.75,-9.25,-15.75,-12.75,-41.75
2024_05_24,-1,37.5,127,-35.0,-3.25,-3.25,-1.0,-1.0,-3.75,-7.5,-19.25,-33.25,19.5
2024_05_24,1,37.75,47,-34.75,-4.0,-1.25,-3.75,24.75,16.75,16.75,3.25,-4.75,-33.75
2024_05_24,-1,44.0,40,-7.0,-7.0,-7.0,1.75,31.5,25.25,23.25,26.0,26.0,26.0
2024_05_24,1,8.25,8,-6.25,-5.75,-5.75,2.25,2.25,2.25,2.25,2.25,2.25,2.25
2024_05_27,-1,16.75,19,-62.25,8.25,5.75,6.75,3.0,0.75,-4.0,-15.0,-24.25,-43.75
2024_05_27,1,39.75,111,-2.75,-2.75,28.75,28.75,25.75,35.5,35.5,35.5,35.5,35.5
2024_05_27,-1,-0.0,0,-14.0,-4.25,-9.75,-9.75,-12.25,-9.75,-9.75,-9.75,-9.75,-9.75
2024_05_28,1,48.75,385,-82.5,-16.5,-16.5,-16.5,-16.5,-16.5,-38.0,-38.0,-53.5,-65.75
2024_05_28,-1,29.0,293,-102.25,9.25,-3.5,-3.5,-3.5,-3.5,-8.0,-27.5,-27.5,-49.5
2024_05_28,-1,58.0,240,-73.25,-9.25,-9.25,-9.25,-15.75,-15.75,-19.0,-28.0,-40.25,-58.0
2024_05_28,1,54.0,291,-77.25,8.75,-0.25,-0.25,-0.25,11.0,8.25,1.0,-2.0,-22.25
2024_05_28,-1,88.75,151,-42.5,-5.25,-15.75,-15.75,-15.75,-15.75,-18.0,-20.75,48.25,27.5
2024_05_28,-1,105.25,108,-26.0,-5.25,-8.5,-8.5,14.25,10.25,7.0,-4.25,64.75,44.0
2024_05_28,-1,80.75,92,-50.5,-5.25,-10.25,-10.25,-14.25,-16.0,-20.5,-31.25,40.25,19.5
2024_05_28,1,22.0,145,-109.25,1.5,-3.25,-3.25,-16.25,-16.25,-16.25,-34.0,-34.0,-54.25
2024_05_28,-1,93.0,52,-38.25,-5.75,14.25,14.25,5.5,5.5,-0.25,59.75,52.5,31.75
2024_05_28,-1,76.0,20,-55.25,10.0,62.25,62.25,62.25,59.5,52.25,42.75,35.5,14.75
2024_05_28,1,91.5,61,-3.25,2.25,-3.25,-3.25,3.0,17.25,13.0,77.5,77.5,77.5
2024_05_29,1,78.75,206,-11.5,-5.75,-9.0,-9.0,-0.75,-0.75,-11.5,14.25,36.5,3.5
2024_05_29,-1,68.5,306,-18.75,18.0,14.25,14.25,17.75,13.75,12.0,2.75,-5.5,58.25
2024_05_29,1,21.5,89,-65.75,-5.25,-9.75,-9.75,-15.0,-16.5,-23.0,-30.0,-19.5,-53.75
2024_05_29,-1,35.75,239,-51.5,-2.25,-9.75,-9.75,-12.5,-18.0,-21.75,-29.5,-38.25,25.5
2024_05_29,-1,64.25,190,-8.25,1.0,-5.0,-5.0,-2.0,1.5,9.5,-3.75,-7.75,54.0
2024_05_29,1,2.5,87,-70.0,-8.0,-8.0,-8.0,-12.25,-18.0,-18.0,-31.75,-41.25,-58.0
2024_05_29,-1,50.75,101,-21.75,8.0,5.5,-0.5,-0.5,-1.25,0.5,-8.25,-21.75,40.5
2024_05_29,-1,56.0,41,-7.0,2.5,-1.25,-2.5,-6.75,34.25,45.75,45.75,45.75,45.75
2024_05_29,-1,47.5,27,-0.0,40.25,25.75,25.75,25.75,25.75,37.25,37.25,37.25,37.25
2024_05_30,1,13.0,2,-186.0,-2.5,-2.5,-2.5,-2.5,-27.0,-27.0,-27.0,-27.0,-48.75
2024_05_30,-1,155.5,396,-38.0,-7.0,-7.0,-7.0,-7.0,-7.0,-7.0,-21.0,-29.0,20.75
2024_05_30,1,15.75,6,-174.25,-6.5,-6.5,1.75,1.75,-7.75,-7.75,-27.5,-27.5,-45.25
2024_05_30,-1,137.25,358,-33.25,-10.5,-10.5,-10.5,-23.0,-23.0,-23.0,-33.25,22.25,2.5
2024_05_30,1,62.0,143,-102.5,-7.75,-7.75,19.0,19.75,13.5,7.5,27.0,20.25,0.5
2024_05_30,-1,112.25,251,-52.25,-8.0,-8.0,-8.0,-14.5,-21.5,-21.5,-32.25,-41.0,111.0
2024_05_30,1,25.0,84,-139.5,-5.5,-5.5,-5.5,-8.5,-12.5,4.0,-10.0,-16.75,-36.5
2024_05_30,1,2.25,31,-162.25,-4.75,-8.75,-8.75,-18.0,-18.0,-18.75,-32.75,-39.5,-59.25
2024_05_30,-1,143.5,141,-2.0,2.0,-0.75,-1.25,20.0,15.0,15.0,104.5,99.5,142.25
2024_05_30,-1,101.25,75,-10.25,-6.0,-6.0,-10.25,-10.25,25.25,22.5,62.25,57.25,100.0
2024_05_30,1,6.25,2,-39.0,1.0,-2.25,-2.25,-12.5,-12.5,-29.5,-29.5,-33.75,-37.75
2024_05_30,-1,9.5,4,-0.0,8.25,8.25,8.25,8.25,8.25,8.25,8.25,8.25,8.25
2024_05_31,-1,356.25,171,-22.0,13.0,13.0,13.0,13.0,1.0,1.0,-3.0,-19.25,292.75
2024_05_31,-1,336.0,155,-28.0,-5.25,40.25,40.25,32.5,32.5,40.5,40.5,294.5,272.5
2024_05_31,-1,278.75,132,-85.25,49.25,49.25,55.25,93.75,92.0,142.25,131.25,237.25,215.25
2024_05_31,-1,133.25,82,-230.75,18.5,18.5,18.5,24.5,51.25,44.5,102.25,91.75,69.75
2024_05_31,-1,86.0,54,-278.0,11.5,11.5,11.5,4.0,4.0,-2.75,55.0,44.5,22.5
2024_05_31,1,310.5,243,-53.5,-8.5,-8.5,-8.5,-12.0,-20.5,-20.5,-34.25,-41.5,272.5
2024_05_31,-1,-0.0,0,-364.0,-5.75,-17.75,-17.75,-17.75,-17.75,-21.25,-31.0,-41.5,-63.5
2024_05_31,1,333.0,205,-0.75,7.75,3.75,3.75,-0.75,67.25,62.5,52.5,43.75,295.0
2024_05_31,-1,21.0,52,-278.75,-9.5,-9.5,-9.5,-19.75,-19.75,-22.25,-17.75,-28.0,-46.0
2024_05_31,1,250.75,80,-31.0,-4.75,-4.75,-13.25,-13.25,-15.25,-19.25,-29.5,210.0,212.75
2024_05_31,-1,17.25,7,-0.0,9.5,9.5,14.5,14.5,14.5,14.5,14.5,14.5,14.5
2024_06_03,1,44.0,16,-265.0,2.5,2.5,2.5,23.75,25.75,10.5,10.5,-16.5,-16.5
2024_06_03,-1,248.5,200,-16.25,-5.0,-5.0,-5.0,-5.0,-16.25,-16.25,-16.25,-6.0,53.75
2024_06_03,1,0.5,1,-256.75,-10.0,-10.0,-10.0,-15.0,-18.75,-19.75,-37.0,-45.5,-63.25
2024_06_03,-1,218.5,152,-14.25,-10.0,-10.0,-10.0,-14.25,68.5,62.5,56.75,44.25,23.75
2024_06_03,1,41.5,290,-183.25,-6.5,-6.5,-10.5,-19.75,-19.75,-9.75,-29.0,-29.0,-49.75
2024_06_03,1,53.75,270,-171.0,-16.75,-16.75,-16.75,-16.75,-16.75,-30.5,-30.5,-34.5,-75.5
2024_06_03,1,60.75,265,-164.0,4.0,4.0,4.0,-3.0,-3.0,-23.5,-23.5,-27.5,-68.5
2024_06_03,-1,146.0,68,-78.75,-5.0,3.25,3.25,51.5,72.75,84.25,74.5,104.75,85.0
2024_06_03,1,161.25,172,-3.0,44.0,64.0,57.75,57.75,50.75,50.75,37.5,25.0,161.25
2024_06_03,1,113.5,138,-22.75,5.0,8.0,8.0,8.0,-2.25,-2.25,-10.25,-22.75,113.5
2024_06_03,-1,-0.0,0,-136.25,-9.75,-9.75,-9.75,-13.75,-16.75,-37.75,-37.75,-45.75,-63.75
2024_06_03,-1,12.0,2,-115.0,-3.5,-3.5,-3.5,-3.5,-4.75,-12.75,-24.5,-30.5,-48.5
2024_06_03,-1,-0.0,0,-121.0,-15.0,-15.0,-15.0,-15.0,-16.5,-25.25,-30.75,-40.75,-60.75
2024_06_03,1,72.5,54,-21.0,-9.0,-9.0,-9.0,-14.0,-16.0,-19.25,72.5,72.5,72.5
2024_06_04,1,121.0,319,-55.25,-16.0,-16.0,-16.0,-16.0,-16.0,-35.75,-35.75,-46.0,-33.5
2024_06_04,-1,23.0,153,-153.25,-27.25,-27.25,-27.25,-27.25,-27.25,-27.25,-30.0,-34.25,-61.25
2024_06_04,-1,69.5,126,-106.75,-7.75,-7.75,38.25,33.0,33.0,42.75,25.0,25.0,2.75
2024_06_04,-1,57.75,124,-118.5,26.5,26.5,26.5,21.25,21.25,31.0,13.25,13.25,-9.0
2024_06_04,1,114.5,259,-61.75,-19.5,-19.5,-19.5,-19.5,-19.5,-19.5,-26.25,-31.0,-53.0
2024_06_04,-1,29.25,70,-147.0,-4.5,-4.5,-11.0,-11.0,-7.25,-17.5,-22.5,-30.5,-35.0
2024_06_04,-1,23.75,55,-152.5,-1.25,-1.25,-5.5,-15.0,-15.0,-16.5,-28.0,-36.0,-40.5
2024_06_04,1,147.75,140,-2.25,-2.25,34.5,34.5,34.5,25.25,25.25,14.5,0.75,82.5
2024_06_04,-1,15.25,5,-133.25,-6.5,-6.5,5.0,-2.25,-2.25,-7.5,-16.0,-27.0,-57.0
2024_06_04,1,139.0,85,0.0,27.5,17.25,17.25,17.25,10.5,10.5,107.0,99.0,73.75
2024_06_04,1,29.75,16,-80.25,-1.25,-1.25,-1.25,17.0,8.25,8.25,-2.25,-10.25,-35.5
2024_06_04,-1,65.25,7,-3.0,53.0,53.0,53.0,53.0,47.0,37.0,34.5,23.25,-1.75
2024_06_04,-1,14.5,23,-48.75,-8.75,-8.75,-8.75,-12.25,-8.75,-8.75,-22.5,-33.25,-47.5
2024_06_04,1,18.5,12,-7.0,-7.0,-7.0,8.75,2.0,2.0,-2.25,11.25,11.25,11.25
2024_06_05,-1,7.5,5,-252.25,-10.75,-10.75,-10.75,-15.75,-9.25,-17.5,-31.75,-43.5,-61.75
2024_06_05,-1,25.0,6,-233.75,-8.75,-8.75,-8.75,11.5,7.5,2.25,-6.25,-25.0,-43.25
2024_06_05,1,137.5,294,-7.5,-7.5,-7.5,-7.5,25.25,15.0,15.0,41.5,121.25,121.25
2024_06_05,-1,8.0,10,-112.25,-8.25,-8.25,-8.25,-4.75,-8.75,-15.25,-22.5,-33.25,-55.25
2024_06_05,1,99.0,216,-6.75,-5.5,-5.0,33.0,30.0,18.0,18.0,3.0,82.75,82.75
2024_06_05,-1,15.0,1,-81.0,11.0,5.75,5.75,-1.5,-1.5,-6.5,-19.0,-27.75,-45.25
2024_06_05,-1,4.75,31,-65.5,-1.0,-4.5,-4.5,-11.25,-12.75,-17.75,-26.75,-36.25,-63.5
2024_06_05,1,61.25,119,-9.0,-1.5,-1.5,-1.5,-5.5,-9.0,13.5,45.0,45.0,45.0
2024_06_05,-1,0.25,21,-47.5,-10.0,-10.0,-10.0,-17.0,-17.0,-22.0,-30.5,-45.5,-31.25
2024_06_05,1,2.5,3,-2.25,-0.75,-0.75,-0.75,-0.75,-0.75,-0.75,-0.75,-0.75,-0.75
2024_06_06,1,20.5,9,-66.0,9.25,9.25,9.25,8.25,-5.5,-5.5,-19.75,-19.75,-54.25
2024_06_06,1,17.75,52,-60.5,-14.25,-14.25,-14.25,-14.25,-18.0,-20.0,-31.0,-48.75,-45.25
2024_06_06,-1,11.75,251,-66.5,-9.25,-9.25,-9.25,-9.25,-14.75,-26.25,-26.25,-45.5,-59.5
2024_06_06,1,34.0,12,-44.25,-4.5,27.25,25.5,16.5,16.5,8.5,0.25,-12.25,-29.0
2024_06_06,-1,40.25,165,-22.0,-4.25,-7.5,-0.0,-7.5,3.25,3.25,-7.0,-11.25,2.5
2024_06_06,-1,41.25,119,-21.0,16.5,16.5,16.5,4.25,4.25,4.25,-6.0,-10.25,3.5
2024_06_06,1,22.25,37,-40.0,1.5,1.5,0.75,8.75,4.25,1.25,-8.5,-21.5,-40.0
2024_06_06,1,0.0,0,-51.25,-5.5,-8.75,-8.75,-19.75,-19.75,-32.75,-32.75,-42.25,-13.5
2024_06_06,-1,18.5,4,-28.0,12.25,12.25,10.5,5.75,-9.75,-9.75,-16.25,-22.25,-19.25
2024_06_06,1,24.5,18,-5.25,-4.0,4.5,4.5,10.0,7.75,1.5,15.75,15.75,15.75
2024_06_06,-1,5.0,4,-21.5,-3.0,-3.0,-3.0,-9.25,-15.75,-15.75,-16.0,-16.0,-16.0
2024_06_07,1,156.0,223,0.0,28.5,28.5,28.0,48.0,45.5,31.5,31.5,76.25,57.0
2024_06_07,1,114.75,200,-31.25,-6.75,-6.75,-6.75,-7.25,-2.75,55.75,44.0,35.0,15.75
2024_06_07,-1,52.5,193,-93.5,27.0,23.5,23.5,18.0,11.5,11.5,-4.25,-8.75,-28.5
2024_06_07,1,89.25,120,-56.75,-6.5,-6.5,-6.5,2.25,2.25,2.25,29.75,20.0,23.75
2024_06_07,1,46.25,33,-99.75,31.5,16.75,16.75,16.75,16.75,16.75,16.0,-19.25,-19.25
2024_06_07,-1,123.5,35,-8.0,1.0,1.0,1.0,-2.0,-4.0,-8.0,92.25,81.75,60.25
2024_06_07,1,18.5,12,-41.5,-4.5,10.5,10.5,2.5,2.5,-4.5,-12.25,-38.5,-41.5
2024_06_07,1,22.25,3,-29.25,17.25,8.75,8.75,8.75,3.0,1.0,-26.25,-26.25,-14.25
2024_06_07,1,2.0,1,-49.5,-3.0,-11.5,-11.5,-11.5,-17.25,-19.25,-46.5,-46.5,-34.5
2024_06_07,-1,17.25,6,-28.5,-13.5,-13.5,-13.5,-13.5,-4.5,-4.5,-14.0,-23.0,2.25
2024_06_07,1,0.0,0,-32.5,-11.5,-11.5,-11.5,-15.5,-17.0,-30.0,-30.0,-30.75,-30.75
2024_06_07,1,2.0,2,-22.0,-4.5,-4.5,-7.25,-12.25,-18.25,-18.25,-20.25,-20.25,-20.25
2024_06_10,-1,33.5,13,-98.0,6.5,6.5,6.5,1.75,16.75,13.0,-0.5,-9.5,-28.5
2024_06_10,1,97.5,293,-4.75,0.25,-4.75,-4.75,2.0,64.75,64.75,61.75,55.5,34.75
2024_06_10,1,18.0,182,-64.25,10.25,10.25,4.25,4.25,-4.5,-4.5,-17.75,-24.0,-44.75
2024_06_10,1,11.25,149,-71.0,-6.75,-6.75,-9.5,-17.5,-17.5,-19.5,-29.5,-40.0,-58.25
2024_06_10,-1,53.5,93,-28.75,-2.5,-2.5,-2.5,-10.0,-10.0,-16.25,1.5,-14.75,-7.25
2024_06_10,1,34.25,87,-48.0,21.25,17.0,17.0,13.75,6.25,-8.75,-8.75,-30.0,-35.25
2024_06_10,-1,44.25,23,-38.0,0.25,-1.0,17.25,30.75,15.5,15.5,9.75,2.25,-16.5
2024_06_10,1,45.75,32,0.0,0.0,5.5,4.25,32.5,25.0,25.0,15.0,17.0,17.0
2024_06_10,-1,18.5,33,-9.75,-9.75,-9.75,-9.75,-7.25,-7.25,-7.25,13.0,13.0,13.0
2024_06_11,1,176.0,399,-83.25,-6.5,-6.5,-10.5,-21.0,-21.0,-21.0,-30.75,-65.25,-65.25
2024_06_11,1,222.75,376,0.0,22.25,22.25,22.25,86.0,86.0,74.25,72.0,47.5,36.75
2024_06_11,-1,47.0,46,-139.0,-5.25,0.75,0.75,3.5,0.5,-5.75,13.5,2.75,-21.75
2024_06_11,1,132.5,282,-53.5,-12.25,-12.25,-12.25,-12.25,-17.0,-20.5,-42.75,-42.75,132.5
2024_06_11,-1,15.5,6,-170.5,-9.25,-9.25,-9.25,-0.25,-2.5,-7.5,-18.0,-28.75,-53.25
2024_06_11,-1,-0.0,0,-171.5,-5.75,-10.0,-10.0,-12.25,-18.0,-20.0,-43.25,-43.25,-62.0
2024_06_11,1,161.75,195,0.0,30.75,27.5,27.5,33.25,29.25,25.5,101.0,161.75,161.75
2024_06_11,1,123.5,160,0.0,7.25,7.25,6.25,24.0,24.0,24.0,62.75,123.5,123.5
2024_06_11,1,32.0,95,-33.0,-6.0,-6.0,-6.0,-18.25,-18.25,-18.25,-28.75,32.0,32.0
2024_06_11,-1,18.25,26,-46.75,6.75,3.75,5.75,6.25,2.25,-1.75,-12.5,-23.25,-46.5
2024_06_11,-1,-0.0,0,-57.0,-7.25,-7.25,-12.25,-12.25,-20.25,-20.25,-33.5,-44.5,-57.0
2024_06_11,1,14.5,7,-1.0,14.5,14.5,14.5,14.5,14.5,14.5,14.5,14.5,14.5
2024_06_12,-1,-0.0,0,-207.75,-24.25,-24.25,-24.25,-24.25,-24.25,-24.25,-37.75,-48.5,-66.0
2024_06_12,1,161.5,346,-3.75,68.75,68.75,68.75,58.25,58.25,96.25,86.5,77.75,52.0
2024_06_12,-1,58.75,286,-79.75,-7.5,-7.5,-15.5,-15.5,-22.75,-22.75,-14.25,-25.75,-31.75
2024_06_12,-1,61.0,221,-77.5,-2.5,-2.5,-6.25,-9.5,-4.25,-7.5,-17.25,-5.5,-29.5
2024_06_12,-1,51.5,189,-87.0,-5.75,-5.75,-8.25,-7.25,-13.75,-17.0,-26.75,-15.0,-39.0
2024_06_12,-1,64.5,121,-74.0,12.25,12.25,12.25,7.0,-1.25,-1.25,14.0,-2.0,-26.0
2024_06_12,1,73.0,82,-65.5,-26.5,-26.5,-26.5,-26.5,-26.5,-26.5,-36.5,-45.25,-43.5
2024_06_12,-1,49.75,90,-88.75,-11.25,-11.25,-11.25,16.25,3.5,3.5,-0.75,-16.75,-40.75
2024_06_12,1,82.25,57,-56.25,6.5,6.5,6.5,6.5,6.5,1.25,-17.25,-17.25,-34.25
2024_06_12,-1,39.0,56,-99.5,-27.0,-27.0,-27.0,-27.0,-27.0,-27.0,-27.0,-51.5,-46.25
2024_06_12,1,63.75,40,-74.75,-5.0,-7.5,-25.5,-25.5,-25.5,-25.5,-30.0,-42.75,-12.75
2024_06_12,-1,44.75,6,-46.5,-12.5,-12.5,-12.5,-12.5,6.0,6.0,6.0,1.5,-16.25
2024_06_12,-1,12.75,1,-76.75,5.5,5.5,3.0,-10.25,-10.25,-10.25,-19.5,-28.75,-55.25
2024_06_12,1,14.25,19,-59.0,-6.25,-6.25,-14.25,-14.25,-34.75,-34.75,-34.75,-47.0,14.25
2024_06_12,-1,-0.0,0,-62.0,-4.0,-6.5,-62.0,-62.0,-62.0,-62.0,-62.0,-62.0,-62.0
2024_06_13,1,16.0,7,-135.75,-9.0,-9.0,-9.0,-19.25,-19.25,-4.5,-18.75,-29.5,-55.75
2024_06_13,-1,100.0,135,-20.0,12.0,12.0,12.0,52.5,45.5,45.5,32.0,23.0,4.75
2024_06_13,1,52.25,311,-67.75,-7.0,-7.0,-11.75,-11.75,-11.75,-11.75,-23.75,-9.25,-32.0
2024_06_13,-1,61.75,81,-58.25,-10.0,-10.0,-10.0,-14.25,-16.0,-22.0,-23.75,-33.5,1.0
2024_06_13,1,36.75,262,-83.25,7.25,7.25,7.25,4.25,-2.0,-13.25,-24.75,-24.75,-47.5
2024_06_13,-1,35.75,10,-84.25,-4.5,-11.0,-11.0,18.0,18.0,8.5,2.25,-10.75,-25.0
2024_06_13,1,83.75,198,-29.0,-9.25,-9.25,-9.25,-20.25,-20.25,-20.25,-29.0,71.5,71.5
2024_06_13,1,45.5,151,-27.75,-8.25,-8.25,-8.25,-13.75,-18.25,-21.75,12.25,33.25,33.25
2024_06_13,-1,-0.0,0,-63.0,-11.5,-11.5,-11.5,-17.75,-17.75,-21.0,-30.5,-40.5,-62.5
2024_06_13,1,42.0,110,-5.25,-1.25,-5.25,-5.25,17.0,11.25,11.25,8.75,29.75,29.75
2024_06_13,1,30.5,26,-2.75,7.75,7.25,7.25,-2.75,-2.75,-2.75,-2.75,18.25,18.25
2024_06_14,1,110.75,395,-16.75,-16.75,-16.75,-16.75,-16.75,-16.75,-16.75,31.0,18.25,5.25
2024_06_14,1,60.0,358,-59.0,-16.0,-16.0,-16.0,-16.0,-16.0,-23.25,-32.5,-25.75,-45.5
2024_06_14,1,56.25,343,-62.75,2.75,2.75,2.75,2.75,-7.5,-7.5,-29.5,-29.5,-49.25
2024_06_14,1,84.0,321,-35.0,-7.0,-7.0,13.0,13.0,7.25,6.5,-3.75,-14.75,-35.0
2024_06_14,1,70.75,246,-14.75,11.75,11.75,11.75,7.0,4.0,-2.25,-11.0,69.0,69.0
2024_06_14,-1,13.75,6,-71.75,5.25,5.25,5.25,0.75,-2.25,-10.25,-18.25,-27.5,-46.5
2024_06_14,1,27.0,169,-27.75,-4.0,-14.0,-14.0,-14.0,-14.5,-14.5,-20.5,25.25,25.25
2024_06_14,1,41.5,125,-13.25,1.25,8.0,8.0,-2.5,-2.5,-4.5,39.75,39.75,39.75
2024_06_14,-1,14.5,14,-40.25,-6.25,-6.25,-14.25,-14.25,-15.25,-7.25,-19.75,-25.5,-38.5
2024_06_14,1,38.5,86,-10.5,-7.5,-7.5,-8.75,10.5,7.5,1.5,36.75,36.75,36.75
2024_06_14,-1,1.25,1,-38.25,-5.75,-5.75,-7.0,-19.75,-19.75,-19.75,-37.25,-36.5,-36.5
2024_06_14,1,1.0,6,-5.0,-5.0,-0.75,-0.75,-0.75,-0.75,-0.75,-0.75,-0.75,-0.75
2024_06_17,1,305.25,280,-51.75,-6.0,-6.0,-6.0,-18.25,-18.25,-18.25,-36.0,-38.25,243.5
2024_06_17,-1,31.5,15,-325.5,-7.5,-7.5,-7.5,-8.75,-13.0,7.5,-2.5,-14.5,-35.5
2024_06_17,1,304.25,245,-27.25,8.75,12.75,12.75,7.25,4.25,-5.75,-15.25,-21.75,242.5
2024_06_17,1,290.5,213,-22.0,-2.0,-11.25,-11.25,-11.25,-14.5,-20.25,244.25,244.25,228.75
2024_06_17,-1,85.25,116,-10.75,17.5,17.5,17.5,17.5,10.75,4.75,-3.25,-10.75,71.25
2024_06_17,1,7.5,2,-88.5,1.0,1.0,-1.5,-6.0,-12.5,-12.5,-25.0,-35.0,-55.0
2024_06_17,-1,74.5,32,-4.5,-4.5,20.25,20.25,60.5,60.5,60.5,60.5,60.5,60.5
2024_06_18,-1,61.25,103,-36.5,-16.75,-16.75,-16.75,-16.75,-16.75,-22.0,-12.0,18.75,-0.0
2024_06_18,1,21.0,217,-76.75,-0.75,-5.75,-5.75,-19.75,-19.75,-19.75,-32.25,-38.0,-57.75
2024_06_18,-1,62.75,38,-35.0,-2.25,16.5,16.5,16.5,12.5,36.0,26.75,20.25,1.5
2024_06_18,-1,4.0,8,-51.75,-3.75,-6.5,-4.0,-10.0,-12.5,-18.75,-30.5,-41.0,-32.75
2024_06_18,1,31.25,47,-24.5,-5.5,-5.5,-5.5,17.75,15.25,8.0,-3.5,-11.75,12.25
2024_06_18,-1,35.75,3,-2.5,26.25,26.25,26.25,18.25,18.25,14.25,5.75,-1.0,-1.0
2024_06_18,-1,6.5,46,-24.25,-8.0,-8.0,-8.0,-13.25,-16.0,-15.25,-24.25,-22.75,-22.75
2024_06_19,1,2.0,124,-19.25,-3.25,-6.5,-6.5,-13.5,-14.5,-19.25,-14.25,-14.25,-14.25
2024_06_19,-1,9.75,5,-11.5,5.5,2.0,1.5,-3.25,-6.25,-11.0,4.75,4.75,4.75
2024_06_19,-1,12.75,57,-2.25,5.5,3.5,1.5,11.0,11.0,11.0,11.0,11.0,11.0
2024_06_19,1,1.0,8,-8.25,-4.25,-8.25,-8.25,-6.5,-6.5,-6.5,-6.5,-6.5,-6.5
2024_06_20,-1,257.25,247,-39.0,4.75,4.75,4.75,4.75,-5.5,-5.5,-11.75,-25.5,32.5
2024_06_20,-1,269.5,226,-4.75,-4.25,-3.0,-3.0,92.5,92.5,78.25,78.25,66.25,44.75
2024_06_20,1,45.25,27,-218.25,2.75,-10.75,-10.75,-10.75,-10.75,24.5,14.75,4.0,-25.25
2024_06_20,-1,230.0,130,-13.25,-4.0,-4.0,-4.0,-6.5,-13.25,12.25,145.25,133.5,115.0
2024_06_20,-1,238.75,114,-0.0,28.5,28.5,28.5,28.5,28.5,21.0,154.0,142.25,123.75
2024_06_20,1,15.0,3,-115.0,-10.25,-10.25,-10.25,-2.25,-2.25,-11.75,-15.25,-27.75,-52.0
2024_06_20,-1,79.25,36,-32.75,36.5,36.5,36.5,17.0,17.0,17.0,5.25,5.25,10.75
2024_06_20,-1,52.75,14,-59.25,4.5,4.5,4.5,38.75,25.25,25.25,22.75,11.0,-15.75
2024_06_20,1,55.75,19,-44.0,-8.75,-8.75,-8.75,-14.75,31.25,31.25,25.5,14.25,-5.0
2024_06_20,-1,61.25,48,-27.0,-6.75,-6.75,-5.0,-13.75,-13.75,23.0,12.25,16.25,0.75
2024_06_20,1,37.5,24,-7.5,18.75,18.75,18.75,0.5,0.5,0.5,-7.5,10.75,10.75
2024_06_20,-1,6.25,2,-13.75,-1.25,-1.25,-4.5,-11.0,-11.0,-13.75,-2.5,-2.5,-2.5
2024_06_20,1,2.75,4,-10.75,-3.5,-3.5,-10.75,-10.75,-8.5,-8.5,-8.5,-8.5,-8.5
2024_06_21,-1,76.25,22,-74.5,-27.0,-27.0,-27.0,-27.0,-27.0,-27.0,44.75,19.5,9.5
2024_06_21,1,84.0,107,-37.75,12.0,12.0,12.0,7.25,5.5,-10.5,-10.5,-25.25,-37.75
2024_06_21,-1,23.25,9,-98.5,0.25,10.5,10.5,10.5,5.5,-0.5,-8.75,-28.25,-41.25
2024_06_21,1,74.5,69,-42.25,-8.75,-8.75,-8.75,-17.0,-17.0,9.5,1.75,-2.5,10.5
2024_06_21,-1,35.75,124,-81.0,-5.5,-5.5,-5.5,-5.5,-6.5,-14.25,-27.0,-35.0,-54.25
2024_06_21,1,16.75,9,-100.0,-1.0,4.75,4.75,1.25,-3.25,-3.25,-15.25,-27.25,-47.25
2024_06_21,-1,90.75,70,-6.25,0.5,-3.25,-3.25,-6.25,21.75,21.75,59.75,48.75,30.5
2024_06_21,-1,52.5,40,-7.75,-3.25,4.25,4.25,-0.75,-6.25,-6.25,21.5,10.5,-7.75
2024_06_21,1,33.0,118,-19.75,-5.75,-9.25,-9.25,-16.75,-16.75,1.0,1.0,31.0,31.0
2024_06_21,1,22.5,77,-13.5,-9.5,-9.5,-9.5,-11.0,-13.5,-5.25,-9.5,20.5,20.5
2024_06_24,1,57.75,37,-197.5,6.0,6.0,6.0,6.0,6.0,-1.75,-7.5,-19.0,-37.75
2024_06_24,-1,154.0,379,-101.25,-13.0,-13.0,-13.0,-13.0,-18.5,-26.25,-13.0,-20.25,-48.25
2024_06_24,1,34.5,9,-220.75,11.25,11.25,11.25,11.25,11.25,6.75,-1.5,-8.25,-29.5
2024_06_24,-1,191.25,335,-8.5,18.75,18.75,18.75,18.75,18.75,9.25,-8.25,-8.25,27.75
2024_06_24,1,27.75,21,-163.5,-2.75,-2.75,-2.75,-9.25,-3.0,-6.25,-8.0,-18.0,-32.75
2024_06_24,-1,151.5,275,-35.5,-22.5,-22.5,-22.5,-22.5,-22.5,-22.5,-30.0,78.25,56.25
2024_06_24,1,12.5,18,-171.5,-2.75,-4.75,-8.25,-9.25,-14.75,-9.5,-23.0,-27.75,-65.75
2024_06_24,-1,159.75,203,-0.25,3.0,3.0,3.0,37.5,37.5,32.25,59.25,86.5,64.5
2024_06_24,1,19.75,69,-91.5,-12.5,-12.5,-12.5,-12.5,-18.0,-23.5,-31.0,-42.0,-44.0
2024_06_24,-1,55.75,107,-55.5,1.0,1.0,-1.75,7.25,7.25,-1.25,-7.5,-17.5,-39.5
2024_06_24,1,38.0,20,-73.25,9.0,9.0,9.0,25.0,18.0,18.0,3.0,-8.5,-25.75
2024_06_24,1,16.0,5,-95.25,4.75,4.75,4.75,3.0,-4.0,-4.0,-19.0,-30.5,-47.75
2024_06_24,-1,81.25,22,-0.0,29.75,29.75,29.75,37.25,63.0,58.0,60.25,60.25,60.25
2024_06_24,1,0.0,0,-5.5,-5.5,-5.5,-5.5,-5.5,-5.5,-5.5,-5.5,-5.5,-5.5
2024_06_25,-1,27.0,6,-157.5,-4.0,17.5,17.5,7.75,7.75,-1.25,-5.0,-14.75,-34.75
2024_06_25,1,131.0,329,-10.0,-10.0,-10.0,-10.0,22.5,22.5,22.5,12.75,6.0,46.75
2024_06_25,-1,21.75,131,-118.75,-0.25,-0.25,-1.75,-4.5,-13.5,-13.5,-28.0,-40.25,-59.75
2024_06_25,1,45.25,217,-95.25,17.25,17.25,13.75,13.75,7.5,2.5,-9.25,-20.25,-39.0
2024_06_25,-1,92.75,49,-47.75,-1.25,-1.25,-1.25,1.25,1.25,69.25,59.0,52.25,32.5
2024_06_25,1,96.25,133,-5.75,-5.75,0.0,0.0,1.0,63.5,60.0,36.25,36.25,78.0
2024_06_25,-1,-0.0,0,-50.5,-6.75,-6.75,-11.5,-14.0,-18.5,-20.0,-31.0,-45.75,-32.25
2024_06_25,1,35.75,14,0.0,14.5,25.0,25.0,20.0,15.75,15.75,3.5,17.5,17.5
2024_06_25,-1,9.5,3,-15.25,2.0,2.0,-1.5,-3.25,-15.25,-15.25,-5.0,-5.0,-5.0
2024_06_25,1,0.0,0,-4.5,-4.5,-2.25,-2.25,-2.25,-2.25,-2.25,-2.25,-2.25,-2.25
2024_06_26,1,79.25,142,-30.0,-14.5,-14.5,-14.5,-14.5,-25.75,-25.75,17.5,9.25,-1.25
2024_06_26,-1,42.5,42,-66.75,-16.25,-16.25,-16.25,-16.25,-16.25,-24.75,-31.75,-46.75,-17.5
2024_06_26,1,46.75,62,-62.5,13.75,13.75,12.0,-5.25,-5.25,-5.25,-10.25,-23.0,-42.75
2024_06_26,-1,53.0,8,-56.25,44.0,44.0,44.0,27.0,27.0,27.0,15.75,-1.75,-7.0
2024_06_26,1,60.0,33,-40.0,1.0,-3.75,-3.75,-7.5,-10.25,-15.5,28.5,20.0,-7.25
2024_06_26,-1,20.5,192,-79.5,-6.0,-6.0,-10.25,-17.0,-17.0,-20.25,-33.25,-34.0,-55.5
2024_06_26,1,63.75,181,-36.25,5.5,4.5,-0.75,-0.75,-5.0,-16.25,-16.25,-23.75,-36.25
2024_06_26,-1,35.5,178,-64.5,-9.75,-9.75,-9.75,-10.0,-18.25,-18.25,-7.5,-19.0,-40.5
2024_06_26,1,55.25,159,-44.75,-7.5,-7.5,-24.75,-24.75,-24.75,-24.75,-32.25,-27.5,-44.75
2024_06_26,-1,32.0,160,-68.0,4.25,4.25,1.0,-4.75,-6.75,-11.0,-22.5,-13.5,-44.0
2024_06_26,1,58.25,128,-41.75,-2.25,0.0,0.0,0.0,0.0,-3.75,-15.5,-24.5,-41.75
2024_06_26,-1,26.25,79,-73.75,-6.0,-6.0,-15.75,-15.75,-18.25,-20.75,-12.0,-19.25,-49.75
2024_06_26,1,44.75,67,-55.25,-9.25,-9.25,-9.25,-12.75,-21.75,-21.75,-30.25,-40.5,-55.25
2024_06_26,-1,25.0,62,-75.0,5.25,2.25,2.25,7.25,4.25,-3.5,-13.25,-20.5,-51.0
2024_06_26,-1,49.0,15,-51.0,-4.0,-4.0,-4.0,-10.5,-10.5,-27.0,-27.0,-39.75,25.25
2024_06_26,1,24.0,2,-76.0,15.25,15.25,15.25,2.5,2.5,2.5,-19.75,-19.75,-76.0
2024_06_26,-1,-0.0,0,-48.25,-16.75,-16.75,-16.75,-16.75,-16.75,-37.5,-37.5,-42.75,-22.5
2024_06_27,-1,117.0,111,-36.0,-12.5,-12.5,-12.5,-12.5,30.75,30.75,19.75,4.5,-13.75
2024_06_27,1,22.25,1,-130.75,6.0,6.0,6.0,6.0,6.0,-3.25,-17.75,-17.75,-44.25
2024_06_27,-1,104.25,63,-14.75,-6.0,-6.0,-14.75,-14.75,-12.75,32.25,73.25,62.0,39.25
2024_06_27,1,68.0,242,-6.75,10.25,14.0,14.0,31.25,20.5,20.5,4.75,4.75,-6.5
2024_06_27,-1,35.5,174,-39.25,-6.5,-6.5,-8.75,-0.75,-4.0,-9.5,-22.25,-7.5,-31.75
2024_06_27,1,17.0,151,-57.75,-5.0,-5.0,-5.0,-8.25,-12.25,-20.0,-46.25,-46.25,-57.5
2024_06_27,-1,33.0,115,-41.75,23.75,23.75,23.75,14.75,14.75,12.25,-2.75,-10.0,-34.25
2024_06_27,1,39.25,72,-35.5,2.0,0.25,11.75,8.75,1.75,1.75,-12.5,-24.0,32.25
2024_06_27,1,29.75,41,-45.0,-0.25,-0.25,-3.5,-8.0,-10.5,-22.0,-26.5,-45.0,22.75
2024_06_27,-1,26.75,5,-48.0,-0.0,-0.0,-0.0,-0.0,-0.0,-0.0,-19.5,-19.5,-40.5
2024_06_27,1,7.75,3,-4.5,-4.5,0.75,0.75,0.75,0.75,0.75,0.75,0.75,0.75
2024_06_28,-1,137.75,362,-214.25,-9.0,-9.0,-9.0,-9.0,-9.0,-29.5,-29.5,-36.25,-53.0
2024_06_28,1,161.25,30,-190.75,4.5,24.75,24.75,143.0,143.0,130.25,130.25,113.0,94.75
2024_06_28,-1,294.0,296,-1.75,24.25,24.25,20.0,9.0,9.0,9.0,82.0,139.0,147.25
2024_06_28,-1,170.5,246,-38.25,-10.0,-10.0,-10.0,-19.25,-19.25,-33.0,-33.0,15.5,23.75
2024_06_28,-1,121.75,176,-36.75,31.5,31.5,31.5,27.0,20.75,20.75,8.0,-2.75,-25.0
2024_06_28,1,18.5,15,-140.0,0.0,0.0,3.0,3.0,-1.5,-1.5,-13.75,-38.0,-41.5
2024_06_28,1,28.5,44,-126.25,8.75,8.75,8.75,1.75,1.75,-3.5,-24.25,-24.25,-32.75
2024_06_28,-1,120.75,108,-34.0,-5.25,-6.75,-8.25,-25.5,-25.5,-25.5,-34.0,78.75,59.0
2024_06_28,-1,126.75,72,-0.0,16.25,16.25,16.25,6.5,6.5,101.5,96.5,84.75,65.0
2024_06_28,1,0.0,0,-81.0,-17.75,-17.75,-17.75,-17.75,-17.75,-33.25,-33.25,-45.75,-64.25
2024_06_28,1,0.0,0,-65.5,-17.75,-17.75,-17.75,-17.75,-17.75,-30.25,-30.25,-44.25,-65.5
2024_06_28,-1,-0.0,0,-36.5,-12.5,-12.5,-12.5,-12.5,-16.75,-23.75,-36.5,-29.75,-29.75
2024_06_28,1,4.0,1,0.0,4.0,4.0,4.0,4.0,4.0,4.0,4.0,4.0,4.0
2024_07_01,-1,155.75,43,-93.75,24.25,24.25,24.25,24.25,24.25,22.0,7.25,87.5,63.0
2024_07_01,-1,92.75,14,-156.75,-5.0,-2.0,-2.0,-8.25,-8.25,69.75,45.75,45.75,16.75
2024_07_01,1,154.0,350,-95.5,2.0,-32.0,-32.0,-32.0,-32.0,-32.0,-32.0,-63.0,-63.0
2024_07_01,-1,28.5,2,-221.0,16.5,16.5,16.5,16.5,5.5,5.5,-18.5,-18.5,-47.5
2024_07_01,1,147.0,331,-57.0,6.5,6.5,4.0,-9.75,-9.75,-9.75,-21.25,-46.25,-47.0
2024_07_01,-1,41.75,12,-162.25,-2.5,-2.5,-2.5,-2.5,-2.5,-6.5,8.0,-8.0,-18.5
2024_07_01,1,127.0,282,-27.5,-4.25,-6.75,-11.25,-12.0,-25.25,-25.25,48.5,39.0,42.0
2024_07_01,-1,15.75,19,-72.25,-4.25,-7.75,-7.75,-11.5,-1.0,-5.0,-17.0,-25.75,-44.25
2024_07_01,-1,-0.0,0,-88.0,-7.25,-7.25,-16.75,-16.75,-16.75,-20.75,-32.75,-41.5,-60.0
2024_07_01,1,69.75,128,-15.5,-4.75,-5.25,-15.5,-15.5,-15.5,27.0,12.75,6.0,-15.25
2024_07_01,1,71.75,111,-13.25,23.0,23.0,23.0,23.0,29.0,29.0,14.75,8.0,-13.25
2024_07_01,-1,29.0,59,-56.0,13.5,10.25,10.25,2.25,2.25,-2.5,-17.25,-22.25,-35.25
2024_07_01,1,36.25,45,-48.75,-2.0,-2.0,-2.0,-4.75,-14.25,-14.25,-25.75,-48.75,7.0
2024_07_01,-1,-0.0,0,-85.0,-8.75,-8.75,-8.75,-15.75,-22.5,-22.5,-34.5,-40.75,-64.25
2024_07_01,1,48.75,16,-10.75,-4.5,-4.5,-9.0,-9.0,27.5,27.5,19.5,19.5,19.5
2024_07_02,1,249.5,388,0.0,7.25,7.25,7.25,0.5,0.5,53.75,53.75,43.25,21.0
2024_07_02,-1,-0.0,0,-211.0,-13.5,-13.5,-13.5,-13.5,-30.5,-30.5,-30.5,-45.25,-68.25
2024_07_02,1,161.0,319,-23.5,-17.0,-17.0,-17.0,-17.0,-17.0,-22.5,-8.0,-8.0,-8.5
2024_07_02,-1,21.75,52,-158.5,-29.0,-29.0,-29.0,-29.0,-29.0,-29.0,-29.0,-41.25,-48.25
2024_07_02,1,117.25,269,-63.0,0.75,-7.25,-7.25,-7.25,-11.25,-12.25,-22.25,-32.0,-52.25
2024_07_02,-1,40.75,18,-139.5,28.25,28.25,28.25,21.25,22.75,14.0,8.0,-0.0,-29.25
2024_07_02,1,151.0,210,-4.0,-4.0,-2.5,71.5,66.0,107.5,112.25,143.25,143.25,143.25
2024_07_02,1,68.75,132,-3.0,-3.0,21.25,19.0,26.25,25.25,30.0,61.0,61.0,61.0
2024_07_02,1,24.75,6,0.0,14.0,14.0,14.0,11.5,8.75,17.0,17.0,17.0,17.0
2024_07_03,1,175.5,212,-14.5,-3.75,-3.75,-3.75,-14.5,-14.5,-14.5,-9.0,116.75,162.5
2024_07_03,1,119.25,118,0.0,4.5,30.5,30.5,28.0,19.25,19.25,76.75,60.5,106.25
2024_07_03,1,96.0,85,-5.0,-5.0,72.0,72.0,68.25,68.25,61.0,53.5,37.25,83.0
2024_07_03,-1,20.0,36,-38.75,-4.5,-6.5,-16.25,-16.25,-16.25,-20.5,-29.0,-21.25,-25.75
2024_07_03,-1,33.25,13,-25.5,5.25,1.25,1.25,-4.0,14.0,5.5,-0.5,-8.0,-12.5
2024_07_04,-1,31.25,77,-0.0,6.75,22.75,20.75,18.25,15.0,10.75,20.25,20.25,20.25
2024_07_04,1,13.25,34,-5.5,9.25,6.75,4.25,-2.0,-3.75,1.25,1.25,1.25,1.25
2024_07_04,-1,7.0,22,-5.25,-4.75,0.5,-1.25,-5.25,0.25,0.25,0.25,0.25,0.25
2024_07_04,1,4.25,10,-3.25,-2.25,-2.0,-1.25,-1.25,-1.25,-1.25,-1.25,-1.25,-1.25
2024_07_05,1,174.5,382,-27.75,-12.25,-12.25,-12.25,-12.25,5.5,5.5,-17.0,-17.0,16.5
2024_07_05,1,191.5,369,-10.75,-10.75,-10.75,-10.75,81.0,54.75,54.75,54.75,54.75,33.5
2024_07_05,1,164.5,364,-9.25,-9.25,-9.25,-9.25,54.0,27.75,27.75,27.75,27.75,6.5
2024_07_05,-1,13.0,3,-156.25,4.75,4.75,4.75,-8.5,-8.5,-8.5,-17.75,-27.0,-48.75
2024_07_05,1,125.25,319,-13.25,-12.75,-12.75,-12.75,-12.75,18.0,12.25,70.25,100.75,100.75
2024_07_05,1,33.75,237,-24.75,-7.0,-7.0,-11.0,-14.5,-20.5,-20.5,-21.25,9.25,9.25
2024_07_05,1,42.75,223,-15.75,7.0,7.0,9.5,7.5,0.75,0.75,-12.25,18.25,18.25
2024_07_05,-1,18.5,31,-40.0,0.5,0.5,-2.25,2.75,2.0,-2.75,-13.25,-23.5,-15.5
2024_07_05,1,18.75,149,-21.5,-8.0,-8.0,-8.0,3.5,-5.5,-5.5,-15.5,-5.75,-5.75
2024_07_05,-1,15.25,7,-25.0,5.0,5.0,5.0,1.75,-3.0,-5.0,-18.5,-25.0,-0.5
2024_07_05,-1,11.75,49,-19.5,-8.0,-8.0,-8.0,-13.0,-16.5,-19.5,5.0,5.0,5.0
2024_07_05,1,3.5,1,-27.75,-5.25,-5.25,-5.25,-11.5,-20.5,-20.5,-27.75,-21.0,-21.0
2024_07_05,-1,7.25,6,-0.0,2.75,0.5,0.5,0.5,0.5,0.5,0.5,0.5,0.5
2024_07_08,-1,34.75,87,-58.5,-11.75,-11.75,-11.75,-11.75,-11.75,-18.25,-18.25,-18.25,-34.5
2024_07_08,1,79.5,366,-13.75,20.5,20.5,20.0,11.75,11.75,3.25,-11.0,-11.0,72.0
2024_07_08,1,64.0,362,-29.25,5.0,5.0,4.5,-3.75,-3.75,-12.25,-26.5,-26.5,56.5
2024_07_08,-1,18.25,36,-75.0,-4.0,-6.0,-12.0,-12.0,-17.5,-20.0,-12.0,-24.5,-51.0
2024_07_08,1,59.5,296,-13.75,30.25,22.25,22.25,22.25,14.75,14.75,-5.5,-5.5,52.0
2024_07_08,-1,8.25,28,-65.0,-6.5,-6.5,-4.0,-14.0,-14.0,-12.0,-22.75,-32.0,-54.0
2024_07_08,1,53.0,193,-17.0,-0.5,-6.25,-6.25,-1.25,11.75,11.75,0.75,-14.25,45.5
2024_07_08,-1,28.75,55,-41.25,-4.5,-8.0,-8.0,-2.25,-9.0,-9.0,-2.25,-20.0,-34.0
2024_07_08,1,32.25,101,-37.75,-3.0,-13.0,-13.0,-13.0,-17.0,-19.5,-35.0,24.75,24.75
2024_07_08,-1,18.25,13,-51.75,-3.75,12.0,7.25,1.75,1.75,-4.25,-12.75,-30.5,-44.5
2024_07_08,-1,10.25,12,-58.0,-4.0,-7.75,-7.75,-2.25,-10.5,-10.5,-20.25,-36.75,-50.75
2024_07_08,1,21.25,12,-12.5,-1.75,-1.75,-5.0,-12.5,-12.5,13.75,13.75,13.75,13.75
2024_07_08,1,22.5,6,0.0,17.25,12.0,12.0,10.5,15.0,15.0,15.0,15.0,15.0
2024_07_09,1,27.75,35,-112.0,-6.0,-6.0,-1.0,-1.0,-6.0,3.75,-12.5,-13.75,-36.25
2024_07_09,1,22.5,4,-117.25,13.5,13.5,1.25,1.25,1.25,1.25,-19.0,-19.0,-41.5
2024_07_09,-1,75.75,178,-41.75,-24.5,-24.5,-24.5,-24.5,-24.5,-24.5,-27.5,-32.0,15.75
2024_07_09,1,0.0,0,-112.0,-16.25,-16.25,-16.25,-16.25,-16.25,-20.25,-35.0,-40.25,-70.5
2024_07_09,-1,77.5,138,-17.5,-6.5,-6.5,-4.0,-4.0,-6.0,-0.75,-9.25,10.5,17.5
2024_07_09,-1,75.75,51,-0.0,1.75,19.5,19.5,19.5,25.25,25.25,14.25,8.75,15.75
2024_07_09,-1,27.25,7,-34.25,6.5,21.25,12.5,12.5,5.5,5.5,-3.25,-15.25,-32.75
2024_07_09,1,32.25,128,-5.75,9.5,4.5,4.5,-1.25,-0.75,-5.25,28.0,28.0,28.0
2024_07_09,-1,6.25,1,-31.75,-3.0,-3.0,-3.0,-8.5,-12.0,-14.25,-24.0,-27.5,-27.5
2024_07_09,-1,9.5,32,-16.75,1.0,1.0,-2.5,-6.25,-9.0,-15.25,-12.5,-12.5,-12.5
2024_07_09,1,14.25,39,-12.0,-8.25,-8.25,-8.25,-10.0,10.0,10.0,10.0,10.0,10.0
2024_07_09,1,0.0,0,-8.75,-4.75,-8.75,-8.75,-4.25,-4.25,-4.25,-4.25,-4.25,-4.25
2024_07_10,-1,33.5,89,-171.75,6.0,6.0,6.0,-2.5,-2.5,-11.75,-19.5,-32.75,-50.0
2024_07_10,1,148.0,352,-57.25,9.5,13.5,13.5,13.5,6.0,6.0,-4.5,-13.75,-34.25
2024_07_10,-1,46.25,39,-159.0,-10.5,-10.5,-10.5,-19.5,-19.5,23.5,14.75,4.25,-14.75
2024_07_10,-1,7.75,4,-155.5,-0.0,-0.0,-1.25,-5.5,-9.75,-14.25,-24.25,-42.75,-52.25
2024_07_10,1,112.75,212,-2.0,10.0,17.5,17.5,53.25,47.0,42.75,53.5,81.75,81.75
2024_07_10,1,56.0,144,-4.5,-4.5,9.5,8.75,5.75,14.0,12.25,-3.25,25.0,25.0
2024_07_10,-1,15.5,2,-43.75,6.0,6.0,6.0,1.75,-0.75,-5.0,-16.0,-28.5,-12.75
2024_07_10,1,39.75,22,0.0,11.0,6.75,6.75,25.5,20.0,17.25,8.5,8.75,8.75
2024_07_10,1,6.0,2,-27.0,-6.25,-6.25,-11.75,-11.75,-11.75,-14.5,-24.0,-23.0,-23.0
2024_07_10,-1,5.5,5,-0.25,1.5,1.5,1.5,1.5,1.5,1.5,1.5,1.5,1.5
2024_07_11,-1,504.5,273,-8.5,-1.25,-1.25,-1.25,-1.25,-7.75,-7.75,-8.5,15.75,358.0
2024_07_11,-1,482.0,253,-9.25,24.0,24.0,24.0,13.25,13.25,13.25,-6.75,-6.75,335.5
2024_07_11,-1,220.5,170,-25.75,-25.75,-25.75,-25.75,-25.75,-25.75,-25.75,62.75,62.75,74.0
2024_07_11,-1,133.0,136,-24.75,-10.5,-10.5,-10.5,14.75,14.75,14.75,14.75,4.75,-13.5
2024_07_11,1,23.0,29,-134.75,4.25,4.25,3.5,-5.0,-5.0,-29.0,-29.0,-29.0,-43.25
2024_07_11,-1,96.25,100,-61.5,-7.0,-7.0,-17.5,-17.5,-17.5,-37.5,-37.5,-41.25,-61.5
2024_07_11,-1,117.0,77,-0.0,32.25,32.25,32.25,39.75,39.75,36.0,38.0,21.0,57.0
2024_07_11,1,16.0,102,-97.0,-9.0,-9.0,-9.0,-18.25,-18.25,-19.75,-28.25,-34.25,-58.25
2024_07_11,-1,31.0,17,-82.0,-12.0,-12.0,-12.0,-12.0,10.75,10.75,-6.75,-11.25,-29.0
2024_07_11,1,63.5,43,-16.75,5.75,-1.25,-1.25,-12.75,-12.75,-12.75,30.0,17.75,1.75
2024_07_11,-1,27.5,32,-43.75,0.25,0.25,-0.25,-8.5,-8.5,-12.75,-28.0,-37.25,3.25
2024_07_11,1,4.5,12,-56.5,-4.0,-20.0,-20.0,-20.0,-20.0,-20.0,-25.75,-43.25,-56.5
2024_07_11,-1,-0.0,0,-31.25,-5.75,-9.0,-9.0,-15.25,-31.25,-31.25,-31.25,-14.5,-14.5
2024_07_12,1,285.25,265,-15.0,-14.25,-14.25,-14.25,-14.25,-11.0,-11.0,87.25,87.25,140.5
2024_07_12,-1,119.25,291,-103.75,-1.25,-7.25,-7.25,-19.25,-19.25,-19.25,-27.0,36.5,15.0
2024_07_12,1,96.0,121,-127.0,-8.0,-8.0,-8.0,-21.0,-21.0,-21.0,-48.75,-48.75,-57.25
2024_07_12,-1,69.75,230,-153.25,-21.0,-21.0,-21.0,-21.0,-21.0,-21.0,-3.0,-13.0,-34.5
2024_07_12,-1,65.0,196,-158.0,-17.75,-17.75,-17.75,-17.75,-17.75,-24.25,-35.0,-41.0,-60.0
2024_07_12,1,112.25,52,-110.75,18.0,17.25,95.0,95.0,95.0,88.25,82.0,70.25,50.0
2024_07_12,-1,198.25,96,-1.0,-1.0,-1.0,16.75,16.75,11.75,8.5,151.25,151.25,175.25
2024_07_12,1,2.25,16,-191.5,-3.75,-12.5,-12.5,-12.5,-15.75,-19.0,-30.75,-41.25,-59.25
2024_07_12,1,8.5,6,-185.25,-4.25,-4.25,-4.25,-4.25,-7.5,-12.75,-24.5,-35.0,-53.0
2024_07_12,-1,165.25,37,-0.25,7.5,7.5,4.25,41.0,41.0,118.25,118.25,118.25,142.25
2024_07_15,1,195.75,97,-89.0,-8.25,-8.25,-8.25,20.75,2.0,2.0,2.0,155.5,135.0
2024_07_15,-1,123.75,364,-161.0,13.25,13.25,13.25,13.25,13.25,13.25,-1.75,-5.0,-31.5
2024_07_15,1,133.75,76,-151.0,-7.25,-7.25,3.0,-2.75,-7.5,109.0,99.5,93.5,73.0
2024_07_15,-1,242.25,264,-0.0,10.0,10.0,10.0,31.5,25.5,25.5,15.5,97.75,140.0
2024_07_15,1,16.25,1,-143.0,11.5,-1.25,-1.25,-1.25,-1.25,-7.5,-13.75,-36.0,-48.75
2024_07_15,-1,94.25,171,-43.0,-9.25,-9.25,-9.25,-6.5,-6.5,-6.5,-22.5,-29.0,-8.0
2024_07_15,1,14.0,114,-116.25,-10.0,-10.0,-10.0,-23.0,-23.0,-23.0,-47.5,-47.5,-62.5
2024_07_15,-1,65.5,138,-64.75,-9.5,-9.5,-9.5,-0.25,-10.25,-10.25,-13.5,-17.25,-36.75
2024_07_15,1,58.5,53,-71.75,40.5,40.5,15.0,15.0,15.0,15.0,15.0,5.75,-11.5
2024_07_15,-1,80.5,70,-49.75,-3.5,-3.5,-7.0,-15.5,-15.5,-23.5,-28.5,-39.0,16.0
2024_07_15,1,14.5,5,-115.75,6.75,3.5,3.5,-6.5,-6.5,-6.5,-22.75,-34.25,-55.5
2024_07_15,-1,81.5,13,-13.75,25.25,25.25,25.25,25.25,25.25,58.75,28.0,28.0,17.0
2024_07_15,1,22.0,18,-19.25,-14.5,-14.5,-14.5,-14.5,-19.25,20.0,20.0,20.0,20.0
2024_07_16,1,42.25,9,-164.0,10.0,10.0,10.0,10.0,10.0,1.75,12.25,-5.75,-35.25
2024_07_16,1,23.25,3,-183.0,-17.25,-17.25,-17.25,-17.25,-17.25,-6.75,-6.75,-24.75,-54.25
2024_07_16,-1,128.75,163,-30.5,-22.75,-22.75,-22.75,-22.75,-22.75,-22.75,-30.5,61.5,40.5
2024_07_16,1,54.0,314,-85.5,-1.0,-1.0,-5.25,-5.25,-5.25,-20.5,-20.5,0.5,-13.25
2024_07_16,-1,72.25,62,-67.25,12.25,9.25,9.25,2.0,-7.75,-7.75,-16.75,-26.0,11.5
2024_07_16,1,48.0,245,-91.5,-5.5,-5.5,-13.75,-13.75,-17.75,-42.75,-42.75,-42.75,-61.0
2024_07_16,1,57.0,238,-82.5,2.25,2.25,1.0,-2.5,-8.75,-33.75,-33.75,-33.75,-52.0
2024_07_16,-1,52.5,22,-87.0,6.75,6.75,6.75,6.75,27.75,22.5,17.75,7.25,-8.25
2024_07_16,-1,22.75,2,-116.5,-0.75,-0.75,-0.75,-0.75,-0.75,-0.75,-9.25,-22.25,-37.75
2024_07_16,1,85.5,187,-33.25,9.75,9.75,9.75,4.75,-6.5,-6.5,-12.5,-28.5,74.25
2024_07_16,-1,22.25,62,-96.5,-5.75,-8.5,-8.5,-8.5,1.0,1.0,-11.25,-27.75,-48.25
2024_07_16,-1,2.75,2,-116.0,-10.75,-10.75,-10.75,-10.75,-26.25,-26.25,-31.5,-47.25,-67.75
2024_07_16,1,76.75,90,-4.75,-4.75,31.0,31.0,31.0,29.25,32.75,65.5,65.5,65.5
2024_07_17,-1,279.25,388,-27.75,-27.75,-27.75,-27.75,-27.75,-27.75,-27.75,-27.75,-27.75,78.75
2024_07_17,-1,242.25,368,-24.0,-15.0,-15.0,-15.0,-15.0,-24.0,-24.0,71.0,59.75,41.75
2024_07_17,1,24.25,26,-182.5,-7.5,-7.5,-14.25,-14.25,-30.75,-30.75,-30.75,-19.25,-39.0
2024_07_17,-1,166.75,336,-40.0,-2.25,-2.25,-2.25,-2.25,-2.25,-2.25,-10.25,-33.75,-40.0
2024_07_17,1,0.0,0,-197.0,-25.75,-25.75,-25.75,-25.75,-25.75,-25.75,-33.75,-40.75,-60.0
2024_07_17,-1,143.5,308,-33.25,-6.75,-6.75,-6.75,-9.75,-10.5,-10.5,-18.75,-25.5,38.0
2024_07_17,-1,68.0,214,-41.75,-7.5,-7.5,-3.75,-15.0,-15.0,-15.0,-13.75,-13.75,-37.5
2024_07_17,1,31.0,40,-78.75,-5.75,-5.75,-5.75,-5.75,-5.75,-3.0,-24.75,-24.75,-34.75
2024_07_17,-1,71.0,163,-38.75,-8.25,-8.25,-8.25,-12.5,-17.0,-17.0,-29.0,-34.5,-26.75
2024_07_17,1,0.0,0,-109.75,-10.75,-10.75,-10.75,-23.75,-23.75,-23.75,-33.75,-45.25,-65.75
2024_07_17,-1,55.75,128,-46.75,-10.25,-10.25,-10.25,-7.75,-7.75,-16.25,-23.25,-32.5,-42.0
2024_07_17,1,34.75,6,-67.75,16.5,15.0,26.75,22.75,15.5,12.25,4.5,-9.25,-30.25
2024_07_17,-1,51.0,71,-48.25,-14.0,-14.0,-14.0,-14.0,-15.0,-13.25,-20.75,-28.25,-46.75
2024_07_17,-1,49.75,42,-49.5,-4.5,-6.75,-13.5,-13.5,-26.25,-26.25,-34.5,-48.0,16.0
2024_07_17,1,21.0,24,-78.25,3.25,3.25,3.25,3.25,3.25,-1.75,-20.0,-23.0,-42.5
2024_07_17,-1,41.0,2,-0.0,31.25,31.25,31.25,27.5,12.75,12.75,10.0,7.25,7.25
2024_07_18,-1,343.5,342,-4.0,-3.75,-4.0,-4.0,-4.0,50.75,50.75,38.5,46.25,18.5
2024_07_18,-1,280.0,321,-57.25,-17.25,-17.25,-17.25,-17.25,-17.25,-17.25,-17.25,-17.25,-45.0
2024_07_18,1,11.25,2,-326.0,-4.5,-1.0,-1.0,-1.0,-5.25,-11.5,-19.0,-36.5,-67.25
2024_07_18,-1,258.75,283,-0.0,65.5,65.5,65.5,65.5,65.5,65.5,72.5,72.5,56.75
2024_07_18,1,0.0,0,-252.25,-4.5,-10.25,-10.25,-26.25,-26.25,-26.25,-30.25,-44.5,-70.75
2024_07_18,-1,159.25,244,-32.25,59.75,59.75,73.5,94.75,114.75,93.5,93.5,77.5,88.75
2024_07_18,-1,69.5,215,-122.0,-8.75,-8.75,-8.75,-3.5,15.5,15.5,15.5,10.5,-1.0
2024_07_18,-1,35.5,175,-156.0,-7.5,-7.5,-12.5,-12.5,-31.25,-31.25,-31.25,-53.25,-61.25
2024_07_18,1,136.25,204,-55.25,8.0,8.0,8.0,56.0,55.5,55.5,44.0,48.0,60.0
2024_07_18,-1,105.75,143,-85.75,-9.25,-9.25,-9.25,-9.25,-20.5,-20.5,-40.25,-40.25,-54.5
2024_07_18,1,84.5,176,-107.0,-4.0,38.5,25.25,25.25,25.25,8.0,8.0,-3.75,8.25
2024_07_18,-1,122.25,80,-69.25,16.25,16.25,30.25,30.25,25.75,20.75,8.25,43.25,26.25
2024_07_18,1,95.5,49,-96.0,-12.25,-12.25,-12.25,-12.25,-33.25,-33.25,-33.25,-43.5,-61.5
2024_07_18,-1,34.5,2,-157.0,25.25,25.25,25.25,10.25,10.25,10.25,4.25,-13.75,-34.75
2024_07_18,1,145.0,17,0.0,13.5,13.5,13.5,104.25,104.25,104.25,104.25,104.25,64.0
2024_07_18,-1,12.5,1,-37.75,-37.75,-37.75,-37.75,-37.75,-37.75,-37.75,-37.75,-37.75,-27.25
2024_07_18,1,27.0,13,0.0,0.25,0.25,0.25,13.75,11.0,23.0,23.0,23.0,23.0
2024_07_19,-1,186.0,231,-112.75,-17.0,-17.0,-17.0,-17.0,-17.0,-27.5,-51.0,-51.0,-83.25
2024_07_19,-1,227.0,226,-71.75,-18.75,-18.75,-18.75,-18.75,-18.75,-42.25,-42.25,-42.25,-71.75
2024_07_19,1,26.75,12,-242.75,-15.25,-15.25,-15.25,-15.25,-38.25,-38.25,-38.25,-17.25,-42.5
2024_07_19,-1,227.25,214,-42.25,-9.75,-9.75,-9.75,-36.5,-36.5,-36.5,-36.5,-42.25,28.5
2024_07_19,-1,204.75,180,-8.0,0.75,38.5,38.5,38.5,38.5,38.5,39.25,37.0,6.0
2024_07_19,1,8.25,2,-204.5,-0.25,-0.25,-0.25,-12.75,-12.75,-12.75,-31.25,-53.0,-53.0
2024_07_19,-1,134.5,131,-29.0,-0.25,-25.5,-25.5,-25.5,-25.5,-25.5,-26.25,40.0,13.25
2024_07_19,1,68.0,11,-95.5,19.0,19.0,34.5,54.25,41.0,41.0,31.25,24.25,1.5
2024_07_19,-1,132.25,75,-18.75,-18.75,-18.75,-18.75,-18.75,-18.75,66.25,61.0,86.0,69.5
2024_07_19,1,8.5,1,-135.25,2.0,2.0,0.0,-8.0,-8.0,-15.5,-38.25,-38.25,-52.75
2024_07_19,-1,102.5,60,-15.0,15.75,9.5,9.5,36.5,36.5,36.5,31.25,56.25,39.75
2024_07_19,-1,19.0,15,-89.0,-0.5,-0.5,-0.5,-3.75,-10.75,-10.75,-13.5,-28.75,-53.0
2024_07_19,1,53.0,86,-50.0,-10.0,-10.0,-10.0,-10.0,-14.0,-2.0,-9.0,-21.0,-43.75
2024_07_19,-1,20.0,14,-83.0,-2.5,-2.5,8.25,5.25,-0.25,-0.25,-11.5,-20.0,-45.25
2024_07_19,1,54.75,27,-31.25,40.5,27.75,27.75,27.75,27.75,24.75,22.75,10.75,-6.0
2024_07_19,-1,42.0,22,-0.0,19.0,19.0,19.0,14.25,11.5,19.0,5.75,31.5,31.5
2024_07_22,-1,90.0,124,-134.25,-1.5,-1.5,-1.5,-1.5,-1.5,-1.5,-24.0,-24.0,-64.5
2024_07_22,1,99.5,284,-124.75,-2.0,-2.0,-2.0,-2.0,57.75,53.25,25.0,25.0,10.5
2024_07_22,-1,112.25,90,-112.0,-4.25,14.5,14.5,16.25,-5.25,-5.25,-5.25,-16.25,-35.0
2024_07_22,1,70.75,228,-153.5,19.5,19.5,19.5,19.5,19.5,-0.25,-0.25,-15.0,-78.5
2024_07_22,-1,139.25,33,-85.0,-5.0,-10.75,-10.75,-27.75,-27.75,-27.75,-35.0,92.0,78.75
2024_07_22,1,154.75,135,-16.25,-6.5,-6.5,-10.0,-16.25,-16.25,-8.25,121.75,106.75,93.75
2024_07_22,-1,15.5,74,-35.0,-5.5,-10.5,-10.5,-15.5,-19.5,-22.75,-23.5,-32.25,12.0
2024_07_22,-1,31.75,60,-18.75,5.25,5.25,-1.0,-1.0,10.0,4.75,-7.25,-16.0,28.25
2024_07_22,1,2.75,5,-47.75,-9.0,-9.0,-9.0,-9.75,-20.5,-20.5,-36.0,-38.0,-44.25
2024_07_22,1,0.0,0,-33.75,-22.0,-22.0,-22.0,-22.0,-22.0,-22.0,-31.25,-30.25,-30.25
2024_07_22,-1,18.0,16,-1.0,3.25,3.25,1.25,14.5,14.5,14.5,14.5,14.5,14.5
2024_07_23,-1,33.25,382,-139.5,-22.75,-22.75,-22.75,-22.75,-22.75,-22.75,-36.0,-48.0,-65.25
2024_07_23,1,70.75,93,-102.0,-14.75,-14.75,-14.75,-14.75,-11.25,-11.25,-11.25,-20.5,-32.5
2024_07_23,1,71.0,80,-101.75,-15.0,-15.0,-15.0,-15.0,-15.0,-37.5,-37.5,-37.5,-32.25
2024_07_23,-1,81.75,315,-91.0,-6.75,-6.75,-6.75,-6.75,-20.0,-20.0,28.5,18.5,-3.5
2024_07_23,-1,52.5,309,-120.25,13.5,13.5,13.5,13.5,13.5,7.75,-0.75,-10.75,-32.75
2024_07_23,1,96.0,16,-76.75,79.25,88.0,88.0,83.25,79.25,72.0,64.75,53.25,32.5
2024_07_23,-1,148.75,268,-11.75,-5.75,-7.0,-9.75,34.0,23.5,23.5,102.25,92.25,71.25
2024_07_23,-1,113.75,216,-3.5,-3.5,-3.5,53.75,53.75,49.75,47.75,67.25,57.25,36.25
2024_07_23,1,30.5,44,-56.5,-1.5,-1.5,-1.5,-5.0,-11.75,4.25,-7.5,-11.5,-33.0
2024_07_23,1,40.25,24,-46.75,11.75,11.75,16.0,16.0,14.0,14.0,2.25,-1.75,-23.25
2024_07_23,1,1.5,2,-85.5,-3.0,-10.25,-10.25,-11.25,-24.75,-24.75,-36.5,-40.5,-62.0
2024_07_23,-1,55.5,87,-29.75,0.25,-1.0,-9.25,-9.25,-13.25,-16.75,-29.75,-7.75,-7.75
2024_07_23,1,24.0,42,-61.25,-3.25,-3.25,5.5,5.5,0.75,0.25,-7.5,-16.25,-37.75
2024_07_23,1,8.75,1,-76.5,4.5,-4.0,-4.0,-4.0,-8.5,-15.0,-22.75,-31.5,-53.0
2024_07_23,-1,23.5,12,-55.25,-14.5,-14.5,-14.5,-14.5,-21.5,-21.5,-9.5,-39.75,-39.75
2024_07_23,-1,49.75,4,-29.0,42.5,42.5,40.5,34.25,33.25,16.75,16.75,-13.5,-13.5
2024_07_23,1,4.75,2,-50.5,-5.0,-5.25,-5.25,-21.25,-21.25,-21.25,-45.5,-45.5,-40.5
2024_07_23,-1,45.25,6,-0.0,35.25,35.25,35.25,35.25,35.25,35.25,35.25,35.25,35.25
2024_07_24,-1,463.75,383,-0.0,100.25,100.25,100.25,98.75,94.25,150.25,242.75,293.5,269.5
2024_07_24,1,0.5,1,-225.25,-10.5,-10.5,-10.5,-13.5,-16.0,-24.5,-41.0,-41.0,-59.5
2024_07_24,-1,207.25,252,-7.5,-5.5,-5.5,-5.5,-5.5,-5.5,43.25,29.5,37.0,13.0
2024_07_24,-1,184.25,236,-10.0,13.25,20.25,20.25,20.25,20.25,20.25,6.5,14.0,-10.0
2024_07_24,-1,168.75,210,-25.5,6.0,13.25,13.25,6.5,6.5,2.25,10.0,-1.5,-25.5
2024_07_24,1,33.5,14,-160.75,9.5,9.5,9.5,6.75,15.75,9.25,-2.25,-7.5,-26.75
2024_07_24,1,2.25,2,-188.5,-4.25,-4.25,-7.5,-23.0,-23.0,-23.0,-27.75,-40.75,-57.75
2024_07_24,-1,153.25,124,-2.25,23.5,19.5,19.5,11.5,11.5,76.75,76.75,76.75,59.5
2024_07_24,1,41.5,5,-81.5,16.75,29.75,29.75,11.0,11.0,11.0,11.0,-5.0,-22.0
2024_07_24,1,10.0,21,-68.5,-9.0,-9.0,-9.0,-25.5,-25.5,-25.5,-68.5,-68.5,-68.5
2024_07_24,-1,-0.0,0,-78.5,-8.25,-8.25,-8.25,-25.25,-25.25,-25.25,-36.75,-47.25,-61.0
2024_07_25,1,196.75,219,-300.75,-20.5,-20.5,-20.5,-20.5,-20.5,-20.5,-40.75,-40.75,-63.5
2024_07_25,-1,260.0,40,-237.5,-9.75,-9.75,-9.75,-3.75,-3.75,-3.75,-18.5,-18.5,-40.0
2024_07_25,-1,255.75,29,-241.75,9.75,9.75,9.75,9.75,9.75,9.75,134.75,204.75,160.0
2024_07_25,1,420.25,172,-23.0,32.0,32.0,24.75,24.75,24.75,24.75,76.0,76.0,243.0
2024_07_25,1,168.0,106,-275.25,-16.5,-16.5,-16.5,-16.5,-16.5,-31.25,-31.25,-50.5,-70.5
2024_07_25,-1,258.25,274,-185.0,6.0,6.0,6.0,-7.5,-7.5,-7.5,-20.5,10.0,-32.5
2024_07_25,-1,224.75,262,-218.5,11.5,11.5,11.5,-7.25,-7.25,-7.25,-23.5,-23.5,-66.0
2024_07_25,1,128.5,68,-314.75,4.25,-3.25,-3.25,-20.75,-20.75,-20.75,-24.25,-50.25,55.5
2024_07_25,1,33.0,36,-410.25,-18.75,-18.75,-18.75,-18.75,-18.75,-22.25,-29.0,-49.75,-40.0
2024_07_25,-1,370.25,168,-9.25,-9.25,-9.25,-9.25,46.75,35.0,35.0,24.25,14.0,134.0
2024_07_25,-1,304.5,118,-12.75,-12.75,-12.75,-12.75,-12.75,7.25,28.5,17.25,11.75,68.25
2024_07_25,1,113.5,28,-184.5,29.5,29.5,29.5,29.5,7.5,7.5,7.5,2.0,43.25
2024_07_25,1,71.0,26,-227.0,-13.0,-13.0,-13.0,-13.0,-35.0,-35.0,-35.0,-40.5,0.75
2024_07_25,-1,216.75,58,-81.25,14.25,8.5,8.5,8.5,8.5,8.5,-19.5,-19.5,-30.25
2024_07_25,-1,236.25,42,-61.75,-10.75,-10.75,-10.75,-24.5,-24.5,-24.5,-31.0,-48.5,-61.75
2024_07_25,1,37.25,4,-260.75,-4.5,21.75,21.75,21.75,11.25,11.25,-3.5,-3.5,-33.0
2024_07_25,1,0.0,0,-227.75,-13.5,-13.5,-13.5,-13.5,-27.75,-27.75,-32.5,-43.75,-72.75
2024_07_25,-1,214.25,26,-0.0,8.0,8.0,61.0,61.0,61.0,61.0,47.5,168.5,170.0
2024_07_26,-1,94.5,74,-149.0,25.5,25.5,25.5,25.5,25.5,25.5,16.75,11.25,13.0
2024_07_26,-1,65.5,48,-178.0,-16.0,-16.0,-16.0,-16.0,-16.0,-46.5,-46.5,-46.5,-4.75
2024_07_26,1,131.5,208,-112.0,-10.5,-10.5,-10.5,-18.75,-18.75,-20.5,-56.25,-56.25,-75.0
2024_07_26,1,187.75,204,-55.75,-18.75,-18.75,-18.75,-18.75,-18.75,-26.75,-30.5,-42.75,-9.75
2024_07_26,-1,29.0,40,-214.5,-21.5,-21.5,-21.5,-21.5,-21.5,-21.5,-21.5,-21.5,-41.25
2024_07_26,1,147.75,183,-95.75,21.25,21.25,-11.25,-11.25,-11.25,-11.25,-11.25,-11.25,-49.75
2024_07_26,-1,11.25,12,-232.25,-19.0,-19.0,-19.0,-19.0,-19.0,-30.5,-30.5,-45.0,-56.5
2024_07_26,1,156.25,146,-36.75,-2.25,2.5,2.5,-5.25,-5.25,-7.25,-25.75,-30.5,91.75
2024_07_26,1,186.75,133,-6.25,-4.75,-1.75,-1.75,-4.75,5.75,-2.5,149.75,122.25,122.25
2024_07_26,1,78.25,70,-105.25,1.0,1.0,-1.75,12.75,12.75,20.25,41.25,13.75,13.75
2024_07_26,1,46.25,48,-137.25,16.0,16.0,16.0,16.0,16.0,16.0,9.25,-18.25,-18.25
2024_07_26,1,0.0,0,-165.5,-46.5,-46.5,-46.5,-46.5,-46.5,-46.5,-46.5,-46.5,-89.75
2024_07_26,-1,75.75,87,-27.75,19.75,19.75,19.75,19.75,9.5,9.5,1.0,-14.75,4.75
2024_07_26,1,24.25,7,-79.25,8.0,8.0,8.0,8.0,8.0,0.5,-21.5,-21.5,-50.25
2024_07_26,-1,58.0,41,-29.25,-14.25,-14.25,-14.25,-14.25,-20.75,-20.75,1.0,10.0,-13.0
2024_07_26,-1,4.25,18,-67.25,-4.25,-4.25,-4.25,-17.0,-17.0,-17.0,-39.5,-39.5,-62.5
2024_07_26,1,4.0,46,-67.5,-29.75,-29.75,-29.75,-29.75,-29.75,-29.75,-41.75,-41.75,-67.5
2024_07_26,-1,11.0,20,-57.0,-7.25,-7.25,-34.25,-34.25,-34.25,-34.25,-34.25,-55.5,-54.25
2024_07_26,1,53.75,22,-14.25,-1.25,-1.25,-1.25,-13.75,-13.75,-13.75,43.5,43.5,43.5
2024_07_26,1,54.0,17,0.0,35.75,43.5,43.5,43.75,43.75,43.75,43.75,43.75,43.75
2024_07_29,-1,108.75,123,-143.25,-30.0,-30.0,-30.0,-30.0,-30.0,-30.0,-30.0,-40.5,-66.75
2024_07_29,1,27.75,13,-224.25,-21.5,-21.5,-21.5,-21.5,-21.5,-21.5,-50.25,-50.25,-32.75
2024_07_29,-1,142.75,81,-72.75,4.5,4.5,4.5,-13.25,-13.25,-13.25,-19.75,-38.5,53.0
2024_07_29,-1,159.25,55,-56.25,-15.75,-15.75,-15.75,-15.75,-22.0,-22.0,-30.25,118.5,69.5
2024_07_29,-1,178.5,50,-37.0,-6.25,-6.25,-6.25,56.5,54.0,77.75,120.5,137.75,88.75
2024_07_29,1,29.0,114,-186.5,-6.0,-6.0,-45.75,-45.75,-45.75,-45.75,-45.75,-45.75,-62.5
2024_07_29,-1,115.0,40,-100.5,-7.0,-7.0,-7.0,-7.0,-9.5,14.25,57.0,74.25,25.25
2024_07_29,1,169.0,55,0.0,91.0,91.0,137.75,129.75,129.75,129.75,129.75,128.0,89.25
2024_07_29,1,22.75,27,-127.0,-8.5,-8.5,-8.5,-16.5,-16.5,-16.5,-16.5,-18.25,-57.0
2024_07_29,1,18.25,11,-131.5,-20.25,-20.25,-20.25,-20.25,-20.25,-20.25,-22.75,-22.75,-61.5
2024_07_29,-1,93.0,72,-10.0,19.0,19.0,19.0,12.75,12.75,8.5,0.75,-10.0,31.25
2024_07_29,-1,0.75,77,-71.5,-7.25,-7.25,-14.0,-14.0,-25.25,-25.25,-32.0,-46.25,-68.25
2024_07_29,-1,32.0,55,-40.25,-8.0,-8.0,-8.0,-15.5,-14.25,-14.25,-25.25,-37.0,25.0
2024_07_29,1,18.5,23,-53.75,-12.75,-12.75,-12.75,-12.75,-1.5,-1.5,-19.25,-28.5,-42.5
2024_07_29,1,0.0,0,-59.75,-12.0,-12.0,-12.0,-12.0,-16.75,-25.25,-34.5,-41.0,-52.75
2024_07_29,-1,18.75,7,-4.0,0.75,0.75,-4.0,11.75,11.75,11.75,11.75,11.75,11.75
2024_07_30,1,17.25,6,-551.25,-8.0,-8.0,-8.0,-6.25,-6.25,-6.25,-34.0,-34.0,-58.25
2024_07_30,-1,498.75,369,-0.0,25.25,25.25,17.25,17.25,48.0,30.0,30.0,21.0,5.75
2024_07_30,-1,191.25,244,-69.25,-13.25,-13.25,-13.25,-13.25,-13.25,-15.25,-34.0,-34.0,55.75
2024_07_30,-1,175.5,220,-85.0,-0.25,-0.25,-0.25,-16.5,-16.5,-16.5,-21.75,60.25,40.0
2024_07_30,1,125.0,156,-135.5,-7.0,-7.0,-7.0,-7.0,7.0,3.0,77.5,69.5,44.75
2024_07_30,1,16.25,85,-244.25,-16.0,-16.0,-16.0,-16.0,-16.0,-31.25,-31.25,-39.5,-64.0
2024_07_30,-1,204.75,72,-55.75,-8.5,-8.5,-8.5,10.75,1.25,1.25,5.75,-19.75,-45.5
2024_07_30,1,10.25,2,-250.25,1.5,1.5,1.5,-16.75,-16.75,-16.75,-21.5,-54.25,-54.25
2024_07_30,-1,123.5,2,-0.0,110.5,110.5,110.5,110.5,103.5,103.5,75.5,75.5,48.25
2024_07_31,1,270.5,395,-50.25,-17.0,-17.0,-17.0,-17.0,-17.0,-26.0,-50.25,-50.25,-33.25
2024_07_31,-1,-0.0,0,-320.75,-27.5,-27.5,-27.5,-27.5,-27.5,-27.5,-36.75,-46.0,-87.0
2024_07_31,1,280.0,382,-23.75,-23.75,-23.75,-23.75,-23.75,-23.75,-23.75,78.0,95.25,76.0
2024_07_31,1,208.0,349,-64.5,38.25,38.25,32.0,32.0,21.0,21.0,6.0,23.25,4.0
2024_07_31,1,202.0,340,-70.5,12.25,30.25,30.25,30.25,30.25,30.25,27.5,17.25,-2.0
2024_07_31,1,168.0,320,-104.5,-7.75,-7.75,-16.75,-16.75,-16.75,-34.25,-34.25,-45.25,-18.75
2024_07_31,-1,58.25,168,-214.25,-16.0,-16.0,-16.0,-16.0,-16.0,-21.0,-34.0,-42.5,-61.25
2024_07_31,1,153.75,288,-118.75,-1.5,-1.5,-1.5,-17.0,-17.0,-17.0,-4.75,-11.75,-33.0
2024_07_31,-1,102.5,105,-170.0,-9.25,-9.25,-9.25,-12.5,-17.5,-14.25,-0.0,-5.5,29.5
2024_07_31,-1,103.5,98,-169.0,-0.5,-0.5,-0.5,-6.25,-11.75,-13.25,1.0,-4.5,30.5
2024_07_31,1,169.0,175,-103.5,3.5,3.5,3.25,-16.25,-16.25,-16.25,-27.0,-39.75,-62.25
2024_07_31,-1,86.75,16,-185.75,5.25,5.25,5.25,5.25,5.25,62.25,55.0,37.75,13.75
2024_07_31,1,199.5,135,-27.75,1.0,1.0,-0.5,-9.5,-9.5,-27.75,-27.75,26.5,70.0
2024_07_31,1,152.75,88,-49.5,51.0,51.0,67.5,67.5,67.5,55.25,42.0,42.0,23.25
2024_07_31,-1,49.0,11,-153.25,-34.0,-34.0,-34.0,-34.0,-34.0,-34.0,-34.0,2.75,-19.75
2024_07_31,-1,78.25,8,-124.0,33.75,33.75,33.75,27.75,27.75,32.0,32.0,32.0,9.5
2024_07_31,-1,44.5,5,-157.75,-6.0,-6.0,-1.75,-1.75,-1.75,-1.75,-1.75,-1.75,-24.25
2024_07_31,-1,37.0,18,-133.5,13.25,4.25,4.25,4.25,-16.75,-16.75,-16.75,-24.25,-43.0
2024_07_31,1,89.75,20,-80.75,-8.25,-8.25,-8.25,-35.25,-35.25,-35.25,-35.25,-42.5,-78.5
2024_07_31,-1,51.0,4,-119.5,-8.75,-8.75,-8.75,5.25,5.25,5.25,5.25,5.25,-38.25
2024_07_31,1,120.5,10,-23.0,-23.0,-23.0,-23.0,-23.0,-23.0,-23.0,89.0,63.5,51.0
2024_08_01,1,124.75,24,-671.5,1.5,1.5,1.5,1.5,-26.0,-26.0,-26.0,-26.0,63.25
2024_08_01,-1,687.75,315,-108.5,18.25,18.25,18.25,18.25,18.25,18.25,5.0,-4.0,-24.75
2024_08_01,-1,645.5,313,-150.75,-24.0,-24.0,-24.0,-24.0,-24.0,-24.0,-37.25,-46.25,-67.0
2024_08_01,1,41.25,13,-755.0,-0.5,22.5,22.5,-11.25,-11.25,-11.25,-11.25,-11.25,-20.25
2024_08_01,1,28.0,3,-768.25,-11.25,-11.25,-11.25,8.5,8.5,0.75,-13.0,-13.0,-33.5
2024_08_01,-1,706.75,284,-27.25,1.0,1.0,1.0,1.0,-17.5,-17.5,-17.5,-27.25,350.0
2024_08_01,1,40.0,4,-694.0,-7.5,-7.5,11.0,11.0,11.0,11.0,-1.5,-1.5,-23.75
2024_08_01,-1,670.25,271,-0.0,37.25,37.25,37.25,37.25,37.25,37.25,37.25,160.25,313.5
2024_08_01,-1,403.5,215,-32.0,-3.5,-3.5,-32.0,-32.0,-32.0,-32.0,-32.0,69.0,46.75
2024_08_01,-1,394.0,200,-1.25,3.0,3.0,3.0,-1.25,-1.25,76.0,76.0,59.5,37.25
2024_08_01,-1,322.75,177,-38.0,-11.75,-11.75,-11.75,-11.75,-11.75,-11.75,-5.75,-11.5,-34.0
2024_08_01,1,26.75,5,-334.0,-1.25,20.5,2.0,2.0,2.0,2.0,-20.0,-20.0,-38.75
2024_08_01,-1,269.5,147,-10.75,4.5,4.5,4.5,-10.75,-10.75,-10.75,27.25,172.75,163.75
2024_08_01,1,58.0,112,-120.5,6.75,6.75,6.75,6.75,6.75,3.25,-3.75,-23.0,-42.0
2024_08_01,-1,49.25,30,-129.25,-28.5,-28.5,-28.5,-28.5,-28.5,-28.5,4.25,-14.25,-17.25
2024_08_01,1,98.25,31,-22.5,-15.25,-15.25,-15.25,-15.25,0.5,17.0,17.0,8.25,35.25
2024_08_01,-1,38.25,20,-82.5,-13.0,-13.0,-13.0,-13.0,-33.5,-33.5,-33.5,-46.25,-82.5
2024_08_01,1,49.0,3,-71.75,43.5,30.5,30.5,30.5,30.5,11.25,11.25,-8.0,-14.0
2024_08_01,1,56.0,2,-13.25,49.0,49.0,26.0,26.0,26.0,26.0,26.0,2.0,-10.0
2024_08_01,1,0.0,0,-69.25,-7.0,-7.0,-30.0,-30.0,-30.0,-30.0,-30.0,-54.0,-66.0
2024_08_02,1,129.75,9,-223.75,-8.0,-8.0,-8.0,-57.75,-57.75,-57.75,-57.75,-57.75,-78.0
2024_08_02,1,207.75,6,-145.75,184.75,184.75,184.75,184.75,184.75,184.75,142.25,142.25,142.25
2024_08_02,1,130.0,4,-223.5,107.0,107.0,107.0,107.0,107.0,107.0,64.5,64.5,64.5
2024_08_02,1,8.75,2,-296.75,-16.75,-16.75,-16.75,-16.75,-16.75,-52.75,-52.75,-52.75,-52.75
2024_08_02,1,48.25,2,-213.25,-5.0,-5.0,-5.0,-5.0,-5.0,-5.0,-5.0,-5.0,-22.0
2024_08_02,-1,196.5,21,-34.5,-10.25,-10.25,-10.25,2.25,2.25,2.25,-17.75,-17.75,136.25
2024_08_02,1,115.75,86,-105.5,-26.0,-26.0,-26.0,-26.0,-26.0,-26.0,-37.5,-40.25,-69.0
2024_08_02,-1,11.0,20,-210.25,-53.25,-53.25,-53.25,-53.25,-53.25,-53.25,-53.25,-53.25,-76.25
2024_08_02,1,113.5,66,-107.75,-17.5,-17.5,-17.5,-17.5,-17.5,-36.25,-36.25,-51.75,-69.0
2024_08_02,1,176.5,61,-44.75,-16.5,-16.5,-16.5,-16.5,-16.5,-26.0,-44.75,-44.75,113.75
2024_08_02,-1,18.75,1,-202.5,-3.0,-3.0,-3.0,-3.0,-3.0,-3.0,-21.5,-21.5,-53.75
2024_08_02,-1,11.5,143,-163.0,-18.5,-18.5,-18.5,-18.5,-18.5,-28.75,-32.75,-42.5,-86.0
2024_08_02,1,120.5,24,-54.0,45.75,45.75,45.75,45.75,61.0,61.0,69.25,53.25,57.75
2024_08_02,1,44.75,5,-129.75,-4.5,-28.0,-28.0,-28.0,-28.0,-28.0,9.75,-3.5,-18.0
2024_08_02,1,0.0,0,-174.5,-35.0,-35.0,-35.0,-35.0,-35.0,-35.0,-35.0,-48.25,-62.75
2024_08_02,1,83.5,31,-79.0,-9.0,-9.0,-9.0,-9.0,-6.5,-6.5,24.25,24.25,16.25
2024_08_02,-1,70.0,97,-92.5,-9.25,-9.25,-9.25,-27.5,-27.5,-27.5,-51.0,-51.0,-65.5
2024_08_02,1,66.0,24,-96.5,-10.75,-10.75,-10.75,36.0,36.0,36.0,6.75,6.75,-1.25
2024_08_02,1,25.25,7,-137.25,-17.5,-17.5,-17.5,-17.5,-17.5,-27.25,-20.75,-20.75,-42.0
2024_08_02,-1,68.5,57,-54.25,-2.5,-2.5,-2.5,-2.5,-2.5,-2.5,-5.0,-9.5,-30.75
2024_08_02,1,40.75,4,-67.5,13.5,13.5,13.5,13.5,13.5,13.5,-5.0,-5.0,-27.0
2024_08_02,1,48.0,75,-55.25,-4.75,-4.75,-4.75,-4.75,-4.75,-14.75,-11.5,-22.0,-18.5
2024_08_02,-1,39.5,44,-63.75,-17.75,-17.75,-17.75,-17.75,-17.75,-23.25,-33.0,-37.25,-60.5
2024_08_02,1,12.75,25,-90.5,-13.5,-13.5,-13.5,-13.5,-7.75,-14.0,-23.75,-42.25,-53.75
2024_08_02,-1,36.75,13,-66.5,0.75,0.75,0.75,0.75,0.75,0.75,-17.75,-17.75,-37.5
2024_08_02,1,67.25,13,-36.0,11.0,11.0,4.25,4.25,4.25,4.25,4.25,-11.25,-36.0
2024_08_05,-1,-0.0,0,-729.25,-71.75,-71.75,-71.75,-71.75,-71.75,-71.75,-71.75,-71.75,-71.75
2024_08_05,1,488.5,170,-96.75,-48.25,-48.25,-48.25,-48.25,-48.25,-48.25,-48.25,-48.25,-48.25
2024_08_05,1,585.25,167,0.0,214.0,214.0,201.5,201.5,201.5,173.25,173.25,173.25,340.5
2024_08_05,1,517.25,165,0.0,146.0,146.0,133.5,133.5,133.5,105.25,105.25,105.25,272.5
2024_08_05,1,398.0,153,-30.0,4.25,4.25,4.25,4.25,-2.75,-6.75,182.75,168.25,153.25
2024_08_05,-1,62.25,16,-365.75,-54.75,-54.75,-54.75,-54.75,-54.75,-54.75,-54.75,-54.75,-88.25
2024_08_05,-1,100.5,14,-327.5,-8.75,-8.75,-8.75,-18.0,-18.0,-50.0,-50.0,-50.0,-18.5
2024_08_05,-1,66.25,4,-320.75,22.5,22.5,50.5,50.5,4.75,4.75,4.75,4.75,4.75
2024_08_05,1,387.0,87,0.0,44.25,44.25,44.25,44.25,44.25,224.5,224.5,209.0,214.25
2024_08_05,-1,176.5,193,-205.25,-10.0,-10.0,-10.0,-30.0,-30.0,-30.0,-30.0,-28.5,-70.5
2024_08_05,1,175.25,42,-206.5,-7.25,-7.25,-27.5,-27.5,-27.5,-27.5,-55.75,-55.75,95.25
2024_08_05,-1,182.0,184,-199.75,-17.0,-17.0,-17.0,-17.0,-17.0,-28.5,-65.0,-65.0,-65.0
2024_08_05,1,145.75,17,-236.0,20.0,20.0,20.0,43.25,43.25,43.25,97.25,97.25,65.75
2024_08_05,1,0.0,0,-301.75,-10.5,-10.5,-10.5,-30.25,-30.25,-30.25,-30.25,-48.75,-65.5
2024_08_05,-1,271.5,142,-0.0,27.0,27.0,27.0,25.25,25.25,5.0,5.0,101.5,90.0
2024_08_05,-1,138.5,114,-120.75,-6.75,-6.75,-31.5,-31.5,-31.5,-31.5,-31.5,-43.0,-61.5
2024_08_05,-1,205.75,97,-53.5,-19.5,-19.5,-19.5,-19.5,-19.5,-28.5,-35.75,-27.25,-42.5
2024_08_05,1,25.0,166,-234.25,-10.0,-10.0,-10.0,-28.5,-28.5,-28.5,-23.25,-46.5,-58.25
2024_08_05,1,42.25,155,-217.0,-15.75,-15.75,-15.75,-15.75,-15.75,-15.75,-4.5,-15.75,-41.0
2024_08_05,-1,165.25,59,-94.0,-8.75,-8.75,-8.75,40.5,40.5,33.25,50.0,33.0,19.75
2024_08_05,-1,0.5,1,-258.75,-12.25,-12.25,-12.25,-12.25,-21.75,-21.75,-30.0,-65.0,-65.0
2024_08_05,-1,36.75,12,-210.5,9.25,9.25,9.25,9.25,9.25,-7.25,-7.25,-7.25,-23.75
2024_08_05,1,208.0,37,-30.0,-16.75,-16.75,-16.75,-16.75,-16.75,28.5,27.5,17.0,-17.0
2024_08_05,1,184.5,34,-53.5,5.0,5.0,5.0,5.0,5.0,5.0,4.0,-6.5,-40.5
2024_08_05,1,195.0,18,-11.0,-8.25,-8.25,-8.25,164.75,164.75,164.75,164.75,147.75,108.5
2024_08_05,-1,-0.0,0,-206.0,-5.25,-28.5,-28.5,-28.5,-28.5,-28.5,-46.75,-46.75,-63.0
2024_08_05,1,98.0,7,0.0,67.75,67.75,67.75,67.75,67.75,67.75,67.75,50.75,11.5
2024_08_06,1,357.5,318,-141.5,-10.5,-10.5,-10.5,-7.0,-7.0,-7.0,-7.0,-7.0,-55.75
2024_08_06,1,316.0,316,-183.0,-6.25,-6.25,-48.5,-48.5,-48.5,-48.5,-48.5,-48.5,-97.25
2024_08_06,-1,131.0,7,-368.0,11.5,11.5,11.5,11.5,11.5,11.5,11.5,11.5,45.5
2024_08_06,1,392.5,309,-106.5,-43.75,-43.75,-43.75,-43.75,-43.75,-43.75,-43.75,-43.75,-106.5
2024_08_06,-1,15.0,2,-481.75,-35.75,-35.75,-35.75,-35.75,-35.75,-35.75,-35.75,-35.75,-68.25
2024_08_06,1,350.5,293,-11.5,9.25,9.25,9.25,9.25,9.25,9.25,-11.5,-11.5,28.5
2024_08_06,1,175.5,229,-167.25,11.5,3.25,3.25,3.25,-14.5,-14.5,-14.5,-32.75,-38.25
2024_08_06,-1,103.5,289,-239.25,-19.0,-19.0,-19.0,-19.0,-19.0,-36.0,-36.0,-47.5,-8.0
2024_08_06,1,137.25,175,-205.5,-8.5,-8.5,-8.5,-17.5,-17.5,-17.5,-9.75,-9.75,41.75
2024_08_06,-1,269.0,141,-73.75,6.75,6.75,6.75,6.75,-0.75,-0.75,-8.5,-18.25,-39.5
2024_08_06,1,58.0,49,-284.75,-4.5,-7.75,-10.5,-10.5,-13.0,-22.75,24.25,3.0,-32.25
2024_08_06,1,4.75,12,-338.0,-4.25,-4.0,-13.75,-13.75,-13.75,-19.25,-29.0,-50.25,-85.5
2024_08_06,-1,287.75,66,-0.0,106.0,103.25,112.75,112.75,112.75,99.75,99.75,102.75,68.75
2024_08_06,1,0.0,0,-217.5,-9.0,-9.0,-9.0,-20.75,-20.75,-20.75,-37.25,-45.0,-86.0
2024_08_06,-1,186.5,19,-0.0,39.5,39.5,39.5,39.5,31.0,31.0,149.75,161.0,161.0
2024_08_06,-1,131.5,17,-24.0,-15.5,-15.5,-15.5,-15.5,-24.0,-24.0,94.75,106.0,106.0
2024_08_06,-1,10.25,1,-1.5,-1.5,-1.5,-1.5,-1.5,-1.5,-1.5,-1.5,-1.5,-1.5
2024_08_07,1,54.75,26,-530.75,24.25,24.25,24.25,24.25,20.0,7.0,3.25,-16.5,-16.5
2024_08_07,1,40.25,19,-545.25,-11.25,-11.25,-11.25,-9.25,-9.25,-9.25,7.0,-31.0,-31.0
2024_08_07,1,28.5,15,-557.0,-5.25,-21.0,-21.0,-21.0,-21.0,-21.0,-4.75,-42.75,-42.75
2024_08_07,1,19.5,11,-566.0,-7.5,-7.5,-7.5,-7.5,-7.5,-7.5,-13.75,-51.75,-51.75
2024_08_07,1,39.0,6,-546.5,-32.25,-32.25,-32.25,-32.25,-32.25,-32.25,-32.25,-22.75,-22.75
2024_08_07,-1,481.5,346,-99.5,-24.25,-24.25,-24.25,-24.25,-24.25,-24.25,-39.75,-39.75,-59.0
2024_08_07,1,25.75,21,-555.25,10.0,10.0,10.0,10.0,4.5,-7.75,-7.75,-21.75,-47.5
2024_08_07,-1,496.5,286,-19.75,-14.25,-14.25,-14.25,-14.25,-19.75,-12.5,61.5,56.75,86.25
2024_08_07,1,7.25,1,-424.25,-12.0,-12.0,-12.0,-12.0,-12.0,-16.5,-22.75,-35.5,-53.25
2024_08_07,-1,358.5,200,-10.0,-10.0,-10.0,-10.0,22.25,22.25,22.25,129.25,108.25,87.5
2024_08_07,-1,334.5,184,-0.0,23.75,23.75,23.75,23.75,23.75,23.75,105.25,84.25,63.5
2024_08_07,-1,271.0,159,-2.25,22.0,22.0,22.0,16.0,16.0,12.0,1.75,171.25,145.25
2024_08_07,1,92.0,58,-85.5,32.5,32.5,32.5,22.25,22.25,22.25,1.25,1.25,-34.25
2024_08_07,-1,86.75,93,-90.75,5.5,5.5,5.5,2.25,-20.25,-20.25,-20.25,2.5,-35.5
2024_08_07,-1,51.25,77,-126.25,-17.25,-17.25,-17.25,-17.25,-17.25,-17.25,-33.0,-33.0,-71.0
2024_08_07,1,8.75,14,-168.75,-31.25,-31.25,-31.25,-31.25,-31.25,-31.25,-31.25,-43.5,-54.5
2024_08_07,1,11.25,4,-114.25,-6.25,-6.25,-9.75,-34.0,-34.0,-34.0,-34.0,-34.0,-84.0
2024_08_07,-1,104.5,19,-21.0,-21.0,-21.0,-21.0,-21.0,-21.0,-21.0,70.0,96.0,96.0
2024_08_08,1,356.5,389,-138.5,-23.5,-23.5,-23.5,-23.5,-23.5,-23.5,-50.25,-50.25,-68.5
2024_08_08,-1,118.75,15,-376.25,-19.75,-19.75,-19.75,-19.75,-19.75,17.75,17.75,60.75,53.0
2024_08_08,1,361.75,385,-133.25,-45.0,-45.0,-45.0,-45.0,-45.0,-45.0,-45.0,-45.0,-63.25
2024_08_08,1,406.75,383,-88.25,6.25,6.25,-18.25,-18.25,-18.25,-18.25,-18.25,-32.5,-68.0
2024_08_08,-1,94.5,9,-400.5,-6.5,-6.5,-6.5,-6.5,-6.5,-6.5,-6.5,36.5,28.75
2024_08_08,1,395.5,378,-99.5,-14.25,-14.25,-14.25,-14.25,-43.75,-43.75,-43.75,-43.75,-79.25
2024_08_08,1,421.5,375,-73.5,-53.25,-53.25,-53.25,-53.25,-53.25,-53.25,-53.25,-53.25,-73.5
2024_08_08,-1,-0.0,0,-495.0,-23.5,-23.5,-23.5,-23.5,-23.5,-23.5,-58.0,-58.0,-65.75
2024_08_08,1,404.5,364,0.0,55.5,98.0,98.0,85.5,85.5,85.5,94.75,227.25,197.0
2024_08_08,-1,11.0,7,-231.75,-7.25,-7.25,-8.75,-8.75,-16.0,-16.0,-32.25,-32.25,-56.75
2024_08_08,1,164.75,274,-46.75,-7.25,-7.25,-24.0,-24.0,-24.0,-24.0,-35.5,-35.5,-8.25
2024_08_08,1,131.0,222,-75.25,4.5,4.5,4.5,-5.25,-5.25,-31.5,-31.5,-31.5,-49.25
2024_08_08,-1,33.25,11,-173.0,-10.0,-10.0,-10.0,14.75,14.75,10.25,-0.5,-13.25,-27.5
2024_08_08,1,155.5,184,-50.75,-4.75,-21.0,-21.0,-21.0,-21.0,-21.0,-34.25,-50.75,69.5
2024_08_08,-1,44.25,6,-162.0,32.5,32.5,32.5,18.25,18.25,18.25,1.25,1.25,-17.75
2024_08_08,1,144.25,162,-21.5,24.5,24.5,22.5,83.0,83.0,76.0,72.0,72.0,58.25
2024_08_08,1,45.5,90,-120.25,-6.75,-6.75,-6.75,-8.75,-22.25,-22.25,-40.5,-40.5,-61.25
2024_08_08,-1,84.5,55,-81.25,0.75,0.75,0.75,-5.5,-5.5,-9.5,5.0,-11.25,22.25
2024_08_08,1,65.0,48,-100.75,-5.5,-20.0,-20.0,-20.0,-20.0,-20.0,-31.75,-43.75,-62.75
2024_08_08,-1,38.25,6,-127.5,5.75,5.75,5.75,5.75,5.75,11.25,-0.0,-10.5,-24.0
2024_08_08,1,76.0,17,-30.75,1.5,1.5,1.5,-4.5,-4.5,-17.5,-21.25,-30.75,30.0
2024_08_09,1,188.75,239,-70.25,-8.75,-8.75,-8.75,-8.75,-8.75,-8.75,-17.25,-7.5,-32.75
2024_08_09,-1,37.5,16,-221.5,-4.0,-28.75,-28.75,-28.75,-28.75,-28.75,-28.75,-28.75,-39.75
2024_08_09,1,192.75,222,-66.25,-35.5,-35.5,-35.5,-35.5,-35.5,-35.5,-35.5,-42.25,-66.25
2024_08_09,1,235.75,212,-23.25,-5.5,-23.25,-23.25,-23.25,-23.25,-23.25,79.25,79.25,64.25
2024_08_09,1,227.5,209,0.0,38.25,38.25,37.0,37.0,71.0,71.0,71.0,71.0,56.0
2024_08_09,1,142.75,188,-83.25,-22.5,-22.5,-22.5,-22.5,-22.5,-22.5,-45.5,-45.5,-71.75
2024_08_09,-1,17.0,6,-209.0,2.75,-6.25,-6.25,-6.25,-6.25,-6.25,-15.25,-29.0,-46.25
2024_08_09,-1,3.5,1,-216.5,-22.75,-22.75,-22.75,-22.75,-22.75,-22.75,-36.5,-36.5,-63.75
2024_08_09,1,140.25,156,-74.75,4.5,4.5,4.5,-5.75,-5.75,14.25,6.75,-23.5,-23.5
2024_08_09,-1,49.75,47,-165.25,-0.5,-15.0,-15.0,-15.0,-15.0,-15.0,-25.0,5.0,-12.75
2024_08_09,1,173.0,49,-3.5,2.75,-3.5,-3.5,12.25,7.75,145.0,138.25,131.75,101.0
2024_08_09,-1,31.5,62,-27.5,-9.75,-9.75,-9.75,-26.5,-26.5,-26.5,-0.5,-11.5,-14.5
2024_08_09,-1,46.25,51,-12.75,0.75,-8.25,-8.25,-8.25,23.25,18.5,14.25,3.25,0.25
2024_08_09,1,9.25,20,-30.75,-9.25,-9.25,-9.25,-9.25,-30.75,-30.75,-30.75,-3.75,-3.75
2024_08_09,1,23.0,11,-15.75,2.25,4.5,4.5,4.75,4.75,0.25,-8.5,10.0,10.0
2024_08_12,-1,124.25,27,-98.5,9.0,9.0,9.0,9.0,9.0,-6.5,-6.5,73.5,57.5
2024_08_12,-1,115.25,25,-107.5,-15.5,-15.5,-15.5,-15.5,-15.5,72.0,72.0,64.5,48.5
2024_08_12,1,92.0,98,-130.75,-11.25,-11.25,-11.25,-26.75,-26.75,-26.75,-31.25,-45.75,-63.0
2024_08_12,-1,104.0,21,-118.75,-7.25,-7.25,81.0,60.75,60.75,60.75,60.75,53.25,37.25
2024_08_12,1,149.25,65,-22.25,22.0,46.5,46.5,46.5,85.5,85.5,70.0,70.0,70.0
2024_08_12,1,61.25,51,-110.25,2.5,2.5,9.5,6.25,-2.5,-2.5,-18.0,-18.0,-18.0
2024_08_12,1,52.5,39,-119.0,17.75,17.75,19.75,0.0,0.0,0.0,-26.75,-26.75,-26.75
2024_08_12,-1,50.25,1,-89.5,34.5,34.5,34.5,34.5,33.75,25.75,10.25,10.25,-14.25
2024_08_12,1,40.0,7,-99.75,25.25,29.0,29.0,18.75,18.75,18.75,-1.0,-1.0,-45.0
2024_08_12,1,11.75,37,-108.5,-5.75,-8.25,-8.25,-15.5,-15.5,-17.25,-20.75,-53.75,-53.75
2024_08_12,-1,96.75,211,-23.5,-11.25,-11.25,-11.25,-11.25,-11.25,-14.75,56.0,46.5,22.5
2024_08_12,1,6.5,1,-84.25,0.75,-1.25,-17.25,-17.25,-17.25,-17.25,-27.75,-35.75,-62.5
2024_08_12,1,13.0,6,-66.75,-4.0,5.75,0.0,0.0,-13.75,-13.75,-18.25,-45.0,-49.5
2024_08_12,-1,48.5,130,-15.75,-1.25,-1.25,27.75,27.75,17.75,17.75,6.75,0.5,-15.75
2024_08_12,1,24.25,116,-40.0,-11.5,-11.5,-11.5,-12.0,-22.75,-22.75,-12.75,-24.25,14.25
2024_08_12,-1,13.5,15,-50.75,-4.25,-3.5,-9.5,-9.5,-8.75,-8.75,-41.25,-41.25,-50.75
2024_08_12,1,0.0,0,-34.5,-18.5,-18.5,-18.5,-18.5,-18.5,-21.0,-34.5,-10.0,-10.0
2024_08_13,1,263.25,398,-19.0,-5.75,-5.75,-5.75,-5.75,-6.75,-19.0,14.0,16.5,158.75
2024_08_13,-1,-0.0,0,-147.25,-4.5,-6.75,-10.5,-13.5,-20.25,-20.25,-31.25,-41.0,-61.25
2024_08_13,-1,12.5,63,-74.25,-14.5,-14.5,-14.5,-14.5,-16.75,-20.75,-31.5,-28.5,-59.5
2024_08_13,1,60.25,107,-26.5,6.0,12.5,12.5,9.75,-7.5,-7.5,-7.5,-26.5,52.25
2024_08_13,1,37.75,79,-49.0,-13.5,-13.5,-13.5,-13.5,-30.0,-30.0,-30.0,-49.0,29.75
2024_08_13,-1,26.0,15,-60.75,-0.25,0.75,9.0,9.0,9.0,-2.25,-4.0,-15.0,-46.0
2024_08_13,1,52.0,34,-14.25,-14.25,-14.25,-14.25,-14.25,18.5,11.0,44.0,44.0,44.0
2024_08_14,1,39.25,148,-229.25,-20.0,-20.0,-20.0,-20.0,-20.0,-20.0,-43.25,-43.25,-74.25
2024_08_14,-1,194.75,58,-73.75,6.75,53.25,53.25,53.25,53.25,53.25,37.5,112.0,128.5
2024_08_14,1,181.75,71,-6.5,-6.5,-6.5,29.75,46.25,46.25,40.75,150.0,126.0,110.75
2024_08_14,-1,134.5,30,-0.0,39.0,33.25,33.25,95.25,92.75,85.25,78.5,92.25,65.75
2024_08_14,1,82.0,190,-32.75,9.5,9.5,9.5,9.5,-16.0,-16.0,-16.0,-16.0,-32.75
2024_08_14,-1,11.0,73,-103.75,-10.25,-10.25,-10.25,-13.0,-16.75,-25.5,-31.75,-46.25,-68.25
2024_08_14,1,70.0,105,-44.75,-4.25,-11.75,-11.75,-15.0,-17.5,-5.25,-14.0,-26.25,-44.75
2024_08_14,-1,29.5,3,-85.25,-4.25,23.25,18.5,13.75,12.0,3.75,-4.0,-11.75,-49.75
2024_08_14,1,81.25,32,-2.0,53.0,50.0,50.0,28.75,28.75,28.75,28.75,81.25,81.25
2024_08_15,1,244.5,373,-18.25,-18.25,-18.25,-18.25,-18.25,-18.25,-18.25,69.25,69.25,212.75
2024_08_15,-1,6.25,3,-172.25,1.25,0.25,-22.75,-22.75,-22.75,-22.75,-23.75,-34.25,-55.5
2024_08_15,1,108.5,306,-21.0,3.75,3.75,5.5,0.5,-5.75,-5.75,-21.0,31.0,76.75
2024_08_15,-1,18.75,7,-62.25,-3.5,-5.75,4.75,4.75,1.75,-1.25,-13.5,-22.75,-42.25
2024_08_15,1,60.5,140,-7.25,-7.25,-7.25,0.75,30.75,30.75,27.75,25.75,14.5,28.75
2024_08_15,1,13.5,68,-41.25,-11.5,-11.5,-11.5,-11.5,-21.5,-21.5,-21.25,-32.5,-18.25
2024_08_15,-1,38.25,6,-2.75,26.25,26.25,26.25,26.25,14.75,14.75,-2.75,-2.75,15.25
2024_08_15,1,0.0,0,-7.25,-7.25,-7.25,-3.25,-3.25,-3.25,-3.25,-3.25,-3.25,-3.25
2024_08_16,1,191.75,208,0.0,31.75,31.75,31.75,31.75,31.75,33.0,14.75,14.75,46.5
2024_08_16,-1,33.0,11,-144.0,8.75,8.75,8.75,-11.75,-11.75,-11.75,-7.75,-7.75,-30.75
2024_08_16,1,161.5,202,-15.5,23.25,23.25,2.75,2.75,2.75,2.75,-15.5,-15.5,16.25
2024_08_16,-1,38.0,33,-112.25,31.5,31.5,7.0,7.0,7.0,7.0,7.0,-10.0,-25.0
2024_08_16,-1,7.25,4,-121.5,-8.5,-8.5,-8.5,-8.5,-14.5,-14.5,-22.75,-34.25,-59.75
2024_08_16,1,47.5,44,-30.75,-6.5,-6.5,-2.75,-6.0,5.25,23.5,17.0,2.5,-14.0
2024_08_16,-1,47.75,151,-19.5,-4.25,-7.5,-9.5,-14.25,-19.5,9.0,16.75,7.25,11.0
2024_08_16,-1,24.5,61,-19.75,-2.0,-5.0,-5.0,-12.25,-13.75,-19.0,-6.5,-16.0,-12.25
2024_08_16,-1,31.75,38,-8.75,0.5,1.0,1.0,12.75,12.75,4.5,0.75,-8.75,-5.0
2024_08_16,-1,21.0,25,-19.5,-4.25,-6.75,-8.25,2.0,2.0,-6.25,-10.0,-19.5,-15.75
2024_08_16,1,11.75,8,-1.0,8.0,8.0,8.0,8.0,8.0,8.0,8.0,8.0,8.0
2024_08_19,-1,60.0,49,-266.25,-3.5,-3.5,18.25,18.25,8.5,8.5,-15.75,-15.75,-28.75
2024_08_19,-1,67.25,36,-259.0,-5.0,-5.0,-5.0,-5.0,-12.25,-21.5,-2.0,-17.75,5.0
2024_08_19,1,254.5,344,-71.75,-23.0,-23.0,-23.0,-23.0,-23.0,-23.0,-56.5,-56.5,-71.75
2024_08_19,-1,23.5,1,-302.75,19.0,-7.0,-7.0,-7.0,-7.0,-7.0,-7.0,-16.5,-38.75
2024_08_19,1,249.25,330,-9.5,3.0,1.0,-3.5,-9.5,-9.5,43.75,24.75,21.75,241.25
2024_08_19,-1,30.25,45,-207.25,10.0,10.0,9.25,4.5,-2.75,-2.75,-14.25,-23.25,-35.75
2024_08_19,1,200.75,255,-36.75,1.25,7.75,7.75,-3.25,-3.25,-3.25,-14.75,-26.75,192.75
2024_08_19,-1,10.0,2,-227.5,-5.75,4.0,-14.25,-14.25,-14.25,-14.25,-22.75,-30.0,-56.0
2024_08_19,-1,-0.0,0,-211.25,-7.75,-7.75,-11.75,-13.75,-18.25,-22.0,-30.0,-42.75,-60.75
2024_08_19,1,132.0,114,-7.75,-2.75,-4.0,-7.75,40.75,40.75,33.0,124.0,124.0,124.0
2024_08_19,1,128.0,95,-0.5,14.75,14.75,42.75,36.75,36.75,29.0,120.0,120.0,120.0
2024_08_19,1,79.25,34,-12.5,-8.0,-8.0,-8.0,-5.5,-10.75,-12.5,71.25,71.25,71.25
2024_08_19,-1,-0.0,0,-78.75,-11.0,-11.0,-11.0,-21.0,-21.0,-21.0,-30.0,-56.75,-63.0
2024_08_19,1,57.75,7,0.0,41.75,41.75,41.75,41.75,41.75,35.25,49.75,49.75,49.75
2024_08_20,1,82.75,27,-95.25,18.5,12.5,12.5,10.5,47.75,47.75,47.75,22.5,22.5
2024_08_20,1,11.5,3,-148.0,-1.75,-1.75,-1.75,-1.75,-30.25,-30.25,-30.25,-30.25,-63.0
2024_08_20,-1,94.75,29,-27.0,-8.0,-8.0,-8.0,2.25,2.25,-6.5,58.75,50.5,30.75
2024_08_20,1,59.5,210,-55.25,-7.0,-7.0,-18.75,-18.75,-18.75,-23.5,-19.25,-18.75,-17.5
2024_08_20,-1,43.5,76,-71.25,-0.75,0.75,-2.5,-15.75,-15.75,-15.75,-25.5,-34.0,-56.25
2024_08_20,1,42.0,150,-72.75,24.75,19.0,19.0,14.5,8.25,8.25,-3.5,-11.25,-35.0
2024_08_20,-1,61.5,43,-53.25,-4.5,1.25,-6.5,-6.5,38.25,38.25,28.0,20.75,-0.25
2024_08_20,-1,5.25,6,-95.0,-7.5,-7.5,-7.5,-8.75,-21.0,-21.0,-26.75,-36.5,-56.75
2024_08_20,1,84.0,56,-4.75,1.75,1.75,-4.75,-4.75,67.75,63.75,53.75,42.25,47.75
2024_08_20,1,7.25,11,-36.75,-9.5,-9.5,-9.5,-8.75,-8.75,-13.75,-24.0,-36.75,-18.5
2024_08_20,-1,25.25,66,-18.75,-8.25,-8.25,-8.25,-13.25,-18.75,-6.75,7.0,7.0,7.0
2024_08_20,-1,20.5,19,-11.5,2.75,-3.5,-3.5,-5.25,-11.5,2.25,2.25,2.25,2.25
2024_08_20,1,5.75,21,-14.0,-7.75,-7.75,-7.75,-14.0,4.25,4.25,4.25,4.25,4.25
2024_08_20,-1,4.75,1,-10.75,-2.75,-2.75,-3.25,-10.75,-9.25,-9.25,-9.25,-9.25,-9.25
2024_08_21,1,145.75,67,-57.25,-2.25,-2.25,-2.25,-2.25,2.75,2.75,35.5,35.5,14.5
2024_08_21,-1,160.5,86,-42.5,-10.5,-10.5,-10.5,-10.5,-30.0,-30.0,-30.0,-42.5,52.75
2024_08_21,-1,91.25,72,-84.5,30.0,30.0,30.0,33.5,33.5,33.5,25.25,14.75,-16.5
2024_08_21,1,77.75,193,-98.0,-1.5,-7.25,-7.25,-9.0,-13.0,-27.25,-27.25,-39.0,-58.75
2024_08_21,1,92.5,180,-83.25,-12.5,-12.5,-12.5,-12.5,-12.5,-12.5,-24.25,-36.0,-49.5
2024_08_21,-1,70.75,20,-105.0,-6.25,-6.25,-6.25,-6.25,-20.5,-20.5,33.25,30.75,9.5
2024_08_21,1,107.25,116,-5.0,10.25,10.25,21.5,26.25,18.5,18.5,50.75,50.75,44.75
2024_08_21,1,88.5,95,-23.75,8.25,2.75,2.75,7.5,-0.25,-0.25,32.0,32.0,26.0
2024_08_21,-1,22.25,107,-90.0,-8.75,-8.75,-8.75,-13.25,-17.25,-20.75,-30.75,-74.5,-74.5
2024_08_21,1,61.75,37,-50.5,25.75,25.75,25.75,25.75,25.75,25.75,5.25,5.25,-0.75
2024_08_21,-1,59.0,45,-22.5,-6.75,-6.75,-1.0,-8.25,-8.25,-16.5,28.25,18.5,-14.75
2024_08_21,-1,9.0,13,-51.25,-5.75,-6.25,-6.5,-3.25,-10.25,-13.5,-21.5,-43.5,-51.25
2024_08_21,1,48.5,25,-11.75,-6.5,-6.5,-6.0,-11.75,18.25,18.25,18.25,36.5,36.5
2024_08_22,1,10.5,24,-443.0,-7.5,-7.5,-7.5,-7.5,-12.0,-15.25,-23.5,-33.75,-54.5
2024_08_22,-1,388.5,350,-0.0,44.0,27.5,27.5,27.5,27.5,27.5,16.75,33.0,202.75
2024_08_22,-1,318.75,287,-14.0,-14.0,-14.0,-14.0,-14.0,161.5,161.5,156.75,144.0,133.0
2024_08_22,1,86.25,34,-189.5,3.25,3.25,3.25,-0.75,68.25,53.5,53.5,35.5,17.5
2024_08_22,1,5.75,4,-270.0,-7.75,-7.75,-7.75,-7.75,-12.25,-27.0,-27.0,-45.0,-63.0
2024_08_22,-1,225.0,187,-0.0,68.0,68.0,68.0,74.75,74.75,71.25,53.5,53.5,114.75
2024_08_22,1,0.0,0,-181.75,-8.0,-8.0,-8.0,-40.5,-40.5,-40.5,-40.5,-40.5,-82.5
2024_08_22,-1,145.25,163,-24.75,-10.75,-10.75,-10.75,-20.25,-20.25,-20.25,13.5,55.75,35.0
2024_08_22,-1,89.5,102,-33.75,2.75,2.75,-9.75,-9.75,-9.75,-20.75,-20.75,-33.75,29.5
2024_08_22,1,24.0,28,-99.25,-6.25,-6.25,-9.75,-13.5,-7.75,-11.25,-7.5,-20.25,-39.0
2024_08_22,-1,73.0,60,-37.75,-1.75,-1.75,-1.75,-1.75,-14.5,-14.5,-37.75,-37.75,13.0
2024_08_22,1,0.0,0,-110.5,-10.25,-10.25,-10.25,-14.75,-17.0,-30.75,-30.75,-44.5,-66.0
2024_08_22,-1,63.25,36,-0.5,27.5,27.5,20.0,20.0,32.25,32.25,10.75,10.75,3.25
2024_08_22,-1,22.25,6,-41.5,1.5,1.5,1.5,1.5,-12.25,-12.25,-12.25,-24.75,-37.75
2024_08_22,1,6.5,4,-2.75,-2.0,-2.0,-2.0,-2.75,-2.75,-2.75,-2.75,-2.75,-2.75
2024_08_23,-1,105.75,193,-190.5,-4.25,-19.0,-19.0,-19.0,-19.0,-20.5,-43.0,-43.0,-106.75
2024_08_23,1,35.75,26,-260.5,-21.0,-21.0,-21.0,-21.0,-21.0,-21.0,-57.0,-57.0,-48.75
2024_08_23,-1,209.25,145,-87.0,-31.25,-31.25,-31.25,-31.25,-31.25,-31.25,-31.25,-52.5,-71.25
2024_08_23,1,15.75,4,-280.5,-11.0,-11.0,-11.0,-2.5,-2.5,-11.75,-39.75,-39.75,-48.75
2024_08_23,-1,205.75,126,-20.5,-20.5,-20.5,-20.5,-20.5,-20.5,-20.5,130.0,117.25,91.0
2024_08_23,1,138.5,30,-72.25,99.25,106.25,106.25,106.25,97.75,97.75,85.0,93.25,73.0
2024_08_23,1,16.75,252,-183.5,-18.0,-18.0,-18.0,-18.0,-18.0,-38.25,-38.25,-69.75,-69.75
2024_08_23,-1,113.75,61,-86.5,-20.75,-20.75,-20.75,-20.75,-20.75,-20.75,-31.0,27.25,52.5
2024_08_23,1,114.75,179,-20.5,2.0,2.0,-2.0,-9.25,-9.25,-20.5,42.75,32.5,48.75
2024_08_23,1,64.75,126,-27.75,-3.5,-3.5,-3.5,-7.25,-11.25,-6.0,-11.75,-17.5,-1.25
2024_08_23,-1,32.5,39,-60.0,-12.0,-12.0,-12.0,-12.0,-12.0,-15.5,1.5,-13.75,-31.0
2024_08_23,1,43.25,65,-49.25,-4.25,-4.25,-7.0,-9.75,-18.75,-18.75,-33.25,-39.0,-22.75
2024_08_23,-1,26.75,3,-65.75,15.25,15.25,15.25,7.25,7.25,4.25,-4.25,-19.5,-36.75
2024_08_23,1,26.0,40,-40.0,-6.0,-6.0,7.5,7.5,-3.75,-3.75,-11.75,-22.0,-40.0
2024_08_23,-1,34.25,9,-31.75,1.0,-2.0,-2.0,17.25,17.25,9.75,-4.0,-9.0,-31.75
2024_08_23,-1,1.25,1,-27.75,-5.0,-5.0,-27.75,-27.75,-27.75,-27.75,-9.25,-9.25,-9.25
2024_08_23,1,11.0,12,-8.0,5.0,-0.5,-0.5,-1.75,-8.0,1.0,1.0,1.0,1.0
2024_08_23,-1,-0.0,0,-7.0,-7.0,-7.0,-7.0,-7.0,-7.0,-7.0,-7.0,-7.0,-7.0
2024_08_26,1,28.0,7,-258.25,-8.25,-8.25,-8.25,5.25,5.25,5.25,-8.0,-17.5,-35.5
2024_08_26,-1,268.0,67,-18.25,-15.75,-15.75,-15.75,-15.75,-18.25,-18.25,236.5,226.25,201.5
2024_08_26,1,22.75,2,-263.5,9.25,9.25,9.25,9.25,-6.25,-6.25,-13.25,-22.75,-40.75
2024_08_26,-1,220.25,50,-13.0,-2.75,-13.0,-13.0,-13.0,81.75,81.75,188.75,178.5,153.75
2024_08_26,-1,77.5,180,-41.0,-6.0,-6.0,-16.5,-16.5,-16.5,-9.25,-30.75,-30.75,-20.0
2024_08_26,1,24.5,93,-94.0,-5.75,-7.5,-28.0,-28.0,-28.0,-28.0,-23.5,-28.5,-46.0
2024_08_26,1,29.0,83,-89.5,13.5,10.75,10.75,0.25,0.25,-3.25,-19.0,-24.0,-41.5
2024_08_26,-1,76.75,140,-41.75,30.25,39.25,34.0,30.25,25.5,25.5,7.25,-4.75,-20.75
2024_08_26,1,29.75,20,-88.75,8.75,8.75,8.75,-3.0,-3.0,-3.0,-3.0,-15.0,-51.5
2024_08_26,-1,95.0,74,-11.75,-4.75,-6.75,-11.75,7.5,1.5,1.5,62.75,48.25,33.75
2024_08_26,1,4.5,98,-98.5,-17.75,-17.75,-17.75,-17.75,-17.75,-22.25,-36.5,-61.25,-61.25
2024_08_26,-1,37.25,29,-65.75,-7.75,-7.75,-9.25,-12.75,8.25,5.0,5.0,-9.5,-24.0
2024_08_26,1,49.5,40,-13.0,0.5,2.75,33.25,29.25,33.25,24.75,16.25,6.0,-13.0
2024_08_26,1,9.0,7,-53.5,-5.25,-5.25,-5.25,-3.75,-7.25,-15.75,-24.25,-34.5,-53.5
2024_08_26,1,10.25,2,-39.75,4.5,-0.75,-0.75,-10.5,-10.5,-10.5,-20.75,-34.25,-27.0
2024_08_26,-1,26.0,16,-8.0,-6.0,-6.0,5.75,7.25,7.25,3.0,-8.0,13.25,13.25
2024_08_26,-1,6.75,1,-22.25,-1.0,-1.0,-22.25,-22.25,-22.25,-22.25,-1.25,-1.25,-1.25
2024_08_27,1,176.0,265,-62.25,4.0,4.0,4.0,4.0,4.0,-1.5,-23.75,-23.75,-41.5
2024_08_27,1,208.75,256,-29.5,-9.5,-9.5,-9.5,-29.5,-29.5,-29.5,176.5,159.25,144.5
2024_08_27,-1,73.0,34,-32.5,-5.25,-5.25,-5.25,55.5,50.5,48.25,41.0,30.25,10.5
2024_08_27,-1,-0.0,0,-90.25,-10.5,-10.5,-10.5,-18.5,-18.5,-24.0,-31.5,-40.75,-62.75
2024_08_27,1,48.75,39,-5.0,6.25,0.5,0.5,18.5,18.5,18.5,18.25,5.25,6.25
2024_08_27,-1,34.75,78,-19.0,-10.5,-10.5,-10.5,-14.5,-17.0,12.5,23.5,23.5,23.5
2024_08_27,1,7.75,6,-46.0,0.75,0.75,-0.75,-6.0,-9.75,-12.75,-22.75,-35.75,-34.75
2024_08_27,1,3.75,17,-29.0,-4.25,-9.25,-9.25,-11.75,-12.25,-18.75,-29.0,-17.75,-17.75
2024_08_27,-1,21.25,16,-8.5,-0.5,14.0,7.75,7.75,2.25,-1.0,10.0,10.0,10.0
2024_08_27,1,11.75,14,-14.0,-4.0,-11.75,-11.75,-14.0,-3.0,-3.0,-3.0,-3.0,-3.0
2024_08_28,1,0.0,0,-370.75,-6.0,-6.0,-12.0,-12.0,-25.5,-25.5,-34.0,-48.5,-67.25
2024_08_28,-1,284.0,254,-23.0,8.25,8.25,8.25,14.5,4.0,4.0,-1.5,-6.0,150.5
2024_08_28,-1,257.0,240,-50.0,-6.25,-6.25,-9.0,-8.75,-8.75,-10.5,-28.5,-33.0,123.5
2024_08_28,1,0.0,0,-303.75,-11.0,-11.0,-11.0,-29.5,-29.5,-29.5,-35.25,-42.5,-60.0
2024_08_28,-1,252.75,199,-0.0,58.0,58.0,46.25,46.25,46.25,95.25,149.75,145.25,119.25
2024_08_28,1,78.0,246,-115.0,20.5,18.0,18.0,22.75,22.75,15.25,8.0,-8.25,-28.5
2024_08_28,-1,127.75,103,-65.25,-1.25,32.0,32.0,25.75,16.75,16.75,6.0,-10.75,-19.0
2024_08_28,1,59.0,199,-134.0,5.0,6.75,6.75,31.0,31.0,0.25,0.25,0.25,-12.75
2024_08_28,-1,145.75,45,-47.25,8.5,4.0,4.0,-1.25,-5.25,-8.25,104.0,104.0,69.5
2024_08_28,1,146.0,93,-11.5,-3.75,-3.75,-3.75,-6.75,-9.0,104.25,91.0,84.25,64.0
2024_08_28,1,116.75,62,0.0,84.0,84.0,84.0,84.0,75.0,75.0,61.75,55.0,34.75
2024_08_28,1,49.0,46,-36.75,-6.0,-6.0,-12.75,-12.75,-6.75,-6.75,16.5,5.25,-33.0
2024_08_28,-1,53.25,15,-4.25,-4.25,36.0,36.0,36.0,37.25,34.0,34.0,34.0,34.0
2024_08_29,1,157.5,196,-178.75,47.5,47.5,47.5,47.5,47.5,47.5,22.75,22.75,8.25
2024_08_29,-1,195.75,294,-140.5,-6.5,-6.5,-15.0,-15.0,-25.0,-25.0,-25.0,-45.75,-52.75
2024_08_29,-1,248.5,283,-87.75,-24.5,-24.5,-24.5,-24.5,-24.5,-24.5,-39.0,-56.25,-66.0
2024_08_29,1,69.0,134,-267.25,10.75,10.75,10.75,6.5,4.25,20.25,20.25,20.25,-0.75
2024_08_29,-1,255.0,230,-81.25,-6.0,-6.0,-16.75,-16.75,-16.75,-22.0,-40.0,-40.0,-61.0
2024_08_29,1,35.5,45,-300.75,13.25,13.25,12.25,12.25,5.0,5.0,-18.75,-18.75,-24.5
2024_08_29,-1,307.5,141,-0.0,20.5,15.25,15.25,6.0,6.0,4.25,39.75,31.75,244.75
2024_08_29,1,7.5,3,-275.75,-30.75,-30.75,-30.75,-30.75,-30.75,-30.75,-30.75,-41.75,-55.5
2024_08_29,-1,235.0,64,-0.0,10.75,10.75,20.0,17.25,200.75,200.75,185.25,185.25,172.25
2024_08_29,-1,12.75,2,-77.75,-1.5,-1.5,-1.5,-1.5,-15.5,-15.5,-27.5,-27.5,-73.5
2024_08_29,1,38.0,10,-44.0,-9.25,-9.25,-9.25,-14.0,19.25,16.0,5.75,-5.75,-22.0
2024_08_30,1,69.0,32,-170.5,-16.5,-16.5,-16.5,-16.5,-16.5,-20.0,-31.5,-16.75,-10.5
2024_08_30,1,89.0,28,-150.5,-16.0,-16.0,-16.0,-16.0,-16.0,-6.25,3.25,3.25,9.5
2024_08_30,1,41.75,345,-196.25,-7.5,-7.5,-7.5,-7.5,-11.25,-15.5,-36.25,-36.25,-60.75
2024_08_30,-1,167.75,134,-70.25,16.0,16.0,16.0,16.0,16.0,5.5,-2.0,-8.0,-28.75
2024_08_30,1,69.5,312,-168.5,23.5,23.5,23.5,12.0,12.0,12.0,-15.0,-15.0,-29.0
2024_08_30,-1,93.0,99,-145.0,6.5,0.75,0.75,-9.5,-9.5,-9.5,-20.0,12.5,20.25
2024_08_30,1,152.5,242,-85.5,-17.25,-17.25,-17.25,-17.25,-17.25,-47.75,-47.75,-47.75,-60.5
2024_08_30,1,157.25,223,-80.75,-14.0,-14.0,-14.0,-14.0,-16.0,-20.25,-35.25,-48.0,-60.5
2024_08_30,-1,44.75,8,-193.25,37.5,37.5,34.0,29.5,28.0,17.75,8.0,-0.5,-28.0
2024_08_30,1,192.75,186,0.0,48.0,48.0,35.0,35.0,35.0,35.0,23.0,14.75,171.5
2024_08_30,-1,29.0,35,-153.5,-1.75,-1.75,-7.0,-7.0,10.5,8.5,-1.25,-13.0,-34.75
2024_08_30,1,149.75,94,-3.75,5.0,5.0,0.75,44.75,40.5,29.75,56.75,46.25,128.5
2024_08_30,1,140.5,91,-8.5,-4.25,-4.25,-8.5,35.5,31.25,20.5,47.5,37.0,119.25
2024_08_30,1,108.0,46,-12.0,-12.0,-12.0,-12.0,-12.0,24.75,24.75,15.0,4.5,86.75
2024_08_30,1,93.0,22,-10.5,8.5,-2.0,-2.0,-2.0,-2.0,-10.5,63.0,71.75,71.75
2024_08_30,-1,-0.0,0,-103.5,-4.0,-8.25,-8.25,-16.0,-16.0,-72.5,-72.5,-72.5,-72.5
2024_08_30,1,22.75,6,-14.5,-14.5,-14.5,-14.5,-14.5,-0.5,-0.5,-7.25,1.5,1.5
2024_09_02,1,28.0,88,-47.75,-2.25,-2.25,-7.5,-9.0,-11.75,-20.75,-26.25,-39.0,6.5
2024_09_02,-1,21.5,15,-54.25,17.5,15.5,13.5,7.0,2.5,-3.75,-16.0,-19.75,-42.0
2024_09_02,1,50.5,41,0.0,38.25,38.25,37.75,38.5,33.25,30.0,17.5,29.0,29.0
2024_09_02,1,3.25,18,-23.0,-2.0,-4.75,-6.25,-8.75,-18.75,-18.75,-7.25,-7.25,-7.25
2024_09_02,-1,15.25,21,-7.25,-1.75,-4.25,-6.75,-0.5,-0.5,-0.5,-0.5,-0.5,-0.5
2024_09_03,-1,522.0,376,-8.0,-8.0,-8.0,-8.0,46.0,65.75,65.75,56.75,39.25,453.0
2024_09_03,-1,271.75,282,-16.5,-2.25,-2.25,-2.25,-5.25,-13.0,-13.0,-15.75,9.0,202.75
2024_09_03,1,3.5,3,-284.75,-1.75,-12.5,-12.5,-12.5,-12.5,-18.0,-31.75,-38.0,-57.25
2024_09_03,-1,263.75,253,-23.75,-23.75,-23.75,-23.75,-23.75,-23.75,-23.75,16.5,1.0,194.75
2024_09_03,1,0.0,0,-267.25,-6.25,-6.25,-10.75,-15.75,-33.0,-33.0,-33.0,-40.5,-62.5
2024_09_03,-1,220.75,190,-23.25,-5.0,-16.75,-16.75,-16.75,-16.75,-5.0,-16.0,-22.5,151.75
2024_09_03,1,2.0,2,-239.75,-4.75,-4.75,-29.5,-29.5,-29.5,-29.5,-29.5,-40.25,-62.25
2024_09_03,1,0.0,0,-231.25,-7.25,-7.25,-19.5,-19.5,-19.5,-23.25,-31.75,-40.0,-66.25
2024_09_03,-1,195.75,118,-6.25,2.75,-6.25,-6.25,-6.25,69.5,69.5,57.25,150.0,126.75
2024_09_03,1,56.75,10,-3.25,39.75,39.75,39.75,39.75,39.75,42.0,42.0,42.0,42.0
2024_09_03,1,21.75,4,0.0,4.75,4.75,4.75,4.75,4.75,7.0,7.0,7.0,7.0
2024_09_04,-1,15.0,29,-245.0,-23.5,-23.5,-23.5,-23.5,-23.5,-23.5,-39.25,-55.25,-81.75
2024_09_04,1,201.5,91,-58.5,-14.25,-14.25,-14.25,-14.25,-24.0,-24.0,-58.5,-58.5,-58.5
2024_09_04,-1,115.5,15,-144.5,8.5,8.5,8.5,-13.0,-13.0,-13.0,-13.0,24.5,24.5
2024_09_04,1,127.0,77,-133.0,-14.5,-14.5,-14.5,-14.5,-28.0,-28.0,-133.0,-133.0,-133.0
2024_09_04,1,130.25,72,-129.75,-11.25,-11.25,-11.25,-20.75,-20.75,-20.75,-129.75,-129.75,-129.75
2024_09_04,-1,-0.0,0,-260.0,-33.5,-33.5,-33.5,-33.5,-33.5,-33.5,-33.5,-91.0,-91.0
2024_09_04,1,154.0,39,-41.25,51.0,51.0,51.0,51.0,59.25,59.25,61.75,61.75,86.0
2024_09_04,-1,139.75,234,-28.25,5.5,5.5,-3.75,-3.75,-3.75,56.0,41.75,34.75,14.0
2024_09_04,1,58.25,15,-109.75,11.75,12.0,49.25,38.75,38.75,37.5,28.25,6.5,-4.25
2024_09_04,-1,120.25,143,-28.25,-6.25,-6.25,-6.25,-11.0,-21.5,-21.5,-27.5,13.5,51.0
2024_09_04,1,11.75,78,-78.25,-14.25,-14.25,-14.25,-14.25,-18.25,-30.25,-30.25,-46.75,-64.0
2024_09_04,-1,60.0,32,-30.0,4.75,4.75,2.25,7.5,21.0,14.0,25.25,10.5,-9.25
2024_09_04,1,71.0,26,0.0,26.5,26.5,26.5,24.25,17.25,49.5,40.0,21.5,9.75
2024_09_04,1,40.5,22,-28.5,-4.0,-4.0,-4.0,-6.25,-13.25,19.0,9.5,-9.0,-20.75
2024_09_04,-1,14.0,5,-2.0,13.5,13.5,13.5,13.5,13.5,13.5,13.5,13.5,13.5
2024_09_05,-1,51.0,123,-245.5,-18.75,-18.75,-18.75,-18.75,-18.75,-18.75,-35.75,-35.75,-53.0
2024_09_05,1,141.75,49,-154.75,-6.0,-6.0,-9.25,0.0,0.0,-9.0,-15.0,46.75,46.75
2024_09_05,-1,190.75,47,-0.0,24.5,24.5,24.5,24.0,85.5,85.5,79.5,63.25,129.5
2024_09_05,1,131.5,165,-21.5,3.75,3.75,3.75,3.75,-2.25,-13.25,-13.25,12.75,-9.5
2024_09_05,-1,19.5,12,-121.5,-12.75,-12.75,-12.75,-12.75,-18.25,-6.25,-20.0,-39.0,-47.75
2024_09_05,1,82.75,69,-44.25,50.0,50.0,46.0,46.0,42.75,43.25,47.5,42.5,22.75
2024_09_05,-1,73.0,50,-28.5,-4.0,38.0,38.0,38.0,35.75,31.5,15.5,11.0,-11.0
2024_09_05,-1,57.25,12,-44.25,35.75,31.75,31.75,28.75,28.75,26.25,26.25,17.25,-12.5
2024_09_05,1,21.0,1,-27.75,7.0,7.0,7.0,7.0,3.25,1.0,-27.75,-27.75,-27.75
2024_09_06,1,0.0,0,-527.25,-19.5,-19.5,-19.5,-19.5,-19.5,-65.25,-65.25,-65.25,-65.25
2024_09_06,1,0.0,0,-488.25,-34.75,-34.75,-34.75,-34.75,-34.75,-34.75,-34.75,-84.0,-84.0
2024_09_06,-1,397.25,382,-38.25,18.75,18.75,18.75,18.75,18.75,2.5,2.5,-23.5,-23.5
2024_09_06,1,0.0,0,-196.5,-7.0,-7.0,-24.5,-24.5,-24.5,-24.5,-31.75,-68.5,-68.5
2024_09_06,-1,61.5,282,-57.0,-11.25,-11.25,-11.25,-15.5,-18.5,-31.0,-31.0,-57.0,-9.0
2024_09_06,1,40.75,14,-70.5,5.0,5.0,5.0,20.75,20.75,20.75,7.75,-9.0,-20.25
2024_09_06,-1,60.75,150,-37.0,-5.75,-3.0,-3.0,26.0,22.75,18.5,6.5,4.75,-10.5
2024_09_06,1,52.0,42,-45.75,-20.5,-20.5,-20.5,-20.5,-20.5,-20.5,18.75,3.0,-30.25
2024_09_06,-1,55.25,22,-30.5,-3.75,-3.75,-12.0,-12.0,-13.5,-13.5,-23.5,51.0,51.0
2024_09_06,-1,65.0,10,-0.0,39.25,39.25,39.25,37.75,47.0,37.75,60.75,60.75,60.75
2024_09_09,1,97.5,221,-128.5,8.75,8.75,8.75,8.75,6.75,6.75,30.25,24.5,20.75
2024_09_09,1,78.0,206,-148.0,-12.75,-12.75,-12.75,-12.75,23.5,16.75,10.75,5.0,1.25
2024_09_09,1,70.75,199,-155.25,28.75,19.5,19.5,19.5,16.25,9.5,3.5,-2.25,-6.0
2024_09_09,-1,139.0,52,-87.0,-9.0,-9.0,-9.0,81.5,81.5,77.0,92.5,84.25,74.25
2024_09_09,1,128.25,85,-26.0,7.5,7.5,7.5,40.25,65.5,65.5,87.5,87.5,68.0
2024_09_09,1,11.25,7,-143.0,3.0,1.25,1.25,-1.75,-9.25,-9.25,-29.5,-29.5,-49.0
2024_09_09,-1,112.75,67,-20.5,6.5,3.5,3.5,-3.0,-12.0,-12.0,-19.0,68.25,50.5
2024_09_09,1,96.75,84,-28.25,-7.0,-7.0,-7.0,-10.25,-15.25,-28.25,-28.25,96.75,96.75
2024_09_09,1,100.5,65,-12.5,-8.0,-8.0,-8.0,-11.5,37.25,36.75,19.0,100.5,100.5
2024_09_09,1,51.0,25,-30.5,-5.75,-30.5,-30.5,-30.5,-30.5,-30.5,-30.5,51.0,51.0
2024_09_10,1,106.25,357,-167.25,-27.25,-27.25,-27.25,-27.25,-27.25,-27.25,-35.5,-40.75,-30.0
2024_09_10,-1,131.75,145,-141.75,-8.25,-8.25,-8.25,-8.25,-14.0,-33.0,-33.0,-38.75,-63.75
2024_09_10,1,113.5,302,-160.0,-12.75,-12.75,-12.75,-12.75,-22.25,-22.25,-42.0,-42.0,-63.5
2024_09_10,-1,99.5,71,-174.0,-10.5,-10.5,-10.5,-12.25,-21.5,-21.5,-34.25,-40.25,-61.5
2024_09_10,1,134.0,258,-139.5,8.0,13.25,13.25,25.25,25.25,17.25,8.0,0.25,-21.5
2024_09_10,-1,155.25,26,-118.25,10.75,7.75,7.75,139.25,139.25,130.0,120.5,114.0,91.25
2024_09_10,1,242.75,186,0.0,14.5,14.5,10.75,66.5,55.5,55.5,207.25,213.75,213.75
2024_09_10,1,115.0,117,-6.5,-6.5,-6.5,-6.5,52.5,47.25,47.25,79.5,86.0,86.0
2024_09_10,1,88.5,93,0.0,33.75,33.75,26.0,26.0,20.75,20.75,53.0,59.5,59.5
2024_09_10,-1,0.25,9,-55.0,-6.0,-6.0,-8.25,-12.25,-18.5,-21.0,-36.25,-51.0,-26.0
2024_09_10,1,45.25,32,-10.0,-10.0,-10.0,-10.0,21.5,21.5,21.5,9.75,16.25,16.25
2024_09_10,1,16.75,14,-9.5,-7.75,-7.75,-7.75,-7.75,-7.75,-7.75,-1.25,-1.25,-1.25
2024_09_10,-1,3.25,1,-5.75,-3.5,-3.5,-5.0,-5.0,-5.0,-5.0,-5.0,-5.0,-5.0
2024_09_11,-1,305.5,85,-420.5,-30.25,-30.25,-30.25,-30.25,-30.25,-30.25,-30.25,-11.25,214.75
2024_09_11,1,697.0,297,-0.5,59.0,59.0,59.0,59.0,59.0,54.0,82.25,190.75,150.0
2024_09_11,-1,-0.0,0,-547.0,-11.0,-11.0,-11.0,-38.5,-38.5,-38.5,-38.5,-55.0,-61.0
2024_09_11,1,419.75,234,-17.0,10.5,10.5,10.0,-17.0,-17.0,-17.0,-17.0,29.25,390.0
2024_09_11,1,242.5,116,0.0,15.25,15.25,15.25,13.5,0.0,0.0,92.5,78.0,212.75
2024_09_11,-1,-0.0,0,-239.75,-4.75,-9.5,-9.5,-13.5,-17.25,-31.5,-31.5,-67.75,-67.75
2024_09_11,1,208.25,94,-4.0,-4.0,44.5,44.5,44.5,66.25,66.25,58.25,43.75,178.5
2024_09_11,-1,6.5,2,-167.5,-5.0,-6.5,-6.5,-6.5,-21.75,-21.75,-24.75,-50.5,-59.5
2024_09_11,1,120.25,44,-2.25,-2.25,-2.25,-2.25,-2.25,30.5,25.75,12.25,79.75,90.5
2024_09_11,1,91.0,19,-17.0,-3.5,-3.5,-3.5,-7.75,-17.0,-17.0,50.5,50.5,61.25
2024_09_12,-1,44.75,20,-242.0,-1.75,-1.75,-1.75,-1.75,-1.75,-1.75,-34.0,-34.0,-49.5
2024_09_12,1,221.5,301,-65.25,22.0,22.0,0.75,0.75,0.75,0.75,-8.5,-34.5,-34.5
2024_09_12,-1,38.25,2,-248.5,18.5,18.5,18.5,18.5,18.5,-2.75,-2.75,-2.75,-33.0
2024_09_12,1,267.0,285,0.0,30.25,30.25,30.25,30.25,30.25,30.25,18.5,81.5,81.5
2024_09_12,1,135.0,245,-90.5,-50.5,-50.5,-50.5,-50.5,-50.5,-50.5,-50.5,-50.5,-50.5
2024_09_12,-1,29.0,70,-196.5,-20.25,-20.25,-20.25,-20.25,-20.25,-20.25,-30.25,-40.25,-66.5
2024_09_12,-1,14.0,46,-211.5,-29.25,-29.25,-29.25,-29.25,-29.25,-29.25,-35.0,-46.75,-61.75
2024_09_12,-1,51.75,21,-173.75,-5.25,-5.25,-5.25,-5.25,3.5,29.75,14.75,10.75,-14.75
2024_09_12,-1,26.5,7,-199.0,-7.5,-7.5,-19.5,-19.5,-19.5,4.5,-10.5,-14.5,-40.0
2024_09_12,-1,16.0,3,-201.5,10.75,8.5,-10.5,-10.5,-10.5,-10.5,-17.0,-24.75,-49.25
2024_09_12,1,176.25,141,-12.25,-2.0,-6.5,-6.5,-6.5,-5.25,-5.25,145.5,78.75,78.75
2024_09_12,1,188.5,116,0.0,13.75,89.25,103.5,115.0,152.25,152.25,157.75,91.0,91.0
2024_09_12,1,11.75,38,-85.75,-4.0,-2.5,-4.5,-9.75,-24.5,-24.5,-19.0,-85.75,-85.75
2024_09_12,-1,60.5,40,-37.0,-8.25,-8.25,-8.25,-23.75,-23.75,-23.75,-33.75,7.25,-1.5
2024_09_12,-1,-0.0,0,-82.0,-9.75,-9.75,-9.75,-18.75,-18.75,-36.5,-36.5,-53.25,-62.0
2024_09_12,1,14.75,19,-42.75,-4.25,-4.25,-4.25,-7.75,-2.25,-8.25,-19.5,-30.0,-26.5
2024_09_12,-1,33.75,17,-15.0,3.5,7.25,7.25,7.25,3.0,-3.25,-13.25,17.5,17.5
2024_09_12,1,18.5,8,-30.25,-17.5,-17.5,-17.5,-17.5,-17.5,-14.25,-14.25,-30.25,-14.0
2024_09_12,-1,-0.0,0,-15.0,-8.75,-8.75,-8.75,-12.25,-15.0,-15.0,-15.0,-15.0,-15.0
2024_09_13,-1,10.25,1,-155.0,-1.25,-1.25,-1.25,-17.0,-17.0,-17.0,-27.75,-36.25,-57.0
2024_09_13,1,98.0,255,-45.75,-11.75,-11.75,-11.75,0.75,0.75,-9.5,-18.25,4.5,-14.75
2024_09_13,-1,-0.0,0,-133.0,-14.5,-14.5,-14.5,-14.5,-28.25,-28.25,-41.5,-41.5,-62.0
2024_09_13,1,47.25,186,-44.75,-6.0,-6.0,-25.0,-25.0,-25.0,-25.0,-31.0,-21.0,-33.75
2024_09_13,-1,21.25,114,-70.75,-11.0,-11.0,-11.0,-13.5,-8.75,-14.75,-23.5,-35.5,-54.0
2024_09_13,1,41.75,159,-50.25,-11.5,-11.5,-11.5,-12.25,-15.75,-15.75,-25.75,-26.5,-39.25
2024_09_13,-1,23.75,34,-68.25,13.0,13.0,9.0,7.0,-2.25,-2.25,-12.25,-21.25,-36.5
2024_09_13,1,52.25,60,-26.25,-4.0,21.0,21.0,27.25,30.0,23.25,-6.75,-6.75,-9.75
2024_09_13,-1,19.5,61,-55.5,-29.0,-29.0,-29.0,-29.0,-29.0,-29.0,-30.5,-45.25,4.5
2024_09_13,-1,32.0,39,-16.0,13.0,13.0,13.0,10.75,-0.5,-0.5,-0.5,-9.5,17.0
2024_09_13,1,13.5,26,-23.5,-12.5,-12.5,-12.5,-12.5,-3.25,-11.0,-23.5,-19.5,-19.5
2024_09_13,1,18.0,16,-19.0,-6.25,-6.25,-6.25,1.25,1.25,-6.5,-19.0,-15.0,-15.0
2024_09_13,-1,7.25,2,-0.0,1.5,3.75,3.75,3.75,3.75,3.75,3.75,3.75,3.75
2024_09_16,-1,107.5,92,-42.75,57.25,57.25,57.25,57.25,57.25,48.75,44.5,32.0,6.0
2024_09_16,1,39.25,25,-111.0,-4.0,-4.0,-4.0,22.75,18.5,13.5,-8.75,-8.75,-34.25
2024_09_16,-1,97.0,38,-45.0,15.5,15.5,15.5,15.5,68.25,68.25,55.5,37.25,29.75
2024_09_16,1,78.5,280,-51.75,10.5,10.5,10.5,13.5,13.5,12.0,-1.0,-7.0,-31.75
2024_09_16,-1,38.0,41,-92.25,14.5,14.5,14.5,10.75,0.25,0.25,-12.25,-16.75,-31.5
2024_09_16,1,73.5,226,-56.75,-8.25,-8.25,-8.25,-25.25,-25.25,-25.25,-31.5,-39.5,-56.75
2024_09_16,1,87.5,209,-21.5,-4.25,-4.25,-4.25,-21.5,-21.5,-21.5,45.5,70.25,70.25
2024_09_16,1,15.75,103,-28.25,-4.0,-4.0,-7.5,-13.75,-13.75,-19.5,-26.25,-1.5,-1.5
2024_09_16,-1,7.25,2,-36.75,-0.75,-0.75,-0.75,-7.75,-9.75,-21.75,-25.0,-35.5,-19.5
2024_09_16,1,15.0,55,-26.5,-14.25,-14.25,-14.25,-14.25,-17.5,-20.0,-2.25,-2.25,-2.25
2024_09_16,-1,9.5,2,-22.5,-5.25,-5.25,-5.25,-5.25,-10.75,-10.75,-21.25,-5.25,-5.25
2024_09_16,1,8.0,12,-12.25,1.25,0.75,-1.75,-10.5,-10.5,-12.25,-9.25,-9.25,-9.25
2024_09_17,1,33.25,76,-220.5,-15.25,-15.25,-15.25,-15.25,-15.25,-15.25,-36.75,-36.75,-60.0
2024_09_17,-1,160.5,234,-93.25,6.25,6.25,6.25,6.25,-0.75,-0.75,-12.0,-22.5,-41.5
2024_09_17,1,33.5,36,-220.25,-4.25,-16.5,-16.5,-16.5,-16.5,-21.75,-35.5,-44.0,-28.0
2024_09_17,1,42.0,31,-211.75,-3.0,-13.25,-13.25,-13.25,-13.5,-27.0,-27.0,-35.5,-19.5
2024_09_17,1,51.25,14,-202.5,-8.25,-8.25,-8.25,-13.25,-17.75,-26.25,16.0,9.0,-10.25
2024_09_17,-1,181.0,166,-42.25,-14.75,-14.75,-14.75,-14.75,-14.75,-13.5,-21.0,-37.25,90.0
2024_09_17,-1,170.5,135,-21.5,-6.75,-6.75,-4.75,-9.25,-9.25,-17.25,-21.5,68.75,79.5
2024_09_17,1,6.25,1,-176.75,1.75,-1.0,-3.75,-11.0,-11.0,-19.25,-27.0,-34.25,-54.25
2024_09_17,-1,123.75,86,-0.0,47.25,47.25,47.25,47.25,37.25,37.25,32.25,22.0,32.75
2024_09_17,-1,87.5,75,-18.5,-10.75,-10.75,-10.75,-13.5,10.0,38.0,21.5,21.5,-3.5
2024_09_17,-1,58.75,47,-47.25,3.0,3.0,3.0,-6.5,-6.5,1.5,-13.5,-19.25,-39.5
2024_09_17,-1,76.5,12,-29.5,2.0,-5.25,-5.25,56.25,56.25,56.25,42.25,27.0,14.5
2024_09_17,1,24.5,135,-55.0,-3.75,-3.75,-3.75,-9.25,-17.25,-17.25,-46.0,-46.0,-55.0
2024_09_17,-1,18.25,4,-61.25,2.0,2.0,2.0,2.0,2.0,-9.25,-18.5,-21.75,-43.25
2024_09_17,1,41.0,57,-27.5,-1.5,-6.25,-6.25,-13.5,-13.5,-27.5,-27.5,41.0,41.0
2024_09_17,-1,-0.0,0,-68.0,-13.0,-13.0,-13.0,-13.0,-16.0,-25.5,-30.5,-50.0,-61.0
2024_09_17,1,24.25,20,-1.25,-1.25,-1.25,24.25,24.25,24.25,24.25,24.25,24.25,24.25
2024_09_18,1,175.0,299,-111.25,-6.0,-6.0,-6.0,-6.0,-6.0,-16.25,-30.0,-30.0,-36.5
2024_09_18,-1,95.0,370,-191.25,-7.0,-7.0,-18.75,-18.75,-18.75,-27.25,-34.0,-27.25,-48.0
2024_09_18,-1,122.0,363,-164.25,8.75,8.75,8.75,8.75,1.5,1.5,-8.75,-0.25,-21.0
2024_09_18,-1,120.75,296,-165.5,5.5,5.5,3.75,-5.25,-5.25,35.5,76.25,69.5,49.75
2024_09_18,1,202.75,131,-83.5,-4.75,3.5,2.0,-6.0,-6.0,25.75,17.5,141.25,121.0
2024_09_18,-1,110.25,148,-176.0,-0.5,-0.5,-0.5,-3.0,-16.0,-16.0,-21.25,-33.0,-162.0
2024_09_18,-1,120.0,131,-166.25,7.75,1.5,1.5,-5.25,-5.25,-152.25,-152.25,-152.25,-152.25
2024_09_18,1,13.25,33,-273.0,-24.0,-24.0,-24.0,-24.0,-24.0,-24.0,-48.25,-48.25,-68.5
2024_09_18,-1,174.0,93,-112.25,-14.25,-14.25,-14.25,-14.25,-40.0,-40.0,-40.0,-40.0,-75.25
2024_09_18,-1,215.25,87,-71.0,-5.5,-5.5,-5.5,-5.5,-19.75,-19.75,-25.0,-46.75,-65.5
2024_09_18,1,53.5,5,-232.75,-9.5,-9.5,-9.5,-9.5,-9.5,-9.5,-9.5,-9.5,-9.5
2024_09_18,1,13.5,1,-230.75,-16.25,-16.25,-16.25,-16.25,-16.25,-16.25,-19.75,-33.5,-49.5
2024_09_18,1,24.5,14,-214.5,-17.25,-17.25,-17.25,-17.25,-17.25,-33.25,-33.25,-59.25,-60.25
2024_09_18,-1,197.25,67,-41.75,27.0,27.0,27.0,27.0,27.0,-18.5,-18.5,-18.5,-18.5
2024_09_18,1,68.75,8,-170.25,6.25,6.25,6.25,6.25,6.25,6.25,6.25,15.25,-25.5
2024_09_18,1,1.5,1,-237.5,-15.75,-15.75,-15.75,-15.75,-15.75,-52.0,-52.0,-52.0,-92.75
2024_09_18,1,42.5,28,-144.75,-28.0,-28.0,-28.0,-28.0,-28.0,-28.0,-72.5,-72.5,-72.5
2024_09_18,-1,72.25,47,-115.0,-39.0,-39.0,-39.0,-39.0,-39.0,-39.0,-39.0,-12.5,-43.75
2024_09_18,1,71.25,14,-116.0,-9.0,-9.0,-9.0,-9.0,-9.0,-9.0,-56.25,-56.25,-56.25
2024_09_18,-1,116.25,32,-71.0,-11.75,-11.75,-11.75,-6.75,-6.75,-6.75,18.0,18.0,9.25
2024_09_18,1,21.25,2,-164.25,15.0,15.0,1.25,1.25,1.25,1.25,-26.25,-26.25,-45.5
2024_09_18,1,0.0,0,-165.5,-27.5,-27.5,-27.5,-27.5,-27.5,-27.5,-46.75,-46.75,-63.25
2024_09_18,1,0.0,0,-97.5,-8.0,-8.0,-8.0,-55.75,-55.75,-55.75,-55.75,-55.75,-63.0
2024_09_18,1,26.5,23,-43.0,-8.5,-8.5,-8.5,-43.0,-43.0,-43.0,-43.0,-43.0,22.5
2024_09_18,-1,-0.0,0,-69.5,-6.0,-6.0,-9.75,-25.75,-25.75,-25.75,-33.0,-54.25,-69.5
2024_09_18,-1,3.25,1,-65.5,-19.25,-19.25,-19.25,-19.25,-19.25,-19.25,-29.0,-50.25,-65.5
2024_09_18,1,2.25,6,-8.75,-5.75,-8.75,-8.75,2.25,2.25,2.25,2.25,2.25,2.25
2024_09_19,1,167.0,265,-64.25,-1.0,-10.0,-10.0,-10.0,-14.75,-25.0,2.25,-12.75,-46.75
2024_09_19,-1,49.5,17,-181.75,-1.0,-1.0,-1.0,-18.5,-18.5,-18.5,-30.5,-30.5,-15.5
2024_09_19,1,150.5,250,-80.75,-29.25,-29.25,-29.25,-29.25,-29.25,-29.25,-36.0,-63.25,-63.25
2024_09_19,-1,3.0,1,-228.25,-10.25,-10.25,-10.25,-10.25,-28.0,-28.0,-28.0,-46.5,-62.0
2024_09_19,1,175.5,226,0.0,51.5,51.5,51.5,104.5,104.5,104.5,95.25,77.25,65.25
2024_09_19,-1,47.75,14,-99.75,-8.5,-8.5,-8.5,-8.5,-8.5,27.25,10.0,-2.25,-24.0
2024_09_19,1,79.75,157,-67.0,12.75,12.75,11.5,6.25,0.75,-8.5,-8.5,-18.0,10.5
2024_09_19,-1,48.5,261,-98.25,-6.0,-6.0,-1.25,-10.5,-10.5,-20.25,-25.75,-34.5,-57.0
2024_09_19,1,60.25,105,-86.5,-12.75,-12.75,-12.75,-12.75,-16.75,-21.0,25.5,16.0,-9.0
2024_09_19,1,44.0,55,-102.75,-9.0,-9.0,-9.0,-9.5,-15.0,23.5,9.25,-0.25,-25.25
2024_09_19,-1,110.0,123,-5.75,-5.75,28.0,28.0,28.0,28.0,17.25,13.0,41.25,106.0
2024_09_19,-1,81.0,101,-15.5,-10.0,-10.0,-10.0,-15.5,-6.25,-12.75,21.5,12.25,77.0
2024_09_19,1,0.0,0,-91.0,-18.25,-18.25,-18.25,-18.25,-18.25,-23.75,-31.5,-42.75,-65.5
2024_09_19,-1,81.25,71,-4.75,-4.75,25.75,20.75,20.75,32.0,32.0,21.75,12.5,77.25
2024_09_19,-1,42.25,47,-38.25,-7.25,-7.25,-10.5,-10.25,-10.25,-18.0,-26.5,-36.0,38.25
2024_09_19,1,2.25,6,-78.25,-14.0,-14.0,-14.0,-14.0,-26.25,-26.25,-46.0,-46.0,-63.0
2024_09_19,-1,36.5,20,-0.0,11.0,11.0,9.75,32.5,32.5,32.5,32.5,32.5,32.5
2024_09_20,1,13.0,367,-203.75,-24.75,-24.75,-24.75,-24.75,-24.75,-24.75,-28.75,-40.0,-57.5
2024_09_20,-1,140.0,77,-76.75,-5.25,-5.25,-5.25,-5.25,-5.25,-17.0,-17.0,83.75,70.75
2024_09_20,1,171.0,247,0.0,35.5,31.5,31.5,57.0,51.0,51.0,90.0,76.75,52.75
2024_09_20,1,94.5,213,-43.5,4.0,4.0,4.0,0.25,30.5,20.5,13.5,0.25,-23.75
2024_09_20,-1,63.75,89,-74.25,-11.5,-11.5,-11.5,-18.5,-18.5,-16.5,-24.0,21.0,3.75
2024_09_20,-1,57.0,70,-81.0,-15.25,-15.25,-15.25,-15.25,-16.0,-23.25,-30.75,14.25,-3.0
2024_09_20,1,56.75,116,-81.25,-5.0,-15.0,-15.0,-15.0,-18.25,-20.0,-37.5,-61.5,-61.5
2024_09_20,-1,44.25,32,-93.75,20.25,11.5,11.5,11.5,17.0,17.0,6.5,1.5,-15.75
2024_09_20,1,95.25,44,-1.0,12.25,15.25,6.25,6.25,6.25,74.0,62.5,51.75,34.25
2024_09_20,1,0.0,0,-36.25,-7.75,-7.75,-11.0,-16.25,-16.25,-27.25,-30.75,-34.75,-34.75
2024_09_20,-1,16.75,7,-0.0,15.25,15.25,15.25,15.25,15.25,15.25,15.25,15.25,15.25
2024_09_23,-1,12.25,209,-83.25,-20.75,-20.75,-20.75,-20.75,-20.75,-20.75,-24.0,-40.5,-58.5
2024_09_23,1,15.75,30,-79.75,-4.75,-13.75,-13.75,-13.75,-16.75,-23.25,-36.0,-48.0,-49.25
2024_09_23,1,20.25,9,-75.25,-4.5,0.5,0.5,-5.25,-2.25,-2.25,-17.25,-21.5,-44.75
2024_09_23,-1,31.25,114,-60.0,-13.5,-13.5,-13.5,-13.5,-13.5,-16.75,-34.75,-39.25,-58.25
2024_09_23,1,0.0,0,-79.25,-6.0,-6.0,-12.25,-12.25,-20.5,-20.5,-42.5,-42.5,-63.0
2024_09_23,-1,57.0,51,-0.0,15.75,28.0,28.0,28.0,7.25,7.25,7.25,16.25,16.0
2024_09_23,1,28.5,120,0.0,5.25,10.75,14.75,10.75,10.0,4.0,14.0,14.0,14.0
2024_09_23,1,9.0,30,-15.25,-1.75,-1.75,-6.5,-15.25,-15.25,-15.25,-5.5,-5.5,-5.5
2024_09_23,1,10.75,11,-13.5,1.25,1.25,-2.0,-13.5,-13.5,-13.5,-3.75,-3.75,-3.75
2024_09_23,-1,-0.0,0,-8.5,-6.0,-6.0,-8.5,-6.5,-6.5,-6.5,-6.5,-6.5,-6.5
2024_09_24,-1,148.75,68,-98.5,-8.75,-8.75,-8.75,-12.0,-12.0,76.5,76.5,90.0,75.5
2024_09_24,1,91.0,145,-156.25,-14.75,-14.75,-14.75,-14.75,-16.5,-18.5,-80.0,-80.0,-80.0
2024_09_24,-1,153.75,50,-93.5,99.5,99.5,99.5,99.5,81.5,81.5,81.5,95.0,80.5
2024_09_24,1,106.75,49,-2.0,-1.0,-1.0,-1.0,-1.75,11.0,83.5,70.5,59.5,45.25
2024_09_24,1,5.0,10,-75.5,-12.5,-12.5,-12.5,-12.5,-17.75,-18.25,-31.25,-42.25,-56.5
2024_09_24,1,11.75,4,-67.5,5.25,5.25,-1.25,-1.25,-4.75,-13.0,-23.75,-34.25,-48.5
2024_09_24,-1,46.25,93,-14.75,5.75,5.75,4.25,-0.0,-4.0,-10.0,14.75,4.5,-8.0
2024_09_24,1,8.25,5,-52.0,-4.25,1.25,-4.75,-4.75,-12.0,-12.0,-21.75,-33.0,-52.0
2024_09_24,-1,30.25,30,-24.0,-5.25,-11.75,-11.75,17.0,12.5,3.5,-1.25,-11.5,-24.0
2024_09_24,1,37.0,90,-9.5,-6.5,-6.5,-9.5,-0.5,2.5,37.0,37.0,37.0,37.0
2024_09_25,1,106.25,49,-14.75,3.5,34.25,24.0,24.0,24.0,2.25,2.25,-7.0,44.25
2024_09_25,1,113.5,36,-7.5,26.75,26.75,26.75,98.75,96.75,75.25,75.25,73.5,51.5
2024_09_25,-1,105.75,203,-0.0,5.0,5.0,5.0,5.0,5.0,2.25,7.5,65.75,25.75
2024_09_25,-1,44.25,115,-48.5,-9.5,-9.5,-9.5,-16.75,-16.75,-16.75,-22.5,4.25,-35.75
2024_09_25,-1,32.5,48,-60.25,15.0,1.5,1.5,1.5,1.5,-6.5,1.0,-7.5,-47.5
2024_09_25,-1,16.0,12,-76.75,-6.5,-6.5,-15.5,-15.5,-0.75,-8.75,-15.5,-24.0,-64.0
2024_09_25,1,38.25,135,-37.25,-5.0,-7.0,-10.75,-12.25,-24.25,-24.25,-37.25,36.75,36.75
2024_09_25,-1,4.0,1,-66.75,-2.25,-2.25,-4.0,-8.75,-13.5,-17.0,-26.5,-54.0,-57.0
2024_09_25,1,43.25,104,-20.5,-8.25,-8.25,-8.25,-12.75,-19.0,-19.0,41.75,41.75,41.75
2024_09_25,-1,2.0,1,-60.5,-5.25,-5.25,-6.5,-10.75,-15.5,-47.75,-47.75,-47.75,-60.5
2024_09_25,1,16.0,10,0.0,14.5,14.5,14.5,14.5,14.5,14.5,14.5,14.5,14.5
2024_09_26,-1,261.5,88,-7.5,-7.5,-7.5,4.5,4.5,4.5,4.5,-1.5,102.75,198.25
2024_09_26,-1,151.5,20,-9.75,19.75,0.75,0.75,0.75,0.75,0.75,118.25,97.5,88.25
2024_09_26,1,79.5,302,-80.0,1.0,1.0,1.0,-13.0,-13.0,-13.0,-20.25,-35.0,-51.5
2024_09_26,1,82.25,245,-77.25,8.75,8.75,8.75,8.75,1.0,1.0,-18.75,-18.75,-37.75
2024_09_26,-1,84.25,64,-75.25,25.0,25.0,25.0,25.0,15.75,15.75,50.25,33.0,16.75
2024_09_26,-1,44.5,12,-115.0,-8.75,-8.75,-8.75,-10.0,22.75,22.75,10.5,-6.75,-23.0
2024_09_26,1,79.25,139,-5.0,-2.25,-2.25,-2.25,-4.0,43.0,44.25,74.25,74.25,74.25
2024_09_26,1,20.5,64,-9.0,-5.75,6.0,4.25,4.25,4.25,-3.75,15.5,15.5,15.5
2024_09_26,-1,-0.0,0,-29.5,-9.0,-9.0,-9.0,-20.5,-20.5,-20.5,-24.5,-24.5,-24.5
2024_09_26,1,3.5,2,-1.5,3.5,3.5,3.5,3.5,3.5,3.5,3.5,3.5,3.5
2024_09_27,1,15.5,33,-166.25,-5.0,4.5,4.5,-14.5,-14.5,-14.5,-34.25,-34.25,-47.5
2024_09_27,-1,132.0,300,-49.75,-12.5,-12.5,-12.5,-12.5,-24.75,-24.75,-38.75,-49.75,45.75
2024_09_27,-1,134.25,229,-0.0,16.0,16.0,16.0,3.25,3.25,3.25,40.25,68.0,48.0
2024_09_27,1,0.0,0,-124.75,-5.0,-14.25,-14.25,-14.25,-18.25,-27.0,-32.5,-41.25,-60.75
2024_09_27,-1,73.25,201,-23.75,-4.25,-6.0,-2.75,-10.75,-10.75,-10.75,-20.75,7.0,-13.0
2024_09_27,-1,60.5,185,-36.5,-3.0,-6.25,-10.75,-10.75,-21.0,-21.0,-33.5,-5.75,-25.75
2024_09_27,1,21.75,85,-75.25,-10.75,-10.75,-10.75,-10.75,-14.5,-8.75,-15.75,-25.0,-42.75
2024_09_27,-1,55.25,78,-41.75,0.75,-5.25,-5.25,-5.25,6.75,1.25,-9.0,-16.5,-36.25
2024_09_27,1,32.75,10,-64.25,26.25,26.25,16.75,16.75,16.75,11.0,2.5,-9.5,-27.25
2024_09_27,-1,50.75,18,-15.5,-12.75,-12.75,-12.75,-12.75,32.5,27.5,10.5,10.5,-13.75
2024_09_27,1,7.0,42,-59.25,-22.25,-22.25,-22.25,-22.25,-22.25,-22.25,-30.25,-47.0,-43.75
2024_09_27,-1,29.0,8,-37.25,9.75,9.75,9.75,9.75,10.75,5.75,-11.25,-11.25,-35.5
2024_09_27,1,15.75,14,-36.0,-5.75,-7.0,1.75,1.75,-4.75,-4.75,-15.0,-24.5,-35.0
2024_09_27,-1,23.75,46,-13.25,-5.0,-6.75,-13.25,-13.25,-10.25,-10.25,22.75,22.75,22.75
2024_09_30,1,110.0,387,-111.75,49.5,62.5,62.5,62.5,60.5,56.0,47.0,41.75,15.25
2024_09_30,1,29.0,365,-192.75,-21.0,-21.0,-21.0,-21.0,-21.0,-21.0,-34.0,-39.25,-65.75
2024_09_30,-1,133.5,261,-88.25,9.25,9.25,5.5,-2.75,-2.75,42.25,29.25,23.0,2.75
2024_09_30,-1,120.25,253,-101.5,23.25,23.25,20.5,17.0,29.0,29.0,16.0,9.75,-10.5
2024_09_30,1,98.25,327,-123.5,-9.0,-9.0,-9.0,2.25,-6.25,-6.25,-19.5,-0.75,-8.25
2024_09_30,-1,147.0,171,-74.75,23.5,23.5,23.5,23.5,10.0,10.0,-3.25,-7.5,-25.75
2024_09_30,1,45.75,217,-176.0,-1.5,-3.5,-9.0,-9.0,-13.5,-18.75,-26.5,-38.75,-60.75
2024_09_30,-1,143.75,84,-78.0,2.25,-1.75,-1.75,17.0,10.5,10.5,-1.25,93.25,77.0
2024_09_30,-1,113.0,57,-108.75,-6.75,-6.75,-11.25,-11.25,-12.25,-18.25,-32.0,62.5,46.25
2024_09_30,-1,128.0,31,-93.75,-4.0,-4.0,-4.0,-4.0,-17.0,-17.0,77.5,77.5,61.25
2024_09_30,1,80.75,117,-141.0,-5.25,-4.5,-6.75,-19.0,-19.0,-19.0,-30.5,-42.5,-61.0
2024_09_30,-1,80.0,11,-141.75,-7.5,-7.5,70.75,53.5,53.5,53.5,29.5,29.5,13.25
2024_09_30,1,173.75,83,0.0,44.5,39.0,39.0,42.0,34.0,34.0,26.0,12.75,140.5
2024_09_30,1,7.5,1,-0.5,3.5,-0.5,-0.5,4.75,4.75,4.75,4.75,4.75,4.75
2024_10_01,-1,434.75,107,-0.0,150.5,150.5,155.0,155.0,232.5,232.5,226.25,213.0,299.75
2024_10_01,-1,226.25,77,-28.0,-1.0,-1.0,-1.0,-1.0,-1.0,-1.0,92.5,80.75,91.25
2024_10_01,-1,134.5,53,-119.75,48.5,48.5,48.5,48.5,48.5,55.5,38.75,38.75,-0.5
2024_10_01,-1,125.25,33,-129.0,-1.0,-5.25,-5.25,15.25,15.25,96.75,88.0,75.25,62.75
2024_10_01,1,134.75,223,-119.5,-12.0,-12.0,-12.0,-12.0,-18.75,-20.5,-31.75,-52.0,-78.5
2024_10_01,1,144.25,217,-110.0,-10.75,-10.75,-10.75,-15.5,-22.25,-22.25,-42.5,-42.5,-69.0
2024_10_01,-1,61.0,10,-193.25,35.25,35.25,50.0,48.0,43.25,32.5,23.75,11.0,-1.5
2024_10_01,-1,-0.0,0,-230.0,-13.0,-13.0,-13.0,-13.0,-25.75,-25.75,-38.25,-49.0,-60.0
2024_10_01,1,157.0,178,-63.5,-3.25,38.75,38.75,38.75,35.25,12.5,12.5,5.5,-15.25
2024_10_01,1,123.0,159,-97.5,-6.75,-6.75,-12.0,-12.0,-28.5,-28.5,-32.0,-3.25,-49.25
2024_10_01,-1,65.5,86,-155.0,-12.75,-12.75,-12.75,-12.75,-36.0,-36.0,-36.0,-42.0,-64.25
2024_10_01,1,90.75,142,-129.75,-10.25,-10.25,-10.25,-10.25,-10.25,-28.25,-28.25,-35.5,-81.5
2024_10_01,-1,97.25,59,-123.25,-6.5,-6.5,29.5,29.5,29.5,8.75,8.75,8.75,18.25
2024_10_01,1,163.5,96,-57.0,23.75,23.75,23.75,23.75,20.0,4.75,4.75,-16.5,-26.5
2024_10_01,-1,19.75,16,-200.75,-18.0,-18.0,-18.0,-18.0,-18.0,-26.25,-26.25,-26.25,-48.75
2024_10_01,-1,14.25,2,-177.25,2.5,2.5,2.5,2.25,-9.0,-9.0,-25.25,-34.75,-54.75
2024_10_01,1,137.25,40,0.0,67.0,67.0,82.5,72.75,72.75,116.5,106.75,97.0,73.75
2024_10_01,-1,67.75,41,-14.5,4.25,4.25,4.25,1.5,-10.0,-10.0,28.0,26.0,50.25
2024_10_02,1,163.25,109,-84.75,28.75,28.75,28.75,-8.0,-8.0,-8.0,-8.0,-8.0,-32.25
2024_10_02,-1,122.5,12,-125.5,61.75,61.75,61.75,104.25,104.25,85.5,85.5,44.5,44.5
2024_10_02,-1,76.75,9,-171.25,16.0,16.0,16.0,58.5,58.5,39.75,39.75,-1.25,-1.25
2024_10_02,-1,-0.0,0,-183.75,-7.5,-7.5,-21.75,-21.75,-21.75,-21.75,-54.25,-54.25,-63.25
2024_10_02,1,157.75,79,-1.25,26.0,26.0,26.0,13.25,13.25,13.25,34.75,23.75,63.25
2024_10_02,-1,21.75,159,-86.75,-4.25,-7.75,-7.75,-20.5,-20.5,-20.5,-35.25,-48.0,-60.25
2024_10_02,1,83.25,19,-25.25,27.75,27.75,12.5,12.5,12.5,12.5,52.0,42.25,19.75
2024_10_02,-1,69.5,100,-33.0,-2.25,-15.0,-15.0,-15.0,-15.0,-16.5,-28.25,27.25,8.0
2024_10_02,1,8.25,17,-93.0,2.25,-5.25,-5.25,-5.25,-12.75,-12.75,-24.0,-32.25,-51.75
2024_10_02,-1,76.0,64,-3.0,0.25,0.25,23.0,50.25,50.25,50.25,40.0,33.75,14.5
2024_10_02,-1,22.0,4,-57.0,-4.0,15.75,8.0,8.0,-8.25,-8.25,-8.25,-20.25,-39.5
2024_10_02,1,10.5,107,-35.0,3.75,3.75,2.0,-3.5,-8.75,-10.75,-22.5,-30.25,-6.0
2024_10_02,-1,10.5,90,-35.0,0.25,0.25,-1.25,-7.25,-11.0,-14.25,-24.75,-35.0,-18.5
2024_10_02,1,32.5,46,-13.0,7.75,7.25,12.25,12.25,2.0,2.0,1.0,-8.0,16.0
2024_10_02,1,19.75,7,-25.75,-10.75,-10.75,-10.75,4.25,1.75,-4.75,-11.75,-20.75,3.25
2024_10_02,1,5.5,1,-40.0,1.5,-10.0,-10.0,-10.0,-12.5,-19.0,-26.0,-35.0,-11.0
2024_10_02,-1,10.0,2,-21.75,-4.25,-0.5,-0.5,-3.0,-6.75,-17.25,-21.75,-19.0,-19.0
2024_10_03,-1,51.25,211,-168.5,-19.75,-19.75,-19.75,-19.75,-19.75,-35.5,-35.5,-41.0,-61.75
2024_10_03,1,133.0,34,-86.75,-6.75,-6.75,-10.0,-18.5,-18.5,108.75,32.75,32.75,32.75
2024_10_03,-1,136.5,168,-32.75,-29.5,-29.5,-29.5,-29.5,-29.5,-29.5,-32.75,41.25,11.75
2024_10_03,1,50.75,57,-112.0,-17.75,-17.75,-17.75,-17.75,-17.75,-41.5,-41.5,-41.5,-60.25
2024_10_03,-1,48.0,119,-114.75,-20.75,-20.75,-20.75,-20.75,-20.75,-20.75,-41.0,-41.0,-67.0
2024_10_03,1,61.25,27,-101.5,-12.75,-12.75,-12.75,-12.75,-16.0,34.5,23.25,21.25,-5.25
2024_10_03,1,39.75,22,-123.0,8.75,6.25,5.25,19.0,13.0,13.0,1.75,-0.25,-26.75
2024_10_03,1,12.25,14,-147.75,-2.0,-4.75,-4.75,-12.25,-3.75,-23.0,-23.0,-32.25,-51.5
2024_10_03,-1,121.0,30,-6.75,-6.75,-6.75,-6.75,86.0,74.25,74.25,83.75,73.25,53.25
2024_10_03,-1,0.5,3,-121.75,-12.25,-12.25,-12.25,-12.25,-28.25,-28.25,-36.75,-47.25,-67.25
2024_10_03,1,54.5,163,-39.0,-8.5,-8.5,-8.5,-10.0,-10.0,-10.0,-23.0,-23.0,38.25
2024_10_03,-1,25.25,105,-68.25,-9.0,-9.0,-9.0,-17.0,-17.0,-18.75,-7.75,-16.75,-37.0
2024_10_03,1,53.75,125,-39.75,-4.0,1.75,1.75,0.25,-3.0,-24.0,-24.0,-29.25,37.5
2024_10_03,-1,34.25,65,-59.25,-4.75,-6.25,-6.25,2.5,-2.5,-5.5,1.25,-7.75,-28.0
2024_10_03,1,49.25,76,-44.25,-4.0,-8.75,-8.75,-13.75,-17.5,-21.75,-33.75,-40.5,33.0
2024_10_03,-1,14.5,19,-79.0,2.75,2.75,2.75,-10.25,-10.25,-10.25,-18.5,-27.5,-47.75
2024_10_03,1,63.25,25,-13.0,-7.25,-7.25,-13.0,-13.0,3.5,38.25,47.0,47.0,47.0
2024_10_04,-1,176.75,38,-36.25,-12.0,-12.0,-12.0,-12.0,-12.0,-12.0,-20.25,136.75,113.5
2024_10_04,-1,-0.0,0,-208.25,-6.75,-6.75,-24.0,-24.0,-24.0,-24.0,-50.5,-50.5,-60.25
2024_10_04,1,128.25,305,-69.25,-4.25,-10.25,-10.25,24.5,24.5,19.25,-1.25,-1.25,-19.0
2024_10_04,-1,55.75,9,-141.75,18.0,18.0,18.0,41.0,35.25,35.25,20.5,12.25,-7.75
2024_10_04,-1,9.25,15,-141.25,-12.0,-12.0,-12.0,-12.0,-9.0,-13.25,-22.0,-37.0,-54.25
2024_10_04,1,79.25,198,-62.25,-6.25,-6.25,-9.0,4.75,-11.75,-11.75,-18.25,-22.5,-62.25
2024_10_04,-1,52.5,30,-89.0,1.5,1.5,1.5,-1.25,-5.75,-14.75,19.75,4.75,-8.25
2024_10_04,-1,24.75,17,-113.5,4.75,4.75,3.25,12.75,8.75,-1.5,-15.0,-15.75,-36.75
2024_10_04,1,97.75,91,-5.5,-3.25,-3.25,-5.5,61.25,59.25,77.0,77.0,77.0,77.0
2024_10_07,1,40.0,59,-186.5,-14.5,-14.5,-14.5,-14.5,-14.5,-14.5,-15.5,-26.0,-20.5
2024_10_07,1,13.75,7,-210.5,-16.5,-16.5,-16.5,-16.5,-16.5,-13.25,-21.0,-26.5,-57.0
2024_10_07,1,12.25,7,-207.25,4.5,4.5,-10.0,-10.0,-10.0,-10.0,-20.75,-30.0,-53.75
2024_10_07,-1,181.5,219,-31.0,-5.25,-8.75,-8.75,1.75,-4.5,-8.0,-24.75,-30.0,118.75
2024_10_07,-1,177.25,178,-28.5,-5.25,-5.25,-5.25,-5.25,-10.75,-19.0,-22.0,119.0,114.5
2024_10_07,1,0.0,0,-199.0,-13.25,-13.25,-13.25,-13.25,-19.5,-26.0,-30.75,-45.5,-70.25
2024_10_07,-1,173.0,133,-22.5,-4.25,-9.25,-9.25,-12.25,-13.25,-17.25,126.75,114.75,110.25
2024_10_07,1,0.0,0,-177.25,-9.0,-9.0,-9.0,-23.75,-23.75,-23.75,-48.5,-48.5,-65.75
2024_10_07,-1,153.5,98,-16.75,-5.5,-5.75,-5.75,-15.0,-15.0,30.5,107.25,95.25,90.75
2024_10_07,1,37.0,45,-27.5,-11.75,-11.75,-11.75,-23.75,-23.75,-23.75,-27.5,37.0,37.0
2024_10_07,-1,15.75,9,-48.75,-7.0,-7.0,-5.25,-5.25,-5.25,-15.5,-28.0,-28.0,-47.0
2024_10_07,1,31.75,19,-2.25,20.75,20.75,20.75,31.75,31.75,31.75,31.75,31.75,31.75
2024_10_08,-1,7.5,3,-241.25,-11.25,-11.25,-11.25,-11.25,-11.25,-13.5,-22.75,-35.0,-56.0
2024_10_08,-1,-0.0,0,-248.75,-18.75,-18.75,-18.75,-18.75,-18.75,-21.0,-30.25,-42.5,-63.5
2024_10_08,1,227.75,378,-11.0,-0.25,-0.25,-0.25,-10.75,-10.75,-10.75,67.25,132.25,111.0
2024_10_08,1,77.25,244,-76.5,2.25,2.25,2.25,-17.0,-17.0,-17.0,-21.75,-30.75,-54.25
2024_10_08,-1,45.75,63,-108.0,-0.75,-0.75,-0.75,-6.75,-8.75,-13.0,-22.75,4.25,-16.25
2024_10_08,1,88.5,204,-65.25,1.25,1.25,1.25,-1.5,-5.75,-12.5,-21.0,-43.0,-54.75
2024_10_08,-1,47.0,20,-106.75,-6.25,-6.25,-13.75,-13.75,-17.25,20.25,9.5,5.5,-15.0
2024_10_08,1,113.75,124,0.0,24.0,24.25,24.25,19.0,18.0,90.0,76.5,69.75,81.5
2024_10_08,1,80.25,78,0.0,6.0,6.0,6.0,17.5,63.25,56.5,43.0,36.25,48.0
2024_10_08,-1,9.75,4,-5.0,3.75,3.75,-5.0,-5.0,-5.0,-5.0,-5.0,-5.0,-5.0
2024_10_09,-1,26.5,14,-207.75,1.5,1.5,1.5,2.0,-2.25,-22.75,-22.75,-25.25,-35.25
2024_10_09,-1,18.75,3,-215.5,8.0,8.0,1.25,1.25,1.25,-13.75,-13.75,-33.0,-43.0
2024_10_09,1,195.25,344,0.0,29.25,29.25,29.25,29.25,51.25,51.25,42.25,124.25,107.5
2024_10_09,1,147.0,329,-6.25,16.0,16.0,8.25,8.25,3.0,3.0,-6.0,76.0,59.25
2024_10_09,-1,28.5,14,-71.0,-10.25,-10.25,-10.25,-14.0,-17.0,-0.25,-4.75,-12.0,-32.5
2024_10_09,1,64.5,193,-23.5,4.0,-1.25,-1.25,-2.0,-6.25,-13.0,-23.5,23.5,22.75
2024_10_09,-1,-0.0,0,-85.25,-16.75,-16.75,-16.75,-16.75,-16.75,-20.5,-37.0,-42.25,-61.5
2024_10_09,1,71.75,90,0.0,44.0,44.0,44.0,38.5,31.25,31.25,17.75,30.75,30.0
2024_10_09,-1,9.25,11,-44.75,-6.25,-6.25,-11.5,-11.5,-8.75,-11.5,-36.0,-36.0,-3.0
2024_10_09,1,10.75,2,-31.0,3.0,3.0,-5.25,-5.25,-5.25,-17.25,-22.5,-30.25,-31.0
2024_10_09,-1,8.5,13,-0.0,2.75,8.5,8.5,8.5,8.5,8.5,8.5,8.5,8.5
2024_10_10,-1,36.5,19,-156.5,-32.25,-32.25,-32.25,-32.25,-32.25,-32.25,-32.25,-19.75,-29.25
2024_10_10,-1,59.0,10,-134.0,6.25,6.25,-3.75,-3.75,-3.75,-7.75,28.25,2.75,-6.75
2024_10_10,-1,8.0,4,-124.25,-16.5,-16.5,-16.5,-16.5,-16.5,-16.5,-25.0,-32.0,-58.5
2024_10_10,1,108.0,123,-24.25,9.75,9.75,7.75,1.75,-6.5,-6.5,-15.0,-19.25,47.0
2024_10_10,-1,83.0,158,-0.0,24.5,24.5,24.5,24.5,18.25,18.25,9.25,23.0,52.75
2024_10_10,1,0.0,0,-56.75,-6.0,-6.0,-16.0,-16.0,-16.0,-24.75,-30.0,-49.0,-26.5
2024_10_10,-1,39.75,77,-10.0,13.5,13.5,13.5,13.5,13.5,13.5,-9.75,-9.75,9.5
2024_10_10,1,28.25,88,-16.75,-4.5,-6.0,-8.75,-10.75,-15.0,-11.0,13.5,13.5,13.5
2024_10_10,-1,13.75,38,-31.25,0.5,-5.75,-5.75,-5.5,-5.5,-9.75,-18.0,-31.25,-16.5
2024_10_10,-1,15.25,16,-29.75,2.75,0.75,-5.0,-5.0,-8.25,-5.75,-16.5,-29.75,-15.0
2024_10_10,1,21.5,58,-23.5,-1.75,-3.5,-6.75,-10.75,-17.75,-17.75,6.75,6.75,6.75
2024_10_10,1,39.0,43,-5.5,-5.5,7.5,5.25,2.75,-3.0,18.25,24.25,24.25,24.25
2024_10_11,-1,6.5,9,-163.5,-9.0,-9.0,-9.0,-12.0,-16.0,-22.0,-23.75,-39.25,-64.5
2024_10_11,-1,-0.0,0,-159.75,-6.75,-6.75,-18.25,-18.25,-18.25,-20.0,-35.5,-60.75,-60.75
2024_10_11,-1,11.0,6,-133.25,-8.5,-8.5,-8.5,-6.0,-6.0,-12.5,-34.25,-34.25,-50.75
2024_10_11,1,144.25,315,0.0,92.0,92.0,92.0,111.75,111.75,104.75,96.25,89.5,68.25
2024_10_11,1,135.75,313,0.0,83.5,83.5,83.5,103.25,103.25,96.25,87.75,81.0,59.75
2024_10_11,-1,17.5,4,-68.75,-0.5,-0.5,2.75,2.75,-6.75,-6.75,-18.75,-28.25,-45.0
2024_10_11,1,40.5,250,-38.25,1.75,1.75,1.75,-4.5,-4.5,-9.0,-24.75,-38.25,-38.25
2024_10_11,-1,-0.0,0,-78.75,-15.25,-15.25,-15.25,-15.25,-18.75,-20.0,-32.75,-44.5,-60.25
2024_10_11,1,43.0,221,-35.75,-4.25,-12.25,-12.25,-12.25,0.75,0.75,-5.5,-19.25,-35.75
2024_10_11,-1,27.75,22,-51.0,-3.0,-3.0,-3.0,12.0,10.25,5.0,-2.75,-12.75,-33.25
2024_10_11,1,49.25,137,-19.0,-3.0,-5.0,-12.75,-12.75,-13.75,10.75,-12.0,-12.0,-11.0
2024_10_11,-1,15.5,137,-52.75,-7.5,-7.5,-8.5,-14.25,-16.0,-23.75,-30.25,-31.5,-52.75
2024_10_11,-1,45.5,111,-22.75,4.5,22.0,22.0,22.0,22.0,16.75,8.0,-1.5,-22.75
2024_10_11,1,13.75,8,-54.5,6.0,4.5,5.5,0.0,-4.0,-8.75,-17.0,-34.0,-46.5
2024_10_11,-1,49.25,31,-8.0,-7.75,-7.75,-2.0,-8.0,49.25,49.25,49.25,49.25,49.25
2024_10_11,-1,41.5,19,-0.0,29.25,41.5,41.5,41.5,41.5,41.5,41.5,41.5,41.5
2024_10_14,1,100.5,26,-36.5,19.0,19.0,13.25,85.0,79.75,79.75,69.25,57.5,39.75
2024_10_14,-1,79.25,74,-50.5,-2.25,-2.25,-2.25,-8.25,-11.0,-14.5,-25.0,-34.25,13.75
2024_10_14,1,20.75,315,-109.0,0.0,-6.25,-6.25,-8.0,-14.5,-15.75,-26.25,-36.5,-61.0
2024_10_14,-1,56.25,39,-73.5,2.0,2.0,-11.5,-11.5,-11.5,28.5,11.5,3.75,-9.25
2024_10_14,-1,27.25,5,-102.5,14.5,14.5,14.5,1.25,1.25,1.25,-3.25,-14.0,-38.25
2024_10_14,1,88.5,239,-1.75,0.0,-1.75,15.75,6.75,6.75,25.75,57.75,47.0,39.0
2024_10_14,-1,11.5,6,-55.25,4.0,4.0,1.0,-1.75,-4.75,-9.5,-19.25,-30.25,-48.75
2024_10_14,1,55.5,110,-5.0,-5.0,4.0,0.25,1.75,12.0,33.5,24.75,14.0,6.0
2024_10_14,-1,17.75,6,-0.0,12.5,6.0,6.0,5.25,8.0,8.0,8.0,8.0,8.0
2024_10_15,-1,356.25,365,-35.5,-6.75,-6.75,-12.5,-12.5,-16.5,-25.5,-35.5,-35.5,217.5
2024_10_15,1,31.0,15,-360.75,-4.0,-4.0,-4.0,-5.75,-13.25,-13.25,-3.25,-16.0,-29.0
2024_10_15,-1,347.75,324,-0.0,32.75,32.75,32.75,44.75,40.25,234.25,234.25,234.25,209.0
2024_10_15,1,52.5,12,-126.25,-7.75,-7.75,30.5,30.5,30.5,30.5,16.0,9.25,-14.25
2024_10_15,1,13.0,3,-165.75,-9.0,-9.0,-9.0,-9.0,-9.0,-9.0,-23.5,-30.25,-53.75
2024_10_15,1,24.0,15,-154.5,-10.5,-10.5,-10.5,-18.5,-18.5,-34.75,-34.75,-42.5,-37.5
2024_10_15,-1,138.5,232,-7.75,8.5,8.5,8.5,8.5,33.75,33.75,13.5,13.5,-7.75
2024_10_15,-1,118.5,193,-26.5,-10.75,-10.75,-10.75,-9.0,-13.25,-18.0,-26.5,-3.25,49.25
2024_10_15,1,30.5,5,-114.5,22.5,22.5,22.5,14.25,14.25,9.75,-0.75,-11.0,-30.25
2024_10_15,-1,107.25,161,-15.25,-7.0,-7.0,-6.75,-8.25,-15.25,8.25,-2.0,-14.5,38.0
2024_10_15,1,18.75,8,-102.75,-8.5,-8.5,-8.5,5.25,-3.5,-3.5,-12.25,-21.25,-47.25
2024_10_15,-1,104.0,75,-12.75,-11.0,-11.0,-11.0,-12.75,74.0,70.0,64.5,51.75,34.75
2024_10_15,1,52.25,33,-35.25,-4.0,-6.5,-11.5,-17.25,-17.25,-27.5,-35.25,27.5,27.5
2024_10_15,-1,-0.0,0,-87.5,-6.0,-6.0,-17.75,-17.75,-17.75,-32.25,-32.25,-43.0,-69.25
2024_10_15,1,50.0,16,-0.75,-0.75,-0.75,19.25,19.25,33.5,28.5,25.25,25.25,25.25
2024_10_16,-1,85.75,30,-72.75,-7.25,-7.25,-21.5,-21.5,-21.5,-21.5,46.75,45.0,17.5
2024_10_16,1,79.5,252,-44.5,-2.0,-2.0,-2.0,-10.25,-10.25,18.75,-4.25,-4.25,-17.75
2024_10_16,1,72.75,244,-51.25,30.75,29.75,26.75,19.0,19.0,12.0,-11.0,-11.0,-24.5
2024_10_16,-1,26.75,4,-97.25,21.0,12.25,12.25,12.25,8.0,3.5,-8.0,-24.0,-39.25
2024_10_16,1,63.75,167,-39.25,-2.5,-2.5,-2.5,-2.5,-6.5,-14.5,-26.25,-36.25,16.0
2024_10_16,-1,3.0,9,-100.0,-2.75,-4.5,-12.75,-12.75,-19.0,-19.0,-27.75,-38.75,-58.0
2024_10_16,-1,-0.0,0,-102.0,-9.75,-9.75,-9.75,-21.0,-21.0,-21.0,-30.75,-40.75,-60.0
2024_10_16,1,49.75,88,-21.5,-0.25,-0.25,-0.25,-4.75,-6.5,-10.5,-21.5,9.25,2.0
2024_10_16,1,48.25,40,-7.25,2.5,2.5,2.5,-2.0,-5.25,25.75,18.0,7.75,0.5
2024_10_16,-1,19.0,46,-7.0,-3.0,-3.0,-7.0,19.0,19.0,19.0,19.0,19.0,19.0
2024_10_16,-1,16.0,19,-2.5,16.0,16.0,16.0,16.0,16.0,16.0,16.0,16.0,16.0
2024_10_17,-1,190.25,368,-0.0,109.25,109.25,109.25,109.25,114.75,114.75,97.5,93.5,74.0
2024_10_17,1,67.25,125,-92.5,-16.25,-16.25,-16.25,-16.25,-16.25,-63.5,-63.5,-63.5,-63.5
2024_10_17,1,82.5,122,-77.25,-48.25,-48.25,-48.25,-48.25,-48.25,-48.25,-48.25,-48.25,-37.0
2024_10_17,-1,29.75,336,-130.0,-15.5,-15.5,-15.5,-15.5,-14.75,-14.75,-27.0,-32.25,-57.0
2024_10_17,1,84.75,95,-75.0,0.0,0.0,0.0,-1.5,-1.5,-18.5,-18.5,-34.75,-43.5
2024_10_17,1,66.5,89,-93.25,-9.5,-9.5,-9.5,-19.75,-19.75,-36.75,-36.75,-53.0,-61.75
2024_10_17,-1,31.75,286,-128.0,-6.25,-6.25,-14.25,-14.25,-18.5,-5.25,-12.75,-30.25,-42.75
2024_10_17,1,75.5,48,-84.25,-13.25,-13.25,-13.25,-13.25,-13.25,-18.5,45.25,35.5,6.75
2024_10_17,-1,138.25,194,-1.5,12.0,12.0,37.0,29.0,29.0,26.75,16.75,5.5,104.25
2024_10_17,1,23.25,53,-116.5,-13.0,-13.0,-13.0,-13.0,-1.0,2.5,-7.0,-29.0,-42.0
2024_10_17,-1,115.25,101,-7.25,-5.25,-7.25,53.5,53.5,53.5,50.25,59.75,57.0,81.25
2024_10_17,1,20.5,11,-53.75,-4.25,13.0,8.25,8.25,-0.75,-0.75,-9.5,-20.0,-53.75
2024_10_17,1,5.0,3,-62.5,0.75,-3.0,-3.0,-11.25,-11.25,-19.5,-28.0,-39.25,-62.5
2024_10_17,-1,40.0,16,-13.5,-5.75,17.25,12.75,22.75,22.75,14.0,5.0,-7.25,6.0
2024_10_17,1,0.0,0,-19.5,-6.75,-6.75,-19.5,-19.5,-19.5,-19.5,-19.5,-19.5,-19.5
2024_10_18,-1,16.0,1,-73.25,-1.25,-1.25,-1.25,-1.25,-1.25,-11.25,-28.75,-28.75,-53.75
2024_10_18,1,30.25,84,-48.25,7.25,7.25,7.25,-2.25,-2.25,-2.25,-16.5,-30.25,-33.5
2024_10_18,1,33.25,68,-45.25,-5.5,-12.5,-12.5,-12.5,-17.75,-17.75,-27.25,-35.75,-30.5
2024_10_18,-1,34.25,82,-44.25,13.75,13.75,13.75,8.0,8.0,2.5,-6.0,-18.0,-35.5
2024_10_18,-1,53.25,39,-19.5,4.75,17.75,31.75,38.0,37.0,33.25,23.0,11.5,-10.75
2024_10_18,1,44.25,17,-14.0,14.75,32.75,32.75,21.0,21.0,21.0,13.75,-0.75,18.25
2024_10_18,1,20.0,7,-36.25,15.0,12.0,12.0,5.25,3.75,-4.25,-12.5,-23.0,-4.0
2024_10_18,-1,23.75,141,-20.25,-7.25,-7.25,-11.75,-14.5,-17.75,-7.75,-19.0,-8.5,-8.5
2024_10_18,-1,38.75,89,-5.25,-1.25,-5.25,-5.25,10.0,22.0,17.5,8.5,6.5,6.5
2024_10_18,-1,-0.0,0,-13.75,-4.5,-9.0,-9.0,-13.75,-6.5,-6.5,-6.5,-6.5,-6.5
2024_10_21,-1,86.75,118,-109.25,-14.25,-14.25,-14.25,-14.25,-40.5,-40.5,-40.5,-40.5,-68.5
2024_10_21,1,66.5,32,-129.5,-0.5,-0.5,-8.25,-8.25,26.5,42.5,29.0,26.25,-2.0
2024_10_21,-1,139.25,59,-38.5,-10.75,-10.75,-10.75,76.25,76.25,69.75,59.0,54.0,78.5
2024_10_21,1,121.0,271,-16.0,-16.0,-16.0,-16.0,-16.0,-16.0,28.75,22.25,43.25,117.5
2024_10_21,1,77.5,242,-21.5,-14.75,-14.75,-14.75,-14.75,-16.25,-21.25,3.75,-0.25,74.0
2024_10_21,-1,-0.0,0,-83.75,-6.5,-6.5,-10.0,-16.25,-16.25,-25.5,-30.5,-40.25,-60.0
2024_10_21,1,42.25,175,-39.75,-12.75,-12.75,-12.75,-12.75,-16.25,-22.25,-31.5,-35.5,38.75
2024_10_21,1,52.0,153,-30.0,-2.0,-2.0,4.5,-1.5,-1.5,-9.0,-17.0,-25.75,48.5
2024_10_21,-1,24.25,39,-57.75,-5.0,-0.75,-0.75,-0.75,-5.25,3.75,-5.75,-16.25,-40.25
2024_10_21,1,49.75,46,-17.75,-4.5,-4.5,-4.5,-13.25,-13.25,-14.0,46.25,46.25,46.25
2024_10_21,-1,-0.0,0,-67.5,-5.75,-7.25,-9.5,-17.5,-17.5,-21.5,-43.25,-43.25,-60.25
2024_10_21,1,26.5,14,0.0,22.25,23.0,23.0,23.0,23.0,23.0,23.0,23.0,23.0
2024_10_22,-1,-0.0,0,-218.75,-8.0,-8.0,-8.0,-29.25,-29.25,-29.25,-32.75,-48.75,-71.25
2024_10_22,-1,7.0,170,-159.75,-4.25,-4.25,-4.25,-21.75,-21.75,-21.75,-29.25,-63.0,-63.0
2024_10_22,1,155.25,249,-11.5,5.0,0.25,0.25,0.25,0.25,46.75,38.75,23.0,9.5
2024_10_22,-1,22.25,113,-144.5,-9.0,-9.0,-9.0,-14.5,-16.0,-26.75,-30.75,-42.5,-39.0
2024_10_22,1,102.25,183,-64.5,-2.75,-2.75,-2.75,-2.75,-9.0,-11.5,-21.0,-32.25,-60.75
2024_10_22,-1,40.25,77,-126.5,2.0,-5.0,-5.0,-5.0,-12.5,-12.75,-2.75,-2.75,-21.0
2024_10_22,1,104.0,54,-9.25,-9.25,-9.25,-9.25,43.75,38.5,74.5,69.25,53.25,38.75
2024_10_22,-1,46.5,109,-8.5,-0.0,-0.0,-0.0,-0.0,23.75,21.0,9.25,-3.25,41.0
2024_10_22,-1,25.0,40,-30.0,-3.25,-6.25,-12.25,-12.25,-15.5,-20.25,-29.0,19.5,19.5
2024_10_22,1,19.25,24,-35.75,-4.25,-3.0,-3.0,-8.25,-11.5,-2.25,-10.75,-26.75,-30.25
2024_10_22,1,21.5,11,-33.5,9.0,9.0,2.75,2.75,0.0,0.0,-8.5,-24.5,-28.0
2024_10_22,-1,-0.0,0,-15.75,-4.75,-15.75,-15.75,-15.75,-5.5,-5.5,-5.5,-5.5,-5.5
2024_10_23,1,2.0,77,-362.5,-12.75,-12.75,-12.75,-12.75,-23.25,-23.25,-30.0,-43.75,-63.25
2024_10_23,-1,339.25,285,-25.25,-9.0,-9.0,-9.0,-9.0,-15.5,-15.5,32.75,23.0,-0.5
2024_10_23,1,35.25,17,-329.25,16.0,16.0,16.0,14.75,14.75,14.75,2.25,-5.5,-25.25
2024_10_23,-1,323.75,204,-8.25,11.0,-1.75,-1.75,-1.75,-1.75,-8.25,69.5,60.25,260.5
2024_10_23,1,11.25,9,-262.0,-4.0,-4.0,-4.0,-14.5,-14.5,-14.5,-25.5,-50.5,-50.5
2024_10_23,1,0.0,0,-266.25,-14.25,-14.25,-14.25,-14.25,-29.75,-29.75,-54.75,-54.75,-64.0
2024_10_23,-1,216.0,133,-7.75,-7.75,-7.75,5.5,-6.75,-6.75,-6.75,33.0,20.75,152.75
2024_10_23,-1,175.0,85,-4.0,5.5,5.5,5.5,76.25,76.25,69.75,142.75,131.5,111.75
2024_10_23,-1,15.0,5,-164.0,-5.5,7.5,-3.25,-3.25,-3.25,-9.25,-17.25,-28.5,-48.25
2024_10_23,1,135.5,102,-8.75,-8.75,-8.75,-8.75,43.5,27.75,27.75,26.0,132.25,132.25
2024_10_23,1,84.25,75,-28.25,-7.75,-7.75,-10.0,-23.5,-23.5,-23.5,81.0,81.0,81.0
2024_10_23,1,97.25,57,-15.25,-12.25,-12.25,-12.25,-12.25,15.0,11.75,94.0,94.0,94.0
2024_10_23,-1,2.5,1,-103.75,-10.5,-10.5,-10.5,-10.5,-14.25,-18.75,-29.75,-38.5,-58.75
2024_10_23,1,72.5,32,0.0,5.5,13.75,18.5,8.5,8.5,8.5,69.25,69.25,69.25
2024_10_24,-1,75.5,140,-71.0,18.75,18.75,6.25,6.25,6.25,-1.5,-8.75,-10.75,-31.0
2024_10_24,-1,73.5,115,-73.0,0.5,0.5,0.5,0.5,-12.75,-12.75,-33.0,-33.0,10.5
2024_10_24,1,60.0,367,-86.5,-9.0,-9.0,-9.0,-19.5,-19.5,-20.25,-21.25,-35.75,-60.25
2024_10_24,-1,57.0,82,-89.5,-14.25,-14.25,-14.25,-14.25,-14.25,-14.25,-27.75,-42.5,-6.0
2024_10_24,1,47.25,327,-99.25,-16.25,-16.25,-16.25,-16.25,-16.25,-22.0,-32.75,-44.5,-73.0
2024_10_24,-1,51.5,50,-95.0,-7.25,-7.25,-15.25,-15.25,-18.25,-21.5,-25.5,-40.75,-11.5
2024_10_24,-1,75.25,26,-71.25,-2.25,-2.25,-2.25,-8.5,59.0,49.0,31.5,31.5,12.25
2024_10_24,-1,57.75,11,-88.75,-6.0,-6.0,41.5,41.5,41.5,31.5,14.0,14.0,-5.25
2024_10_24,-1,25.5,6,-119.75,-1.0,-1.0,-1.0,8.0,8.0,-0.5,-9.5,-15.5,-35.25
2024_10_24,1,60.5,217,-14.25,-12.5,-12.5,-12.5,-12.5,13.75,13.75,0.0,-5.75,54.0
2024_10_24,-1,28.0,19,-46.75,-8.25,-8.25,-8.25,-13.75,-16.75,4.25,-2.75,-12.75,-35.75
2024_10_24,-1,25.25,12,-49.5,0.75,15.25,15.25,10.25,7.0,1.5,-5.5,-15.5,-38.5
2024_10_24,1,38.0,107,-26.5,-8.5,-8.5,-8.5,-13.5,-18.25,-22.75,31.5,31.5,31.5
2024_10_24,-1,8.25,28,-56.25,-0.5,-2.0,-3.75,-9.75,-11.75,-13.0,-36.75,-36.75,-51.75
2024_10_24,1,31.5,53,-0.25,4.5,13.0,13.0,8.25,5.5,-0.25,25.0,25.0,25.0
2024_10_24,1,22.75,19,-8.5,5.0,0.5,0.5,-4.25,-8.5,16.25,16.25,16.25,16.25
2024_10_25,1,182.5,52,-53.25,34.0,29.5,29.5,155.5,146.0,146.0,134.0,130.5,122.25
2024_10_25,-1,196.25,206,-13.5,9.75,3.5,3.5,3.5,3.5,0.75,-13.5,16.25,112.75
2024_10_25,-1,187.5,163,-9.5,10.0,10.0,10.0,5.5,14.0,14.0,3.0,7.5,104.0
2024_10_25,1,11.0,5,-186.0,-4.0,-4.0,-4.0,-4.0,-9.0,-9.0,-19.25,-36.25,-52.5
2024_10_25,-1,170.5,70,-3.5,-2.75,-2.75,65.25,55.0,55.0,55.0,112.0,87.0,87.0
2024_10_25,1,6.5,1,-92.25,-2.25,-2.25,-2.25,-5.5,-25.0,-25.0,-25.0,-42.0,-59.75
2024_10_25,-1,41.5,7,-47.75,-7.75,-7.75,3.75,3.75,3.75,10.75,10.75,-2.0,-31.0
2024_10_25,1,32.25,17,-46.75,14.5,11.25,5.25,5.25,15.25,10.0,-3.0,-15.0,-31.5
2024_10_25,-1,31.75,60,-16.75,-7.5,-7.5,-9.5,-16.75,-16.75,-14.5,25.0,25.0,25.0
2024_10_28,-1,95.0,385,-29.5,-5.25,-5.25,-5.25,-5.25,-5.25,-5.25,15.5,-0.0,-15.5
2024_10_28,-1,74.75,373,-49.75,-7.75,-7.75,-14.5,-14.5,4.75,4.75,-4.75,-20.25,-35.75
2024_10_28,1,43.0,31,-81.5,12.75,8.0,8.0,27.0,20.0,7.25,7.25,-18.75,-18.75
2024_10_28,1,0.0,0,-124.5,-12.75,-12.75,-12.75,-12.75,-20.0,-20.0,-31.25,-61.75,-61.75
2024_10_28,-1,60.25,294,-18.5,-10.5,-10.5,-10.5,-10.5,-14.75,-18.5,1.5,-13.0,46.25
2024_10_28,-1,47.75,239,-27.25,5.0,5.0,4.25,4.25,-4.25,-4.25,-11.0,-25.5,33.75
2024_10_28,-1,58.75,203,-9.75,11.25,11.25,11.25,11.25,11.25,2.25,-4.0,-7.0,44.75
2024_10_28,1,7.25,35,-61.0,-4.25,-14.25,-14.25,-14.25,-9.5,-15.25,-23.5,-33.75,-61.0
2024_10_28,-1,40.25,92,-17.25,-8.0,-8.0,-8.0,-17.25,-17.25,-2.25,-11.75,26.25,26.25
2024_10_28,1,0.0,0,-50.25,-17.0,-17.0,-17.0,-17.0,-17.0,-23.5,-32.0,-50.25,-36.25
2024_10_28,-1,32.0,39,-16.5,5.5,5.5,5.5,0.75,-5.75,-6.25,-16.5,18.0,18.0
2024_10_28,1,0.0,0,-43.5,-10.75,-10.75,-10.75,-13.25,-21.25,-21.25,-43.5,-43.5,-29.5
2024_10_28,-1,31.0,12,-4.25,-4.25,5.5,5.5,11.0,11.0,11.0,17.0,17.0,17.0
2024_10_28,1,0.0,0,-35.25,-5.0,-13.0,-13.0,-13.0,-19.0,-35.25,-35.25,-21.25,-21.25
2024_10_28,-1,25.5,2,-1.75,14.0,14.0,14.0,5.5,5.5,5.5,11.5,11.5,11.5
2024_10_29,1,258.5,392,-51.0,-13.75,-13.75,-13.75,-13.75,-38.5,-38.5,-38.5,-48.25,242.25
2024_10_29,-1,12.5,2,-297.0,-1.0,-1.0,-1.0,-1.0,-6.25,-22.5,-22.5,-29.0,-54.75
2024_10_29,1,244.0,362,0.0,16.5,16.5,16.5,12.5,72.75,34.0,34.0,34.0,227.75
2024_10_29,1,179.0,330,-5.75,-5.75,-3.0,-3.0,-3.0,6.75,6.75,35.25,27.0,162.75
2024_10_29,-1,0.5,3,-169.5,-12.75,-12.75,-12.75,-12.75,-22.25,-22.25,-30.5,-39.5,-59.75
2024_10_29,1,156.75,288,-11.0,-0.5,-0.5,-0.5,-3.75,-10.0,-10.0,13.0,4.75,140.5
2024_10_29,1,150.25,262,-8.5,6.25,4.25,3.0,1.5,-8.5,-8.5,6.5,-1.75,134.0
2024_10_29,1,143.25,247,-14.75,28.5,14.25,14.25,14.25,14.25,9.25,-0.5,-8.75,127.0
2024_10_29,-1,11.0,4,-147.0,6.25,-6.0,-6.0,-6.0,-6.0,-9.25,-23.5,-29.75,-49.5
2024_10_29,1,122.0,199,-1.0,7.75,15.75,15.75,6.25,6.25,31.5,81.25,73.5,105.75
2024_10_29,1,54.25,72,-10.5,-0.75,-2.25,33.25,33.25,30.0,23.75,13.5,5.75,38.0
2024_10_29,-1,57.5,23,-7.25,19.0,8.75,8.75,8.75,6.75,2.0,-7.25,-7.25,-7.25
2024_10_29,-1,35.25,5,-29.5,31.0,27.25,27.25,18.5,18.5,-29.5,-29.5,-29.5,-29.5
2024_10_29,1,30.25,9,0.0,14.5,14.5,14.5,14.5,14.5,14.5,14.5,14.5,14.5
2024_10_30,-1,158.0,402,-60.0,-27.5,-27.5,-27.5,-27.5,-27.5,-27.5,45.75,35.75,13.75
2024_10_30,1,31.25,22,-186.75,-9.25,-9.25,-9.25,-8.0,8.75,8.75,-13.5,-13.5,-31.75
2024_10_30,1,19.0,7,-199.0,1.0,1.0,1.0,6.75,-3.5,-3.5,-25.75,-25.75,-44.0
2024_10_30,-1,155.0,320,-50.25,-5.75,-11.25,-11.25,-11.25,-27.5,-27.5,-27.5,-17.75,-45.75
2024_10_30,1,15.5,24,-189.75,6.5,6.5,6.5,-10.75,-10.75,-10.75,-16.5,-25.0,-48.25
2024_10_30,1,25.0,9,-180.25,8.5,8.5,8.5,9.5,9.0,1.25,-7.25,-15.5,-38.75
2024_10_30,-1,173.0,235,-15.0,-0.75,-0.75,-0.75,-7.5,-7.5,-15.0,57.5,45.5,93.5
2024_10_30,-1,169.75,220,-18.25,-5.25,-10.75,-10.75,-9.75,-10.75,-18.25,54.25,42.25,90.25
2024_10_30,1,12.75,52,-129.5,-13.25,-13.25,-13.25,-13.25,-20.25,-20.25,-30.0,-32.5,-49.25
2024_10_30,-1,103.0,70,-16.5,1.5,-2.25,-2.25,-2.25,-7.0,-12.0,23.5,23.5,23.5
2024_10_30,-1,80.25,37,-23.75,-1.0,-1.0,-12.75,-12.75,-12.75,-20.0,0.75,0.75,0.75
2024_10_30,-1,83.75,28,-14.0,-5.0,-6.5,31.5,25.5,4.25,4.25,4.25,4.25,4.25
2024_10_30,-1,19.0,12,-78.75,-60.5,-60.5,-60.5,-60.5,-60.5,-60.5,-60.5,-60.5,-60.5
2024_10_31,-1,321.5,389,-0.0,51.0,51.0,51.0,51.0,51.0,51.0,32.25,32.25,141.25
2024_10_31,-1,57.0,254,-58.0,32.25,32.25,26.0,26.0,17.0,17.0,-0.25,-0.25,-27.0
2024_10_31,1,64.0,230,-51.0,-13.25,-13.25,-13.25,-13.25,0.75,7.0,7.0,2.25,-15.0
2024_10_31,1,57.5,225,-57.5,5.25,-5.75,-5.75,-5.75,-5.75,0.5,0.5,-4.25,-21.5
2024_10_31,1,55.5,202,-59.5,7.5,7.5,3.25,0.75,18.25,16.75,0.75,-6.25,-23.5
2024_10_31,-1,57.25,151,-57.75,0.25,0.25,0.25,0.25,20.25,12.25,22.0,12.25,-9.0
2024_10_31,1,70.0,120,-45.0,-17.5,-17.5,-17.5,-17.5,-17.5,-20.75,-33.75,-40.0,-14.5
2024_10_31,-1,10.5,84,-104.5,-7.25,-7.25,-7.25,-7.25,-13.25,-14.0,-24.75,-34.5,-55.75
2024_10_31,1,70.0,50,-45.0,-5.5,15.0,9.75,23.25,13.5,13.5,6.75,27.5,-14.5
2024_10_31,-1,63.5,6,-0.0,17.0,17.0,17.0,17.0,17.0,1.0,1.0,21.0,3.0
2024_10_31,-1,21.75,9,-0.0,9.0,13.0,13.0,9.0,9.0,9.0,9.0,9.0,9.0
2024_11_01,-1,-0.0,0,-206.25,-14.25,-14.25,-14.25,-14.25,-32.25,-32.25,-32.25,-40.5,-74.25
2024_11_01,-1,7.5,4,-192.0,-18.0,-18.0,-18.0,-18.0,-18.0,-26.25,-26.25,-39.25,-60.0
2024_11_01,1,144.25,105,-17.0,-13.5,-13.5,-13.5,-13.5,5.5,5.5,-5.25,80.25,43.25
2024_11_01,-1,23.75,346,-137.5,-8.25,-8.25,-8.25,-33.5,-33.5,-33.5,-33.5,-50.75,-68.75
2024_11_01,1,101.75,80,-59.5,29.0,34.75,34.75,34.75,69.0,64.5,51.75,37.75,0.75
2024_11_01,-1,72.25,307,-89.0,14.75,14.75,14.75,14.75,14.75,-8.0,-8.0,-25.0,-38.25
2024_11_01,-1,58.75,300,-102.5,-9.25,-9.25,-9.25,-20.75,-20.75,-20.75,-38.5,-40.0,-60.25
2024_11_01,1,43.75,26,-117.5,-15.0,-15.0,-15.0,-15.0,-16.25,-20.5,7.25,1.5,-30.5
2024_11_01,-1,108.25,241,-17.75,11.25,11.25,11.25,2.25,2.25,-1.75,-12.5,13.25,-12.0
2024_11_01,1,21.5,13,-104.5,0.75,0.75,0.75,-2.5,-8.75,-6.5,-31.0,-31.0,-39.25
2024_11_01,-1,73.25,187,-52.5,-13.25,-13.25,-13.25,-13.25,-20.0,-20.0,-7.75,-21.75,-47.0
2024_11_01,-1,90.25,140,-0.0,26.75,26.75,26.75,26.75,26.75,23.75,41.25,36.0,13.0
2024_11_01,1,36.75,27,-40.5,-8.25,-8.25,-8.25,-7.0,20.25,13.25,5.25,-8.25,-33.75
2024_11_01,-1,32.75,21,-27.25,-10.25,-10.25,-10.25,-8.5,-13.5,-27.25,-27.25,-9.75,-20.75
2024_11_01,1,7.75,3,0.0,2.5,5.0,5.0,5.0,5.0,5.0,5.0,5.0,5.0
2024_11_04,1,98.5,103,-109.0,-27.25,-27.25,-27.25,-27.25,-27.25,-27.25,-35.0,-49.25,-76.75
2024_11_04,-1,26.75,1,-180.75,14.0,14.0,14.0,14.0,2.5,2.5,-19.75,-19.75,-57.75
2024_11_04,1,94.25,84,-96.25,-24.0,-24.0,-24.0,-24.0,-24.0,-24.0,37.75,51.5,33.75
2024_11_04,1,27.5,23,-163.0,-6.5,-6.5,-6.5,-6.5,-5.25,6.5,-6.5,-15.25,-33.0
2024_11_04,-1,160.25,49,-0.0,10.75,10.75,10.25,125.75,116.0,116.0,105.5,108.25,96.75
2024_11_04,-1,32.5,5,-105.5,7.25,19.75,19.75,19.75,10.25,10.25,1.0,-19.5,-31.0
2024_11_04,1,74.5,83,-20.75,12.0,12.0,12.0,12.0,12.75,24.5,11.75,-9.5,9.0
2024_11_04,-1,15.5,148,-79.75,-6.5,-6.5,-15.75,-15.75,-43.5,-43.5,-43.5,-43.5,-62.75
2024_11_04,1,30.0,31,-65.25,-2.0,-2.0,-2.75,-5.75,-5.75,-5.75,-7.75,-10.75,-35.5
2024_11_04,-1,72.0,69,-11.25,9.5,2.5,2.5,2.5,-1.75,-7.25,40.25,36.75,36.75
2024_11_04,-1,49.25,25,-9.75,2.75,2.75,2.75,-2.75,-7.0,-9.75,17.5,14.0,14.0
2024_11_04,1,3.75,2,-55.25,-4.75,-4.75,-4.75,-13.0,-13.0,-16.5,-30.0,-36.5,-20.0
2024_11_04,-1,25.25,4,-10.75,18.75,18.75,15.75,2.25,2.25,2.25,-6.5,-10.0,-10.0
2024_11_04,1,11.5,25,-22.5,-15.0,-15.0,-15.0,-15.0,-15.0,-18.0,10.75,10.75,10.75
2024_11_04,-1,26.5,8,-7.5,13.5,11.5,2.0,2.0,2.0,-2.0,-7.5,-6.75,-6.75
2024_11_05,1,135.0,383,-4.75,3.25,3.25,34.5,22.0,22.0,22.0,15.75,15.75,-4.75
2024_11_05,-1,3.25,5,-136.5,-5.0,-8.5,-8.5,-14.5,-14.5,-19.5,-37.25,-37.25,-62.0
2024_11_05,1,88.75,295,-9.25,8.5,4.0,4.0,15.5,15.5,15.0,5.0,34.0,11.75
2024_11_05,-1,60.75,115,-37.25,-6.25,-6.25,-6.25,-12.0,-18.0,-18.0,20.0,13.5,0.25
2024_11_05,1,57.25,124,-40.75,-6.75,-6.75,-10.0,-14.25,-22.5,-22.5,-24.75,-40.75,41.25
2024_11_05,-1,20.25,3,-77.75,13.25,13.25,5.75,5.75,4.0,-4.5,-16.5,-20.5,-40.25
2024_11_05,-1,-0.0,0,-94.75,-13.0,-13.0,-13.0,-13.0,-21.5,-21.5,-33.5,-40.0,-66.5
2024_11_05,1,58.25,56,-16.25,-4.75,-3.75,-5.0,-11.5,0.75,0.75,-11.25,42.25,42.25
2024_11_05,-1,0.75,3,-73.75,-5.25,-5.25,-18.25,-18.25,-18.25,-25.0,-30.25,-45.5,-67.5
2024_11_05,1,30.75,9,-2.5,15.25,15.25,15.25,14.75,14.75,14.75,14.75,14.75,14.75
2024_11_06,-1,37.0,22,-232.5,-47.0,-47.0,-47.0,-47.0,-47.0,-47.0,-47.0,-47.0,-74.5
2024_11_06,1,147.75,366,-121.75,-14.75,-14.75,-14.75,-14.75,-36.5,-36.5,-36.5,-75.0,-75.0
2024_11_06,-1,30.5,7,-239.0,16.75,16.75,16.75,6.0,6.0,6.0,-11.75,-11.75,-47.25
2024_11_06,1,178.5,334,-47.75,-11.0,-11.0,-11.0,46.5,46.5,46.5,36.25,18.75,5.25
2024_11_06,-1,59.75,22,-166.5,-11.25,-11.25,-11.25,-0.0,-0.0,29.75,17.0,17.0,-6.25
2024_11_06,1,160.25,274,-39.0,-1.25,-9.5,-9.5,-9.5,-18.25,-18.25,-29.75,-39.0,125.5
2024_11_06,1,132.5,252,-20.0,-4.25,-0.75,-0.75,-7.5,-7.5,-20.0,90.25,90.25,97.75
2024_11_06,1,74.25,110,0.0,14.75,14.75,12.5,7.5,0.75,0.75,32.0,32.0,39.5
2024_11_06,-1,11.75,29,-34.75,-12.25,-12.25,-12.25,-12.25,-18.25,-20.0,-34.75,-0.0,-0.0
2024_11_06,1,0.0,0,-46.5,-18.0,-18.0,-18.0,-18.0,-18.0,-42.25,-42.25,-42.25,-34.75
2024_11_07,1,218.75,350,-2.75,4.0,4.0,4.0,42.75,39.25,33.25,62.5,121.5,218.0
2024_11_07,1,185.0,330,-3.25,7.0,7.0,47.75,47.75,43.25,35.0,28.75,87.75,184.25
2024_11_07,-1,8.0,4,-108.0,-11.5,-11.5,-11.5,-5.0,-9.5,-13.5,-26.25,-39.75,-54.5
2024_11_07,-1,9.5,119,-87.75,-19.5,-19.5,-19.5,-19.5,-19.5,-21.75,-30.5,-31.75,-54.0
2024_11_07,-1,20.25,38,-77.0,-2.0,-2.0,-4.5,-1.25,-9.0,-9.0,-12.0,-21.0,-43.25
2024_11_07,1,59.5,85,-15.5,-8.0,-8.0,-8.0,-13.0,-13.0,-13.0,-15.0,-15.0,58.75
2024_11_07,1,43.75,47,-31.25,4.0,4.0,-1.25,-19.0,-19.0,-19.0,-30.75,-30.75,43.0
2024_11_07,-1,-0.0,0,-66.0,-9.0,-9.0,-9.0,-22.0,-22.0,-22.0,-33.75,-50.0,-62.0
2024_11_07,1,24.5,19,-16.5,-1.5,-2.75,-2.75,-2.75,7.0,3.5,-5.5,-15.75,23.75
2024_11_07,-1,20.5,17,-20.5,-7.75,-7.75,-7.75,-10.0,-14.75,-18.25,-9.75,-20.5,-19.75
2024_11_07,1,0.0,0,-11.0,-7.5,-7.5,-11.0,-0.75,-0.75,-0.75,-0.75,-0.75,-0.75
2024_11_08,-1,22.25,30,-73.5,-5.25,-22.75,-22.75,-22.75,-22.75,-22.75,-12.5,-17.75,-43.75
2024_11_08,1,44.25,218,-51.5,-27.75,-27.75,-27.75,-27.75,-27.75,-27.75,-36.75,-42.5,13.0
2024_11_08,-1,-0.0,0,-91.75,-10.25,-10.25,-10.25,-16.5,-16.5,-25.0,-30.75,-44.5,-62.0
2024_11_08,1,85.5,179,-5.25,4.75,4.75,4.75,4.75,9.5,-4.0,-4.0,43.25,54.25
2024_11_08,-1,-0.0,0,-90.75,-10.5,-10.5,-10.5,-21.25,-21.25,-21.25,-32.0,-43.5,-61.0
2024_11_08,1,68.0,149,0.0,3.25,3.25,16.5,10.25,6.75,3.0,6.25,25.75,36.75
2024_11_08,-1,5.75,7,-59.5,-6.25,-6.25,-6.25,-10.0,-14.25,-14.25,-26.0,-37.75,-57.0
2024_11_08,1,45.25,60,-7.0,3.75,-2.0,-2.0,-7.0,28.25,22.0,10.0,3.0,14.0
2024_11_08,-1,24.25,101,-23.0,-4.25,-1.75,-5.25,-11.0,-14.5,-17.0,8.0,8.0,8.0
2024_11_08,1,4.75,15,-42.5,-4.5,-5.25,-7.5,-9.0,-13.75,-19.0,-30.25,-37.25,-26.25
2024_11_08,-1,26.5,37,-1.25,13.25,13.25,13.25,7.75,7.5,2.0,10.25,10.25,10.25
2024_11_11,-1,181.0,230,-0.0,0.25,0.25,0.25,0.25,0.25,0.25,90.0,81.0,68.25
2024_11_11,-1,90.75,188,-46.75,-3.25,-3.25,-3.25,4.5,-2.75,-2.75,-15.0,-21.25,-41.5
2024_11_11,1,31.75,9,-105.75,27.75,21.25,21.25,7.0,7.0,7.0,-2.75,-9.25,-30.75
2024_11_11,1,28.75,6,-105.25,21.75,21.75,14.5,14.5,12.75,8.0,-3.75,-12.0,-32.5
2024_11_11,-1,111.5,114,-17.75,1.5,1.5,1.5,-0.25,29.5,27.75,81.5,70.0,50.0
2024_11_11,-1,67.25,56,-62.0,-0.75,-3.0,-7.25,-7.25,-14.75,-16.5,37.25,25.75,5.75
2024_11_11,1,69.5,146,-5.5,25.0,23.25,15.25,15.25,11.0,8.75,-1.75,54.5,54.5
2024_11_11,-1,10.0,18,-65.0,-5.75,-5.75,-9.5,-9.25,-9.25,-10.75,-23.25,-30.75,-52.25
2024_11_11,1,44.75,56,-2.75,2.5,2.5,1.0,-2.5,-2.5,-2.5,29.75,29.75,29.75
2024_11_11,1,37.75,53,-9.75,-4.5,-4.5,-6.0,-9.5,-9.5,-9.5,22.75,22.75,22.75
2024_11_11,-1,3.5,8,-37.75,-5.25,-12.0,-12.0,-12.0,-14.5,-25.0,-29.25,-37.0,-22.75
2024_11_11,1,0.0,0,-17.5,-12.0,-12.0,-12.0,-12.0,-17.5,-11.25,-11.25,-11.25,-11.25
2024_11_12,-1,138.75,210,-42.0,5.5,5.5,5.5,5.5,5.5,-6.25,-25.0,-25.0,-42.0
2024_11_12,1,5.75,1,-169.75,-0.25,-0.25,-14.25,-14.25,-14.25,-14.25,-32.5,-43.25,-59.0
2024_11_12,-1,130.75,172,-37.25,-5.0,-27.0,-27.0,-27.0,-27.0,-27.0,-36.0,6.25,67.25
2024_11_12,1,7.5,3,-160.25,-7.25,-7.25,-8.0,-8.0,-10.75,-21.75,-26.25,-33.75,-52.75
2024_11_12,-1,129.5,123,-10.75,2.25,2.25,2.25,-4.0,-6.5,-2.5,16.0,5.0,66.0
2024_11_12,1,21.5,162,-118.75,-9.0,-9.0,-9.0,-22.0,-22.0,-22.0,-31.5,-41.25,-69.0
2024_11_12,-1,76.75,47,-63.5,-5.25,-6.75,-10.25,-14.0,-14.0,-14.0,-22.5,32.0,13.25
2024_11_12,1,44.25,121,-96.0,-4.5,-14.5,-14.5,-14.5,-20.75,-20.75,-34.25,-46.25,-68.75
2024_11_12,-1,68.75,15,-71.5,12.75,12.75,50.5,50.5,50.5,45.25,31.25,24.0,5.25
2024_11_12,1,92.0,79,-8.5,4.25,4.25,4.25,-8.5,-8.5,-8.5,77.25,77.25,77.25
2024_11_12,-1,11.5,56,-16.0,-4.0,-6.5,-6.5,-3.0,-6.5,-16.0,-3.5,-3.5,-3.5
2024_11_12,-1,15.25,49,-12.25,3.0,1.25,1.5,0.75,-2.75,-12.25,0.25,0.25,0.25
2024_11_12,1,0.0,0,-27.5,-6.75,-6.75,-12.75,-12.75,-16.0,-22.75,-12.5,-12.5,-12.5
2024_11_12,-1,10.75,2,-11.25,-0.5,-0.5,-0.5,-1.75,-5.75,-9.5,-4.25,-4.25,-4.25
2024_11_12,-1,2.75,1,-0.0,2.75,2.75,2.75,2.75,2.75,2.75,2.75,2.75,2.75
2024_11_13,-1,112.0,37,-90.25,6.75,6.75,6.75,4.0,-1.0,9.5,-2.0,59.0,44.5
2024_11_13,1,158.75,201,-20.25,22.75,6.5,6.5,6.5,6.5,6.5,-20.25,-20.25,-3.5
2024_11_13,-1,20.75,1,-141.5,12.5,12.5,12.5,-6.0,-6.0,-6.0,-20.25,-20.25,-39.25
2024_11_13,1,101.5,118,-38.75,-0.25,-0.25,22.0,27.0,27.0,26.5,14.25,60.75,36.0
2024_11_13,-1,54.75,192,-85.5,3.5,-15.5,-15.5,-15.5,-15.5,-15.5,-22.5,-31.5,-53.25
2024_11_13,-1,99.75,167,-40.5,-8.0,-8.0,-8.0,-3.0,-3.0,-7.5,-24.75,-24.75,53.0
2024_11_13,1,47.5,36,-92.75,3.0,3.0,4.0,34.5,29.25,21.5,13.0,6.75,-18.0
2024_11_13,-1,116.0,111,-0.0,10.5,10.5,10.75,19.25,9.5,9.5,53.75,41.0,69.25
2024_11_13,-1,81.5,96,-25.0,-4.5,-15.25,-15.25,-15.25,-25.0,-25.0,19.25,6.5,34.75
2024_11_13,1,20.25,44,-68.25,-12.0,-12.0,-12.0,-12.0,-13.0,-16.75,-36.0,-28.25,-57.5
2024_11_13,-1,36.0,51,-52.5,-8.25,-8.25,-8.25,-16.0,-16.0,-18.5,-29.5,-39.0,-10.75
2024_11_13,1,18.5,16,-70.0,1.25,1.25,-3.0,-9.0,-9.0,-15.0,-23.5,-30.0,-59.25
2024_11_13,1,0.0,0,-88.5,-5.5,-8.0,-8.0,-21.5,-21.5,-21.5,-48.5,-48.5,-77.75
2024_11_13,-1,32.5,4,-16.0,17.5,17.5,17.5,17.5,-0.0,-0.0,-0.0,-15.25,-14.25
2024_11_14,1,6.0,6,-209.75,-14.75,-14.75,-14.75,-14.75,-17.0,-18.25,-24.25,-62.25,-62.25
2024_11_14,-1,159.75,392,-24.75,24.25,24.25,24.25,-8.5,-8.5,-8.5,-8.5,-8.5,9.75
2024_11_14,-1,167.0,319,-14.25,15.75,15.75,15.75,15.75,11.5,7.5,-3.25,-14.25,29.25
2024_11_14,-1,159.5,267,-11.75,-11.75,-11.75,-11.75,-11.75,9.25,5.75,53.75,42.25,21.75
2024_11_14,-1,141.0,254,-26.25,-9.25,-9.25,-9.25,-9.25,-9.25,-12.75,35.25,23.75,3.25
2024_11_14,1,43.5,47,-123.75,-10.75,-10.75,-10.75,-10.75,-18.75,-18.75,-53.0,-53.0,-20.0
2024_11_14,-1,102.5,204,-64.75,0.5,0.5,-16.25,-16.25,-16.25,-16.25,-23.75,-35.25,-55.25
2024_11_14,1,35.75,27,-131.5,-14.75,-14.75,-14.75,-14.75,13.5,13.5,4.25,-5.0,-27.75
2024_11_14,-1,126.5,149,-7.25,50.0,32.75,32.75,32.75,32.75,32.75,21.25,11.75,-7.25
2024_11_14,1,6.25,48,-127.5,-6.0,-6.0,-10.25,-14.25,-23.25,-23.25,-36.5,-36.5,-58.0
2024_11_14,-1,100.25,111,-33.5,-6.75,-6.75,-9.0,-13.75,-20.0,-20.0,-33.5,15.0,89.25
2024_11_14,1,9.5,12,-124.25,-7.75,-7.75,-9.25,-19.5,-19.5,-23.25,-33.25,-33.25,-54.75
2024_11_14,-1,106.0,87,-27.75,-6.25,-6.25,-6.25,-18.75,-18.75,-18.75,-27.75,20.75,95.0
2024_11_14,1,0.0,0,-127.5,-7.75,-7.75,-12.5,-12.5,-36.5,-36.5,-36.5,-40.25,-63.5
2024_11_14,-1,87.25,73,-4.5,-4.5,35.75,35.75,25.0,25.0,19.75,2.0,2.0,76.25
2024_11_14,-1,48.25,60,-37.0,-7.75,-7.75,-37.0,-37.0,-37.0,-37.0,-37.0,37.25,37.25
2024_11_15,-1,350.5,267,-0.0,49.5,49.5,38.0,38.0,38.0,38.0,17.5,17.5,288.5
2024_11_15,1,0.0,0,-333.0,-19.0,-19.0,-19.0,-19.0,-19.0,-28.5,-35.75,-42.5,-67.0
2024_11_15,-1,263.5,233,-13.0,-7.0,-7.0,-13.0,-13.0,63.5,63.5,100.75,94.5,201.5
2024_11_15,-1,161.5,190,-23.5,-23.5,-23.5,-23.5,-23.5,-23.5,-23.5,-1.25,-7.5,99.5
2024_11_15,1,13.25,5,-164.75,8.0,-3.75,-3.75,-3.75,-3.75,-12.0,-23.75,-28.25,-49.75
2024_11_15,-1,141.5,140,-0.0,20.0,20.0,15.25,0.75,0.75,0.75,65.0,96.75,79.5
2024_11_15,-1,46.5,63,-63.5,-4.25,-10.5,-10.5,-15.75,-24.5,-24.5,-30.0,1.75,-15.5
2024_11_15,1,65.25,113,-31.5,-8.25,-8.25,-8.25,-12.0,-16.75,-20.5,-31.5,-9.75,48.5
2024_11_15,-1,-0.0,0,-96.75,-8.5,-8.5,-8.5,-17.25,-17.25,-22.75,-48.75,-48.75,-64.25
2024_11_15,1,40.25,77,-34.75,-4.5,1.5,-1.75,-15.75,-15.75,-15.75,-34.75,-34.75,23.5
2024_11_15,-1,-0.0,0,-66.75,-4.0,-8.0,-8.0,-14.0,-16.25,-29.25,-30.25,-42.0,-60.25
2024_11_15,1,56.25,60,-6.75,13.0,10.25,10.25,-1.5,-1.5,-1.5,1.5,39.5,39.5
2024_11_15,-1,8.25,1,-54.75,-0.25,-0.25,-0.25,-8.5,-8.5,-16.75,-37.0,-37.0,-54.75
2024_11_15,1,6.5,6,-20.25,-14.75,-14.75,-14.75,-14.75,-20.25,-20.25,-10.25,-10.25,-10.25
2024_11_18,-1,28.5,23,-186.0,1.0,1.0,1.0,-10.25,-10.25,-10.25,-29.25,-29.25,-49.75
2024_11_18,1,136.25,95,-7.75,-7.75,-7.75,-4.25,91.25,91.25,86.75,97.75,90.0,72.25
2024_11_18,1,22.5,17,-106.25,6.25,2.0,2.0,-4.25,5.5,2.5,-16.0,-23.75,-41.5
2024_11_18,-1,82.5,156,-0.0,17.5,17.5,16.75,16.75,12.0,15.0,22.5,14.75,42.25
2024_11_18,1,0.0,0,-73.0,-7.5,-7.5,-14.0,-14.0,-16.5,-21.5,-32.5,-55.75,-65.5
2024_11_18,-1,37.0,44,-29.75,24.0,20.25,20.25,12.0,12.0,9.25,-4.5,-11.5,-3.25
2024_11_18,-1,43.5,17,-12.5,17.75,17.75,17.75,17.75,27.0,20.5,13.0,-0.25,3.25
2024_11_18,1,6.75,25,-27.25,-8.5,-8.5,-8.5,-7.75,-10.5,-16.0,-27.25,-9.0,-9.0
2024_11_18,-1,-0.0,0,-31.75,-12.75,-12.75,-12.75,-12.75,-20.25,-20.25,-30.0,-18.25,-18.25
2024_11_19,1,232.0,262,-38.75,-33.0,-33.0,-33.0,-33.0,-33.0,-33.0,-33.0,-33.25,168.0
2024_11_19,1,265.25,243,0.0,31.25,31.25,31.25,31.25,20.0,20.0,10.25,2.25,201.25
2024_11_19,-1,13.25,1,-129.25,1.75,1.75,1.75,-0.5,-7.0,-7.0,-17.25,-30.0,-50.0
2024_11_19,1,84.5,73,-23.0,-6.0,-6.0,-12.0,-12.0,-16.5,-20.75,54.25,40.75,20.5
2024_11_19,-1,69.0,37,-8.75,-1.75,-3.0,11.0,54.75,50.5,48.75,39.0,28.0,5.0
2024_11_19,1,7.0,123,-70.75,-4.25,-4.25,-11.75,-11.75,-17.5,-19.25,-36.5,-45.0,-69.25
2024_11_19,-1,51.5,23,-26.25,-6.5,-6.5,-6.5,37.25,33.0,31.25,21.5,10.5,-12.5
2024_11_19,-1,-0.0,0,-68.75,-9.5,-9.5,-9.5,-19.5,-19.5,-21.0,-30.0,-49.25,-61.75
2024_11_19,1,45.5,73,-15.25,-5.0,-10.75,-10.75,-15.25,8.75,8.75,41.25,41.25,41.25
2024_11_19,-1,6.0,1,-54.75,1.5,-0.75,-8.5,-8.5,-12.25,-15.0,-24.0,-35.25,-54.75
2024_11_19,1,42.5,62,-7.5,-7.5,-7.5,-7.5,5.75,5.75,5.75,38.25,38.25,38.25
2024_11_19,1,36.25,26,-0.5,12.25,14.75,-0.5,-0.5,-0.5,-0.5,32.0,32.0,32.0
2024_11_19,1,7.0,11,-5.0,-4.0,2.75,2.75,2.75,2.75,2.75,2.75,2.75,2.75
2024_11_20,-1,263.75,49,-34.75,23.75,23.75,91.25,91.25,83.25,83.25,224.0,219.0,201.0
2024_11_20,-1,173.75,29,-124.75,21.75,21.75,21.75,21.75,21.75,21.75,134.0,129.0,111.0
2024_11_20,-1,6.5,1,-262.0,-26.25,-26.25,-26.25,-26.25,-26.25,-26.25,-26.25,-33.75,-66.75
2024_11_20,1,220.25,326,-12.75,-12.75,-12.75,-12.75,-12.75,65.25,50.25,50.25,25.75,19.75
2024_11_20,-1,22.75,5,-206.75,14.75,14.75,14.75,6.0,6.0,-5.5,-27.25,-27.25,-42.0
2024_11_20,1,105.25,251,-116.25,16.5,16.5,16.5,12.75,3.25,3.25,-19.5,-19.5,-37.0
2024_11_20,-1,97.25,135,-124.25,64.5,53.5,53.5,53.5,42.0,42.0,28.25,28.25,7.75
2024_11_20,1,130.5,201,-91.0,-10.25,-10.25,-10.25,-18.75,-18.75,-20.75,-41.75,-41.75,-55.0
2024_11_20,-1,47.25,85,-174.25,-13.25,-13.25,-13.25,-13.25,-17.25,-1.5,-12.5,-18.0,-13.75
2024_11_20,-1,21.25,24,-200.25,-5.25,-8.5,-8.5,8.0,-2.75,-2.75,-9.5,-21.5,-39.75
2024_11_20,-1,18.75,15,-164.25,7.5,7.5,5.75,6.5,1.25,-1.25,-11.25,-25.25,-58.0
2024_11_20,1,172.5,62,-10.5,-5.25,-8.5,-8.5,-10.5,96.0,96.0,161.5,161.5,161.5
2024_11_20,1,34.5,11,-19.0,-8.75,-8.75,-8.75,-19.0,-19.0,23.5,23.5,23.5,23.5
2024_11_21,-1,318.25,57,-40.25,144.5,144.5,144.5,144.5,144.5,144.5,144.5,141.75,118.75
2024_11_21,1,156.5,325,-202.0,-8.5,-8.5,-8.5,-33.75,-33.75,-33.75,-33.75,-52.25,-77.25
2024_11_21,-1,148.5,31,-210.0,33.0,33.0,33.0,33.0,33.0,33.0,56.0,17.0,17.0
2024_11_21,1,171.0,301,-187.5,-21.25,-21.25,-21.25,-21.25,-21.25,-21.25,-52.0,-52.0,-87.5
2024_11_21,-1,88.25,6,-270.25,77.25,77.25,77.25,75.0,42.25,42.25,42.25,42.25,28.0
2024_11_21,1,240.5,268,-11.25,-7.25,-7.25,-9.75,79.0,70.25,70.25,62.25,92.25,91.25
2024_11_21,-1,1.25,16,-176.5,-14.0,-14.0,-14.0,-14.0,-22.5,-22.5,-32.0,-40.75,-59.75
2024_11_21,1,119.75,178,-9.25,-9.25,-9.25,-9.25,82.25,80.5,69.0,63.5,56.25,38.75
2024_11_21,1,32.25,112,-48.75,-9.0,-9.0,-9.0,6.25,-15.25,-15.25,-15.25,-31.25,-48.75
2024_11_21,-1,17.5,10,-63.5,-7.0,-7.0,-11.0,-3.5,-3.5,-3.5,-14.5,-23.0,-43.75
2024_11_21,1,45.0,48,-28.25,-7.75,-7.75,13.5,8.25,1.75,1.75,9.25,1.75,-18.0
2024_11_21,-1,21.0,76,-52.25,-11.0,-11.0,-11.0,-16.0,-16.0,-23.25,-30.0,-41.25,19.0
2024_11_21,1,22.5,13,-50.75,14.5,16.0,11.75,8.75,-2.75,-2.75,-13.25,-20.75,-40.5
2024_11_21,-1,69.75,48,-0.25,1.5,-0.25,17.5,17.5,67.75,67.75,67.75,67.75,67.75
2024_11_22,-1,91.75,52,-53.75,17.25,17.25,0.25,0.25,0.25,0.25,-13.25,-19.5,-45.25
2024_11_22,1,8.5,203,-137.0,-21.25,-21.25,-21.25,-21.25,-21.25,-21.25,-59.25,-59.25,-66.25
2024_11_22,1,76.5,198,-69.0,14.75,14.75,14.75,30.25,30.25,30.25,25.5,9.25,-12.75
2024_11_22,-1,33.5,17,-112.0,-13.25,-13.25,-13.25,-13.25,-26.0,-26.0,-20.75,-27.0,-32.75
2024_11_22,1,58.5,151,-66.0,6.5,6.5,6.5,6.5,6.5,6.5,-7.75,-23.0,-32.0
2024_11_22,-1,43.0,7,-81.5,-5.5,-5.5,-5.5,19.5,19.5,19.5,11.5,-5.75,-23.0
2024_11_22,1,97.5,90,-22.0,-13.5,-13.5,-13.5,-13.5,-18.75,-18.75,36.75,25.25,31.0
2024_11_22,-1,4.5,99,-72.25,-14.25,-14.25,-14.25,-14.25,-19.75,-20.25,-31.75,-54.25,-61.25
2024_11_22,-1,53.5,49,-19.0,-9.0,-9.0,-9.0,-16.5,-16.5,1.0,19.75,13.0,-8.0
2024_11_22,-1,44.25,41,-19.75,7.0,-0.25,-0.25,-0.25,-3.75,-8.25,10.5,3.75,-17.25
2024_11_22,1,33.0,95,-21.75,9.0,5.25,3.25,-1.0,6.75,2.0,-9.75,-21.75,28.75
2024_11_22,-1,12.0,8,-42.75,-6.5,-6.5,-6.5,-2.25,-5.75,-8.0,-22.25,-28.0,-38.5
2024_11_22,-1,10.0,2,-5.0,2.75,2.75,1.75,-4.5,-0.75,-0.75,-0.75,-0.75,-0.75
2024_11_22,-1,-0.0,0,-15.0,-7.25,-7.25,-8.25,-14.5,-10.75,-10.75,-10.75,-10.75,-10.75
2024_11_25,-1,206.0,194,-88.25,-12.0,-12.0,-12.0,-12.0,-25.5,-25.5,-43.0,-43.0,-66.0
2024_11_25,-1,261.25,186,-33.0,-24.75,-24.75,-24.75,-24.75,-24.75,-24.75,-33.0,122.75,103.75
2024_11_25,1,6.75,2,-281.5,-9.75,-9.75,-9.75,-9.75,-9.75,-16.5,-33.75,-33.75,-54.75
2024_11_25,-1,193.75,174,-0.0,39.25,39.25,28.75,28.75,28.75,23.0,32.0,55.25,36.25
2024_11_25,1,46.25,40,-124.75,3.0,-6.0,-6.0,-6.0,-15.5,-15.5,13.75,-0.5,-14.5
2024_11_25,-1,124.25,70,-9.5,-9.5,-9.5,-9.5,-3.0,-3.0,-7.25,71.25,71.25,60.75
2024_11_25,1,58.25,199,-7.75,-5.75,-5.75,12.5,28.5,22.75,18.0,12.25,0.25,49.75
2024_11_25,-1,18.75,53,-47.25,13.25,7.0,7.0,2.0,2.0,-3.5,-12.75,-22.0,-44.25
2024_11_25,1,25.25,82,-40.75,-8.5,-8.5,-8.5,-13.75,-19.5,-23.5,-31.75,-40.75,16.75
2024_11_25,-1,9.0,10,-57.0,-1.0,-1.0,-1.0,-3.0,-10.25,-11.5,-25.75,-31.0,-54.0
2024_11_25,-1,3.5,1,-53.25,-2.5,-2.5,-6.25,-13.0,-13.0,-22.0,-27.25,-39.5,-44.75
2024_11_25,1,41.75,33,-5.0,0.0,0.0,0.0,-3.75,33.25,33.25,33.25,33.25,33.25
2024_11_26,-1,37.75,294,-72.25,-28.75,-28.75,-28.75,-28.75,-28.75,-28.75,-35.0,-45.25,-60.0
2024_11_26,1,33.75,16,-76.25,-5.75,2.25,2.25,-4.75,-4.75,-22.0,-22.0,-15.0,-27.25
2024_11_26,1,51.25,358,-47.0,9.25,9.25,9.25,9.25,11.25,6.0,-22.75,-22.75,-23.0
2024_11_26,-1,24.25,247,-74.0,0.75,0.75,-7.25,-7.25,-9.5,-16.75,-22.5,-33.5,-53.25
2024_11_26,-1,55.0,228,-43.25,-3.5,-3.5,-3.5,-3.5,-3.5,-18.5,-18.5,-31.25,-8.0
2024_11_26,1,12.0,313,-86.25,-10.5,-10.5,-10.5,-24.25,-24.25,-24.25,-32.0,-44.5,-62.25
2024_11_26,-1,41.25,190,-57.0,3.75,3.75,3.75,-2.0,-14.25,-14.25,-11.5,-24.75,-21.75
2024_11_26,1,51.25,235,-47.0,-7.0,-7.0,-9.5,-11.75,-16.25,-20.0,-4.0,-18.0,-39.0
2024_11_26,1,48.25,204,-50.0,-5.0,-6.0,9.5,9.5,6.75,-3.5,-7.0,-21.0,-42.0
2024_11_26,-1,53.25,71,-45.0,-6.0,-6.0,3.25,-0.0,-5.0,-10.25,22.25,12.5,-9.75
2024_11_26,1,35.75,113,-62.5,-11.25,-11.25,-11.25,-12.0,-17.25,-25.25,-33.5,-42.5,-62.5
2024_11_26,1,53.0,104,-45.25,-8.0,-8.0,-8.0,-16.25,-16.25,-25.25,-30.75,-45.25,46.0
2024_11_26,-1,8.75,3,-89.5,-14.25,-14.25,-14.25,-14.25,-7.25,-17.5,-22.25,-32.0,-54.25
2024_11_26,1,78.75,60,0.0,17.5,17.5,13.5,8.75,61.75,71.75,71.75,71.75,71.75
2024_11_26,1,54.75,42,-15.25,-4.25,-10.5,-10.5,-15.25,37.75,47.75,47.75,47.75,47.75
2024_11_27,-1,213.25,158,-4.0,-4.0,-4.0,-4.0,-4.0,7.0,0.5,121.75,112.75,150.75
2024_11_27,1,56.75,260,-90.0,-17.25,-17.25,-17.25,-17.25,-17.25,-17.25,-32.75,-57.5,-57.5
2024_11_27,-1,67.75,78,-79.0,-3.0,-3.0,-3.0,-3.0,-5.75,11.5,13.75,4.25,5.25
2024_11_27,1,82.75,207,-64.0,-5.25,-5.25,-5.25,-5.25,-17.75,-17.75,-29.0,-31.5,-64.0
2024_11_27,-1,32.5,21,-114.25,4.75,1.0,-5.0,-5.0,-10.75,12.25,0.75,-11.5,-30.0
2024_11_27,1,87.75,125,-0.25,22.75,37.25,36.5,35.0,25.0,25.0,55.5,43.5,71.75
2024_11_27,-1,18.75,67,-30.0,-7.5,-7.5,-7.5,-11.75,-15.5,-21.25,-30.0,-27.25,-14.0
2024_11_27,1,1.75,17,-47.0,-5.25,-10.0,-10.0,-12.25,-20.0,-20.0,-30.5,-42.5,-14.25
2024_11_27,-1,16.5,21,-29.5,-8.25,-8.25,-8.25,-0.25,-0.25,-5.0,-16.25,-29.5,-16.25
2024_11_27,1,13.5,9,-12.0,-12.0,-12.0,-12.0,-12.0,-2.5,0.25,0.25,0.25,0.25
2024_11_28,1,18.25,82,-10.25,-1.5,-1.5,-4.5,-0.75,2.0,-4.75,-0.5,-0.5,-0.5
2024_11_28,-1,13.25,20,-7.25,7.25,7.25,4.75,0.75,-4.25,-7.25,3.5,3.5,3.5
2024_11_28,1,3.75,12,-9.25,-2.75,-2.75,-8.25,-8.25,-7.0,-7.0,-7.0,-7.0,-7.0
2024_11_28,-1,2.25,5,-1.75,-0.0,-0.0,-0.0,-0.0,-0.0,-0.0,-0.0,-0.0,-0.0
2024_11_29,-1,4.0,3,-187.25,-1.25,-17.5,-17.5,-17.5,-17.5,-17.5,-32.25,-37.25,-60.25
2024_11_29,-1,-0.0,0,-144.0,-12.5,-12.5,-12.5,-12.5,-17.0,-25.25,-36.5,-44.25,-65.5
2024_11_29,1,116.25,173,0.0,14.75,14.75,14.75,52.5,52.5,41.0,44.5,92.5,92.5
2024_11_29,-1,-0.0,0,-75.0,-10.5,-10.5,-10.5,-12.0,-19.25,-25.25,-30.5,-50.0,-60.0
2024_11_29,1,54.75,104,0.0,27.5,27.5,22.5,22.5,18.0,9.0,24.75,31.0,31.0
2024_11_29,-1,-0.0,0,-44.25,-4.5,-12.0,-12.0,-12.0,-17.0,-24.75,-32.75,-44.25,-20.5
2024_11_29,1,0.0,0,-30.0,-4.25,-10.0,-10.0,-12.25,-21.5,-21.5,-30.0,-23.75,-23.75
2024_12_02,1,195.75,174,0.0,62.75,62.75,57.75,61.5,53.75,53.75,97.25,93.25,135.5
2024_12_02,1,120.25,156,0.0,6.5,19.5,19.5,2.0,2.0,2.0,21.75,17.75,60.0
2024_12_02,1,65.5,109,-47.25,-6.0,-6.0,-14.0,-14.0,-14.0,-33.0,-33.0,-37.0,5.25
2024_12_02,-1,24.5,4,-88.25,20.25,13.25,13.25,2.5,2.5,2.5,-7.5,-22.5,-38.75
2024_12_02,1,69.0,67,-15.25,-10.0,-10.0,-10.0,-10.0,-15.25,45.75,38.25,28.25,8.75
2024_12_02,-1,43.75,86,-18.75,-4.0,-6.25,4.75,-3.75,-3.75,-10.0,11.5,3.25,-16.5
2024_12_02,1,27.25,162,-35.25,-10.0,-10.0,-10.0,-12.0,-7.75,-13.5,-20.75,-30.75,17.0
2024_12_02,-1,28.25,55,-34.25,1.25,1.25,-8.75,-8.75,-8.75,-12.75,-4.0,-12.25,-32.0
2024_12_02,-1,14.5,15,-48.0,1.25,1.25,-0.5,0.25,-9.25,-9.25,-17.75,-26.0,-45.75
2024_12_02,1,34.75,88,-2.0,10.75,9.0,6.75,1.25,13.0,13.0,24.5,24.5,24.5
2024_12_03,-1,-0.0,0,-150.25,-17.25,-17.25,-17.25,-17.25,-17.25,-26.0,-33.5,-42.25,-61.5
2024_12_03,1,114.5,385,-28.75,-1.75,-4.25,-4.25,12.0,14.25,8.5,-7.25,-10.25,-28.75
2024_12_03,1,116.75,340,-26.5,13.5,13.5,9.25,-1.25,-1.25,-1.25,-10.0,-26.5,5.75
2024_12_03,1,90.25,313,-27.5,3.0,4.75,-1.5,-1.5,23.75,17.0,9.0,-3.5,-20.75
2024_12_03,-1,33.75,61,-84.0,14.5,14.5,14.5,14.5,10.0,3.5,2.75,-9.0,-29.0
2024_12_03,-1,20.5,45,-74.0,-4.25,-4.25,-5.25,-8.75,3.5,-1.5,-13.0,-20.0,-40.0
2024_12_03,1,74.5,160,-20.0,-6.0,-6.0,-6.0,-10.25,-13.5,-19.5,73.75,73.75,73.75
2024_12_03,1,75.0,141,-9.5,-1.5,-4.0,-6.75,-9.5,9.25,74.25,74.25,74.25,74.25
2024_12_03,-1,-0.0,0,-61.5,-6.0,-6.0,-15.0,-15.0,-17.0,-22.0,-35.0,-46.75,-61.5
2024_12_03,1,46.5,24,-2.25,-2.25,15.25,11.0,45.75,45.75,45.75,45.75,45.75,45.75
2024_12_04,-1,11.5,8,-144.0,-15.75,-15.75,-15.75,-15.75,-28.75,-28.75,-20.0,-30.5,-49.75
2024_12_04,-1,25.75,4,-129.75,-7.25,-7.25,9.5,9.5,9.5,0.25,-5.75,-16.25,-35.5
2024_12_04,1,115.5,361,-30.75,-10.25,-10.25,-10.25,-30.75,-30.75,-30.75,-30.75,24.0,88.5
2024_12_04,-1,-0.0,0,-146.25,-7.5,-7.5,-13.0,-13.0,-22.25,-22.25,-36.25,-42.25,-61.0
2024_12_04,1,111.25,351,-11.5,4.5,9.5,9.5,-9.75,-9.75,-9.75,30.25,19.75,84.25
2024_12_04,-1,24.75,131,-75.0,-1.5,7.0,3.25,3.5,-2.0,-6.5,-14.75,-15.75,-38.25
2024_12_04,-1,31.5,75,-68.25,-5.75,-8.0,-8.0,-13.0,0.5,-4.75,-11.75,-9.0,-31.5
2024_12_04,1,66.0,152,-33.75,-9.5,-9.5,-9.5,-17.0,-17.0,-25.0,-33.75,39.0,39.0
2024_12_04,-1,8.75,5,-91.0,-4.25,-3.75,-3.75,-3.75,-8.25,-12.0,-21.25,-31.75,-54.25
2024_12_04,1,75.0,130,-2.25,2.5,2.5,2.5,2.5,2.5,2.5,48.0,48.0,48.0
2024_12_04,-1,-0.0,0,-35.75,-4.25,-7.75,-8.25,-12.0,-16.25,-23.25,-30.25,-8.75,-8.75
2024_12_04,1,34.0,55,0.0,10.5,26.0,20.0,20.0,15.25,11.0,7.0,7.0,7.0
2024_12_04,-1,4.75,10,-4.75,-2.75,-2.75,-4.75,4.75,4.75,4.75,4.75,4.75,4.75
2024_12_05,-1,89.0,399,-22.75,1.5,-5.5,-5.5,-5.5,4.75,19.75,11.25,6.25,-13.25
2024_12_05,-1,74.75,390,-37.0,-7.75,-7.75,-7.75,-7.75,-9.5,5.5,-3.0,-8.0,-27.5
2024_12_05,-1,48.0,321,-63.75,-2.75,-2.75,-2.75,-9.5,-12.75,-16.5,-25.5,-34.75,-54.25
2024_12_05,1,38.25,94,-73.5,2.25,2.25,1.25,-4.75,-8.0,-10.5,7.25,-1.75,-36.75
2024_12_05,1,23.0,43,-88.75,13.0,13.75,11.75,7.25,3.75,1.75,-8.0,-17.0,-52.0
2024_12_05,-1,90.5,185,-9.5,-7.0,-7.0,-9.5,43.75,32.0,32.0,26.0,28.0,89.5
2024_12_05,1,7.25,2,-63.0,-3.25,-3.25,-3.25,-5.0,-12.0,-18.0,-27.25,-39.5,-56.0
2024_12_05,-1,43.0,130,-19.5,14.0,14.0,10.0,5.75,-2.5,-2.5,-13.5,-19.5,42.0
2024_12_05,1,11.5,7,-51.0,1.25,5.5,2.5,-1.5,-8.25,-8.5,-19.25,-32.5,-50.5
2024_12_05,-1,42.5,100,-13.5,-7.0,-7.0,-9.0,-1.5,-8.0,-13.5,41.5,41.5,41.5
2024_12_05,-1,11.25,14,-11.0,-5.25,-11.0,-11.0,10.25,10.25,10.25,10.25,10.25,10.25
2024_12_06,1,154.0,232,0.0,9.25,9.25,9.25,84.0,84.0,102.25,93.75,83.0,130.25
2024_12_06,-1,23.0,21,-65.25,1.0,-1.25,-16.75,-16.75,-16.75,-16.75,-24.75,-18.25,-37.0
2024_12_06,-1,-0.0,0,-88.25,-17.75,-17.75,-17.75,-17.75,-17.75,-32.0,-32.0,-41.25,-60.0
2024_12_06,-1,4.75,17,-62.0,-7.0,-7.0,-10.0,-15.25,-19.0,-19.0,-26.0,-38.75,-55.75
2024_12_06,1,39.25,59,-21.75,-0.5,-0.5,-2.0,-6.5,-18.0,-18.0,6.75,-3.0,15.5
2024_12_06,-1,2.75,1,-58.25,-11.0,-11.0,-11.0,-11.0,-18.5,-18.5,-30.0,-41.0,-57.25
2024_12_06,-1,31.75,57,-14.25,-0.5,-1.5,-4.0,-7.5,-11.75,11.75,1.25,-9.25,3.5
2024_12_06,1,26.0,72,-7.25,2.75,2.75,3.75,-7.25,-7.25,4.5,8.25,8.25,8.25
2024_12_06,-1,5.0,38,-16.5,-3.75,-3.75,-7.0,-10.0,-15.75,1.25,1.25,1.25,1.25
2024_12_06,1,1.25,1,-17.25,-5.5,-5.5,-11.25,-11.25,-17.25,-13.5,-13.5,-13.5,-13.5
2024_12_06,-1,-0.0,0,-0.75,-0.75,-0.75,-0.75,-0.75,-0.75,-0.75,-0.75,-0.75,-0.75
2024_12_09,-1,152.25,101,-53.0,-37.25,-37.25,-37.25,-37.25,-37.25,-37.25,-37.25,-43.25,91.75
2024_12_09,1,40.25,16,-165.0,-14.75,-14.75,-14.75,-14.75,23.25,19.75,1.5,-1.75,-30.5
2024_12_09,-1,149.25,46,-0.0,34.75,34.75,20.25,20.25,20.25,20.25,32.5,32.5,88.75
2024_12_09,1,47.25,148,-57.25,3.5,3.5,3.5,0.5,-8.75,-8.75,-12.5,5.75,-16.0
2024_12_09,1,29.25,59,-75.25,-13.0,-13.0,-13.0,-13.0,-26.25,-26.25,-30.5,-12.25,-34.0
2024_12_09,-1,48.5,150,-56.0,5.25,2.0,2.0,-5.0,-5.75,-10.25,-22.25,-32.5,-50.5
2024_12_09,1,51.5,30,-53.0,22.25,20.5,19.25,39.5,33.5,30.75,14.5,10.0,-11.75
2024_12_09,-1,83.75,92,-3.0,18.75,18.75,18.75,11.0,59.25,53.25,52.0,41.0,53.0
2024_12_09,-1,12.0,15,-30.75,-7.75,-7.75,-7.75,-6.0,-5.75,-16.0,-19.75,-30.75,-18.75
2024_12_09,1,17.25,8,-6.5,-4.75,-4.75,-4.75,-6.5,0.5,-4.25,5.25,5.25,5.25
2024_12_10,-1,153.75,361,-93.5,-9.0,-9.0,-9.0,-17.5,-17.5,-24.25,-31.75,-47.0,-67.0
2024_12_10,1,16.25,30,-231.0,-11.25,-11.25,-11.25,-28.75,-28.75,-28.75,-41.0,-41.0,-62.25
2024_12_10,-1,179.5,339,-67.75,-12.0,-12.0,-12.0,-12.0,-12.0,-12.0,-12.0,-28.0,-42.75
2024_12_10,1,15.0,8,-232.25,6.0,2.75,-3.0,-3.0,-9.0,-9.0,-16.75,-25.75,-51.5
2024_12_10,-1,196.75,301,-21.25,-17.0,-17.0,-17.0,-17.0,-17.0,-21.25,41.25,62.75,136.75
2024_12_10,-1,121.75,244,-23.25,-1.0,8.75,11.0,11.0,2.5,2.5,-6.75,-12.25,61.75
2024_12_10,-1,107.75,199,-37.25,4.5,4.5,4.5,4.5,-7.5,-7.5,-15.0,-26.25,47.75
2024_12_10,1,8.25,4,-128.5,-0.5,-0.5,-0.5,-5.75,-11.25,-16.5,-23.25,-32.25,-55.5
2024_12_10,-1,110.0,158,-16.5,-1.75,-1.75,-8.75,-8.75,-13.25,-13.75,76.25,68.0,50.0
2024_12_10,-1,108.25,104,-2.0,4.25,4.25,16.75,10.5,10.5,87.5,74.5,66.25,48.25
2024_12_10,-1,50.25,32,-22.75,16.75,16.75,8.5,8.5,33.0,29.5,16.5,8.25,-9.75
2024_12_10,1,31.0,34,-13.25,-6.5,-6.5,-8.5,-13.25,31.0,31.0,31.0,31.0,31.0
2024_12_11,1,241.75,347,0.0,8.5,31.0,31.0,31.0,25.5,137.5,126.25,115.75,181.0
2024_12_11,-1,34.25,38,-105.25,4.75,4.75,4.75,0.75,4.5,-3.75,-15.25,-13.75,-30.25
2024_12_11,1,106.0,290,-33.5,-17.0,-17.0,-17.0,-17.0,-17.0,-20.0,-23.5,-28.75,45.25
2024_12_11,-1,24.25,27,-115.25,-5.5,-13.75,-13.75,-13.75,-25.25,-25.25,-5.75,-23.75,-40.25
2024_12_11,1,85.75,245,-0.75,6.25,-0.75,-0.75,20.75,19.5,12.0,47.5,45.5,25.0
2024_12_11,-1,15.0,195,-45.75,-1.25,-4.5,-9.25,-9.25,-18.25,-18.25,-29.75,-37.5,7.75
2024_12_11,1,11.25,90,-49.5,-5.75,-9.75,-9.75,-12.25,-16.75,-20.0,-27.0,-29.0,-49.5
2024_12_11,-1,33.25,112,-27.5,-4.5,-6.0,-8.0,-13.75,-17.25,-22.5,26.0,26.0,26.0
2024_12_11,1,12.75,41,-48.0,-1.0,-4.75,-4.75,-9.5,-14.0,-7.25,-25.5,-27.5,-48.0
2024_12_11,1,8.5,4,-52.25,3.25,2.25,0.25,-4.0,-9.25,-11.5,-29.75,-31.75,-52.25
2024_12_11,-1,42.25,14,-0.0,33.75,33.75,33.75,35.0,35.0,35.0,35.0,35.0,35.0
2024_12_12,-1,56.5,401,-71.75,-5.75,-5.75,-5.75,-5.75,-10.25,-17.0,2.0,2.0,-27.25
2024_12_12,1,69.0,206,-59.25,-4.0,1.0,1.0,-3.75,-7.75,-23.75,-23.75,-31.75,2.25
2024_12_12,-1,27.5,362,-100.75,1.75,1.75,1.75,-7.25,-7.25,-7.25,-27.0,-27.0,-56.25
2024_12_12,1,38.75,174,-89.5,-4.5,-4.5,-4.5,-4.5,-11.75,-11.75,3.25,-6.25,-28.0
2024_12_12,-1,62.25,265,-66.0,-8.25,-8.25,-8.25,-20.0,-20.0,-20.0,-32.25,-38.0,-56.75
2024_12_12,-1,93.0,227,-35.25,-6.0,-6.0,-9.5,1.5,-5.5,-5.5,-15.75,-26.0,90.0
2024_12_12,1,12.75,12,-115.5,-12.5,-12.5,-12.5,-12.5,-5.25,-9.5,-21.0,-27.5,-55.5
2024_12_12,-1,94.5,154,-10.5,-8.0,-8.0,-8.0,5.25,-1.75,-1.75,91.5,91.5,91.5
2024_12_12,1,0.0,0,-77.75,-6.0,-6.0,-8.5,-14.5,-17.0,-21.5,-32.25,-41.0,-63.75
2024_12_12,-1,45.5,60,-20.0,-4.0,-6.25,-2.25,-7.5,-7.5,-14.5,42.5,42.5,42.5
2024_12_12,1,0.0,0,-65.5,-6.0,-6.0,-15.0,-15.0,-27.25,-27.25,-37.0,-44.0,-64.25
2024_12_12,-1,37.25,15,-8.5,-8.5,-8.5,-8.5,23.75,34.25,34.25,34.25,34.25,34.25
2024_12_13,1,68.75,12,-165.25,-9.75,-9.75,-9.75,-9.75,-9.75,43.75,35.5,28.0,5.0
2024_12_13,-1,163.5,61,-44.5,-8.25,-8.25,-8.25,-13.75,-18.5,-31.75,-31.75,-44.5,98.0
2024_12_13,1,86.75,254,-57.0,-19.5,-19.5,-19.5,-19.5,-19.5,-19.5,-45.25,-45.25,-41.5
2024_12_13,-1,15.5,4,-128.25,-7.0,-7.0,-5.5,-5.5,-5.5,-5.5,-16.5,-25.25,-46.25
2024_12_13,1,104.0,204,-33.75,15.0,15.0,2.75,2.75,2.75,-0.5,-13.5,-18.75,52.75
2024_12_13,-1,11.75,8,-126.0,4.25,4.25,2.25,-0.75,-4.5,-19.75,-19.75,-32.75,-49.0
2024_12_13,1,115.25,158,-22.25,-9.75,-9.75,-9.75,-21.5,-21.5,-21.5,73.5,74.0,64.0
2024_12_13,1,80.5,124,-10.0,-6.25,-6.25,-10.0,20.75,54.0,46.5,38.75,39.25,29.25
2024_12_13,-1,32.0,98,-20.5,-7.0,-7.0,-7.0,2.5,2.5,0.25,-9.5,-20.5,30.75
2024_12_13,1,0.0,0,-52.5,-5.25,-6.0,-9.0,-15.75,-17.75,-24.0,-30.5,-41.25,-51.25
2024_12_13,-1,24.75,22,-4.0,-2.75,-4.0,23.5,23.5,23.5,23.5,23.5,23.5,23.5
2024_12_16,1,229.0,357,-16.0,-15.25,-15.25,-15.25,-15.25,-16.0,-16.0,-11.25,24.75,6.0
2024_12_16,-1,-0.0,0,-205.75,-17.0,-17.0,-17.0,-17.0,-17.0,-27.5,-33.5,-47.75,-62.25
2024_12_16,1,149.75,282,-16.5,-1.75,-8.5,-8.5,-8.5,-16.5,-16.5,13.0,102.25,104.0
2024_12_16,1,67.5,148,-4.75,-4.75,9.25,28.25,27.5,24.0,47.5,32.75,20.0,21.75
2024_12_16,1,25.0,52,-25.75,7.5,4.5,4.5,-1.5,6.75,5.0,-9.75,-22.5,-20.75
2024_12_16,1,5.25,21,-45.5,-1.0,-2.25,-7.25,-13.0,-13.0,-14.75,-29.5,-42.25,-40.5
2024_12_16,-1,48.5,31,-2.25,12.0,37.5,36.5,36.0,31.5,43.5,43.5,43.5,43.5
2024_12_17,-1,77.0,57,-59.5,18.75,18.75,18.75,10.75,10.75,10.75,-10.25,-10.25,-35.5
2024_12_17,1,66.5,120,-70.0,32.75,32.75,32.75,24.5,24.5,20.25,0.5,0.5,-27.0
2024_12_17,-1,107.25,41,-29.25,9.0,9.0,9.0,9.0,7.75,7.75,47.25,64.5,45.25
2024_12_17,1,88.5,51,-41.0,5.5,1.5,1.5,8.75,5.5,37.25,45.25,45.25,26.5
2024_12_17,-1,82.5,210,-20.25,-7.0,-7.0,9.5,9.5,9.5,9.5,-2.5,-7.75,14.25
2024_12_17,-1,77.5,189,-25.25,5.0,1.5,1.5,1.5,1.5,-2.75,-12.75,-25.25,9.25
2024_12_17,1,9.5,3,-93.25,2.25,2.25,-3.5,-3.5,-7.5,-10.5,-27.25,-32.25,-53.75
2024_12_17,-1,66.0,126,-11.75,-2.0,-2.0,-11.75,-11.75,-11.75,27.5,30.75,22.25,-2.25
2024_12_17,1,37.5,19,-1.75,2.0,2.0,4.5,4.5,13.75,13.75,4.25,7.75,7.75
2024_12_17,-1,-0.0,0,-11.0,-8.75,-8.75,-8.75,-7.5,-7.5,-7.5,-7.5,-7.5,-7.5
2024_12_18,-1,929.25,393,-93.25,21.75,21.75,21.75,21.75,21.75,3.25,3.25,-16.25,-34.75
2024_12_18,1,59.75,52,-962.75,-9.25,-9.25,-9.25,-2.5,-2.5,-2.5,28.0,6.5,-9.0
2024_12_18,-1,990.5,293,-7.25,27.75,27.75,27.75,48.5,38.25,38.25,28.25,10.75,2.0
2024_12_18,1,13.5,23,-984.25,-3.25,-6.75,-6.75,-1.5,-3.25,-7.0,-19.0,-26.5,-76.0
2024_12_18,-1,965.25,214,-20.0,-5.75,-5.75,-14.75,-14.75,-14.75,-10.0,-20.0,154.5,137.75
2024_12_18,1,1.75,13,-982.0,-5.25,-6.5,-8.5,-10.5,-17.0,-24.25,-30.5,-73.75,-73.75
2024_12_18,-1,971.25,154,-7.5,-5.75,-7.5,12.25,8.5,2.0,-5.75,174.25,160.5,143.75
2024_12_18,1,3.25,1,-965.0,-56.75,-56.75,-56.75,-56.75,-56.75,-56.75,-56.75,-56.75,-56.75
2024_12_18,-1,908.25,125,-24.75,-24.75,-24.75,-24.75,-24.75,-24.75,-24.75,111.25,97.5,80.75
2024_12_18,-1,272.75,17,-87.5,-19.75,-19.75,-19.75,-19.75,-19.75,-22.25,-64.75,-64.75,-64.75
2024_12_18,1,65.25,4,-295.0,27.5,27.5,27.5,27.5,-7.75,-7.75,-7.75,-7.75,-7.75
2024_12_18,1,0.0,0,-360.25,-73.0,-73.0,-73.0,-73.0,-73.0,-73.0,-73.0,-73.0,-73.0
2024_12_18,-1,241.0,8,-0.0,194.5,194.5,194.5,194.5,194.5,194.5,194.5,194.5,171.0
2024_12_18,-1,171.25,6,-0.0,124.75,124.75,124.75,124.75,124.75,124.75,124.75,124.75,101.25
2024_12_19,1,3.5,2,-327.25,-36.0,-36.0,-36.0,-36.0,-36.0,-36.0,-36.0,-69.0,-69.0
2024_12_19,-1,330.75,402,-0.0,79.0,79.0,79.0,79.0,79.0,79.0,75.5,49.0,26.25
2024_12_19,-1,223.0,398,-81.5,-28.75,-28.75,-28.75,-28.75,-28.75,-28.75,-32.25,-58.75,-81.5
2024_12_19,-1,153.0,335,-111.25,-33.0,-33.0,-33.0,-33.0,-33.0,-33.0,-33.0,-33.0,-33.0
2024_12_19,-1,173.0,327,-91.25,-33.75,-33.75,-33.75,-33.75,-33.75,-33.75,-33.75,-47.5,-5.5
2024_12_19,-1,172.75,318,-91.5,-27.5,-27.5,-27.5,-27.5,-27.5,-27.5,20.75,-5.75,-5.75
2024_12_19,1,14.5,12,-249.75,0.0,0.0,-3.75,-15.75,-15.75,-15.75,-34.75,-34.75,-53.25
2024_12_19,1,0.0,0,-264.25,-4.75,-16.5,-16.5,-16.5,-16.5,-36.0,-36.0,-49.0,-67.75
2024_12_19,-1,195.25,261,-46.25,-21.0,-21.0,-21.0,-21.0,-21.0,-21.0,-34.75,70.0,43.25
2024_12_19,-1,96.5,220,-145.0,-13.0,-13.0,-13.0,-13.0,-13.0,-21.0,-14.25,-28.75,-55.5
2024_12_19,-1,89.0,204,-152.5,0.25,0.25,0.25,-21.75,-21.75,-21.75,-21.75,-36.25,-63.0
2024_12_19,-1,85.75,192,-155.75,-6.25,-6.25,-12.25,-12.25,-37.25,-37.25,-37.25,-40.25,-65.25
2024_12_19,1,100.5,44,-141.0,3.5,3.5,3.5,3.5,-14.5,-14.5,-14.5,59.75,34.0
2024_12_19,1,83.25,35,-158.25,-1.25,-1.25,-1.25,-1.25,-1.25,51.75,51.75,42.5,16.75
2024_12_19,1,13.0,1,-228.5,3.75,3.75,3.75,-18.5,-18.5,-18.5,-18.5,-27.75,-53.5
2024_12_19,-1,169.25,124,-3.0,1.75,22.0,22.0,8.75,8.75,8.75,46.25,35.75,10.0
2024_12_19,-1,155.25,110,-17.0,-5.75,-5.75,-5.75,29.0,24.25,13.25,32.25,21.75,-4.0
2024_12_19,1,39.5,32,-132.75,-3.25,-3.25,-6.5,-15.5,-15.5,-26.5,-26.5,-42.75,-28.75
2024_12_19,-1,120.0,75,-52.25,6.0,6.0,6.0,6.0,9.5,9.5,-3.0,-13.5,-39.25
2024_12_19,1,6.0,2,-143.5,-10.5,-10.5,-10.5,-11.5,-11.5,-25.0,-25.0,-39.5,-56.25
2024_12_19,-1,58.75,40,-76.25,-29.25,-29.25,-29.25,-29.25,-29.25,-29.25,-29.25,-29.25,-64.75
2024_12_19,1,0.0,0,-119.5,-15.0,-15.0,-15.0,-15.0,-36.75,-36.75,-36.75,-45.25,-86.5
2024_12_19,-1,25.25,24,-48.25,5.75,-48.25,-48.25,-48.25,-48.25,-48.25,-48.25,-48.25,25.25
2024_12_20,1,603.25,179,-39.0,3.75,3.75,3.75,-14.25,-14.25,-14.25,60.5,42.25,31.75
2024_12_20,1,612.75,160,-29.5,-29.5,-29.5,-29.5,-29.5,-29.5,-29.5,98.75,70.25,70.25
2024_12_20,-1,-0.0,0,-603.0,-18.5,-18.5,-18.5,-18.5,-18.5,-40.0,-40.0,-40.0,-66.75
2024_12_20,1,493.25,144,-59.25,-20.75,-20.75,-20.75,-20.75,-20.75,-20.75,-20.75,-49.25,-49.25
2024_12_20,1,58.75,41,-221.75,-7.0,-7.0,-43.5,-43.5,-43.5,-43.5,-43.5,-43.5,-7.5
2024_12_20,-1,197.25,242,-83.25,-17.5,-17.5,-17.5,-17.5,-17.5,-29.0,-32.0,-47.0,-66.25
2024_12_20,1,41.0,13,-239.5,5.25,5.25,5.25,-3.25,-3.25,6.5,6.5,-3.0,-25.25
2024_12_20,-1,225.75,203,-40.0,-6.25,-6.25,-22.0,-22.0,-22.0,-22.0,-33.5,-40.0,38.5
2024_12_20,1,0.0,0,-265.75,-13.5,-13.5,-13.5,-13.5,-18.75,-27.75,-35.5,-44.75,-61.25
2024_12_20,-1,215.25,171,-11.25,-11.25,-11.25,-11.25,26.25,26.25,26.25,40.0,38.75,28.0
2024_12_20,-1,165.0,121,-52.5,-11.25,-11.25,-11.25,25.75,19.0,18.0,3.25,-4.0,-22.25
2024_12_20,1,48.5,10,-169.0,38.5,38.5,38.5,35.25,32.0,27.75,12.0,2.25,-11.5
2024_12_20,-1,168.25,65,-9.75,-6.5,-6.5,-9.75,16.0,16.0,16.0,90.0,90.0,68.75
2024_12_20,-1,140.75,32,-0.0,87.0,87.0,87.0,87.0,62.5,62.5,62.5,62.5,41.25
2024_12_20,-1,25.25,5,-63.75,-11.25,-11.25,-11.25,-11.25,-11.25,-11.5,-11.5,-48.75,-48.75
2024_12_20,1,0.0,0,-53.75,-13.25,-13.25,-13.25,-13.25,-34.25,-34.25,-34.25,-52.25,-39.75
2024_12_23,1,115.5,282,-176.5,-30.25,-30.25,-30.25,-30.25,-30.25,-30.25,-30.25,-44.75,-68.25
2024_12_23,-1,171.5,32,-120.5,-4.5,-1.0,-1.0,-1.0,-1.0,-1.0,57.0,31.5,25.5
2024_12_23,-1,131.75,26,-160.25,-10.0,-10.0,-10.0,4.0,4.0,17.25,17.25,-8.25,-14.25
2024_12_23,1,164.25,270,-127.75,-22.75,-22.75,-22.75,-22.75,-22.75,-22.75,-33.5,-44.75,-54.0
2024_12_23,-1,50.5,2,-241.5,31.25,31.25,31.25,31.25,31.25,-0.75,-0.75,-0.75,-10.5
2024_12_23,1,194.75,217,-38.0,-1.5,-8.0,-8.0,-34.25,-34.25,-34.25,-34.25,-37.5,69.25
2024_12_23,1,104.25,152,-21.25,16.25,-1.5,-1.5,-1.5,-1.5,-1.5,11.5,-0.25,-21.25
2024_12_23,-1,14.5,2,-111.0,-3.5,-3.5,-3.5,-3.5,-3.5,-7.25,-22.0,-32.25,-53.5
2024_12_23,1,88.0,95,-16.0,11.5,11.5,11.5,11.5,11.5,9.75,13.5,37.25,23.0
2024_12_23,1,32.75,32,-71.25,-4.25,-6.5,-11.5,19.75,8.75,8.75,2.25,-18.0,-32.25
2024_12_23,-1,74.0,34,-18.75,5.75,5.75,5.75,5.75,4.5,51.25,37.0,28.25,14.0
2024_12_23,-1,19.5,2,-72.25,10.5,10.5,10.5,2.25,2.25,-4.75,-14.75,-25.25,-41.25
2024_12_23,1,44.5,26,-5.5,-5.5,-2.0,-2.0,-2.0,17.0,17.0,8.0,3.0,18.0
2024_12_23,1,0.0,0,-13.25,-6.75,-6.75,-10.75,-13.25,-13.25,-13.25,-13.25,-13.25,-13.25
2024_12_24,-1,-0.0,0,-241.25,-10.5,-10.5,-10.5,-23.0,-23.0,-23.0,-38.0,-59.0,-68.0
2024_12_24,-1,-0.0,0,-226.75,-4.5,-23.5,-23.5,-23.5,-23.5,-23.5,-44.5,-44.5,-61.0
2024_12_24,1,170.5,207,-5.5,-5.5,42.5,42.5,36.75,36.75,36.75,24.5,170.0,170.0
2024_12_24,-1,8.0,42,-82.25,-4.0,-20.0,-20.0,-20.0,-20.0,-20.0,-31.75,-43.5,-52.5
2024_12_24,1,56.0,47,-34.25,-1.25,-1.25,-8.25,-8.25,-13.0,-26.5,-26.5,55.5,55.5
2024_12_24,-1,17.0,3,-68.25,11.5,7.0,7.0,1.0,1.0,-9.75,-29.5,-29.5,-53.75
2024_12_26,1,89.25,165,-98.25,-5.25,-7.0,-7.0,-7.0,7.5,7.5,-9.25,-24.25,-36.25
2024_12_26,1,82.5,152,-105.0,-16.0,-16.0,-16.0,-16.0,-16.0,-16.0,-31.0,-43.0,-58.25
2024_12_26,-1,69.25,2,-118.25,47.0,47.0,47.0,47.0,47.0,47.0,32.0,8.75,8.75
2024_12_26,1,104.25,130,-33.0,-13.75,-13.75,-13.75,-13.75,-33.0,-33.0,-33.0,14.0,32.0
2024_12_26,-1,5.25,3,-85.0,-5.25,-10.25,-10.25,-10.25,-24.25,-24.25,-29.5,-36.0,-55.0
2024_12_26,1,27.25,8,-55.5,19.0,13.75,13.75,13.75,4.75,4.75,-6.5,-13.0,-45.0
2024_12_26,-1,49.0,24,-25.25,0.75,-12.0,-12.0,-12.0,-12.0,-17.0,14.0,9.0,-11.25
2024_12_26,-1,39.5,174,-32.5,7.25,7.25,7.25,-3.75,-3.75,-7.75,-1.75,-10.75,-32.5
2024_12_26,-1,39.0,147,-33.0,2.25,-1.0,-2.0,-0.5,-0.5,-0.75,-2.25,-11.25,-33.0
2024_12_26,1,52.0,104,-20.0,-2.75,-9.75,-9.75,-9.75,-8.25,24.0,13.5,11.75,-9.25
2024_12_26,-1,17.5,115,-54.5,-1.75,-1.75,-1.75,-4.75,-10.5,-14.0,-23.75,-32.75,-54.5
2024_12_26,1,23.75,55,-48.25,12.75,12.75,6.5,6.5,-4.25,-4.25,-14.75,-16.5,-37.5
2024_12_26,-1,27.0,4,-0.0,21.25,20.0,12.75,12.75,10.0,19.5,19.5,19.5,19.5
2024_12_27,-1,347.75,170,-0.0,86.5,86.5,86.5,86.5,86.5,145.75,136.25,118.75,107.5
2024_12_27,1,160.5,340,-65.25,-14.5,-14.5,-14.5,-14.5,-31.0,-31.0,-31.0,-51.25,-27.75
2024_12_27,-1,34.25,110,-191.5,6.5,6.5,6.5,6.5,-3.0,-3.0,-9.75,-56.0,-56.0
2024_12_27,1,147.75,320,-78.0,-19.0,-19.0,-19.0,-19.0,-19.0,-19.0,-17.75,-17.75,-40.5
2024_12_27,1,121.5,313,-104.25,-7.5,-7.5,-9.75,-9.75,-9.75,-14.5,-44.0,-44.0,-66.75
2024_12_27,1,176.5,289,-49.25,7.25,7.25,4.0,69.5,69.5,69.5,63.25,50.25,29.0
2024_12_27,-1,86.5,37,-139.25,-2.0,-2.0,-2.0,-6.0,30.5,30.5,30.5,42.75,22.0
2024_12_27,1,174.75,212,-43.75,-16.75,-16.75,-16.75,-16.75,-16.75,-25.25,-43.75,-43.75,86.5
2024_12_27,-1,-0.0,0,-209.5,-6.5,-6.5,-33.75,-33.75,-33.75,-33.75,-33.75,-42.25,-65.0
2024_12_27,1,157.5,186,-13.5,17.75,17.75,17.75,12.5,12.5,-13.5,-13.5,-13.5,69.25
2024_12_27,-1,-0.0,0,-159.5,-9.0,-9.0,-9.0,-15.75,-20.0,-20.0,-33.5,-41.5,-64.0
2024_12_27,1,143.75,172,-6.75,-3.0,-3.0,-3.5,-3.5,-6.75,-6.75,54.25,54.25,55.5
2024_12_27,-1,63.0,39,-53.5,-12.0,-12.0,-12.0,-12.0,29.75,24.5,-2.5,-2.5,-2.5
2024_12_27,1,51.0,14,-2.0,18.5,18.5,-2.0,-2.0,-2.0,-2.0,-2.0,44.5,44.5
2024_12_30,1,178.0,255,-120.75,-30.25,-30.25,-30.25,-30.25,-30.25,-30.25,-30.25,-40.0,-71.5
2024_12_30,1,244.0,242,-54.75,-8.5,-8.5,-8.5,18.25,18.25,18.25,4.75,-22.25,-22.25
2024_12_30,-1,54.25,13,-244.5,-10.25,-10.25,-10.25,-10.25,-41.25,-41.25,-41.25,-41.25,-6.75
2024_12_30,1,203.0,185,-48.75,-6.75,-6.75,-6.75,-6.75,-6.75,-6.75,-6.75,-20.0,-34.0
2024_12_30,1,251.75,177,0.0,34.25,34.25,34.25,37.75,37.75,37.75,73.75,68.25,188.25
2024_12_30,1,121.75,114,-82.5,10.0,10.0,8.5,31.5,29.75,9.25,9.25,65.25,58.25
2024_12_30,1,4.25,58,-200.0,-9.25,-9.25,-9.25,-12.0,-32.5,-32.5,-32.5,-52.25,-59.25
2024_12_30,-1,147.75,191,-56.5,-21.0,-21.0,-21.0,-21.0,-21.0,-21.0,-45.25,-45.25,-33.25
2024_12_30,1,5.0,32,-199.25,-9.75,-9.75,-9.75,-13.5,-20.25,-20.25,-32.75,-48.5,-58.5
2024_12_30,-1,148.5,160,-55.75,-20.25,-20.25,-20.25,-20.25,-20.25,-20.25,-35.25,-43.0,-32.5
2024_12_30,1,12.5,3,-191.75,5.5,5.5,-3.25,-3.25,-8.25,-8.25,-18.25,-32.0,-51.0
2024_12_30,-1,157.25,119,-23.75,-15.0,-15.0,-15.0,-15.0,11.0,11.0,5.75,-18.25,-23.75
2024_12_30,1,23.0,14,-158.0,-4.75,1.0,1.0,1.0,6.25,1.0,-11.25,-26.0,-39.75
2024_12_30,1,18.25,7,-161.25,-14.75,-14.75,-14.75,-14.75,1.25,-4.75,-14.5,-29.25,-43.0
2024_12_30,-1,132.0,40,-1.5,3.0,3.0,3.0,3.0,3.0,3.0,-1.5,114.75,114.75
2025_01_02,-1,344.25,264,-96.0,-14.5,-14.5,-14.5,-14.5,149.0,145.0,131.0,119.75,101.0
2025_01_02,1,134.5,24,-305.75,-12.5,-12.5,-12.5,-12.5,73.5,87.0,87.0,87.0,55.75
2025_01_02,1,24.75,9,-415.5,-2.75,10.0,10.0,10.0,7.5,-22.75,-22.75,-22.75,-54.0
2025_01_02,-1,306.0,213,-52.0,8.25,8.25,8.25,8.25,8.25,8.25,1.5,30.5,9.5
2025_01_02,1,39.5,57,-318.5,-18.0,-18.0,-18.0,-18.0,-18.0,-22.75,-35.25,-42.0,-76.0
2025_01_02,-1,212.5,169,-145.5,-13.0,-13.0,-13.0,-13.0,-18.25,-18.25,-29.0,-39.0,-61.0
2025_01_02,1,62.5,22,-295.5,-10.25,-10.25,-10.25,2.0,0.5,4.5,13.0,13.0,0.25
2025_01_02,-1,292.25,105,-49.25,-13.25,-13.25,-13.25,-13.25,-20.75,-20.75,-49.25,-49.25,228.25
2025_01_02,-1,49.5,69,-146.75,18.25,18.25,18.25,18.25,18.25,18.25,-5.75,-5.75,-14.5
2025_01_02,-1,64.0,61,-132.25,-11.75,-11.75,-11.75,-11.75,-11.75,-11.75,-14.75,-0.0,-12.0
2025_01_02,-1,48.0,59,-148.25,-27.75,-27.75,-27.75,-27.75,-27.75,-27.75,-30.75,-16.0,-28.0
2025_01_02,1,135.0,162,-61.25,-23.25,-23.25,-23.25,-23.25,-23.25,-23.25,-29.75,-58.5,-58.5
2025_01_02,-1,42.0,18,-154.25,-4.75,22.0,22.0,-2.25,-2.25,-2.25,-2.25,-24.75,-39.0
2025_01_02,1,119.25,115,-11.25,-6.25,-6.25,-6.75,0.5,20.0,20.0,-5.25,-5.25,-11.25
2025_01_02,1,90.25,66,-40.25,-21.75,-21.75,-21.75,-21.75,-21.75,-21.75,-40.25,-40.25,79.75
2025_01_02,1,111.5,62,-3.5,35.0,35.0,35.0,66.0,66.0,66.0,55.75,55.75,101.0
2025_01_02,1,63.0,23,0.0,5.75,5.75,5.75,24.75,26.25,52.5,52.5,52.5,52.5
2025_01_02,1,48.75,20,-8.5,-8.5,-8.5,-8.5,10.5,12.0,38.25,38.25,38.25,38.25
2025_01_02,1,22.75,12,-15.5,-15.5,-15.5,-15.5,-15.5,-14.0,12.25,12.25,12.25,12.25
2025_01_03,1,231.5,308,-56.0,5.5,5.5,5.5,5.5,5.5,5.5,45.5,45.5,-8.5
2025_01_03,-1,47.5,30,-240.0,-22.25,-22.25,-22.25,-22.25,-22.25,-22.25,-42.0,-42.0,-60.25
2025_01_03,-1,130.25,14,-157.25,-13.5,-13.5,-13.5,-13.5,106.25,106.25,78.5,78.5,61.0
2025_01_03,-1,-0.0,0,-227.75,-15.0,-15.0,-15.0,-15.0,-24.25,-24.25,-35.75,-46.75,-71.0
2025_01_03,1,210.5,241,-2.25,28.25,28.25,29.0,26.25,16.0,16.0,8.5,12.75,149.75
2025_01_03,1,78.0,154,-35.75,-3.25,-3.25,-4.75,-9.5,-15.0,-26.5,-26.5,29.25,17.25
2025_01_03,-1,3.5,13,-110.25,-5.25,-8.0,-8.0,-15.0,-18.75,-23.75,-32.25,-38.25,-58.5
2025_01_03,1,54.75,70,-21.0,2.5,2.5,2.5,-5.5,-5.5,5.5,18.5,6.0,-6.0
2025_01_03,1,32.5,41,-43.25,-16.75,-16.75,-16.75,-16.75,-16.75,12.0,-3.75,-16.25,-28.25
2025_01_03,1,28.5,32,-47.25,2.75,2.75,3.5,13.25,8.0,8.0,-7.75,-20.25,-32.25
2025_01_03,-1,62.5,62,-1.0,7.0,25.0,25.0,20.25,20.25,41.0,31.0,56.5,56.5
2025_01_03,-1,22.0,18,-0.75,12.0,9.75,22.0,22.0,22.0,22.0,22.0,22.0,22.0
2025_01_06,1,149.0,98,-87.75,17.75,17.75,17.75,17.75,17.75,65.5,54.75,51.5,88.25
2025_01_06,-1,155.5,302,-81.25,-6.5,-6.5,-15.25,-15.25,-15.0,-9.75,-25.75,-25.75,-43.75
2025_01_06,1,75.25,69,-161.5,2.25,2.25,-7.0,-7.0,-7.0,-22.25,-22.25,31.75,14.5
2025_01_06,-1,193.25,192,-15.25,-5.5,-6.5,-14.25,-14.25,-8.25,-13.5,62.75,130.5,123.75
2025_01_06,-1,121.75,92,-7.0,-7.0,-7.0,2.25,41.5,41.25,39.0,66.75,59.0,52.25
2025_01_06,1,88.5,57,-13.25,-0.5,-2.25,34.75,34.75,30.75,30.75,21.75,9.75,-13.25
2025_01_06,1,52.0,32,-49.75,-10.5,-10.5,-10.5,-14.75,-26.75,-26.75,-30.25,-49.75,49.75
2025_01_06,-1,-0.0,0,-101.75,-39.0,-39.0,-39.0,-39.0,-39.0,-39.0,-39.0,-50.25,-69.75
2025_01_06,1,43.5,18,-17.25,-17.25,-17.25,-17.25,-17.25,-17.25,41.25,41.25,41.25,41.25
2025_01_07,1,3.75,21,-502.5,-22.75,-22.75,-22.75,-22.75,-22.75,-22.75,-37.75,-53.25,-61.25
2025_01_07,-1,441.25,360,-65.0,-10.0,-10.0,-10.0,7.0,7.0,-2.5,-8.0,-23.0,-40.0
2025_01_07,1,0.0,0,-506.25,-23.0,-23.0,-23.0,-23.0,-23.0,-23.0,-34.5,-56.25,-63.25
2025_01_07,-1,337.5,335,-25.5,-13.75,-13.75,-13.75,-13.75,-25.5,-25.5,19.5,19.5,18.75
2025_01_07,1,41.25,26,-244.5,-12.0,-12.0,-12.0,-12.0,-12.0,-12.0,-16.5,-6.75,-29.25
2025_01_07,1,16.75,7,-249.5,-20.75,-20.75,-20.75,-20.75,-20.75,-20.75,-34.25,-41.25,-49.75
2025_01_07,-1,176.0,225,-53.5,-4.25,13.0,13.0,13.0,13.0,7.5,-5.25,-3.25,2.0
2025_01_07,-1,158.0,181,-71.5,32.25,32.25,32.25,27.75,27.75,27.75,10.75,-2.5,-16.0
2025_01_07,1,64.0,24,-165.5,28.25,28.25,34.25,38.5,38.5,38.5,31.5,13.0,2.0
2025_01_07,-1,181.5,117,-1.5,17.75,17.75,17.75,23.75,15.25,15.25,1.5,140.5,117.75
2025_01_07,-1,158.25,101,-24.75,6.0,6.0,3.25,0.5,-8.0,-8.0,-21.75,117.25,94.5
2025_01_07,1,0.25,1,-182.75,-7.25,-7.25,-14.75,-14.75,-18.25,-22.25,-30.5,-42.75,-65.75
2025_01_07,-1,158.0,73,-14.25,-4.25,-6.5,-10.5,-14.25,15.25,5.0,-2.75,117.0,94.25
2025_01_07,-1,117.0,35,-13.25,-7.0,-7.0,-7.0,-13.25,-13.25,76.0,76.0,76.0,53.25
2025_01_07,1,36.75,31,-39.75,-32.25,-32.25,-32.25,-32.25,-32.25,-32.25,-32.25,32.25,32.25
2025_01_08,-1,156.75,178,-87.25,-33.5,-33.5,-33.5,-33.5,-33.5,-33.5,-33.5,-33.5,-30.0
2025_01_08,-1,202.75,145,-41.25,122.25,122.25,122.25,122.25,122.25,103.0,103.0,95.0,77.25
2025_01_08,1,72.0,232,-172.0,-13.0,-13.0,-13.0,-13.0,-13.0,-13.0,-28.0,-35.25,-54.25
2025_01_08,-1,118.25,83,-125.75,-20.0,-20.0,-20.0,-20.0,-20.0,-20.0,-43.0,-43.0,-64.25
2025_01_08,1,75.0,186,-169.0,4.25,4.25,4.25,-2.0,-8.5,-8.5,29.5,9.25,2.25
2025_01_08,1,37.25,152,-206.75,-5.75,-6.25,-28.5,-28.5,-28.5,-28.5,-35.5,-42.25,-60.75
2025_01_08,-1,171.25,27,-72.75,27.25,27.25,64.25,157.25,144.75,144.75,136.75,130.75,108.5
2025_01_08,1,180.0,102,-21.0,-21.0,-21.0,-21.0,-21.0,-21.0,-21.0,116.25,101.0,84.25
2025_01_08,1,56.5,51,-75.5,2.5,2.5,2.5,2.5,-10.0,-10.0,-22.5,-26.25,-53.5
2025_01_08,-1,62.0,6,-70.0,57.25,53.0,53.0,38.0,38.0,38.0,31.0,20.75,-25.25
2025_01_08,1,80.25,15,-41.5,-16.25,-16.25,-16.25,-16.25,-16.25,41.5,41.5,28.75,10.25
2025_01_08,-1,42.25,38,-41.75,-23.75,-23.75,-23.75,-23.75,-23.75,-23.75,-7.0,1.5,-20.75
2025_01_08,1,35.25,33,-39.75,-4.0,-15.75,-15.75,-15.75,-22.0,-22.0,-34.75,-5.5,3.75
2025_01_10,1,32.5,1,-262.5,8.0,8.0,8.0,8.0,8.0,8.0,-3.0,-16.5,-51.5
2025_01_10,-1,259.5,38,-25.0,47.75,47.75,47.75,47.75,26.5,26.5,26.5,13.25,186.0
2025_01_10,-1,211.0,36,-73.5,-0.75,-0.75,-0.75,-0.75,-22.0,-22.0,-22.0,-35.25,137.5
2025_01_10,-1,209.5,34,-75.0,-2.25,-2.25,-2.25,-2.25,-23.5,-23.5,-23.5,-36.75,136.0
2025_01_10,1,84.75,256,-199.75,-24.0,-24.0,-24.0,-24.0,-24.0,-24.0,-24.0,-24.0,-24.0
2025_01_10,-1,147.75,24,-136.75,-7.0,-7.0,-11.75,-22.0,-22.0,-22.0,110.25,97.0,74.25
2025_01_10,1,171.25,213,-107.5,-13.0,-13.0,-13.0,-13.0,11.75,53.75,67.5,67.5,51.5
2025_01_10,-1,126.25,71,-152.5,-17.75,-17.75,-17.75,-17.75,-17.75,60.5,55.75,50.25,50.5
2025_01_10,1,203.0,133,-75.75,-10.0,-10.0,-10.0,-10.0,-20.25,-20.25,-32.25,-42.75,-67.75
2025_01_10,-1,7.0,4,-271.75,-7.0,-7.0,-4.5,-7.0,-13.0,-13.0,-29.25,-35.5,-54.5
2025_01_10,1,215.5,87,0.0,5.0,30.75,43.75,43.75,55.75,55.75,169.25,169.25,135.5
2025_01_10,-1,136.0,88,-0.0,49.5,49.5,49.5,46.25,42.5,39.75,30.25,30.25,106.25
2025_01_10,1,0.0,0,-112.0,-19.75,-19.75,-19.75,-19.75,-19.75,-20.0,-30.25,-50.75,-63.25
2025_01_10,-1,48.75,18,-7.75,-7.75,-7.75,14.5,10.75,30.5,16.5,16.5,-0.0,19.0
2025_01_13,-1,59.5,11,-203.0,7.0,46.0,46.0,-2.0,-2.0,-2.0,-2.0,-2.0,-2.0
2025_01_13,-1,55.5,38,-200.75,-18.25,-18.25,-18.25,-18.25,-18.25,-35.25,-35.25,-47.25,-76.0
2025_01_13,1,153.5,375,-102.75,-13.0,-13.0,-13.0,-13.0,-13.0,-13.0,-30.5,-34.5,-33.25
2025_01_13,-1,54.0,13,-202.25,-4.25,-22.75,-22.75,-22.75,-22.75,-22.75,22.5,10.75,-16.75
2025_01_13,1,174.5,333,-75.25,15.5,15.5,15.5,15.5,61.25,55.0,25.0,25.0,16.25
2025_01_13,-1,98.25,67,-151.5,17.75,17.75,17.75,44.75,44.75,50.5,20.75,20.75,9.5
2025_01_13,-1,35.0,43,-214.75,-13.5,-13.5,-13.5,-13.5,-12.75,-12.75,-42.5,-42.5,-53.75
2025_01_13,1,165.0,264,-84.75,-8.0,-8.0,-8.0,-16.5,-16.5,-25.75,-36.0,-52.5,-60.25
2025_01_13,-1,-0.0,0,-249.75,-21.0,-21.0,-21.0,-21.0,-21.0,-21.0,-46.0,-46.0,-60.5
2025_01_13,1,182.25,239,0.0,20.75,20.75,20.75,43.75,43.75,43.75,38.0,70.0,54.0
2025_01_13,1,132.25,203,-1.75,0.0,0.0,0.0,28.5,28.5,28.5,23.5,20.0,4.0
2025_01_13,-1,3.0,4,-128.25,-10.75,-10.75,-10.75,-13.0,-13.0,-18.75,-32.5,-39.75,-73.25
2025_01_13,1,90.25,97,-10.0,-9.0,-9.0,-9.0,-9.0,19.25,19.25,-4.0,-4.0,85.5
2025_01_13,-1,1.5,6,-94.75,-8.0,-8.0,-8.0,-13.5,-18.0,-22.5,-51.0,-51.0,-72.0
2025_01_13,1,22.75,15,-4.0,2.25,-4.0,-4.0,7.5,18.0,18.0,18.0,18.0,18.0
2025_01_14,1,73.5,12,-264.0,-23.25,-23.25,-23.25,-23.25,-23.25,-23.25,36.25,10.5,10.5
2025_01_14,-1,245.75,339,-91.75,-28.75,-28.75,-28.75,-28.75,-28.75,-28.75,-44.25,-44.25,-65.0
2025_01_14,1,11.75,1,-325.75,-12.5,-12.5,-12.5,-12.5,-12.5,-12.5,-25.5,-51.25,-51.25
2025_01_14,-1,224.5,317,-98.0,-17.5,-17.5,-17.5,-17.5,-17.5,-1.5,-17.75,-17.75,-37.25
2025_01_14,1,13.0,5,-309.5,-16.5,-16.5,-16.5,-16.5,-16.5,-16.5,-17.25,-56.5,-56.5
2025_01_14,-1,285.0,290,-0.0,14.25,14.25,14.25,14.25,14.25,86.0,69.75,69.75,120.0
2025_01_14,-1,258.5,287,-14.25,-14.25,-14.25,-14.25,-14.25,59.5,59.5,43.25,43.25,93.5
2025_01_14,-1,240.5,283,-1.0,-1.0,-1.0,20.75,41.5,41.5,41.5,25.25,25.25,75.5
2025_01_14,1,95.5,163,-133.0,-11.75,-11.75,-11.75,-33.25,-33.25,-33.25,-33.25,-54.0,-68.25
2025_01_14,-1,79.0,210,-149.5,2.25,2.25,2.25,2.25,32.5,14.75,14.75,9.0,-10.25
2025_01_14,1,145.25,125,-83.25,-12.75,-12.75,-12.75,-12.75,-17.75,-17.75,-29.0,-37.25,-62.25
2025_01_14,-1,28.75,157,-199.75,-14.25,-14.25,-14.25,-14.25,-14.25,-14.25,-26.5,-47.5,-60.5
2025_01_14,1,150.5,89,-78.0,8.75,8.75,8.75,5.25,-12.25,-12.25,-12.25,109.75,83.0
2025_01_14,1,141.25,78,-87.25,11.25,9.0,9.0,7.5,115.5,108.0,111.0,100.5,73.75
2025_01_14,1,9.0,11,-219.5,-7.5,-7.5,-7.5,-11.25,-24.25,-24.25,-21.25,-31.75,-58.5
2025_01_14,-1,192.75,24,-8.25,152.0,152.0,170.75,170.75,168.0,161.25,161.25,143.75,129.5
2025_01_14,-1,21.25,2,-179.75,9.5,9.5,9.5,-10.25,-10.25,-10.25,-10.25,-27.75,-42.0
2025_01_14,-1,19.5,7,-169.5,3.25,3.25,5.75,5.75,-17.5,-17.5,-17.5,-21.25,-62.5
2025_01_14,1,159.25,41,-21.5,-5.75,-5.75,-9.75,-9.75,-9.75,-21.5,158.5,158.5,158.5
2025_01_14,1,166.0,29,0.0,28.5,28.5,75.75,75.75,165.25,165.25,165.25,165.25,165.25
2025_01_15,-1,31.5,7,-213.75,-23.0,-23.0,-23.0,-23.0,-23.0,-23.0,-32.25,-14.75,-46.75
2025_01_15,1,143.5,340,-57.0,27.25,27.25,27.25,20.25,20.25,16.25,-8.0,-8.0,22.0
2025_01_15,-1,120.75,61,-79.75,20.5,20.5,20.5,20.5,20.5,20.5,20.5,9.25,59.0
2025_01_15,1,137.75,196,-9.5,-8.25,-8.25,-8.25,-6.75,-9.5,24.75,17.25,9.25,77.5
2025_01_15,1,130.5,185,-16.75,-11.75,-11.75,-11.75,-16.75,-16.75,17.5,10.0,2.0,70.25
2025_01_15,-1,26.75,8,-101.75,6.25,3.5,9.25,6.5,1.25,1.25,-6.25,-13.5,-36.0
2025_01_15,-1,14.5,4,-91.5,4.75,4.75,4.75,0.75,-3.25,-10.75,-16.5,-25.75,-57.75
2025_01_15,1,75.0,119,-7.0,6.0,6.0,6.0,-5.25,-5.25,-5.25,43.25,24.75,14.75
2025_01_15,-1,47.75,71,-32.0,-0.25,-4.75,-4.75,-12.75,-12.75,-17.75,-27.0,38.75,38.75
2025_01_15,1,15.5,14,-64.25,6.25,6.25,6.25,1.25,-4.5,-4.5,-16.25,-34.75,-44.75
2025_01_15,-1,55.25,29,-4.0,-1.0,-1.0,-1.0,-4.0,4.0,4.0,46.25,46.25,46.25
2025_01_16,1,2.25,99,-275.0,-13.75,-13.75,-13.75,-13.75,-29.0,-29.0,-45.25,-45.25,-68.0
2025_01_16,-1,246.0,402,-31.25,8.0,8.0,8.0,-3.75,-3.75,-3.75,-28.0,-28.0,21.5
2025_01_16,-1,251.75,392,-25.5,23.25,23.25,23.25,48.75,34.0,34.0,45.75,45.75,27.25
2025_01_16,1,8.75,2,-268.5,0.5,0.5,0.5,-8.25,-8.25,-22.75,-22.75,-52.25,-52.25
2025_01_16,-1,232.0,296,-4.25,-4.25,18.0,13.0,13.0,4.0,4.0,52.25,52.25,38.25
2025_01_16,1,39.0,33,-193.75,8.25,8.25,8.25,-2.75,-2.75,-2.75,-8.75,-2.25,-27.25
2025_01_16,-1,204.0,218,-18.0,-1.0,-4.5,-4.5,-4.75,-4.75,-9.0,-18.0,84.25,65.0
2025_01_16,1,53.5,49,-148.5,-18.75,-18.75,-18.75,-18.75,-18.75,-18.75,-25.25,8.5,-6.75
2025_01_16,1,26.5,14,-175.5,5.0,5.0,18.5,4.0,4.0,4.0,-9.25,-18.5,-33.75
2025_01_16,-1,166.25,57,-0.0,21.25,18.25,12.75,12.75,21.0,156.25,156.25,156.25,156.25
2025_01_16,-1,137.0,38,-11.0,-5.0,-6.0,-6.0,-6.0,-8.25,127.0,127.0,127.0,127.0
2025_01_17,-1,99.25,55,-82.0,5.0,5.0,5.0,5.0,5.0,5.0,44.75,44.75,23.75
2025_01_17,-1,17.75,28,-163.5,-26.75,-26.75,-26.75,-26.75,-26.75,-26.75,-35.75,-57.75,-60.25
2025_01_17,1,95.25,160,-32.75,-15.75,-15.75,-15.75,-15.75,-16.0,-20.25,-32.75,20.25,-7.25
2025_01_17,1,83.25,135,-19.25,1.5,1.5,-2.5,-4.75,32.0,23.0,13.75,8.25,-19.25
2025_01_17,-1,35.25,16,-67.25,10.5,10.5,6.5,5.5,-0.0,10.25,-0.0,-9.0,-25.0
2025_01_17,1,54.5,20,-40.5,21.75,21.75,38.0,38.0,38.0,28.25,17.25,10.75,-17.5
2025_01_17,-1,78.0,154,-4.0,-4.0,-2.5,-2.5,20.5,20.5,17.5,30.5,73.0,73.0
2025_01_17,-1,60.0,122,-8.5,7.5,7.5,7.5,3.75,-3.5,-3.5,12.5,55.0,55.0
2025_01_17,1,0.0,0,-67.0,-6.0,-6.0,-9.5,-12.75,-17.5,-23.25,-44.0,-44.0,-60.5
2025_01_17,-1,23.0,64,-29.75,-4.0,-9.5,-9.5,-9.5,-19.5,-19.5,-24.5,18.0,18.0
2025_01_17,1,2.75,7,-50.0,-12.75,-12.75,-12.75,-12.75,-19.5,-19.5,-28.0,-43.5,-45.0
2025_01_17,-1,6.5,6,-19.25,-19.25,-19.25,-19.25,-19.25,-19.25,-14.5,1.5,1.5,1.5
2025_01_20,1,40.25,11,-81.0,-1.5,-1.5,12.0,28.0,24.25,6.75,6.75,-3.0,-20.25
2025_01_20,-1,70.25,34,-8.25,-8.25,-8.25,-8.25,22.5,22.5,45.5,38.75,17.75,7.25
2025_01_20,1,42.0,52,-34.0,14.5,14.5,13.5,28.0,15.5,15.5,7.25,-15.5,-34.0
2025_01_20,-1,46.25,26,-12.0,-6.25,-6.25,-12.0,-12.0,28.75,22.5,12.0,-1.5,16.25
2025_01_20,1,0.0,0,-22.0,-10.25,-10.25,-10.25,-13.5,-16.25,-22.0,-22.0,-22.0,-22.0
2025_01_21,-1,163.0,42,-75.25,0.25,-1.5,-1.5,82.75,82.75,65.5,65.5,47.25,33.5
2025_01_21,-1,112.75,23,-125.5,-16.25,-16.25,-16.25,-16.25,-16.25,28.5,28.5,18.5,45.25
2025_01_21,1,150.25,334,-20.5,-10.5,-10.5,-10.5,-3.0,-9.0,-9.0,-16.25,-11.5,84.5
2025_01_21,1,145.25,325,-25.5,-11.75,-11.75,-11.75,-11.75,-11.75,-11.75,-21.25,-16.5,79.5
2025_01_21,1,79.0,216,0.0,1.75,35.25,35.25,61.0,57.75,51.25,45.25,30.0,13.25
2025_01_21,1,19.25,171,-56.5,10.25,8.25,1.25,1.25,-2.0,-8.5,-14.5,-29.75,-46.5
2025_01_21,-1,41.25,124,-34.5,-8.5,-8.5,-8.5,-12.75,-16.0,-21.0,4.5,-2.5,-32.5
2025_01_21,1,13.5,119,-62.25,-5.75,-7.5,-9.25,-14.25,-16.0,-28.25,-35.5,-41.0,-62.25
2025_01_21,-1,26.75,96,-49.0,-8.75,-8.75,-8.75,-9.0,-9.0,-9.0,-10.0,-17.0,-47.0
2025_01_21,1,48.25,46,-27.5,-4.0,19.25,9.5,9.5,9.5,4.0,-7.75,-17.25,24.5
2025_01_21,-1,19.75,15,-56.0,-14.0,-14.0,-14.0,-14.0,-16.75,-6.5,-34.0,-34.0,-54.0
2025_01_21,1,0.0,0,-23.75,-10.0,-10.0,-10.0,-13.5,-16.5,-20.5,-23.75,-23.75,-23.75
2025_01_22,1,138.0,155,-13.5,2.75,2.75,2.75,2.75,2.75,-6.25,-12.5,41.75,73.5
2025_01_22,-1,25.5,369,-85.75,-8.75,-8.75,-8.75,-11.0,-18.75,-18.75,-34.0,-28.5,-47.0
2025_01_22,1,76.0,117,-35.25,12.25,11.25,7.0,3.5,-7.25,-7.25,-4.25,-20.25,11.5
2025_01_22,-1,12.0,312,-99.25,-6.25,-6.25,-11.25,-18.25,-18.25,-34.25,-34.25,-42.0,-60.5
2025_01_22,-1,101.25,240,-0.0,13.25,8.25,8.25,20.0,15.25,45.5,38.5,99.25,99.25
2025_01_22,-1,37.25,160,-32.25,-9.0,-9.0,-9.0,-12.5,-18.5,-24.25,-32.25,35.25,35.25
2025_01_22,-1,59.75,139,-5.75,-5.75,9.25,7.5,5.25,-0.0,-2.75,23.75,57.75,57.75
2025_01_22,-1,44.25,136,-18.25,-3.5,-6.25,-8.0,-10.25,-15.5,-18.25,8.25,42.25,42.25
2025_01_22,-1,44.0,105,-16.25,7.75,5.25,0.75,-4.25,-4.25,-10.5,8.0,42.0,42.0
2025_01_22,-1,35.5,60,-11.25,-5.0,-9.25,-9.25,-2.5,-0.5,-0.5,-0.5,33.5,33.5
2025_01_23,-1,-0.0,0,-175.25,-9.75,-9.75,-9.75,-15.0,-26.5,-26.5,-37.5,-41.25,-62.5
2025_01_23,-1,9.75,6,-159.25,-4.25,-14.0,-14.0,-14.0,-8.25,-14.75,-24.0,-36.5,-51.25
2025_01_23,1,146.75,360,-22.25,-14.0,-14.0,-14.0,-14.0,-21.25,-21.25,43.0,26.5,12.75
2025_01_23,-1,27.75,38,-111.5,2.25,2.25,-1.0,-7.25,-7.25,-11.75,-7.0,-17.75,-32.25
2025_01_23,-1,22.25,10,-117.0,14.5,15.0,10.75,4.25,4.25,0.25,-12.5,-23.25,-37.75
2025_01_23,1,88.75,166,-28.5,9.25,9.25,9.25,6.75,6.0,6.0,-2.75,-13.75,65.25
2025_01_23,-1,30.0,21,-87.25,24.25,22.5,20.0,17.25,12.5,8.5,-2.25,-10.0,-31.25
2025_01_23,1,87.75,84,-10.0,-0.75,-0.75,-4.75,-6.75,-10.0,64.0,64.25,64.25,64.25
2025_01_24,1,49.25,13,-175.5,-3.0,-3.0,-3.0,-3.0,-3.0,-3.0,16.0,8.25,-14.5
2025_01_24,1,3.25,101,-185.25,-7.75,-7.75,-14.25,-14.25,-24.25,-24.25,-36.25,-42.0,-57.25
2025_01_24,-1,158.5,234,-30.0,-3.75,-10.75,-10.75,-4.5,-6.75,-6.75,0.75,-8.0,-30.0
2025_01_24,-1,170.25,135,-0.0,16.0,27.5,27.5,22.25,21.25,15.75,73.5,127.0,108.5
2025_01_24,1,0.75,8,-137.5,-4.25,-6.75,-8.0,-11.5,-30.75,-30.75,-30.75,-49.75,-69.0
2025_01_24,-1,130.75,101,-7.5,-4.25,-7.25,-3.5,28.5,47.0,41.5,34.0,87.5,69.0
2025_01_24,-1,76.25,36,-3.75,-3.25,6.0,6.0,6.0,6.0,54.5,46.25,33.0,14.5
2025_01_24,1,41.75,86,-9.0,-5.0,-7.75,11.5,-3.75,-3.75,-3.75,23.75,23.75,23.75
2025_01_24,-1,2.25,26,-48.5,-14.25,-14.25,-14.25,-14.25,-19.25,-20.5,-31.5,-41.75,-30.5
2025_01_24,1,29.75,4,0.0,25.75,23.25,14.75,14.75,12.0,7.75,11.75,11.75,11.75
2025_01_27,-1,65.0,320,-239.75,-81.0,-81.0,-81.0,-81.0,-81.0,-81.0,-81.0,-81.0,-81.0
2025_01_27,1,184.0,67,-120.75,9.25,43.75,43.75,43.75,33.75,33.75,65.75,49.5,34.5
2025_01_27,1,123.75,37,-181.0,-0.75,-0.75,-0.75,-0.75,-0.75,-0.75,-0.75,-0.75,-25.75
2025_01_27,1,9.5,2,-295.25,-12.25,-12.25,-12.25,-12.25,-12.25,-12.25,-28.25,-38.5,-56.75
2025_01_27,-1,199.25,230,-15.0,-9.0,-9.0,-9.0,27.25,27.25,29.0,74.25,51.5,51.5
2025_01_27,-1,99.75,162,-114.5,-2.75,-2.75,-29.5,-29.5,-29.5,-29.5,-29.5,-27.0,-27.0
2025_01_27,1,100.0,214,-114.25,19.0,19.0,7.0,7.0,7.0,0.25,-6.75,-19.5,-40.75
2025_01_27,-1,73.5,121,-140.75,22.5,26.5,17.5,17.5,17.5,17.5,4.5,-4.25,-25.0
2025_01_27,1,118.75,144,-95.5,-1.25,-1.25,-1.25,-8.75,-8.75,-21.75,-29.5,-34.75,-12.5
2025_01_27,-1,49.0,52,-165.25,-2.0,-2.0,-14.75,-14.75,-14.75,-18.25,-34.25,-35.25,-70.5
2025_01_27,-1,100.0,30,-114.25,4.0,1.25,-0.5,-19.5,-19.5,-19.5,-29.75,-31.25,34.5
2025_01_27,1,94.75,99,-119.5,-1.0,-1.0,-1.0,-1.0,-1.0,-1.0,-8.75,-25.25,-36.5
2025_01_27,1,100.25,91,-114.0,-1.25,-1.25,-6.0,-19.75,-19.75,-19.75,-28.0,-42.25,-60.0
2025_01_27,-1,61.0,6,-153.25,48.0,48.0,48.0,48.0,31.0,31.0,31.0,3.75,-4.5
2025_01_27,1,141.0,54,-29.0,-5.5,-18.0,-18.0,-18.0,-18.0,-18.0,-21.5,10.75,132.0
2025_01_27,1,109.25,10,0.0,92.0,92.0,92.0,92.0,92.0,84.5,77.75,100.25,100.25
2025_01_28,-1,140.0,17,-318.5,41.0,41.0,41.0,41.0,31.5,31.5,104.75,69.5,69.5
2025_01_28,1,346.0,296,-4.5,-4.5,-4.5,-4.5,56.25,56.25,56.25,40.0,40.0,124.25
2025_01_28,1,251.25,279,-5.75,-5.75,-5.75,83.0,83.0,83.0,78.25,64.0,53.25,29.5
2025_01_28,1,199.75,257,-28.5,15.5,4.75,4.75,4.75,-22.0,-22.0,-22.0,-22.0,-13.25
2025_01_28,-1,28.0,55,-200.25,-5.0,-11.0,-11.0,-12.75,-2.0,-11.5,-27.0,-27.0,-45.75
2025_01_28,1,174.75,219,-53.5,4.25,4.25,4.25,-9.0,-9.0,-9.0,-28.25,-28.25,-47.5
2025_01_28,-1,23.75,15,-204.5,-0.75,-0.75,-0.75,-0.75,-13.0,-13.0,-13.0,-25.0,-42.25
2025_01_28,-1,14.25,5,-214.0,-22.5,-22.5,-22.5,-22.5,-22.5,-22.5,-34.5,-28.25,-51.75
2025_01_28,1,163.75,175,0.0,23.0,23.0,23.0,87.0,84.25,75.75,70.25,77.75,57.25
2025_01_28,1,75.0,140,-31.75,3.75,-13.0,-13.0,-13.0,-13.0,-13.0,-0.25,-11.0,-31.5
2025_01_28,1,66.0,82,-40.75,-4.5,-9.25,-9.25,-13.5,-20.0,-20.0,-30.75,-40.5,4.25
2025_01_28,-1,20.75,31,-86.0,2.0,2.0,2.0,-3.75,-7.0,-8.25,-11.75,-21.0,-45.75
2025_01_28,-1,63.0,72,-0.0,1.25,1.25,24.75,22.0,16.0,7.75,5.25,59.25,59.25
2025_01_28,1,6.25,6,-52.75,-4.5,-4.5,-4.5,-7.0,-13.5,-16.5,-26.75,-41.25,-49.0
2025_01_28,-1,22.25,16,-16.0,-0.5,-0.5,-0.5,-10.25,-10.25,-10.25,18.5,18.5,18.5
2025_01_28,-1,26.0,8,-0.0,19.75,19.75,18.0,22.25,22.25,22.25,22.25,22.25,22.25
2025_01_29,-1,204.5,213,-14.5,23.25,18.0,18.0,18.0,18.0,18.0,42.5,27.0,60.25
2025_01_29,1,77.75,270,-141.25,-20.75,-20.75,-20.75,-20.75,-20.75,-20.75,-31.75,-46.25,-89.5
2025_01_29,-1,97.0,83,-122.0,-5.25,-5.25,-5.25,-23.5,-23.5,-23.5,-29.25,-38.0,-58.25
2025_01_29,1,82.75,204,-136.25,-4.75,-4.75,12.75,12.75,7.5,0.25,-9.25,-16.5,-84.5
2025_01_29,1,70.25,170,-148.75,-12.25,-12.25,-12.25,-12.25,-21.75,-21.75,-33.25,-44.0,-97.0
2025_01_29,-1,127.0,16,-92.0,17.25,102.0,102.0,102.0,102.0,102.0,91.5,68.0,56.25
2025_01_29,1,150.25,132,-59.75,-10.75,-10.75,-10.75,38.5,38.5,38.5,28.5,16.0,-31.25
2025_01_29,-1,79.25,37,-130.75,3.5,2.0,-0.5,-7.25,-7.25,-20.5,-21.75,1.25,13.5
2025_01_29,-1,94.25,26,-115.75,5.0,5.0,16.25,16.25,16.25,16.25,16.25,16.25,28.5
2025_01_29,1,148.5,59,-48.5,-38.75,-38.75,-38.75,-38.75,-38.75,-38.75,-38.75,-48.5,50.0
2025_01_29,1,74.75,28,-107.25,-13.5,-13.5,-13.5,-13.5,-21.25,-21.25,-23.5,-23.5,-55.0
2025_01_29,1,99.75,14,-82.25,70.5,70.5,70.5,70.5,70.5,71.25,53.5,53.5,37.0
2025_01_29,-1,119.25,27,-6.75,1.25,1.25,1.25,1.25,-6.75,-6.75,8.25,8.25,46.75
2025_01_30,1,90.75,12,-227.0,-14.25,-14.25,-14.25,-14.25,-14.25,-25.0,37.5,37.5,13.25
2025_01_30,-1,173.0,72,-97.5,1.5,1.5,1.5,1.5,1.5,-7.5,-7.25,-3.0,19.75
2025_01_30,-1,71.0,19,-199.5,16.75,16.75,16.75,16.75,16.75,23.25,23.25,22.75,9.75
2025_01_30,1,158.5,239,-28.25,-17.5,-17.5,-17.5,-17.5,-17.5,-3.25,51.5,44.25,15.75
2025_01_30,-1,58.75,26,-128.0,-12.25,-12.25,-12.25,-12.25,-20.0,-20.0,19.75,17.75,-1.75
2025_01_30,1,162.75,159,0.0,13.0,8.75,8.75,6.0,16.5,11.5,119.75,119.75,100.0
2025_01_30,1,136.5,114,-16.0,13.5,30.0,30.0,38.25,35.75,31.25,93.5,93.5,73.75
2025_01_30,1,20.25,14,-132.25,-1.75,3.5,3.5,3.5,3.5,0.0,-22.75,-22.75,-42.5
2025_01_30,-1,138.25,9,-0.0,98.5,98.5,98.5,98.5,98.5,94.25,103.0,84.0,77.0
2025_01_30,1,80.75,17,0.0,12.75,12.75,40.5,40.5,40.5,40.5,37.0,37.0,49.0
2025_01_30,-1,6.25,1,-61.75,-19.5,-19.5,-19.5,-19.5,-19.5,-19.5,-38.75,-38.75,-61.75
2025_01_30,1,23.75,5,-20.0,-13.0,-13.0,-13.0,-13.0,-2.25,-2.25,-20.0,-20.0,-8.0
2025_01_31,1,129.25,91,-298.0,-23.5,-23.5,-23.5,-23.5,-23.5,-23.5,-44.0,-44.0,-63.75
2025_01_31,1,2.75,1,-398.75,-1.5,-13.25,-13.25,-13.25,-13.25,-18.0,-36.0,-46.0,-86.0
2025_01_31,-1,387.5,277,-10.75,1.5,-3.25,-3.25,22.75,18.5,10.25,12.25,1.5,174.25
2025_01_31,-1,370.75,171,-2.5,50.25,50.25,48.75,44.5,67.25,129.25,129.25,116.0,157.5
2025_01_31,-1,235.5,139,-20.5,-20.5,-20.5,-20.5,-20.5,-20.5,-20.5,-20.5,36.0,22.25
2025_01_31,-1,147.75,87,-0.0,12.25,12.25,8.75,8.75,8.75,55.25,55.25,48.5,28.25
2025_01_31,-1,108.75,71,-31.75,-10.75,-10.75,-10.75,-10.75,-10.75,-10.75,-31.75,-31.75,36.25
2025_01_31,-1,46.0,46,-48.5,6.25,6.25,8.0,8.0,8.0,8.0,-1.0,-1.0,-26.5
2025_01_31,1,73.25,21,-21.25,-2.75,-2.75,-2.75,-0.75,-0.75,-0.75,-10.25,23.25,7.25
2025_01_31,-1,18.5,32,-76.0,-13.75,-13.75,-13.75,-13.75,-24.0,-24.0,-28.5,-28.5,-54.0
2025_01_31,-1,36.5,28,-58.0,16.75,16.75,16.75,15.25,12.5,-10.5,-10.5,-10.5,-36.0
2025_01_31,1,0.0,0,-80.5,-24.0,-24.0,-24.0,-24.0,-24.0,-24.0,-36.0,-44.25,-80.5
2025_01_31,-1,-0.0,0,-0.0,-0.0,-0.0,-0.0,-0.0,-0.0,-0.0,-0.0,-0.0,-0.0
2025_02_03,1,309.75,287,-90.75,13.25,13.25,13.25,13.25,13.25,66.25,66.25,55.25,28.25
2025_02_03,1,262.5,282,-138.0,-6.75,-6.75,-6.75,19.0,19.0,19.0,19.0,8.0,-19.0
2025_02_03,-1,65.0,26,-335.5,-14.75,-14.75,-14.75,-14.75,-45.25,-45.25,-45.25,-45.25,-18.25
2025_02_03,-1,86.75,19,-313.75,32.5,32.5,32.5,24.0,24.0,10.75,10.75,2.0,3.5
2025_02_03,1,202.5,233,-4.25,-4.25,-4.25,-4.25,-4.25,-4.25,14.5,40.25,76.0,31.25
2025_02_03,-1,33.0,38,-131.25,-11.0,-11.0,-11.0,-17.25,-17.25,-17.25,-17.25,-29.5,-63.0
2025_02_03,1,72.0,111,-92.25,-7.75,-7.75,-20.5,-20.5,-20.5,-20.5,-51.5,-51.5,-60.75
2025_02_03,-1,31.5,11,-132.75,5.25,17.5,17.5,17.75,11.0,11.0,-11.0,-11.0,-36.0
2025_02_03,1,96.75,83,-52.25,-45.75,-45.75,-45.75,-45.75,-45.75,-45.75,-45.75,-45.75,32.0
2025_02_03,1,22.75,13,-96.5,-7.75,-7.75,14.75,9.75,-2.5,-2.5,-9.5,-23.5,-37.5
2025_02_03,1,12.75,4,-98.0,-4.5,-4.5,-4.5,-4.5,-4.5,-15.5,-25.0,-32.0,-50.5
2025_02_03,-1,76.25,49,-23.5,-4.75,-4.75,-4.75,-11.0,-16.75,-16.75,32.75,32.75,37.75
2025_02_03,-1,26.75,6,-18.5,2.0,-6.25,-6.25,-6.25,10.25,4.25,-16.75,-16.75,-11.75
2025_02_04,-1,8.0,1,-268.75,-27.75,-27.75,-27.75,-27.75,-27.75,-27.75,-27.75,-46.75,-55.25
2025_02_04,1,192.5,120,-0.75,7.75,7.75,7.75,1.75,1.75,130.0,130.0,133.5,116.75
2025_02_04,1,45.25,49,-93.5,-13.75,-13.75,-13.75,-13.75,-18.75,-18.75,4.0,4.0,-30.5
2025_02_04,1,36.75,39,-102.0,1.5,1.5,0.75,-11.75,-11.75,-11.75,-4.5,-4.5,-39.0
2025_02_04,-1,99.25,67,-39.5,-5.5,-8.0,-8.0,-22.75,-22.75,-22.75,-32.0,52.25,35.0
2025_02_04,1,22.75,6,-116.0,18.5,9.25,9.25,9.25,-3.5,-3.5,-18.5,-18.5,-53.0
2025_02_04,-1,89.25,41,-36.75,-12.5,-12.5,-12.5,-12.5,-16.0,67.0,57.0,42.25,25.0
2025_02_04,1,81.75,181,-25.0,19.25,19.25,16.5,14.0,4.25,4.25,-7.75,-25.0,17.0
2025_02_04,-1,11.0,1,-92.5,6.5,-0.25,-0.25,-6.75,-6.75,-9.25,-20.0,-29.0,-50.25
2025_02_04,1,44.75,135,-26.5,0.75,0.75,0.75,-3.0,-7.25,-10.75,12.25,-0.25,-20.0
2025_02_04,-1,10.0,124,-61.25,-8.75,-8.75,-8.75,-14.0,-17.75,-21.5,-33.5,-40.5,-61.25
2025_02_04,1,27.75,108,-43.5,-4.0,14.25,14.25,10.0,3.5,3.5,-4.75,-17.25,-37.0
2025_02_04,-1,42.5,73,-28.75,-4.0,9.25,9.5,4.0,-1.75,-4.75,-10.25,-28.75,16.0
2025_02_04,1,23.0,38,-48.25,-12.75,-12.75,-12.75,-12.75,-18.25,-23.5,-27.5,-27.5,-41.75
2025_02_04,1,43.5,24,-27.75,-5.5,17.5,14.25,12.5,-7.0,-7.0,-7.0,-7.0,-21.25
2025_02_04,-1,0.5,1,-26.0,-21.0,-21.0,-21.0,-21.0,-21.0,-21.0,-26.0,-26.0,-26.0
2025_02_05,1,255.5,404,-20.75,-10.25,-10.25,-10.25,28.5,31.5,31.5,22.75,7.75,-14.75
2025_02_05,1,247.75,402,-28.5,26.5,26.5,24.0,20.75,23.75,23.75,15.0,0.0,-22.5
2025_02_05,-1,33.75,19,-242.5,-4.5,-7.5,-12.25,-12.25,-16.25,-16.25,-42.0,-42.0,-34.5
2025_02_05,1,235.0,377,-41.25,16.75,16.75,16.75,16.75,16.75,-35.25,-35.25,-35.25,-35.25
2025_02_05,1,258.5,366,-17.75,-7.25,-7.25,-7.25,-17.75,-17.75,-10.25,-10.25,49.25,145.25
2025_02_05,-1,-0.0,0,-263.75,-21.75,-21.75,-21.75,-21.75,-21.75,-21.75,-33.75,-55.75,-60.0
2025_02_05,1,203.75,338,-14.25,5.5,5.5,-1.25,-1.25,-7.0,-9.5,-5.5,-5.5,90.5
2025_02_05,-1,6.0,3,-211.25,-2.75,-2.75,-2.75,-18.5,-18.5,-18.5,-26.5,-43.5,-55.5
2025_02_05,1,132.5,272,0.0,41.75,41.75,41.75,62.5,62.5,57.25,47.75,38.75,19.25
2025_02_05,-1,36.5,57,-76.75,3.0,0.5,0.5,0.5,0.5,-2.75,6.0,-7.0,-25.75
2025_02_05,1,69.75,155,-29.5,-13.25,-13.25,-13.25,-13.25,-19.75,-20.25,-0.75,-14.5,69.75
2025_02_05,-1,5.5,1,-92.5,1.0,-7.0,-7.0,-7.0,-12.5,-15.5,-24.5,-36.75,-55.5
2025_02_05,-1,23.25,74,-70.0,1.0,1.0,-3.75,-3.75,-3.75,-8.25,-19.0,-30.75,-44.75
2025_02_05,1,52.75,49,-40.5,7.0,7.0,2.75,-4.25,-4.25,-7.75,-17.75,-31.5,52.75
2025_02_05,-1,9.0,2,-84.25,3.0,3.0,0.5,-4.75,-17.0,-17.0,-37.5,-37.5,-59.0
2025_02_05,1,79.75,24,0.0,5.25,5.25,46.0,79.75,79.75,79.75,79.75,79.75,79.75
2025_02_05,1,46.75,20,0.0,17.5,13.0,13.0,46.75,46.75,46.75,46.75,46.75,46.75
2025_02_06,1,117.0,385,-40.0,-15.25,-15.25,-15.25,-15.25,31.0,40.5,24.75,18.75,5.75
2025_02_06,-1,40.0,301,-117.0,-4.5,-4.5,-12.0,-12.0,-15.75,-31.25,-31.25,-49.75,-60.75
2025_02_06,1,81.5,366,-75.5,-4.5,12.5,12.5,12.5,5.0,5.0,-10.75,-16.75,-29.75
2025_02_06,-1,74.25,247,-82.75,-1.0,-13.75,-13.75,-13.75,-13.75,-23.5,-29.25,-40.25,-11.25
2025_02_06,-1,45.75,234,-111.25,-17.0,-17.0,-17.0,-17.0,-17.0,-35.25,-35.25,-40.5,-39.75
2025_02_06,-1,76.75,182,-80.25,15.25,23.25,20.25,14.0,14.0,8.0,8.25,-4.0,-20.5
2025_02_06,1,76.5,210,-80.5,-6.0,-6.0,-14.75,-14.75,-20.25,-20.25,-1.0,-1.0,-44.0
2025_02_06,1,79.25,191,-77.75,23.5,23.5,23.5,20.5,15.0,15.0,1.75,1.75,-41.25
2025_02_06,-1,107.25,22,-49.75,-1.75,-1.75,-3.0,92.25,85.5,85.5,75.5,65.0,47.0
2025_02_06,1,88.25,33,-4.75,11.0,47.25,73.5,73.5,62.25,62.25,-4.75,-4.75,-4.75
2025_02_06,1,52.5,9,-40.5,11.5,11.5,37.75,37.75,26.5,26.5,-40.5,-40.5,-40.5
2025_02_06,-1,8.0,6,-23.0,-9.0,-9.0,-9.0,-23.0,-23.0,-23.0,-5.0,-5.0,-5.0
2025_02_07,1,33.0,5,-368.75,17.0,18.25,18.25,18.25,14.5,10.0,2.75,-10.5,-90.25
2025_02_07,-1,345.25,313,-0.25,138.0,138.0,138.0,138.0,115.25,115.25,115.25,166.5,137.75
2025_02_07,1,52.75,23,-185.5,-3.5,-3.5,-3.5,17.75,17.75,17.75,16.5,6.0,-91.0
2025_02_07,-1,88.5,257,-82.5,-47.25,-47.25,-47.25,-47.25,-47.25,-47.25,-47.25,-47.25,-74.75
2025_02_07,-1,96.5,222,-68.25,-12.5,-12.5,-12.5,-12.5,-17.5,-16.0,2.75,2.75,-21.0
2025_02_07,1,64.5,35,-100.25,-4.25,-6.75,7.75,-13.75,-13.75,-13.75,-13.75,20.25,0.75
2025_02_07,1,59.0,20,-105.75,-1.25,-1.25,-1.25,-13.25,-13.25,-13.25,23.5,14.75,-4.75
2025_02_07,1,12.0,13,-151.25,-0.5,-10.25,-10.25,-10.25,-10.25,-10.25,-22.0,-30.75,-50.25
2025_02_07,-1,120.5,89,-0.0,11.5,11.5,11.5,25.5,89.75,83.75,75.5,62.0,94.5
2025_02_07,-1,45.0,31,-17.25,-1.25,-1.25,-1.25,-1.25,-6.5,-13.5,8.5,-4.5,19.0
2025_02_07,-1,50.25,17,-5.5,-5.25,20.0,20.0,16.75,30.75,27.75,13.75,0.75,24.25
2025_02_07,1,17.75,53,-38.0,-14.0,-14.0,-14.0,-14.0,-18.25,-38.0,-38.0,-12.0,-12.0
2025_02_07,-1,19.75,9,-36.0,-5.75,-10.5,-10.5,-13.75,0.25,-2.75,-16.75,-29.75,-6.25
2025_02_07,1,11.75,2,-18.0,-1.0,-1.0,-1.0,-1.0,-15.5,-15.5,-18.0,-18.0,-18.0
2025_02_10,1,135.0,75,0.0,15.75,15.75,15.75,13.5,31.0,31.0,17.75,7.0,71.25
2025_02_10,1,119.25,70,-8.75,-2.25,-2.25,-2.25,-2.25,15.25,15.25,2.0,-8.75,55.5
2025_02_10,1,82.25,61,-45.75,-21.75,-21.75,-21.75,-21.75,-21.75,-21.75,-35.0,-45.75,18.5
2025_02_10,1,11.0,117,-50.75,-4.5,-9.25,-9.25,-16.0,-16.0,-20.5,-33.75,-44.0,-40.75
2025_02_10,-1,17.0,8,-44.75,6.25,6.25,6.25,1.0,1.0,-3.5,-13.25,-24.0,-44.75
2025_02_10,1,39.75,80,-17.75,4.25,4.25,0.25,22.0,18.0,18.0,7.5,-0.25,-12.0
2025_02_10,1,9.75,12,-43.5,4.75,1.5,-1.0,-2.5,-10.5,-10.5,-26.0,-35.25,-37.75
2025_02_10,-1,42.25,93,-5.5,8.75,8.75,8.75,-1.75,-1.75,-1.75,36.5,36.5,36.5
2025_02_10,1,2.5,9,-34.75,-4.25,-8.5,-8.5,-10.0,-17.25,-18.75,-28.25,-29.0,-29.0
2025_02_10,-1,29.5,36,-7.75,-0.5,-3.75,-3.75,-7.75,23.75,23.75,23.75,23.75,23.75
2025_02_11,1,73.25,51,-73.5,14.0,1.25,1.25,1.25,1.25,-11.5,-11.5,32.25,13.25
2025_02_11,-1,111.75,55,-10.75,-5.0,-1.5,-7.5,-7.5,-10.75,86.0,76.25,70.75,49.0
2025_02_11,1,64.25,159,-20.75,8.25,8.25,11.25,1.0,1.0,1.0,-15.25,-20.75,2.75
2025_02_11,-1,11.75,18,-73.25,-4.75,-5.0,-7.0,-4.5,-4.5,-8.75,-22.25,-29.75,-48.25
2025_02_11,-1,45.5,132,-16.75,-7.75,-7.75,6.0,6.0,8.25,-3.25,-10.0,-14.75,27.75
2025_02_11,1,4.75,1,-57.5,0.0,-4.25,-4.25,-9.0,-13.5,-20.75,-27.25,-37.0,-56.75
2025_02_11,-1,36.75,31,-3.75,-3.75,-3.75,-2.75,22.0,18.75,19.0,19.0,19.0,19.0
2025_02_12,1,264.5,324,0.0,10.75,10.75,10.75,89.0,101.0,80.0,80.0,69.0,51.75
2025_02_12,-1,90.75,16,-159.25,56.75,50.75,50.75,76.75,58.75,58.75,58.75,35.0,13.75
2025_02_12,1,164.5,277,-18.75,41.75,38.5,33.5,33.5,22.75,22.75,43.5,40.75,18.25
2025_02_12,-1,49.5,21,-133.75,5.5,5.5,-7.0,-7.0,-7.0,25.0,7.5,7.5,-16.5
2025_02_12,1,105.75,184,0.0,25.5,25.5,25.5,39.0,39.0,39.0,34.5,46.75,32.5
2025_02_12,1,45.0,128,-28.25,-5.75,18.75,18.75,18.75,10.0,10.0,1.0,-14.0,-28.25
2025_02_12,-1,35.0,44,-38.25,-2.25,-2.25,-7.25,-8.75,-10.5,-0.25,2.25,-6.25,-37.75
2025_02_12,-1,32.25,67,-20.5,-6.0,-6.0,-20.0,-20.0,-20.0,-20.0,-1.25,-10.25,-7.5
2025_02_12,1,19.25,55,-31.5,7.75,7.75,0.0,0.0,-2.25,-7.25,-21.0,-27.0,8.25
2025_02_12,-1,35.5,23,-15.25,2.5,2.5,-1.75,15.5,15.5,15.5,2.0,-7.0,-4.25
2025_02_12,-1,12.5,5,-33.0,-8.75,-8.75,-8.75,-12.0,-12.0,-12.0,-24.75,-32.25,-22.0
2025_02_13,-1,41.75,8,-238.75,-19.5,-19.5,-19.5,-19.5,-19.5,-39.5,-39.5,-67.25,-67.25
2025_02_13,1,199.25,386,-81.25,17.25,17.25,17.25,9.25,9.25,-22.0,-22.0,-22.0,-81.25
2025_02_13,-1,3.25,2,-264.0,-8.5,-8.5,-8.5,-28.5,-28.5,-28.5,-28.5,-41.5,-60.0
2025_02_13,1,167.5,356,-46.0,-4.0,-17.75,-17.75,-17.75,-17.75,-41.75,-41.75,-41.75,35.0
2025_02_13,1,207.75,349,-3.25,76.5,62.5,62.5,62.5,62.5,120.0,112.0,101.5,75.25
2025_02_13,-1,93.75,111,-117.25,1.5,1.5,1.5,1.5,-2.0,-7.0,23.5,13.0,29.0
2025_02_13,-1,97.0,89,-114.0,42.75,35.0,35.0,35.0,35.0,35.0,26.75,16.25,32.25
2025_02_13,-1,55.0,60,-156.0,-12.75,-12.75,-12.75,-12.75,-10.0,-16.75,-26.0,-33.75,-9.75
2025_02_13,-1,77.75,27,-133.25,19.0,19.0,19.0,60.0,60.0,51.5,43.25,37.25,13.0
2025_02_13,1,146.25,139,-38.0,-38.0,-38.0,-38.0,-38.0,-38.0,-38.0,-38.0,106.0,110.75
2025_02_13,1,184.25,135,0.0,25.25,25.25,25.25,25.25,15.75,15.75,152.75,144.0,148.75
2025_02_13,1,119.5,117,-9.5,-9.5,-9.5,-9.5,15.5,56.75,66.0,88.0,79.25,84.0
2025_02_13,1,46.0,27,-8.5,-7.5,-7.5,-7.5,22.0,22.0,22.0,14.5,5.75,10.5
2025_02_13,-1,-0.0,0,-52.25,-5.5,-7.25,-9.0,-12.0,-21.25,-21.25,-37.75,-41.5,-16.75
2025_02_13,1,32.75,9,-7.5,23.0,23.0,23.0,8.75,8.75,8.75,1.25,-7.5,-2.75
2025_02_13,-1,8.75,1,-4.5,-1.75,-1.75,-1.75,-4.5,4.0,4.0,4.0,4.0,4.0
2025_02_14,1,111.5,399,-9.5,0.75,-4.75,-4.75,-4.75,-9.5,7.0,17.5,7.0,3.25
2025_02_14,-1,38.25,129,-77.75,-2.0,-8.0,-8.0,-12.0,14.0,8.5,-0.5,-11.0,-30.0
2025_02_14,-1,25.5,70,-90.5,3.75,3.75,3.75,3.75,-5.5,-5.5,-17.0,-17.0,-37.25
2025_02_14,-1,12.25,17,-103.75,-4.5,-5.5,-8.5,-2.75,-8.5,-8.5,-21.75,-30.25,-50.5
2025_02_14,1,82.0,201,0.0,17.5,17.5,26.5,23.75,20.25,12.25,31.5,27.75,77.5
2025_02_14,-1,-0.0,0,-64.0,-4.5,-13.5,-13.5,-13.5,-18.75,-26.5,-34.5,-41.25,-60.75
2025_02_14,1,29.75,148,-30.75,5.5,2.5,1.5,-3.75,0.5,-4.25,-20.75,-24.5,25.25
2025_02_14,-1,17.5,12,-43.0,-0.75,11.5,5.0,5.0,-2.0,-5.25,-13.5,-22.75,-43.0
2025_02_14,1,35.0,40,0.0,7.25,16.5,16.5,11.25,6.0,3.75,30.5,30.5,30.5
2025_02_14,1,15.5,25,-15.75,4.5,4.5,-6.75,-6.75,-6.75,-15.75,11.0,11.0,11.0
2025_02_14,1,9.5,3,0.0,2.25,2.25,0.75,5.0,5.0,5.0,5.0,5.0,5.0
2025_02_17,-1,33.25,11,-24.5,20.0,20.0,20.0,18.25,15.75,12.25,2.75,-9.25,-8.5
2025_02_17,1,15.25,54,-10.25,-7.25,-7.25,-8.0,3.0,-1.0,-5.0,-0.75,-0.75,-0.75
2025_02_17,1,5.0,18,-9.0,-9.0,-9.0,-9.0,-1.75,-1.75,-1.75,-1.75,-1.75,-1.75
2025_02_18,-1,121.75,289,-28.25,-13.75,-13.75,-13.75,-13.75,-28.25,-28.25,22.5,11.5,39.75
2025_02_18,1,55.5,300,-78.25,-4.0,-4.0,-5.75,-5.75,-5.75,-20.25,-20.25,-17.0,-37.25
2025_02_18,-1,61.75,177,-72.0,-4.25,-7.75,-15.75,-15.75,-27.0,-27.0,-32.0,-41.0,-2.75
2025_02_18,1,56.0,264,-77.75,-6.0,-6.0,-6.0,13.0,-1.75,-1.75,-7.0,-16.5,-36.75
2025_02_18,-1,61.25,133,-72.5,-6.5,-6.5,-6.5,-12.0,-14.5,-16.25,-29.25,16.75,-3.25
2025_02_18,-1,75.0,92,-58.75,-9.75,-9.75,-9.75,-15.5,-15.5,-19.25,30.5,30.5,10.5
2025_02_18,1,48.25,181,-85.5,2.25,2.25,0.5,-11.0,-11.0,-13.75,-22.5,-34.5,-53.25
2025_02_18,-1,68.25,70,-65.5,1.25,10.0,8.25,22.5,22.5,17.0,23.75,23.75,3.75
2025_02_18,1,95.25,115,-38.5,-25.25,-25.25,-25.25,-25.25,-25.25,-25.25,-34.75,74.25,74.25
2025_02_18,-1,11.25,12,-122.5,2.75,-8.0,-8.0,-8.0,-10.25,-33.25,-33.25,-33.25,-53.25
2025_02_18,1,92.75,92,-5.0,-4.5,5.25,-0.5,-0.5,-5.0,11.0,71.75,71.75,71.75
2025_02_18,1,35.5,6,0.0,24.75,24.75,24.75,23.25,19.25,15.5,14.5,14.5,14.5
2025_02_19,-1,70.25,38,-103.75,3.75,3.75,3.75,-3.0,-25.75,-25.75,-25.75,16.75,10.0
2025_02_19,1,124.5,260,-20.25,-16.75,-16.75,-16.75,-16.75,-16.75,9.0,-3.25,-16.25,61.5
2025_02_19,1,105.5,231,-8.25,-4.0,-8.25,-8.25,18.0,39.75,38.25,23.75,17.25,42.5
2025_02_19,-1,21.75,50,-73.0,2.5,2.5,3.25,3.25,-1.0,-9.5,-18.5,-25.5,-44.75
2025_02_19,1,62.75,124,-32.0,12.5,10.25,10.25,3.75,3.75,-4.0,-12.75,-21.75,-0.25
2025_02_19,-1,4.25,1,-90.5,-1.75,-1.75,-10.0,-10.0,-17.25,-17.25,-31.5,-38.5,-62.25
2025_02_19,1,51.5,86,-30.5,4.0,9.75,6.75,0.5,0.5,-5.75,-13.75,9.75,-11.5
2025_02_19,-1,16.75,89,-65.25,-7.0,-7.0,-17.0,-17.0,-17.0,-37.0,-37.0,-41.25,-61.0
2025_02_19,-1,59.5,23,-6.25,-6.25,-6.25,0.75,-0.25,-5.0,35.5,22.0,58.25,58.25
2025_02_19,-1,34.0,19,-4.25,-4.25,17.5,22.25,33.25,33.25,33.25,33.25,33.25,33.25
2025_02_19,-1,16.5,13,-0.0,9.5,9.5,4.75,15.75,15.75,15.75,15.75,15.75,15.75
2025_02_20,-1,208.75,28,-27.0,0.5,0.5,-12.0,-12.0,-12.0,-17.75,-24.75,164.25,141.75
2025_02_20,1,86.75,350,-71.25,16.75,23.0,23.0,3.75,3.75,3.75,1.5,-22.25,-22.25
2025_02_20,-1,42.5,11,-115.5,10.75,10.75,10.75,10.75,7.5,12.25,12.25,-2.0,-21.75
2025_02_20,-1,12.75,32,-113.5,-5.0,-8.5,-8.5,-8.5,-19.75,-19.75,-29.75,-38.75,-47.25
2025_02_20,1,109.5,291,-16.75,-10.0,-10.0,-10.0,9.75,5.25,-4.25,-16.75,14.75,-6.0
2025_02_20,1,102.0,284,-24.25,0.0,-6.0,-6.0,2.25,-2.25,-11.75,-24.25,7.25,-13.5
2025_02_20,-1,2.25,19,-115.25,-11.75,-11.75,-11.75,-15.0,-17.5,-23.5,-29.25,-41.5,-59.5
2025_02_20,1,67.75,217,-47.75,4.5,4.5,0.0,0.0,-4.75,-11.25,-27.0,-27.0,-47.75
2025_02_20,-1,20.75,6,-94.75,8.75,9.75,9.75,2.25,2.25,-2.75,-13.25,-19.5,-39.75
2025_02_20,1,81.0,172,-33.0,-5.0,-10.5,-10.5,-12.5,-16.5,-21.0,-33.0,-3.75,61.25
2025_02_20,-1,-0.0,0,-107.0,-4.5,-8.0,-8.0,-15.0,-18.75,-22.0,-31.75,-45.5,-63.75
2025_02_20,1,86.5,139,-12.0,-9.0,-9.0,-9.0,-12.0,30.25,23.75,16.75,1.75,66.75
2025_02_20,1,55.75,80,-6.5,24.75,17.75,17.75,16.0,16.0,11.25,-3.0,36.0,36.0
2025_02_20,-1,-0.0,0,-62.25,-18.0,-18.0,-18.0,-18.0,-18.0,-27.5,-33.5,-40.5,-60.25
2025_02_20,-1,11.5,13,-42.25,5.75,3.25,2.0,-2.5,-6.75,-12.25,-20.5,-29.0,-22.5
2025_02_20,1,24.5,20,-2.25,0.25,0.25,0.25,10.5,0.0,0.0,4.75,4.75,4.75
2025_02_21,-1,493.75,374,-10.5,-10.5,-10.5,-10.5,-10.5,-10.5,33.25,20.5,56.5,153.75
2025_02_21,1,51.5,13,-305.75,37.75,29.5,29.5,29.5,15.0,15.0,15.0,0.75,-15.0
2025_02_21,-1,312.0,239,-16.75,-5.75,-7.75,0.75,-6.5,-6.5,-16.75,49.75,144.25,139.0
2025_02_21,-1,158.0,148,-15.0,6.75,6.75,-3.25,-3.25,-3.25,26.0,7.75,-15.0,-15.0
2025_02_21,-1,119.75,117,-7.75,-5.25,-3.75,-3.75,-7.75,15.5,11.25,72.5,69.0,103.0
2025_02_21,-1,92.0,88,-0.0,48.75,48.75,48.75,48.75,52.25,52.25,44.75,41.25,75.25
2025_02_21,-1,32.75,71,-18.0,16.25,16.25,9.0,9.0,4.25,-3.5,-16.5,-18.0,16.0
2025_02_21,-1,24.0,52,-26.75,-16.0,-16.0,-16.0,-16.0,-16.0,-16.0,-19.75,7.25,7.25
2025_02_21,-1,31.75,18,-19.0,-19.0,-19.0,-19.0,-19.0,-19.0,11.5,-2.0,15.0,15.0
2025_02_24,-1,329.5,388,-33.0,-14.0,-14.0,-14.0,-14.0,-33.0,-33.0,-33.0,250.0,214.5
2025_02_24,-1,320.0,384,-0.0,32.0,26.75,26.75,26.75,19.0,19.0,240.5,240.5,205.0
2025_02_24,1,81.75,151,-152.25,-10.75,-10.75,-10.75,-10.75,-10.75,-25.0,-25.0,-41.5,-52.5
2025_02_24,-1,80.25,321,-153.75,-6.25,-6.25,-17.75,-17.75,-17.75,16.25,6.75,6.75,-23.25
2025_02_24,1,115.0,83,-119.0,57.5,57.5,55.75,55.0,50.25,31.5,31.5,16.25,53.5
2025_02_24,-1,206.5,183,-25.0,14.0,9.25,9.25,5.75,2.25,-1.75,-19.5,-24.75,187.75
2025_02_24,1,0.25,2,-231.25,-5.5,-12.25,-12.25,-12.25,-20.5,-20.5,-32.0,-51.0,-65.75
2025_02_24,-1,191.5,120,-22.75,-6.0,-6.0,-12.5,-12.5,-22.0,-22.0,44.0,172.75,172.75
2025_02_24,1,0.0,0,-141.0,-13.25,-13.25,-13.25,-13.25,-17.25,-28.25,-31.0,-43.25,-68.5
2025_02_24,1,23.75,7,-109.25,7.5,7.5,7.5,7.5,2.5,2.5,-11.5,-24.5,-36.75
2025_02_24,-1,90.5,13,-10.0,-7.25,-7.25,-7.25,-10.0,70.5,70.5,71.75,71.75,71.75
2025_02_25,-1,333.75,121,-43.5,-13.75,-13.75,-13.75,-13.75,-24.75,-24.75,-43.5,-43.5,245.0
2025_02_25,-1,243.25,94,-32.25,-15.25,-15.25,-15.25,-15.25,42.0,42.0,179.25,154.5,154.5
2025_02_25,1,185.75,147,-89.75,2.5,2.5,2.5,2.5,2.5,2.5,-6.25,13.0,-5.25
2025_02_25,-1,69.75,30,-205.75,7.0,7.0,7.0,7.0,-10.25,-10.25,-10.25,27.0,7.25
2025_02_25,-1,-0.0,0,-226.5,-12.75,-12.75,-12.75,-12.75,-22.75,-22.75,-30.25,-43.0,-64.5
2025_02_25,1,153.5,77,-9.25,-7.0,-7.0,-7.0,55.25,46.25,46.25,26.75,26.75,-4.25
2025_02_25,-1,30.5,4,-132.25,11.75,11.75,11.75,11.75,11.75,-6.0,-6.0,-15.75,-33.25
2025_02_25,1,99.5,37,-49.75,3.0,3.0,19.0,19.0,19.0,13.0,68.5,45.25,35.0
2025_02_25,-1,91.25,160,-38.25,-6.0,-6.0,-2.25,-2.25,-7.25,30.5,8.5,8.5,-13.75
2025_02_25,1,19.25,100,-110.25,-6.75,-6.75,-6.75,-6.75,-20.25,-20.25,-36.5,-36.5,-62.25
2025_02_25,-1,60.75,112,-68.75,-1.0,-2.75,-7.5,37.0,37.0,32.0,15.75,-1.25,-12.75
2025_02_25,1,56.0,45,-73.5,-22.5,-22.5,-22.5,-22.5,-22.5,-22.5,-15.0,11.5,-16.75
2025_02_25,1,51.5,36,-78.0,-8.25,-8.25,-8.25,-7.25,-12.5,-19.5,-19.5,7.0,-21.25
2025_02_25,-1,57.25,18,-14.5,-4.25,7.5,9.75,21.0,9.75,9.75,20.25,17.25,-13.5
2025_02_25,-1,33.0,5,-38.75,10.0,10.0,10.0,10.0,10.0,10.0,-4.0,-7.0,-37.75
2025_02_25,1,6.25,2,-5.0,-2.75,-2.75,-2.75,-5.0,-5.0,-5.0,-5.0,-5.0,-5.0
2025_02_26,-1,127.25,277,-209.5,-44.0,-44.0,-44.0,-44.0,-44.0,-44.0,-44.0,-44.0,-66.25
2025_02_26,1,109.25,142,-227.5,-10.25,-10.25,-10.25,-19.25,-19.25,-22.0,-22.0,-22.0,5.25
2025_02_26,1,99.25,127,-237.5,48.75,43.0,43.0,43.0,43.0,28.25,28.25,15.75,-4.75
2025_02_26,-1,215.75,218,-121.0,-28.5,-28.5,-28.5,-28.5,-28.5,-28.5,-39.5,-51.0,-62.5
2025_02_26,1,58.5,81,-278.25,19.25,19.25,19.25,19.25,28.5,28.5,16.75,7.25,-14.0
2025_02_26,1,14.0,40,-322.75,-8.5,-8.5,-8.5,-8.5,-29.25,-29.25,-29.25,-32.0,-58.5
2025_02_26,-1,284.5,127,-52.25,-4.0,-18.0,-18.0,-18.0,-18.0,-20.0,-36.75,-40.0,221.5
2025_02_26,1,0.0,0,-312.5,-11.0,-11.0,-11.0,-23.0,-23.0,-23.0,-48.25,-48.25,-67.5
2025_02_26,-1,275.5,91,-0.0,23.0,23.0,17.5,17.5,53.75,53.75,98.75,232.5,212.5
2025_02_26,-1,172.5,53,-7.75,24.75,12.5,12.5,12.5,12.5,-4.25,-4.25,129.5,109.5
2025_02_26,1,84.75,109,-58.0,-6.5,-6.5,-17.75,-17.75,-17.75,-24.5,-16.75,-35.75,-58.0
2025_02_26,1,93.75,98,-49.0,-1.25,-1.25,-1.25,-1.25,7.0,7.0,-7.75,-26.75,-49.0
2025_02_26,-1,-0.0,0,-142.75,-9.5,-9.5,-9.5,-12.0,-17.5,-30.25,-30.25,-41.0,-65.25
2025_02_26,-1,17.25,5,-107.0,-3.5,-3.5,-3.5,-1.75,-1.75,-5.25,-21.0,-29.5,-59.25
2025_02_26,1,89.5,47,-7.5,13.25,4.25,4.25,4.25,-0.5,-7.5,41.75,35.25,76.75
2025_02_26,1,34.0,18,-27.0,-20.25,-20.25,-20.25,-20.25,-20.25,-20.25,-27.0,21.25,21.25
2025_02_27,1,21.5,6,-762.25,-22.5,-22.5,-22.5,-22.5,-22.5,-22.5,-10.0,-44.25,-44.25
2025_02_27,1,28.0,2,-755.75,1.5,1.5,1.5,1.5,1.5,1.5,-3.5,-37.75,-37.75
2025_02_27,1,0.0,0,-684.75,-31.25,-31.25,-31.25,-31.25,-31.25,-31.25,-31.25,-52.25,-69.5
2025_02_27,-1,632.5,378,-4.0,-4.0,-4.0,-4.0,-4.0,-4.0,-4.0,-4.0,246.75,230.5
2025_02_27,1,69.75,4,-496.5,30.5,30.5,30.5,30.5,30.5,30.5,30.5,12.75,0.75
2025_02_27,-1,491.0,328,-70.75,13.5,13.5,13.5,13.5,11.25,-3.5,-3.5,-24.5,-34.75
2025_02_27,1,82.0,44,-479.75,24.5,24.5,24.5,24.5,24.5,25.25,12.0,-11.75,-27.75
2025_02_27,-1,469.75,307,-92.0,7.75,7.75,7.75,12.0,12.0,12.0,4.25,-12.0,-22.75
2025_02_27,1,3.0,2,-558.75,-6.75,-6.75,-25.75,-25.75,-25.75,-25.75,-55.25,-55.25,-72.5
2025_02_27,-1,489.5,268,-36.5,-4.25,-6.25,-12.5,-12.5,1.0,81.25,72.0,59.25,40.25
2025_02_27,1,74.0,57,-452.0,6.75,21.25,21.25,17.5,0.25,0.25,-31.25,-31.25,-31.25
2025_02_27,-1,409.25,198,-116.75,-9.0,-9.0,-9.0,-24.5,-24.5,-24.5,-38.25,-58.25,-66.5
2025_02_27,1,50.25,23,-475.75,-15.75,-15.75,-15.75,-15.75,-17.0,-24.75,10.0,10.0,-14.25
2025_02_27,-1,482.25,134,-18.25,-8.5,-8.5,-8.5,-3.75,-11.75,-11.75,-18.25,225.0,457.0
2025_02_27,-1,500.5,124,-0.0,43.0,43.0,43.0,115.75,108.75,106.75,229.75,243.25,475.25
2025_02_27,-1,233.5,80,-33.75,12.75,12.75,-9.0,-9.0,-9.0,-9.0,-23.75,-23.75,208.25
2025_02_27,-1,234.25,72,-25.75,-6.0,-6.0,-18.75,-18.75,-18.75,-22.5,67.0,67.0,209.0
2025_02_27,-1,158.25,37,-0.0,36.75,36.75,36.75,36.75,36.75,36.75,27.5,48.75,133.0
2025_02_27,1,0.0,0,-148.5,-26.0,-26.0,-26.0,-26.0,-26.0,-26.0,-49.75,-49.75,-66.0
2025_02_27,-1,121.5,30,-13.5,-9.25,-9.25,-9.25,-13.5,21.25,27.5,27.5,12.0,96.25
2025_02_27,-1,128.5,22,-0.0,24.25,24.25,28.25,28.25,28.25,34.5,34.5,19.0,103.25
2025_02_27,-1,109.5,9,-0.0,93.75,93.75,93.75,93.75,86.75,86.75,79.0,84.25,84.25
2025_02_27,-1,90.0,7,-0.0,74.25,74.25,74.25,74.25,67.25,67.25,59.5,64.75,64.75
2025_02_28,-1,36.5,3,-436.25,3.75,3.75,3.75,3.75,3.75,3.75,-33.75,-33.75,-33.75
2025_02_28,-1,137.75,218,-310.25,10.75,10.75,10.75,10.75,10.75,10.75,10.75,10.75,5.25
2025_02_28,1,321.0,370,-127.0,-27.0,-27.0,-27.0,-27.0,-27.0,-27.0,-30.75,-52.75,-67.25
2025_02_28,-1,100.25,211,-347.75,-26.0,-26.0,-26.0,-26.0,-26.0,-26.0,-3.5,-3.5,-32.25
2025_02_28,-1,96.25,209,-351.75,-15.25,-15.25,-15.25,-15.25,23.0,-7.5,-7.5,-7.5,-36.25
2025_02_28,-1,74.25,206,-373.75,1.0,1.0,1.0,1.0,1.0,-29.5,-29.5,-29.5,-58.25
2025_02_28,1,308.5,356,-139.5,-55.25,-55.25,-55.25,-55.25,-55.25,-55.25,-55.25,-55.25,64.25
2025_02_28,1,253.0,317,-195.0,-5.25,-5.25,-5.25,-5.25,-5.25,-5.25,4.5,4.5,16.5
2025_02_28,1,238.75,314,-209.25,-9.75,-9.75,-9.75,-9.75,-9.75,-9.75,-9.75,-9.75,2.25
2025_02_28,-1,211.5,129,-236.5,23.75,23.75,23.75,23.75,23.75,23.75,17.0,-4.5,-7.0
2025_02_28,1,229.75,259,-218.25,20.25,20.25,20.25,20.25,11.0,11.0,-6.75,-6.75,-26.25
2025_02_28,-1,201.25,74,-246.75,2.0,2.0,2.0,2.0,-15.25,-15.25,-15.25,-23.75,-46.0
2025_02_28,1,203.75,217,-244.25,-4.75,-59.25,-59.25,-59.25,-59.25,-59.25,-59.25,-59.25,-96.75
2025_02_28,-1,204.5,56,-243.5,-6.75,-6.75,1.75,112.25,112.25,100.25,100.25,75.25,134.5
2025_02_28,1,320.0,144,-76.25,11.5,11.5,11.5,11.5,-0.5,-0.5,-5.25,-19.75,-44.0
2025_02_28,-1,13.0,1,-383.25,-17.0,-17.0,-17.0,-17.0,-17.0,-17.0,-17.0,-33.5,-58.0
2025_02_28,1,305.75,84,0.0,37.25,54.75,54.75,57.0,57.0,57.0,94.75,72.5,62.5
2025_02_28,-1,-0.0,0,-231.25,-13.0,-13.0,-13.0,-13.0,-24.0,-24.0,-49.25,-49.25,-64.25
2025_02_28,1,179.25,17,-5.5,-5.5,-5.5,57.5,161.0,161.0,152.0,137.5,137.5,112.25
2025_03_03,-1,695.25,373,-67.75,-36.75,-36.75,-36.75,-36.75,-36.75,-36.75,-36.75,-67.75,-67.75
2025_03_03,1,0.0,0,-758.5,-30.5,-30.5,-30.5,-30.5,-30.5,-30.5,-30.5,-53.25,-91.5
2025_03_03,-1,667.0,365,-2.75,9.5,9.5,9.5,9.5,12.0,12.0,-2.75,-2.75,116.25
2025_03_03,-1,514.0,337,-134.25,-16.0,-16.0,-16.0,-16.0,-16.0,-7.0,-7.0,-22.0,-36.75
2025_03_03,1,129.25,31,-519.0,-20.75,-20.75,-20.75,-20.75,-20.75,-20.75,-30.0,36.25,36.25
2025_03_03,-1,489.5,326,-158.75,-4.5,-4.5,-28.25,-28.25,-28.25,-28.25,-28.25,-61.25,-61.25
2025_03_03,1,87.5,20,-560.75,61.0,61.0,61.0,61.0,61.0,45.0,45.0,-5.5,-5.5
2025_03_03,1,93.0,7,-555.25,40.25,73.25,73.25,73.25,73.25,32.75,32.75,32.75,32.75
2025_03_03,1,52.25,33,-592.75,-8.25,-8.25,-8.25,-15.25,-15.25,-15.25,-19.25,-56.5,-56.5
2025_03_03,-1,544.5,285,-100.5,-14.25,-14.25,-14.25,-14.25,-14.25,-14.25,-14.25,-28.75,-42.5
2025_03_03,1,54.25,6,-590.75,5.25,5.25,5.25,5.25,5.25,5.25,5.25,5.25,-24.75
2025_03_03,-1,564.5,253,-60.25,1.75,1.75,1.75,1.75,1.75,1.75,26.0,4.5,-4.0
2025_03_03,1,28.5,52,-596.25,-11.0,-11.0,-11.0,-7.25,-12.75,-12.75,-9.25,-23.0,-37.75
2025_03_03,-1,580.0,175,-0.0,0.75,62.75,62.75,62.75,62.75,178.25,163.5,155.0,178.0
2025_03_03,-1,400.25,140,-78.0,-24.75,-24.75,-24.75,-24.75,-24.75,-24.75,22.75,22.75,-1.75
2025_03_03,1,60.75,43,-417.5,18.5,18.5,18.5,18.5,4.5,4.5,0.75,-9.75,-28.5
2025_03_03,-1,403.75,79,-74.5,19.75,1.75,1.75,1.75,1.75,1.75,-23.0,-23.0,-36.5
2025_03_03,-1,411.5,56,-0.0,11.0,11.0,11.0,105.0,105.0,105.0,265.25,251.25,343.0
2025_03_03,1,66.75,57,-119.5,-22.75,-22.75,-22.75,-22.75,-22.75,-22.75,-41.75,-41.75,-58.5
2025_03_03,-1,122.0,23,-64.25,43.75,43.75,43.75,43.75,43.75,43.0,43.0,29.5,53.5
2025_03_03,1,124.5,26,-6.75,-6.75,-6.75,-6.75,-6.75,100.5,96.0,124.5,124.5,124.5
2025_03_03,-1,-0.0,0,-131.25,-31.25,-31.25,-31.25,-31.25,-31.25,-31.25,-31.25,-40.5,-66.75
2025_03_03,1,74.25,20,0.0,57.75,57.75,57.75,54.0,50.25,45.75,74.25,74.25,74.25
2025_03_04,-1,233.75,51,-395.25,36.75,36.75,36.75,36.75,36.75,36.75,24.75,17.5,-52.25
2025_03_04,-1,200.5,26,-428.5,-18.0,-18.0,-18.0,-18.0,-18.0,-28.25,58.25,81.0,73.75
2025_03_04,1,505.0,289,-106.0,-14.0,-14.0,-14.0,-14.0,-30.75,-30.75,-30.75,-23.0,-48.25
2025_03_04,-1,112.25,27,-498.75,-5.5,-5.5,-5.5,-5.5,-5.5,-5.5,-5.5,-5.5,-21.0
2025_03_04,-1,72.75,25,-538.25,-45.0,-45.0,-45.0,-45.0,-45.0,-45.0,-45.0,-45.0,-60.5
2025_03_04,1,477.75,279,-133.25,-50.25,-50.25,-50.25,-50.25,-50.25,-50.25,-50.25,-50.25,-75.5
2025_03_04,1,557.5,267,-53.5,5.0,5.0,5.0,5.0,5.0,5.0,5.0,5.0,-53.5
2025_03_04,-1,-0.0,0,-604.5,-34.5,-34.5,-34.5,-34.5,-34.5,-34.5,-34.5,-61.5,-61.5
2025_03_04,-1,7.75,3,-531.0,-19.5,-19.5,-19.5,-19.5,-19.5,-13.75,-43.25,-43.25,-54.5
2025_03_04,1,481.0,221,0.0,2.25,2.25,2.25,20.0,20.0,20.0,47.75,36.5,74.75
2025_03_04,-1,19.25,5,-435.5,-10.25,-10.25,-10.25,-10.25,-15.0,-15.0,-15.0,-29.5,-77.0
2025_03_04,1,425.0,199,-29.75,-8.75,-8.75,-8.75,-29.75,-29.75,-29.75,-16.0,68.5,18.75
2025_03_04,1,371.75,171,-34.5,27.25,11.0,11.0,11.0,11.0,11.0,-4.0,-1.0,-34.5
2025_03_04,1,359.25,160,-47.0,27.75,27.75,15.0,15.0,15.0,11.0,-13.5,-13.5,-47.0
2025_03_04,-1,24.75,3,-379.75,11.75,11.75,11.75,11.75,7.5,-15.25,-15.25,-15.25,-58.75
2025_03_04,1,272.0,134,-123.5,13.75,13.75,13.75,-22.25,-22.25,-22.25,-22.25,-22.25,-56.25
2025_03_04,1,328.25,122,-67.25,-5.5,-9.5,-9.5,-12.5,-20.0,-20.0,-42.5,-42.5,149.5
2025_03_04,-1,65.75,148,-329.75,19.0,19.0,19.0,19.0,19.0,19.0,8.5,-11.25,-21.5
2025_03_04,-1,87.25,135,-308.25,-14.75,-14.75,-14.75,-14.75,-19.25,-36.5,-36.5,-49.0,-71.75
2025_03_04,1,273.25,100,-122.25,-13.0,-13.0,-13.0,-13.0,-6.0,-6.0,93.5,116.0,94.5
2025_03_04,1,178.25,70,-217.25,-7.0,-7.0,0.25,21.0,21.0,21.0,21.0,21.0,-0.5
2025_03_04,1,134.75,44,-260.75,-15.5,-15.5,-15.5,-15.5,-1.75,-1.75,-1.75,18.5,37.0
2025_03_04,-1,297.75,22,-0.0,60.75,60.75,60.75,42.25,42.25,42.25,99.75,242.25,223.0
2025_03_04,-1,189.0,7,-0.0,151.75,151.75,151.75,151.75,151.75,151.75,151.75,133.5,114.25
2025_03_04,1,81.0,10,0.0,31.0,31.0,31.0,31.0,31.0,59.5,50.25,50.25,50.25
2025_03_05,-1,174.0,138,-325.0,-9.25,-9.25,-9.25,-16.5,-16.5,21.25,21.25,21.25,-25.25
2025_03_05,1,310.0,307,-189.0,12.25,12.25,12.25,12.25,12.25,12.25,44.0,30.25,-0.5
2025_03_05,-1,211.0,107,-288.0,-10.5,-10.5,-10.5,-16.25,-16.25,-16.25,-55.25,-55.25,-55.25
2025_03_05,1,246.25,300,-252.75,-19.75,-19.75,-19.75,-19.75,-19.75,-33.5,-33.5,-41.25,-64.25
2025_03_05,-1,127.5,88,-371.5,-29.5,-29.5,-29.5,-29.5,-29.5,-29.5,-0.0,-19.5,-45.0
2025_03_05,1,304.5,267,-194.5,-44.25,-44.25,-44.25,-44.25,-44.25,-44.25,-44.25,-44.25,-56.25
2025_03_05,1,304.5,262,-194.5,-21.75,-21.75,-21.75,-21.75,-21.75,-21.75,-37.0,-45.75,-56.25
2025_03_05,-1,124.5,44,-374.5,-7.5,-7.5,52.5,52.5,52.5,52.5,47.75,69.5,31.25
2025_03_05,1,384.5,189,0.0,28.25,28.25,28.25,28.25,16.75,16.75,3.25,122.5,148.75
2025_03_05,-1,5.25,46,-262.0,-12.0,-12.0,-12.0,-12.0,-32.5,-32.5,-32.5,-45.0,-74.0
2025_03_05,1,250.0,140,-17.25,71.75,71.75,71.75,71.75,71.75,71.75,57.75,57.75,14.25
2025_03_05,-1,46.0,22,-221.25,-9.25,-9.25,-9.25,-34.0,-34.0,-34.0,-34.0,-16.0,-16.0
2025_03_05,1,171.0,78,-0.75,-0.75,-0.75,19.75,19.75,19.75,104.75,104.75,104.75,87.5
2025_03_05,1,125.5,66,-7.25,80.0,80.0,77.0,59.25,59.25,59.25,59.25,59.25,42.0
2025_03_05,1,47.25,47,-85.5,-6.0,-6.0,-6.0,-6.0,-6.0,-6.0,-25.75,-36.25,-58.25
2025_03_05,1,59.75,38,-73.0,-13.75,-13.75,-13.75,-13.75,-13.25,-45.75,-45.75,-45.75,-39.5
2025_03_05,1,28.0,6,-104.75,3.0,20.75,8.75,8.75,8.75,7.0,-24.75,-24.75,-71.25
2025_03_05,-1,65.5,48,-37.5,13.0,13.0,13.0,13.0,13.0,13.0,-13.5,-13.5,-37.5
2025_03_06,-1,268.25,307,-226.5,-0.5,-0.5,-0.5,-0.5,-0.5,-0.5,-10.0,-24.75,-42.25
2025_03_06,1,147.75,36,-347.0,43.25,43.25,43.25,40.5,93.5,93.5,81.75,46.5,46.5
2025_03_06,1,41.5,16,-435.0,-40.5,-40.5,-40.5,-40.5,-40.5,-40.5,-40.5,-40.5,-22.25
2025_03_06,-1,394.0,222,-82.5,-11.5,-11.5,-11.5,-11.5,-11.5,-11.5,-24.0,-39.0,-48.75
2025_03_06,1,37.5,5,-439.0,-5.75,-17.25,-17.25,-17.25,-17.25,16.0,-6.5,-6.5,-26.25
2025_03_06,-1,384.25,194,-47.0,-19.25,-19.25,-19.25,-19.25,-19.25,-11.0,-11.0,-11.0,-33.5
2025_03_06,-1,417.0,185,-14.25,-14.25,-14.25,-14.25,-14.25,-14.25,-14.25,-14.25,212.75,213.5
2025_03_06,-1,203.5,137,-4.25,-4.25,-4.25,65.0,65.0,65.0,59.75,18.75,18.75,18.75
2025_03_06,1,0.5,91,-192.5,-8.5,-8.5,-8.5,-14.0,-20.0,-20.0,-32.75,-50.75,-69.0
2025_03_06,1,56.75,81,-136.25,-13.25,-13.25,-13.25,-13.25,-21.25,-21.25,-46.0,-46.0,-72.0
2025_03_06,-1,109.25,61,-83.75,51.75,51.75,51.75,51.75,26.5,26.5,26.5,26.5,5.0
2025_03_06,-1,85.25,48,-107.75,-8.5,-8.5,-8.5,-19.0,-19.0,-39.25,-39.25,-9.75,20.0
2025_03_06,1,89.25,54,-103.75,-1.25,-28.0,-28.0,-28.0,-28.0,-28.0,-28.0,-39.25,-68.25
2025_03_06,-1,70.75,31,-122.25,0.75,-24.25,-24.25,-24.25,-24.25,-24.25,-24.25,24.5,5.5
2025_03_06,1,106.5,5,-48.0,58.5,58.5,58.5,70.25,70.25,70.25,70.25,63.25,11.75
2025_03_06,-1,-0.0,0,-136.0,-14.5,-14.5,-14.5,-14.5,-25.25,-25.25,-44.5,-44.5,-68.25
2025_03_06,-1,41.5,35,-93.5,-5.5,-25.75,-25.75,-25.75,-25.75,-25.75,-35.25,-12.5,-26.25
2025_03_06,1,81.75,59,-53.25,4.5,4.5,4.5,4.5,-3.25,-3.25,-24.0,-24.0,-49.25
2025_03_06,1,132.75,51,-2.25,62.5,62.5,62.5,62.5,62.5,45.5,45.5,31.5,-2.25
2025_03_06,-1,-0.0,0,-124.0,-16.25,-16.25,-16.25,-16.25,-16.25,-29.75,-40.0,-40.0,-64.25
2025_03_06,-1,-0.0,0,-97.25,-24.25,-24.25,-24.25,-24.25,-24.25,-24.25,-37.5,-44.25,-97.25
2025_03_06,1,95.75,14,0.0,40.75,40.75,37.25,28.75,28.75,95.75,95.75,95.75,95.75
2025_03_07,-1,293.0,142,-203.5,-6.0,-6.0,-23.25,-23.25,-23.25,-23.25,-35.75,-41.5,-71.5
2025_03_07,1,162.0,289,-334.5,-59.5,-59.5,-59.5,-59.5,-59.5,-59.5,-59.5,-59.5,41.5
2025_03_07,-1,276.5,135,-220.0,-49.5,-49.5,-49.5,-49.5,-49.5,-49.5,-49.5,-49.5,-88.0
2025_03_07,1,74.75,275,-421.75,-20.25,-20.25,-20.25,-20.25,-20.25,-20.25,-15.0,-15.0,-45.75
2025_03_07,-1,407.75,115,-88.75,50.75,50.75,50.75,50.75,50.75,50.75,36.25,36.25,17.75
2025_03_07,-1,317.25,85,-179.25,126.25,126.25,146.0,146.0,163.0,163.0,152.5,142.25,113.5
2025_03_07,-1,203.75,67,-292.75,21.25,-25.75,-25.75,-25.75,-25.75,-25.75,-25.75,-25.75,-66.5
2025_03_07,1,250.0,214,-246.5,-25.75,-25.75,-25.75,-25.75,-25.75,-25.75,-25.25,-36.5,-57.5
2025_03_07,-1,175.0,36,-321.5,19.0,16.25,16.25,59.25,59.25,117.0,117.0,124.5,93.75
2025_03_07,1,395.0,141,-92.5,-28.0,-28.0,-28.0,-28.0,-28.0,-28.0,-32.5,-56.0,-65.0
2025_03_07,-1,5.5,6,-480.75,-12.5,-12.5,-12.5,-12.5,-33.0,-33.0,-33.0,-40.25,-61.25
2025_03_07,1,406.25,114,-13.5,-13.5,-13.5,-13.5,-13.5,59.5,59.5,59.5,131.0,134.0
2025_03_07,-1,-0.0,0,-323.75,-12.0,-12.0,-12.0,-12.0,-25.0,-25.0,-58.5,-58.5,-77.5
2025_03_07,-1,-0.0,0,-265.25,-19.0,-19.0,-19.0,-19.0,-19.0,-63.5,-63.5,-63.5,-63.5
2025_03_07,1,174.25,78,-52.25,-5.5,-31.25,-31.25,-31.25,-31.25,-31.25,-31.25,-31.25,-52.25
2025_03_07,-1,24.75,90,-124.75,-8.0,-8.0,-8.0,-17.25,-17.25,-24.5,-30.25,-41.0,-61.75
2025_03_07,1,100.25,10,-49.25,79.25,79.25,79.25,79.25,79.25,79.25,60.25,60.25,39.75
2025_03_07,1,13.0,8,-135.5,-5.25,-5.25,-5.25,-5.25,-5.25,-17.75,-17.75,-46.5,-48.75
2025_03_07,-1,86.75,56,-50.0,6.0,6.0,6.0,6.0,6.0,10.0,-5.0,-29.75,-29.75
2025_03_07,-1,80.75,54,-56.0,8.0,8.0,8.0,8.0,8.0,4.0,-11.0,-35.75,-35.75
2025_03_07,1,15.0,44,-121.75,-8.5,-8.5,-8.5,-8.5,-8.5,-19.5,-67.0,-67.0,-67.0
2025_03_07,-1,20.25,2,-116.5,14.25,14.25,5.75,5.75,-13.0,-13.0,-13.0,-29.5,-39.75
2025_03_07,1,59.0,5,-37.75,-12.75,-12.75,-12.75,-12.75,27.75,27.75,27.75,12.0,-5.0
2025_03_07,-1,-0.0,0,-54.5,-24.25,-24.25,-24.25,-24.25,-24.25,-24.25,-32.75,-54.5,-44.5
2025_03_10,-1,601.5,338,-7.0,-7.0,-7.0,61.5,61.5,61.5,30.5,30.5,30.5,10.75
2025_03_10,-1,590.75,328,-12.0,-2.75,-2.75,-2.75,-12.0,-12.0,-12.0,66.25,58.25,268.0
2025_03_10,-1,328.5,234,-80.75,-3.5,-3.5,-3.5,-3.5,-3.5,-3.5,7.25,-5.0,-25.5
2025_03_10,1,71.25,13,-338.0,-9.25,-9.25,-9.25,50.5,50.5,50.5,39.0,14.0,-0.25
2025_03_10,-1,337.75,206,-34.25,2.25,2.25,2.25,-16.0,-16.0,-16.0,-30.0,-30.0,21.0
2025_03_10,-1,291.75,172,-62.25,20.0,20.0,20.0,20.0,20.0,6.75,6.75,-9.25,-25.0
2025_03_10,1,31.5,2,-322.5,-2.5,-2.5,-2.5,-2.5,-2.5,-2.5,-2.5,-13.25,-37.25
2025_03_10,-1,271.0,148,-27.25,-1.75,-1.75,-1.75,-3.0,-3.0,-6.25,-27.25,-27.25,2.25
2025_03_10,1,0.0,0,-259.0,-17.0,-17.0,-17.0,-17.0,-17.0,-22.0,-34.25,-41.75,-69.5
2025_03_10,-1,190.0,90,-63.0,1.5,1.5,-11.75,-11.75,-11.75,-11.75,0.25,11.25,-9.5
2025_03_10,1,165.0,19,-2.75,-2.75,-2.75,35.25,35.25,35.25,67.25,67.25,67.25,100.5
2025_03_10,1,29.5,1,-108.25,-5.5,-5.5,-5.5,-5.5,-5.5,-5.5,-5.5,-20.25,-35.0
2025_03_10,1,0.0,0,-114.0,-30.5,-30.5,-30.5,-30.5,-30.5,-30.5,-30.5,-40.75,-85.25
2025_03_10,-1,-0.0,0,-83.0,-28.75,-28.75,-28.75,-28.75,-28.75,-28.75,-48.25,-48.25,-83.0
2025_03_10,-1,30.75,2,-14.75,-9.0,-9.0,-9.0,-11.75,-11.75,-11.75,-11.75,-11.75,-5.0
2025_03_11,-1,226.5,239,-233.0,10.5,10.5,10.5,10.5,10.5,8.0,-49.75,-49.75,-49.75
2025_03_11,-1,291.25,228,-168.25,-11.5,-11.5,-11.5,-31.75,-31.75,-31.75,-31.75,-47.75,-70.5
2025_03_11,1,80.75,304,-378.75,-18.25,-18.25,-18.25,-18.25,-18.25,-21.5,-55.0,-55.0,-68.75
2025_03_11,-1,312.0,212,-147.5,-9.0,-9.0,-9.0,-56.25,-56.25,-56.25,-56.25,-56.25,50.0
2025_03_11,1,146.5,294,-313.0,20.5,20.5,20.5,20.5,20.5,20.5,20.5,-63.5,-63.5
2025_03_11,-1,214.75,206,-244.75,21.5,21.5,21.5,21.5,21.5,-47.25,-47.25,-47.25,-47.25
2025_03_11,1,331.5,235,-128.0,-23.0,-23.0,-23.0,-23.0,-23.0,-23.0,106.0,106.0,78.75
2025_03_11,-1,107.25,149,-352.25,-35.25,-35.25,-35.25,-35.25,-35.25,-35.25,-35.25,-47.5,-76.75
2025_03_11,1,337.75,230,-121.75,99.75,99.75,99.75,99.75,109.5,109.5,112.25,112.25,85.0
2025_03_11,1,224.25,203,-235.25,38.25,38.25,30.5,30.5,3.25,3.25,3.25,3.25,32.25
2025_03_11,1,187.0,187,-272.5,18.75,0.5,0.5,0.5,0.5,0.5,0.5,-41.0,-41.0
2025_03_11,1,170.25,185,-289.25,2.0,-16.25,-16.25,-16.25,-16.25,-16.25,-16.25,-57.75,-57.75
2025_03_11,-1,213.5,90,-246.0,4.75,4.75,4.75,4.75,-19.5,-19.5,-19.5,17.5,17.5
2025_03_11,-1,194.5,62,-265.0,2.25,2.25,2.25,2.25,-9.5,-9.5,-17.25,150.5,119.25
2025_03_11,1,274.0,142,-185.5,19.25,19.25,11.75,11.75,-12.5,-12.5,-12.5,-17.5,-38.5
2025_03_11,-1,197.25,53,-262.25,44.5,18.5,18.5,18.5,18.5,18.5,18.5,153.25,122.0
2025_03_11,-1,113.25,36,-346.25,-10.25,-10.25,-10.25,-16.75,-16.75,-1.25,5.75,69.25,38.0
2025_03_11,-1,79.75,10,-379.75,-10.5,-10.5,-10.5,42.25,42.25,42.25,41.25,35.75,4.5
2025_03_11,1,356.25,68,-29.75,28.75,28.75,28.75,28.75,28.75,19.25,19.25,11.0,-29.75
2025_03_11,1,358.5,55,0.0,110.5,110.5,110.5,110.5,92.0,92.0,92.0,159.0,159.0
2025_03_11,-1,243.5,61,-22.75,55.5,55.5,55.5,55.5,30.25,30.25,30.25,30.25,4.0
2025_03_11,-1,261.0,51,-0.0,46.0,89.75,89.75,89.75,89.75,89.75,72.25,57.0,230.0
2025_03_11,-1,143.0,12,-19.5,-9.0,-9.0,-9.0,-19.5,-19.5,60.75,109.0,101.25,112.0
2025_03_12,-1,280.25,97,-70.75,-28.5,-28.5,-28.5,-28.5,-28.5,-28.5,-35.0,-59.75,-60.25
2025_03_12,1,20.5,4,-330.5,-25.5,-25.5,-25.5,-25.5,-25.5,-25.5,-25.5,-35.0,-58.25
2025_03_12,-1,322.5,85,-0.0,16.5,16.5,16.5,16.5,16.5,16.5,16.5,47.25,78.0
2025_03_12,1,20.25,170,-290.25,-14.5,-14.5,-14.5,-14.5,-55.5,-55.5,-55.5,-55.5,-61.75
2025_03_12,-1,244.5,63,-66.0,-19.25,-19.25,-19.25,-19.25,-19.25,-37.0,-37.0,-48.0,172.25
2025_03_12,-1,279.0,60,-31.5,-13.5,-13.5,-13.5,-13.5,60.25,60.25,49.5,51.75,206.75
2025_03_12,1,163.0,102,-147.5,-23.75,-23.75,-23.75,-23.75,-23.75,-23.75,-43.5,-43.5,-64.5
2025_03_12,-1,83.0,10,-227.5,12.75,12.75,12.75,38.25,47.5,47.5,47.5,31.0,10.75
2025_03_12,1,216.75,71,0.0,14.25,14.25,14.25,5.5,5.5,77.5,77.5,150.5,150.5
2025_03_12,1,104.75,38,-79.25,3.25,3.25,3.25,-1.75,-24.0,-24.0,-24.0,38.5,38.5
2025_03_12,-1,117.75,79,-54.0,30.5,30.5,20.25,20.25,20.25,-4.25,-4.25,-4.25,-23.75
2025_03_12,1,17.25,7,-154.5,-15.5,-15.5,-15.5,-15.5,-9.25,-9.25,-15.25,-36.5,-49.75
2025_03_12,-1,104.5,8,-59.25,79.25,79.25,79.25,79.25,79.25,79.25,57.25,57.25,42.5
2025_03_12,-1,20.75,2,-127.5,-7.75,-7.75,-7.75,-7.75,-7.75,-7.75,-9.25,-21.5,-41.25
2025_03_12,-1,39.0,94,-107.0,-6.25,-6.25,-15.75,-15.75,-20.75,-20.75,-32.5,-38.5,-57.5
2025_03_12,1,86.25,29,-59.75,-7.25,-7.25,-7.25,-7.25,-7.25,-24.25,-24.25,39.5,24.0
2025_03_12,-1,83.75,55,-40.5,-21.75,-21.75,-21.75,-21.75,-21.75,-21.75,-40.5,-40.5,21.0
2025_03_13,-1,366.25,258,-20.0,-11.25,-11.25,-11.25,-20.0,-20.0,-20.0,-20.0,-20.0,106.0
2025_03_13,1,59.0,9,-308.5,32.5,32.5,32.5,28.75,25.25,4.5,4.5,4.5,-9.0
2025_03_13,-1,264.0,188,-44.5,11.0,11.0,11.0,-4.75,-4.75,-4.75,-25.5,-25.5,-44.5
2025_03_13,-1,156.5,122,-58.75,-21.75,-21.75,-21.75,-21.75,-21.75,-21.75,-32.5,-5.25,-25.0
2025_03_13,1,63.75,170,-151.5,-4.75,-20.75,-20.75,-20.75,-20.75,-20.75,-30.0,-4.25,-4.25
2025_03_13,-1,136.5,89,-78.75,13.5,13.5,13.5,1.0,1.0,1.0,-12.5,-30.25,-45.0
2025_03_13,-1,179.5,65,-35.75,99.25,99.25,88.5,88.5,88.5,79.75,63.0,63.0,106.0
2025_03_13,1,135.5,57,-57.0,-10.0,-10.0,-10.0,42.25,42.25,30.5,29.75,61.25,59.75
2025_03_13,1,98.0,41,-94.5,20.75,20.75,17.0,20.75,27.75,61.5,42.5,23.75,22.25
2025_03_13,1,28.0,4,-164.5,10.5,10.5,10.5,10.5,10.5,-14.5,-14.5,-14.5,-47.75
2025_03_13,-1,110.75,42,-17.5,-4.5,-8.0,-8.0,-14.75,-17.5,31.5,31.5,57.75,42.75
2025_03_13,1,67.5,37,-53.0,-6.0,-6.0,-31.25,-31.25,-31.25,-31.25,-31.25,-44.75,64.0
2025_03_13,-1,48.0,14,-72.5,11.75,11.75,11.75,11.75,11.75,11.75,11.0,-5.0,-20.0
2025_03_13,-1,-0.0,0,-120.5,-19.5,-19.5,-19.5,-19.5,-19.5,-24.5,-37.0,-53.0,-68.0
2025_03_13,1,28.25,5,0.0,22.5,24.75,24.75,24.75,24.75,24.75,24.75,24.75,24.75
2025_03_14,-1,28.25,50,-251.5,-11.0,-11.0,-11.0,-44.75,-44.75,-44.75,-44.75,-44.75,-78.5
2025_03_14,-1,35.0,48,-244.75,-38.0,-38.0,-38.0,-38.0,-38.0,-38.0,-38.0,-44.75,-71.75
2025_03_14,1,200.0,382,-79.75,31.75,31.75,31.75,31.75,31.75,31.75,25.25,17.5,17.5
2025_03_14,-1,33.5,20,-246.25,-16.0,-16.0,-16.0,-16.0,-16.0,-24.5,-36.25,-54.0,-70.75
2025_03_14,1,189.25,315,-23.25,-23.25,-23.25,-23.25,-23.25,-23.25,-23.25,54.5,102.75,80.5
2025_03_14,-1,56.25,41,-73.5,2.0,-9.25,-9.25,-9.25,-18.75,-18.75,9.5,11.75,-7.0
2025_03_14,1,64.25,242,-65.5,-5.75,-5.75,-5.75,-5.75,-8.0,-12.0,-22.25,-31.0,-50.75
2025_03_14,-1,25.5,14,-104.25,-5.25,-21.25,-21.25,-21.25,-21.25,-21.25,-19.0,-19.0,-37.75
2025_03_14,-1,28.0,9,-101.75,-16.75,-16.75,-16.75,-16.75,-16.75,0.5,-16.5,-16.5,-35.25
2025_03_14,1,60.5,198,-60.25,-22.5,-22.5,-22.5,-22.5,-22.5,-22.5,-2.0,-12.0,-32.75
2025_03_14,-1,35.25,52,-85.5,-3.0,-3.0,-3.0,-3.0,-3.0,0.5,-6.25,-13.75,-29.25
2025_03_14,1,51.5,71,-30.5,6.5,6.5,6.5,1.0,-8.0,-8.0,-19.25,-25.5,-9.5
2025_03_14,-1,13.0,45,-69.0,-9.75,-9.75,-9.75,-9.75,-9.75,-14.75,-25.0,-32.25,-62.5
2025_03_14,1,29.5,43,-52.5,-9.0,-9.0,-9.0,-11.0,-14.0,-21.0,-27.75,-39.75,-31.5
2025_03_14,-1,23.75,4,-58.25,11.75,11.75,14.25,10.75,7.75,-15.25,-15.25,-17.25,-51.75
2025_03_14,-1,35.25,19,-42.5,-36.0,-36.0,-36.0,-36.0,-36.0,-36.0,-36.0,-42.5,33.5
2025_03_14,1,1.0,1,-70.75,-25.25,-25.25,-25.25,-25.25,-25.25,-25.25,-51.75,-51.75,-59.75
2025_03_14,-1,11.5,3,-0.0,9.75,9.75,9.75,9.75,9.75,9.75,9.75,9.75,9.75
2025_03_17,-1,74.25,132,-236.75,-28.5,-28.5,-28.5,-28.5,-28.5,-28.5,-35.25,-50.75,-86.75
2025_03_17,1,201.5,315,-109.5,47.25,82.75,69.75,69.75,69.75,58.0,58.0,48.25,20.5
2025_03_17,-1,156.0,110,-155.0,-8.0,-8.0,-8.0,55.5,55.5,42.75,34.75,13.0,-5.5
2025_03_17,-1,94.5,63,-216.5,-7.5,-7.5,-7.5,-7.5,-7.5,-12.25,38.25,38.25,20.0
2025_03_17,1,235.75,208,-75.25,3.75,-1.5,-1.5,-12.25,-12.25,-12.25,-23.25,-38.25,-61.0
2025_03_17,-1,1.25,9,-309.75,-7.25,-7.25,-11.25,-18.75,-18.75,-22.5,-32.5,-46.0,-70.5
2025_03_17,1,259.0,174,-37.5,-3.0,-3.0,-19.75,-19.75,-19.75,-19.75,-32.25,1.75,-16.75
2025_03_17,1,284.25,168,-12.25,-7.0,-7.0,58.5,51.0,51.0,40.75,39.75,27.0,8.5
2025_03_17,1,261.25,164,-35.25,31.25,31.25,35.5,28.0,28.0,17.75,16.75,4.0,-14.5
2025_03_17,-1,31.25,23,-265.25,0.5,0.5,0.5,7.0,-5.75,-5.75,-11.0,-11.0,-29.0
2025_03_17,1,248.0,98,0.0,11.0,8.0,46.75,97.5,117.75,209.5,216.75,207.25,185.25
2025_03_17,-1,104.5,37,-15.75,-2.75,-2.75,-2.75,-7.25,-15.75,-15.75,95.5,95.5,95.5
2025_03_18,-1,242.5,96,-14.5,-12.5,-12.5,-12.5,-12.5,60.75,64.5,166.25,166.25,145.75
2025_03_18,1,52.25,250,-107.75,-11.75,-11.75,-11.75,-32.0,-32.0,-32.0,-32.0,-46.5,-61.5
2025_03_18,1,120.5,232,-39.5,-29.5,-29.5,-29.5,-29.5,-29.5,-29.5,-35.75,1.0,-17.25
2025_03_18,-1,3.75,4,-156.25,-8.25,-8.25,-8.25,-15.25,-15.25,-20.25,-39.75,-39.75,-62.0
2025_03_18,1,81.5,193,-62.75,-11.25,-11.25,-11.25,-24.75,-24.75,-24.75,-38.0,-43.0,-62.75
2025_03_18,-1,-0.0,0,-144.25,-21.25,-21.25,-21.25,-21.25,-21.25,-21.25,-40.75,-40.75,-60.25
2025_03_18,1,91.0,168,-23.75,-3.25,-3.25,-3.25,27.5,24.75,13.25,20.75,20.75,4.0
2025_03_18,1,65.0,150,-49.75,-5.25,25.0,25.0,20.75,20.75,16.5,-5.25,-5.25,-22.0
2025_03_18,-1,27.75,90,-87.0,-6.25,-6.25,14.5,14.5,3.25,3.25,-3.5,-17.75,-39.0
2025_03_18,1,44.75,108,-70.0,-11.0,-11.0,-11.0,-30.75,-30.75,-30.75,-30.75,-43.75,-56.75
2025_03_18,-1,30.75,54,-84.0,-31.0,-31.0,-31.0,-31.0,-31.0,-31.0,-31.0,-29.5,-45.25
2025_03_18,1,38.75,62,-76.0,-7.5,-7.5,-9.5,-21.0,-21.0,-21.0,-29.75,-39.0,-59.75
2025_03_18,-1,18.25,9,-96.5,-8.5,-8.5,-8.5,-13.25,-3.5,-3.5,-20.75,-28.5,-42.5
2025_03_18,-1,15.5,88,-91.25,-15.5,-15.5,-15.5,-15.5,-23.25,-23.25,-37.25,-41.0,-67.25
2025_03_18,1,54.0,29,-52.75,-6.0,-6.0,-16.25,-16.25,-16.25,-16.25,21.25,5.0,-7.75
2025_03_18,-1,48.75,35,-28.25,-7.25,-7.25,-15.5,-15.5,-28.25,-28.25,16.75,6.0,-12.25
2025_03_18,-1,5.0,1,-32.5,-5.0,-5.0,-5.0,-8.25,-32.5,-32.5,-32.5,-19.5,-19.5
2025_03_18,1,2.5,3,-9.25,-1.5,-4.25,-9.25,-9.25,-9.25,-9.25,-9.25,-9.25,-9.25
2025_03_19,1,316.25,336,-86.25,-31.0,-31.0,-31.0,-31.0,-31.0,-31.0,-31.0,-43.25,-81.5
2025_03_19,-1,-0.0,0,-392.25,-11.25,-11.25,-11.25,-57.75,-57.75,-57.75,-57.75,-57.75,-64.0
2025_03_19,-1,-0.0,0,-339.0,-5.5,-10.75,-10.75,-25.5,-25.5,-25.5,-52.25,-52.25,-60.25
2025_03_19,1,284.5,312,-38.25,-7.75,-7.75,-10.5,43.25,43.25,37.25,29.5,14.5,0.0
2025_03_19,-1,38.25,186,-284.5,7.75,7.75,7.75,4.5,17.5,9.75,-3.75,-13.25,-25.75
2025_03_19,-1,40.75,151,-282.0,-2.75,-2.75,-2.75,-19.5,-19.5,-19.5,-30.0,-35.5,-53.25
2025_03_19,1,248.75,221,-74.0,-3.0,-3.0,-3.0,3.0,42.5,33.0,30.25,20.5,-0.75
2025_03_19,-1,93.25,87,-229.5,-11.25,-11.25,-11.25,-17.0,-17.0,3.25,60.0,49.0,-3.25
2025_03_19,1,276.75,89,-46.0,-7.25,-7.25,-7.25,-19.25,-19.25,-19.25,-34.75,-46.0,-14.0
2025_03_19,-1,13.0,1,-309.75,8.25,-5.25,-5.25,-5.25,-5.25,-16.5,-83.5,-83.5,-83.5
2025_03_19,1,256.5,68,-42.75,-6.5,-6.5,-34.25,-34.25,-34.25,-34.25,-34.25,-42.75,193.5
2025_03_19,1,245.75,40,0.0,45.5,45.5,45.5,45.5,45.5,45.5,45.5,25.5,182.75
2025_03_19,-1,149.5,46,-12.5,-8.75,-8.75,-8.75,-8.75,-8.75,-8.75,99.5,87.75,71.75
2025_03_19,1,3.75,1,-158.25,-5.5,-5.5,-5.5,-13.5,-13.5,-40.75,-40.75,-40.75,-57.5
2025_03_19,-1,85.0,34,-29.0,65.75,49.0,49.0,49.0,49.0,49.0,35.0,23.25,7.25
2025_03_19,-1,22.0,23,-92.0,-29.25,-29.25,-29.25,-29.25,-29.25,-29.25,-38.75,-55.75,-72.75
2025_03_19,1,0.0,0,-102.0,-14.75,-14.75,-14.75,-14.75,-18.25,-33.5,-33.5,-69.0,-69.0
2025_03_19,-1,74.5,9,-0.0,30.25,30.25,30.25,34.25,41.75,41.75,41.75,44.0,44.0
2025_03_20,-1,-0.0,0,-323.5,-21.25,-21.25,-21.25,-21.25,-21.25,-21.25,-59.25,-59.25,-88.5
2025_03_20,1,235.0,75,-60.5,-6.0,-6.0,-6.0,-6.0,-6.0,37.5,183.25,171.0,159.5
2025_03_20,1,192.75,51,-102.75,61.0,61.0,61.0,85.5,85.5,85.5,141.0,128.75,117.25
2025_03_20,-1,238.25,211,-12.0,19.25,13.5,13.5,1.5,1.5,1.5,-11.5,23.25,2.5
2025_03_20,-1,226.75,193,-19.5,-7.5,-7.5,-1.75,-1.75,-11.25,-11.25,25.5,11.75,-9.0
2025_03_20,1,15.0,3,-230.75,8.5,8.5,-3.5,-3.5,-3.5,-20.25,-20.25,-27.0,-47.0
2025_03_20,-1,194.25,150,-2.5,-2.25,-2.25,-2.25,29.25,23.25,23.25,76.75,78.25,64.0
2025_03_20,-1,87.75,68,-28.75,37.25,37.25,37.25,37.25,37.25,32.5,22.25,8.25,-10.75
2025_03_20,1,32.25,149,-84.25,-6.5,-6.5,-6.5,-6.5,-6.5,-6.5,-16.75,-33.5,-48.25
2025_03_20,-1,44.5,35,-72.0,-0.25,-0.25,-5.75,-16.5,-16.5,-16.5,-29.5,-45.25,-21.75
2025_03_20,1,22.0,122,-94.5,-6.0,-6.0,-17.25,-17.25,-17.25,-21.75,-37.75,-47.5,-70.0
2025_03_20,1,39.0,116,-77.5,-4.75,-20.75,-20.75,-20.75,-20.75,-20.75,-30.5,-41.5,-68.5
2025_03_20,-1,45.25,7,-71.25,-5.75,37.5,29.75,29.75,18.0,18.0,8.5,3.25,-21.0
2025_03_20,1,45.75,79,-50.75,-5.25,-22.25,-22.25,-22.25,-22.25,-22.25,-39.25,-50.75,33.0
2025_03_20,-1,18.0,29,-65.0,2.75,-11.25,-11.25,-11.25,-11.25,-12.75,-23.5,-37.25,-42.75
2025_03_20,1,40.5,54,-42.5,6.25,6.25,-25.25,-25.25,-25.25,-25.25,-25.25,-30.25,27.75
2025_03_20,-1,6.0,1,-77.0,-21.75,-21.75,-21.75,-21.75,-21.75,-21.75,-36.0,-36.0,-54.75
2025_03_20,1,26.5,24,-14.0,-4.5,-11.5,-11.5,-14.0,-9.0,-9.0,13.75,13.75,13.75
2025_03_20,1,39.0,20,0.0,14.25,14.25,14.25,9.0,3.5,3.5,26.25,26.25,26.25
2025_04_01,-1,80.0,50,-287.75,-24.0,-24.0,-24.0,-24.0,-24.0,-24.0,-54.0,-54.0,-51.75
2025_04_01,1,299.75,165,-68.0,2.5,2.5,2.5,2.5,2.5,2.5,81.0,65.0,45.25
2025_04_01,1,236.0,143,-131.75,-37.25,-37.25,-37.25,-37.25,-37.25,-37.25,-37.25,-37.25,-46.25
2025_04_01,1,310.25,130,-57.5,-17.75,-17.75,-17.75,-17.75,-17.75,-22.25,-33.0,-41.25,240.25
2025_04_01,-1,35.25,8,-332.5,-3.5,-3.5,-3.5,-3.5,-3.5,-3.5,-8.75,-8.75,-27.25
2025_04_01,1,274.75,104,0.0,77.25,77.25,77.25,77.25,110.5,191.0,191.0,181.75,204.75
2025_04_01,1,47.25,58,-207.0,-8.0,-8.0,-8.0,-8.0,-12.5,-28.5,-28.5,-45.75,-22.75
2025_04_01,-1,213.75,121,-11.75,-5.5,53.25,53.25,53.25,38.5,38.5,58.75,45.5,31.0
2025_04_01,-1,184.25,118,-41.25,16.25,23.75,23.75,23.75,9.0,9.0,29.25,16.0,1.5
2025_04_01,1,42.75,187,-182.75,8.5,8.5,8.5,2.5,2.5,-5.75,-20.0,-20.0,-42.75
2025_04_01,-1,151.25,64,-74.25,-3.5,-3.5,-3.5,-3.5,-8.5,-8.5,-9.5,-22.5,89.0
2025_04_01,1,172.5,61,-6.75,-6.75,-6.75,20.5,4.5,4.5,4.5,168.75,168.75,168.75
2025_04_01,1,110.0,27,0.0,11.0,11.0,11.0,50.75,91.5,106.25,106.25,106.25,106.25
2025_04_02,-1,-0.0,0,-636.5,-26.75,-26.75,-26.75,-26.75,-26.75,-26.75,-64.0,-64.0,-64.0
2025_04_02,1,467.0,394,-17.5,-17.5,-17.5,-17.5,-17.5,-17.5,44.5,30.5,30.5,50.75
2025_04_02,1,414.5,377,-41.0,-21.5,-21.5,-21.5,-21.5,-21.5,-21.5,20.0,20.0,-1.75
2025_04_02,1,455.5,365,0.0,17.75,17.75,17.75,49.0,59.75,59.75,62.0,79.75,127.0
2025_04_02,-1,10.5,1,-427.25,6.5,-10.25,-10.25,-10.25,-10.25,-10.25,-29.75,-29.75,-52.5
2025_04_02,1,395.75,350,-2.0,18.5,18.5,18.5,18.75,18.75,9.5,2.25,20.0,67.25
2025_04_02,-1,35.0,191,-324.5,0.5,0.5,0.5,0.5,0.5,0.5,-3.75,-21.75,-35.75
2025_04_02,1,314.0,259,-45.5,16.75,16.75,16.75,12.25,11.25,102.0,92.25,178.75,170.5
2025_04_02,-1,56.75,175,-302.75,-14.5,-14.5,-14.5,-14.5,-18.25,-22.25,-39.75,-42.75,-70.25
2025_04_02,1,246.5,242,-113.0,0.0,0.0,0.0,0.0,40.5,34.5,24.75,111.25,103.0
2025_04_02,1,213.25,216,-146.25,-12.5,-12.5,-12.5,-12.5,37.5,37.5,101.5,78.0,69.75
2025_04_02,1,122.25,169,-237.25,-4.75,-12.75,-12.75,-12.75,-12.75,-21.25,-34.25,-34.25,-57.5
2025_04_02,-1,203.0,88,-156.5,-4.0,-4.0,-4.0,6.25,6.25,54.5,54.5,145.75,129.5
2025_04_02,-1,126.75,59,-232.75,-7.75,-7.75,40.5,47.5,47.5,38.0,89.5,69.5,53.25
2025_04_02,1,277.5,98,-82.0,10.75,10.75,-4.25,-4.25,-4.25,-4.25,-15.75,-23.25,-49.5
2025_04_02,1,271.25,90,-88.25,-17.75,-17.75,-17.75,-17.75,-17.75,-22.0,-44.5,-44.5,-74.0
2025_04_02,-1,32.5,2,-327.0,2.75,2.75,2.75,2.75,2.75,2.75,-10.25,-10.25,-27.5
2025_04_02,-1,26.0,11,-304.5,-5.25,-0.0,-0.0,-0.0,-2.5,-2.5,-7.75,-18.25,-47.5
2025_04_02,-1,-0.0,0,-286.25,-15.25,-15.25,-15.25,-15.25,-29.25,-29.25,-34.5,-44.75,-65.75
2025_04_02,1,276.0,45,0.0,47.25,47.25,47.25,41.75,74.75,55.25,55.25,49.0,27.0
2025_04_02,1,192.25,17,-56.75,-28.5,-28.5,-28.5,-28.5,-28.5,-28.5,-30.5,-56.75,192.25
2025_04_02,1,202.25,13,-46.75,-8.75,-8.75,-8.75,-14.0,-24.75,-24.75,-46.75,-46.75,202.25
2025_04_02,1,41.5,2,0.0,41.5,41.5,41.5,41.5,41.5,41.5,41.5,41.5,41.5
2025_04_03,1,7.25,5,-369.5,-34.25,-34.25,-34.25,-34.25,-34.25,-34.25,-34.25,-42.25,-53.0
2025_04_03,1,49.5,3,-327.25,-10.75,-10.75,-10.75,-10.75,-10.75,-10.75,-10.75,-10.75,-10.75
2025_04_03,1,22.5,2,-326.5,-5.5,-5.5,-5.5,-5.5,-5.5,-5.5,-25.75,-25.75,-82.25
2025_04_03,1,0.0,0,-306.5,-9.75,-9.75,-9.75,-14.75,-62.25,-62.25,-62.25,-62.25,-62.25
2025_04_03,1,62.75,134,-228.0,6.0,6.0,6.0,6.0,6.0,-0.25,-20.5,-20.5,-37.5
2025_04_03,-1,234.0,353,-56.75,11.75,11.75,11.75,11.75,11.75,11.75,-10.25,-10.25,-17.0
2025_04_03,-1,220.5,343,-70.25,11.25,11.25,11.25,-21.75,-21.75,-21.75,-21.75,-21.75,-30.5
2025_04_03,-1,122.5,314,-168.25,24.0,24.0,24.0,24.0,20.0,8.75,8.75,4.5,4.5
2025_04_03,-1,84.75,302,-206.0,-17.0,-17.0,-17.0,-17.0,-17.0,22.0,8.0,-33.25,-33.25
2025_04_03,1,174.75,66,-116.0,36.0,36.0,36.0,36.0,22.75,22.75,5.0,5.0,63.0
2025_04_03,1,92.25,31,-198.5,-28.5,-28.5,-28.5,-28.5,-28.5,-28.5,-38.25,50.25,21.75
2025_04_03,1,57.5,9,-233.25,47.0,47.0,47.0,15.5,15.5,15.5,15.5,15.5,-13.0
2025_04_03,1,13.5,1,-274.75,-13.5,-13.5,-13.5,-13.5,-13.5,-13.5,-28.75,-28.75,-54.5
2025_04_03,1,38.5,6,-238.25,-25.0,-25.0,-25.0,-25.0,-25.0,-25.0,-4.0,-4.0,-24.5
2025_04_03,1,25.25,2,-251.5,-17.25,-17.25,-17.25,-17.25,-17.25,-17.25,-17.25,-17.25,-37.75
2025_04_03,1,7.5,1,-245.75,-32.0,-32.0,-32.0,-32.0,-32.0,-32.0,-32.0,-42.25,-54.0
2025_04_03,-1,228.0,189,-1.5,27.75,27.75,27.75,27.75,10.0,10.0,10.0,-1.5,14.75
2025_04_03,-1,85.0,94,-88.75,-12.0,-12.0,-12.0,-12.0,-10.0,-26.5,-26.5,-36.5,-68.5
2025_04_03,-1,118.75,83,-55.0,-10.25,-10.25,-10.25,-18.25,-18.25,-34.75,-34.75,-46.5,116.5
2025_04_03,-1,137.0,81,-36.75,-16.5,-16.5,-16.5,-16.5,-16.5,-21.25,-33.5,72.0,134.75
2025_04_03,1,8.5,17,-165.25,-11.25,-11.25,-11.25,-7.0,-20.0,-20.0,-27.25,-48.25,-75.25
2025_04_03,1,5.0,6,-168.75,-14.75,-14.75,-14.75,-14.75,-14.0,-22.75,-30.75,-51.75,-78.75
2025_04_03,-1,55.75,44,-25.75,-25.75,-25.75,-25.75,-25.75,-25.75,-25.75,-9.25,-9.25,53.5
2025_04_03,1,0.0,0,-71.5,-27.5,-27.5,-27.5,-27.5,-27.5,-27.5,-36.75,-42.75,-67.0
2025_04_03,-1,34.75,15,-7.25,2.25,2.25,2.25,2.25,2.25,-7.25,32.5,32.5,32.5
2025_04_03,-1,31.0,8,-11.0,-11.0,-11.0,-11.0,19.0,8.5,8.5,28.75,28.75,28.75
2025_04_04,-1,738.5,393,-24.5,-22.5,-22.5,-22.5,-22.5,-22.5,-22.5,143.0,110.5,110.5
2025_04_04,-1,689.0,390,-74.0,-23.25,-23.25,-23.25,-23.25,-23.25,-23.25,93.5,61.0,61.0
2025_04_04,-1,674.5,388,-88.5,37.5,37.5,29.25,29.25,23.5,23.5,79.0,46.5,46.5
2025_04_04,1,59.75,10,-703.25,-52.0,-52.0,-52.0,-52.0,-52.0,-52.0,-52.0,-52.0,-52.75
2025_04_04,-1,698.25,373,-64.75,5.25,5.25,5.25,5.25,5.25,-19.25,-19.25,-19.25,9.0
2025_04_04,-1,763.0,365,-0.0,70.0,70.0,66.75,213.0,213.0,216.25,195.0,195.0,179.5
2025_04_04,-1,583.5,343,-88.75,-16.5,-16.5,-16.5,-16.5,-16.5,84.0,84.0,272.75,272.75
2025_04_04,1,312.0,21,-360.25,-15.75,-15.75,-15.75,-15.75,42.5,42.5,42.5,42.5,147.5
2025_04_04,1,247.5,15,-424.75,122.5,122.5,122.5,122.5,122.5,122.5,122.5,122.5,83.0
2025_04_04,1,164.5,9,-507.75,-25.0,-25.0,-25.0,-25.0,-25.0,-25.0,113.25,113.25,83.5
2025_04_04,1,0.0,0,-672.25,-51.25,-51.25,-51.25,-51.25,-51.25,-51.25,-51.25,-51.25,-81.0
2025_04_04,1,20.25,22,-531.0,-42.25,-42.25,-42.25,-42.25,-42.25,-42.25,-42.25,-42.25,-55.0
2025_04_04,1,47.75,16,-503.5,-18.0,-18.0,-18.0,-18.0,-18.0,-31.75,-31.75,-74.5,-74.5
2025_04_04,-1,471.75,268,-79.5,26.0,26.0,26.0,26.0,26.0,26.0,26.0,26.0,-14.75
2025_04_04,-1,482.5,250,-53.5,-26.0,-26.0,-26.0,-26.0,-26.0,-26.0,-53.5,-53.5,-9.0
2025_04_04,-1,510.5,238,-1.5,41.5,41.5,41.5,41.5,41.5,35.0,26.75,26.75,165.25
2025_04_04,-1,440.5,231,-45.75,-43.25,-43.25,-43.25,-43.25,-43.25,-43.25,-43.25,-43.25,95.25
2025_04_04,-1,459.25,228,-0.0,106.0,106.0,106.0,106.0,106.0,142.75,159.75,114.0,114.0
2025_04_04,1,92.5,84,-358.0,-0.25,3.75,3.75,-12.75,-12.75,-12.75,-53.75,-53.75,-53.75
2025_04_04,-1,345.25,200,-105.25,31.75,31.75,31.75,31.75,31.75,31.75,31.75,31.75,-6.5
2025_04_04,1,150.25,68,-300.25,-8.0,-8.0,-8.0,-0.25,-0.25,-0.25,-14.25,-14.25,-19.0
2025_04_04,1,130.5,66,-320.0,-0.75,-0.75,-0.75,-20.0,-20.0,-20.0,-34.0,-34.0,-38.75
2025_04_04,-1,286.0,182,-164.5,-65.75,-65.75,-65.75,-65.75,-65.75,-65.75,-65.75,-65.75,-65.75
2025_04_04,-1,281.25,177,-169.25,-10.25,-10.25,-10.25,-14.75,63.25,63.25,63.25,46.0,32.25
2025_04_04,1,210.0,32,-240.5,-16.75,-16.75,-16.75,-16.75,-16.75,99.0,99.0,90.0,147.0
2025_04_04,1,87.0,9,-363.5,-17.5,-17.5,-17.5,-17.5,-17.5,-17.5,24.0,24.0,24.0
2025_04_04,-1,364.75,116,-27.75,30.25,30.25,30.25,102.25,155.25,155.25,188.75,188.75,188.75
2025_04_04,1,242.75,56,-149.75,-11.0,-11.0,-11.0,-11.0,-11.0,-11.0,-28.75,-37.75,-16.75
2025_04_04,-1,138.75,83,-253.75,-21.0,-21.0,-21.0,-21.0,-21.0,-21.0,-37.25,-37.25,-37.25
2025_04_04,-1,121.0,80,-271.5,-11.75,-11.75,-11.75,-11.75,-11.75,-11.75,-55.0,-55.0,-55.0
2025_04_04,1,187.5,43,-205.0,-6.5,-6.5,-6.5,-6.5,-11.75,-11.75,-42.5,-42.5,-72.0
2025_04_04,-1,207.25,69,-185.25,-0.5,-0.5,-0.5,-0.5,46.25,46.25,49.25,29.0,19.75
2025_04_04,1,150.25,22,-242.25,18.5,18.5,18.5,9.0,9.0,9.0,-23.5,-23.5,-55.0
2025_04_04,-1,252.0,14,-0.0,94.5,94.5,94.5,94.5,230.75,230.75,185.75,185.75,185.75
2025_04_04,-1,24.75,3,-10.0,-10.0,-10.0,-10.0,-10.0,-10.0,-10.0,-10.0,-4.25,-4.25
2025_04_07,-1,203.75,12,-1408.25,-56.0,-56.0,-56.0,-56.0,-56.0,-56.0,-56.0,-56.0,66.25
2025_04_07,-1,-0.0,0,-1399.25,-59.25,-59.25,-59.25,-59.25,-59.25,-59.25,-59.25,-59.25,-67.0
2025_04_07,1,1251.75,25,0.0,33.5,33.5,33.5,33.5,33.5,33.5,191.5,191.5,191.5
2025_04_07,1,0.0,0,-794.75,-207.25,-207.25,-207.25,-207.25,-207.25,-207.25,-207.25,-207.25,-207.25
2025_04_07,-1,275.5,14,-335.0,-94.25,-94.25,-94.25,-94.25,-94.25,-94.25,-94.25,-94.25,-94.25
2025_04_07,1,202.75,208,-403.25,-46.25,-46.25,-46.25,-46.25,-46.25,-46.25,-46.25,-46.25,33.0
2025_04_07,1,256.0,191,-350.0,-39.5,-39.5,-39.5,-39.5,-39.5,-39.5,-39.5,-247.5,-247.5
2025_04_07,-1,59.75,11,-546.25,-80.5,-80.5,-80.5,-80.5,-80.5,-80.5,-80.5,-80.5,-80.5
2025_04_07,1,427.75,160,-133.25,103.0,103.0,103.0,103.0,103.0,103.0,103.0,103.0,90.5
2025_04_07,1,333.0,143,-228.0,-29.75,-29.75,-29.75,-29.75,-29.75,-29.75,-35.25,-71.25,-71.25
2025_04_07,1,368.25,141,-192.75,-36.0,-36.0,-36.0,-36.0,-36.0,-36.0,-36.0,-44.25,-81.75
2025_04_07,-1,148.5,10,-412.5,13.0,13.0,13.0,13.0,13.0,13.0,79.75,79.75,79.75
2025_04_07,-1,48.0,7,-495.5,-13.0,-13.0,-13.0,-13.0,-13.0,-13.0,-13.0,-13.0,-36.75
2025_04_07,-1,36.75,5,-506.75,-24.25,-24.25,-24.25,-24.25,-24.25,-24.25,-24.25,-24.25,-48.0
2025_04_07,-1,201.0,27,-339.75,-9.5,-9.5,-9.5,-9.5,-9.5,152.25,135.25,135.25,-8.0
2025_04_07,1,330.25,105,-210.5,-28.25,-28.25,-28.25,-28.25,-28.25,-28.25,-33.25,-63.5,-63.5
2025_04_07,-1,111.75,17,-429.0,20.0,20.0,20.0,20.0,20.0,63.0,46.0,46.0,-97.25
2025_04_07,1,340.0,78,-157.75,-117.0,-117.0,-117.0,-117.0,-117.0,-117.0,-117.0,-117.0,-117.0
2025_04_07,1,98.25,14,-262.75,-20.5,-20.5,-20.5,-20.5,-20.5,-20.5,-16.75,-48.5,-48.5
2025_04_07,1,99.5,11,-261.5,-15.5,-15.5,-15.5,-15.5,-15.5,-15.5,-15.5,-47.25,-47.25
2025_04_07,1,0.0,0,-360.0,-39.5,-39.5,-39.5,-39.5,-39.5,-39.5,-39.5,-93.25,-93.25
2025_04_07,-1,239.25,84,-70.5,52.25,52.25,52.25,52.25,52.25,20.5,20.5,20.5,-19.25
2025_04_07,-1,187.0,80,-122.75,-31.75,-31.75,-31.75,-31.75,-31.75,-31.75,-31.75,-37.0,-71.5
2025_04_07,-1,172.75,78,-137.0,-16.75,-16.75,-16.75,-16.75,-16.75,-51.25,-51.25,-51.25,-85.75
2025_04_07,1,51.25,5,-258.5,20.75,20.75,20.75,-8.5,-8.5,-8.5,-8.5,-8.5,-15.25
2025_04_07,1,59.5,84,-238.25,-13.25,-13.25,-13.25,-13.25,-24.25,-24.25,-38.75,-68.25,-68.25
2025_04_07,1,98.25,81,-199.5,-29.5,-29.5,-29.5,-29.5,-29.5,-29.5,-38.5,-75.75,-75.75
2025_04_07,-1,178.5,58,-119.25,62.0,62.0,62.0,62.0,62.0,62.0,62.0,62.0,8.5
2025_04_07,-1,109.5,47,-188.25,-8.25,-8.25,-8.25,16.75,16.75,16.75,60.75,36.75,36.75
2025_04_07,-1,53.25,26,-244.5,31.75,31.75,-7.25,-7.25,-7.25,-7.25,-7.25,-7.25,-7.25
2025_04_07,-1,175.25,17,-122.5,3.25,3.25,3.25,3.25,3.25,-28.5,-28.5,-28.5,96.0
2025_04_07,1,125.75,36,-172.0,20.75,20.75,20.75,-25.75,-25.75,-25.75,-25.75,-25.75,-67.0
2025_04_07,1,248.75,28,-49.0,-21.5,-21.5,-21.5,-21.5,-21.5,-21.5,-49.0,-49.0,-49.0
2025_04_07,-1,45.75,5,-252.0,-6.0,-6.0,-19.25,-19.25,-19.25,-19.25,-0.0,-0.0,-33.5
2025_04_07,1,259.75,24,-38.0,-38.0,-38.0,-38.0,-38.0,-38.0,-38.0,-38.0,-38.0,-38.0
2025_04_07,-1,35.5,2,-252.0,-33.5,-33.5,-33.5,-33.5,-33.5,-33.5,-33.5,-33.5,-33.5
2025_04_07,1,100.0,9,0.0,45.0,45.0,45.0,45.0,45.0,45.0,56.0,56.0,86.0
2025_04_08,1,174.75,47,-1181.75,-50.5,-50.5,-50.5,-50.5,-50.5,-50.5,-50.5,-50.5,-59.0
2025_04_08,-1,1136.5,361,-220.0,-39.25,-39.25,-39.25,-39.25,-39.25,-39.25,-39.25,-39.25,-78.25
2025_04_08,1,180.75,26,-1175.75,89.0,89.0,89.0,89.0,88.0,114.75,114.75,106.25,109.75
2025_04_08,1,20.0,8,-1336.5,-45.75,-45.75,-45.75,-45.75,-45.75,-45.75,-45.75,-45.75,-51.0
2025_04_08,-1,1303.75,317,-33.25,-23.5,-23.5,-23.5,-23.5,-23.5,-23.5,-33.25,125.5,208.25
2025_04_08,1,9.75,5,-1327.25,-12.5,-12.5,-12.5,-12.5,-20.5,-20.5,-24.0,-36.25,-64.75
2025_04_08,1,0.0,0,-1291.0,-28.5,-28.5,-28.5,-28.5,-28.5,-28.5,-42.5,-42.5,-65.25
2025_04_08,-1,1248.5,305,-16.75,-16.25,-16.25,-16.25,-16.25,-16.25,74.0,74.0,70.25,153.0
2025_04_08,1,0.0,0,-1183.0,-4.25,-13.75,-13.75,-13.75,-40.5,-40.5,-40.5,-40.5,-71.75
2025_04_08,-1,1169.25,284,-0.0,20.25,20.25,40.75,40.75,40.75,96.25,96.25,96.25,73.75
2025_04_08,1,8.5,2,-1116.5,-7.75,-7.75,-7.75,-7.75,-7.75,-17.5,-39.0,-39.0,-82.75
2025_04_08,-1,1014.5,239,-63.25,-8.5,-8.5,-8.5,-7.5,-7.5,-7.5,-7.5,-7.5,-42.0
2025_04_08,-1,1046.0,226,-30.75,-7.5,-7.5,-12.75,-12.75,-22.0,-22.0,-22.0,-22.0,109.75
2025_04_08,-1,922.5,201,-23.0,-13.75,-13.75,-13.75,-13.75,-23.0,-23.0,190.75,170.25,170.25
2025_04_08,-1,871.0,198,-6.5,-4.25,-6.5,125.0,125.0,125.0,125.0,139.25,118.75,118.75
2025_04_08,1,68.75,2,-729.0,42.5,42.5,42.5,42.5,42.5,42.5,28.25,28.25,-10.75
2025_04_08,-1,797.75,180,-0.0,5.75,5.75,5.75,5.75,5.75,5.75,6.0,88.75,150.5
2025_04_08,-1,634.25,150,-91.25,36.25,36.25,36.25,26.5,26.5,19.0,79.25,35.25,35.25
2025_04_08,1,103.75,5,-621.75,96.75,96.75,64.25,64.25,64.25,64.25,64.25,27.0,27.0
2025_04_08,1,57.75,3,-667.75,50.75,50.75,18.25,18.25,18.25,18.25,18.25,-19.0,-19.0
2025_04_08,1,44.75,11,-648.75,-18.0,-18.0,-18.0,-18.0,-18.0,-17.0,6.75,-6.0,-19.5
2025_04_08,1,61.75,8,-631.75,18.25,23.75,23.75,23.75,23.75,23.75,23.75,11.0,-2.5
2025_04_08,-1,594.5,102,-58.75,5.25,31.0,31.0,31.0,31.0,20.5,-23.25,-23.25,-23.25
2025_04_08,-1,653.25,90,-0.0,38.5,38.5,38.5,38.5,38.5,11.75,11.75,11.75,11.75
2025_04_08,1,0.0,0,-607.25,-21.75,-21.75,-21.75,-21.75,-21.75,-21.75,-48.25,-48.25,-106.5
2025_04_08,-1,529.0,72,-5.25,34.0,34.0,34.0,34.0,34.0,34.0,-0.75,-0.75,-0.75
2025_04_08,-1,511.25,56,-0.0,32.25,32.25,32.25,32.25,185.75,185.75,282.5,282.5,269.75
2025_04_08,1,56.25,44,-265.5,13.0,13.0,13.0,20.5,20.5,20.5,20.5,1.5,-31.0
2025_04_08,1,35.0,42,-286.75,-8.25,-8.25,-8.25,-0.75,-0.75,-0.75,-0.75,-19.75,-52.25
2025_04_08,-1,311.0,22,-10.75,-5.5,178.25,178.25,178.25,178.25,178.25,178.25,178.25,166.75
2025_04_08,-1,-0.0,0,-152.0,-74.0,-74.0,-74.0,-74.0,-74.0,-74.0,-74.0,-74.0,-74.0
2025_04_08,1,127.25,12,0.0,54.25,54.25,70.25,70.25,104.25,104.25,85.75,85.75,59.75
2025_04_09,1,2109.75,382,-19.0,81.0,81.0,81.0,81.0,81.0,32.5,32.5,32.5,32.5
2025_04_09,1,1932.75,369,-196.0,-55.5,-55.5,-55.5,-55.5,-55.5,-55.5,-55.5,-55.5,-73.5
2025_04_09,-1,122.5,74,-2006.25,-11.25,-11.25,-11.25,-32.0,-32.0,-32.0,-32.0,-32.0,-70.75
2025_04_09,1,2015.0,365,-113.75,72.5,72.5,134.25,134.25,134.25,134.25,130.25,106.25,121.5
2025_04_09,1,1893.5,347,-235.25,-43.0,-43.0,-43.0,-43.0,-43.0,-43.0,-43.0,-43.0,-69.0
2025_04_09,1,1962.5,345,-166.25,7.0,7.0,7.0,7.0,7.0,7.0,26.5,-5.25,-5.25
2025_04_09,1,1905.5,341,-223.25,-30.5,-30.5,-30.5,-30.5,-30.5,-30.5,-30.5,-62.25,-62.25
2025_04_09,1,1967.75,339,-161.0,-23.75,-23.75,-23.75,-23.75,-23.75,-23.75,14.0,42.5,16.25
2025_04_09,-1,152.0,44,-1976.75,-24.0,-24.0,-24.0,-24.0,-24.0,-24.0,-57.75,-57.75,-62.5
2025_04_09,-1,194.25,41,-1934.5,-13.75,-13.75,-13.75,-13.75,-20.25,-20.25,-52.0,-52.0,-52.0
2025_04_09,-1,254.5,28,-1874.25,-38.0,-38.0,-38.0,-38.0,-38.0,-38.0,-38.0,-49.0,176.0
2025_04_09,1,2050.25,288,-25.0,51.25,51.25,51.25,59.0,59.0,43.5,43.5,108.5,82.0
2025_04_09,1,1975.0,281,-100.25,-16.25,-16.25,-16.25,-16.25,-16.25,-31.75,-31.75,33.25,6.75
2025_04_09,-1,47.25,9,-2028.0,-27.0,-27.0,-27.0,-27.0,-27.0,-27.0,-37.75,-55.75,-55.75
2025_04_09,-1,85.0,7,-1990.25,69.25,69.25,69.25,57.0,57.0,57.0,48.0,-18.0,-18.0
2025_04_09,1,1959.25,242,-103.25,-12.25,-12.25,-12.25,-12.25,-33.75,-33.75,-33.75,-49.25,-71.0
2025_04_09,-1,19.25,5,-2043.25,-9.0,-9.0,-9.0,-9.0,-9.0,-9.0,-11.5,-29.5,-51.0
2025_04_09,1,2055.5,232,-7.0,-7.0,-7.0,11.75,11.75,148.75,148.75,148.75,171.75,325.0
2025_04_09,-1,9.0,2,-2034.75,-21.0,-21.0,-21.0,-21.0,-21.0,-21.0,-21.0,-31.5,-59.75
2025_04_09,1,2026.25,226,0.0,142.0,142.0,138.25,134.75,119.5,119.5,119.5,142.5,295.75
2025_04_09,1,1305.0,152,0.0,381.75,381.75,381.75,381.75,381.75,381.75,381.75,381.75,381.75
2025_04_09,-1,144.25,40,-471.25,-47.0,-47.0,-47.0,-47.0,-47.0,-47.0,-47.0,-47.0,-111.5
2025_04_09,-1,255.75,37,-359.75,-5.5,-23.0,-23.0,-23.0,-23.0,-23.0,-92.5,-92.5,-92.5
2025_04_09,1,336.75,87,-278.75,-15.25,-15.25,-15.25,-15.25,44.75,44.75,25.0,25.0,-4.5
2025_04_09,1,267.25,85,-348.25,-24.75,-24.75,-24.75,-24.75,-24.75,-24.75,-44.5,-44.5,-74.0
2025_04_09,-1,278.5,25,-337.0,-8.75,-8.75,-8.75,-8.75,-8.75,-8.75,-21.25,-21.25,137.75
2025_04_09,1,328.25,75,-287.25,-7.75,-7.75,-9.75,-110.0,-110.0,-110.0,-110.0,-110.0,-110.0
2025_04_09,-1,138.0,16,-477.5,-2.75,-2.75,-2.75,-2.75,-2.75,-2.75,-2.75,-2.75,-2.75
2025_04_09,-1,43.25,1,-462.25,10.25,10.25,10.25,10.25,10.25,10.25,10.25,-19.0,-19.0
2025_04_09,1,327.0,38,-22.0,-15.5,-15.5,-15.5,-15.5,-22.0,-22.0,108.25,108.25,108.25
2025_04_10,-1,796.25,176,-93.5,-92.25,-92.25,-92.25,-92.25,-92.25,-92.25,-92.25,-92.25,-92.25
2025_04_10,1,40.0,2,-849.75,-37.25,-37.25,-37.25,-37.25,-37.25,-37.25,-37.25,-37.25,-37.25
2025_04_10,-1,889.75,157,-0.0,71.25,71.25,71.25,71.25,71.25,71.25,188.75,188.75,156.25
2025_04_10,-1,684.25,129,-139.25,22.25,22.25,22.25,22.25,-16.25,-16.25,-16.25,-16.25,-34.0
2025_04_10,-1,765.0,122,-58.5,15.25,15.25,15.25,28.0,28.0,28.0,28.0,28.0,-17.25
2025_04_10,1,82.5,15,-741.0,-52.0,-52.0,-52.0,-52.0,-52.0,-52.0,-52.0,-52.0,-52.0
2025_04_10,1,5.5,20,-709.0,-7.0,-7.0,-7.0,-25.75,-25.75,-25.75,-39.0,-39.0,-71.0
2025_04_10,-1,702.0,96,-12.5,8.5,8.5,8.5,-5.5,-5.5,-5.5,38.0,10.75,10.75
2025_04_10,-1,693.5,94,-21.0,-14.0,-14.0,-14.0,-14.0,52.25,29.5,29.5,2.25,2.25
2025_04_10,-1,686.25,76,-16.75,131.75,131.75,119.25,119.25,119.25,119.25,173.5,173.5,249.75
2025_04_10,-1,30.75,51,-549.75,-16.25,-16.25,-16.25,-16.25,-16.25,-46.5,-46.5,-46.5,-74.25
2025_04_10,-1,60.5,46,-520.0,-28.0,-28.0,-28.0,-28.0,-28.0,-28.0,-92.0,-92.0,-92.0
2025_04_10,1,431.0,113,-149.5,-36.75,-36.75,-36.75,-36.75,-36.75,-36.75,-36.75,-68.0,-68.0
2025_04_10,1,372.5,94,-208.0,27.25,27.25,27.25,27.25,14.25,14.25,14.25,14.25,14.25
2025_04_10,1,407.75,84,-172.75,-18.75,-18.75,-18.75,-18.75,-18.75,-18.75,-18.75,-81.25,-81.25
2025_04_10,-1,154.0,12,-426.5,108.5,108.5,108.5,108.5,108.5,108.5,81.75,81.75,75.25
2025_04_10,1,385.5,63,-17.5,-8.75,-8.75,-8.75,-8.75,-8.75,-8.75,18.0,18.0,23.5
2025_04_10,1,128.75,24,-274.25,-85.25,-85.25,-85.25,-85.25,-85.25,-85.25,-85.25,-85.25,-85.25
2025_04_10,-1,137.75,94,-265.25,-20.0,-20.0,-20.0,-20.0,-20.0,-20.0,22.75,22.75,-4.25
2025_04_10,1,113.5,9,-289.5,-10.75,-10.75,-10.75,-10.75,-10.75,-10.75,63.25,63.25,17.5
2025_04_10,-1,286.5,68,-115.0,-35.25,-35.25,-35.25,-35.25,-35.25,-35.25,-35.25,-55.25,-60.75
2025_04_10,1,59.75,6,-341.75,-3.0,-3.0,-3.0,-3.0,-3.0,-3.0,-3.0,-3.0,-3.0
2025_04_10,1,106.75,14,-293.75,4.0,4.0,4.0,4.0,4.0,4.0,4.0,-33.75,-33.75
2025_04_10,1,172.75,8,-227.75,74.25,74.25,74.25,74.25,56.25,56.25,56.25,119.5,64.75
2025_04_10,-1,279.0,47,-121.5,-38.0,-38.0,-38.0,-38.0,-38.0,-38.0,-38.0,-68.75,-68.75
2025_04_10,1,94.5,17,-10.25,6.25,6.25,6.25,6.25,6.25,6.25,6.25,6.25,-10.25
2025_04_10,-1,25.0,1,-79.75,-40.0,-40.0,-40.0,-40.0,-40.0,-40.0,-40.0,-40.0,-40.0
2025_04_10,1,39.75,9,-7.0,14.25,14.25,2.5,2.5,2.5,-7.0,4.25,4.25,4.25
2025_04_11,-1,152.75,58,-412.25,46.5,46.5,46.5,46.5,46.5,46.5,46.5,35.75,14.5
2025_04_11,-1,124.75,53,-440.25,-13.5,-13.5,-13.5,-13.5,-50.0,-50.0,-50.0,-50.0,-50.0
2025_04_11,-1,208.5,49,-356.5,6.5,6.5,6.5,6.5,6.5,6.5,6.5,6.5,6.5
2025_04_11,-1,138.25,47,-426.75,-63.75,-63.75,-63.75,-63.75,-63.75,-63.75,-63.75,-63.75,-63.75
2025_04_11,-1,232.75,45,-332.25,-5.75,-28.75,-28.75,-28.75,-28.75,-28.75,-61.5,-61.5,-61.5
2025_04_11,-1,261.5,43,-303.5,-32.75,-32.75,-32.75,-32.75,-32.75,-32.75,-32.75,-42.5,-57.5
2025_04_11,1,246.0,330,-319.0,-26.25,-26.25,-26.25,-26.25,-26.25,-26.25,-26.25,-41.75,-66.75
2025_04_11,1,245.25,327,-319.75,-26.25,-26.25,-26.25,-26.25,-26.25,-26.25,-42.5,-42.5,-67.5
2025_04_11,1,388.25,306,-176.75,-24.5,-24.5,-24.5,-24.5,-24.5,-24.5,-58.75,-58.75,-96.75
2025_04_11,-1,118.0,9,-447.0,57.25,57.25,57.25,57.25,57.25,57.25,57.25,57.25,45.5
2025_04_11,-1,114.25,47,-415.25,4.75,4.75,4.75,4.75,4.75,-5.0,-22.0,-22.0,-47.25
2025_04_11,1,429.0,283,-100.5,15.25,15.25,15.25,15.25,15.25,15.25,30.0,30.0,6.0
2025_04_11,1,393.25,281,-136.25,-20.5,-20.5,-20.5,-20.5,-20.5,-20.5,-5.75,-5.75,-29.75
2025_04_11,1,368.0,279,-161.5,19.5,19.5,19.5,-31.0,-31.0,-31.0,-31.0,-31.0,-55.0
2025_04_11,1,382.25,263,-147.25,-39.5,-39.5,-39.5,-39.5,-39.5,-39.5,-39.5,-97.0,-97.0
2025_04_11,1,492.5,256,-37.0,40.75,40.75,40.75,40.75,24.0,24.0,24.0,-1.25,-7.75
2025_04_11,-1,29.25,9,-500.25,6.0,6.0,6.0,6.0,6.0,6.0,-4.75,-31.5,-38.25
2025_04_11,1,420.5,229,-13.5,-13.5,-13.5,-13.5,-13.5,54.5,54.5,54.5,54.5,115.25
2025_04_11,-1,-0.0,0,-395.0,-10.25,-10.25,-10.25,-24.25,-24.25,-24.25,-71.75,-71.75,-71.75
2025_04_11,1,370.75,225,-5.5,4.75,4.75,4.75,4.75,4.75,4.75,4.75,4.75,65.5
2025_04_11,1,140.5,135,-124.0,-7.5,-7.5,-7.5,-7.5,-18.75,-18.75,-33.5,-71.75,-71.75
2025_04_11,-1,116.0,20,-148.5,3.0,3.0,3.0,3.0,3.0,3.0,-9.0,14.0,44.75
2025_04_11,1,125.5,104,-7.0,19.5,19.5,19.5,19.5,19.5,66.5,46.5,46.5,53.5
2025_04_11,-1,26.75,9,-105.75,3.75,3.75,-14.0,-14.0,-14.0,-14.0,-14.0,-15.75,-37.5
2025_04_11,1,65.75,39,-58.25,6.5,6.5,3.75,5.25,-42.5,-42.5,-42.5,-42.5,-42.5
2025_04_11,1,20.25,3,-62.0,15.75,4.0,4.0,4.0,4.0,-14.5,-14.5,-33.25,-62.0
2025_04_11,1,31.5,3,-28.75,27.25,0.5,0.5,0.5,0.5,0.5,0.5,-28.75,-28.75
2025_04_11,1,0.0,0,-60.25,-4.25,-31.0,-31.0,-31.0,-31.0,-31.0,-31.0,-60.25,-60.25
2025_04_11,1,45.25,6,-4.5,23.0,23.0,23.0,23.0,19.25,19.25,11.0,2.25,15.75
2025_04_11,1,23.75,11,-23.75,-3.0,-3.0,-3.0,-3.0,-3.0,-8.25,-6.25,-17.0,-3.5
2025_04_11,-1,20.75,22,-26.75,-12.75,-12.75,-12.75,-12.75,-21.75,-21.75,-26.75,0.5,0.5
2025_04_11,1,0.0,0,-47.5,-13.75,-13.75,-13.75,-13.75,-27.75,-27.75,-30.0,-40.75,-27.25
2025_04_11,1,0.0,0,-21.25,-14.5,-14.5,-14.5,-14.5,-19.5,-21.25,-1.0,-1.0,-1.0
2025_04_11,-1,3.75,1,-16.75,-13.0,-13.0,-13.0,-13.0,-13.0,-16.75,-16.5,-16.5,-16.5
2025_04_14,1,0.0,0,-495.25,-40.75,-40.75,-40.75,-40.75,-40.75,-40.75,-40.75,-40.75,-83.5
2025_04_14,1,0.0,0,-454.25,-13.75,-13.75,-13.75,-13.75,-42.5,-42.5,-42.5,-42.5,-73.0
2025_04_14,1,2.25,80,-441.75,-30.0,-30.0,-30.0,-30.0,-30.0,-30.0,-30.0,-60.5,-60.5
2025_04_14,-1,381.25,155,-62.75,11.5,70.75,70.75,70.75,70.75,70.75,70.75,70.75,54.25
2025_04_14,-1,320.75,140,-123.25,-32.0,-32.0,-32.0,-32.0,-32.0,-32.0,-32.0,-32.0,-71.25
2025_04_14,-1,401.5,125,-42.5,59.5,35.0,35.0,35.0,35.0,35.0,55.75,55.75,43.75
2025_04_14,1,77.75,45,-366.25,-17.0,-17.0,-17.0,-17.0,-17.0,-28.25,-41.25,-41.25,-68.75
2025_04_14,-1,297.5,114,-146.5,-24.5,-24.5,-24.5,-24.5,-24.5,-24.5,-48.25,-48.25,-60.25
2025_04_14,1,86.25,34,-357.75,-4.0,-15.75,-15.75,-15.75,-29.0,-29.0,24.75,24.75,25.25
2025_04_14,-1,417.0,84,-27.0,-4.75,-19.25,-19.25,-19.25,-19.25,-25.5,178.0,297.0,287.75
2025_04_14,-1,330.25,66,-16.75,3.5,3.5,-12.5,-12.5,-12.5,-12.5,91.25,210.25,201.0
2025_04_14,-1,314.25,59,-32.75,10.75,10.75,16.25,16.25,6.5,6.5,75.25,194.25,185.0
2025_04_14,-1,108.0,13,-239.0,11.5,11.5,11.5,-19.0,-19.0,-19.0,-19.0,-19.0,45.25
2025_04_14,1,240.75,169,-64.5,-11.5,-11.5,-11.5,-18.25,-18.25,-55.5,-55.5,-55.5,-32.75
2025_04_14,1,283.5,165,-21.75,66.75,66.75,66.75,66.75,59.75,47.0,47.0,35.5,10.0
2025_04_14,-1,-0.0,0,-305.25,-64.75,-64.75,-64.75,-64.75,-64.75,-64.75,-64.75,-64.75,-64.75
2025_04_14,1,246.0,131,-30.25,-30.25,-30.25,-30.25,-30.25,-30.25,-30.25,-30.25,35.25,-5.25
2025_04_14,1,273.0,126,-1.75,11.5,11.5,11.5,21.25,10.5,10.5,-1.75,62.25,21.75
2025_04_14,-1,13.25,6,-261.5,-10.0,-10.0,-10.0,-20.0,-20.0,-20.0,-41.25,-41.25,-52.75
2025_04_14,1,183.5,111,-67.75,-7.75,-7.75,-7.75,-7.75,-7.75,-7.75,-27.25,-27.25,-67.75
2025_04_14,1,126.5,55,-66.0,26.0,26.0,26.0,32.0,32.0,53.5,44.0,86.0,61.0
2025_04_14,-1,152.0,47,-18.0,-7.25,-7.25,-7.25,-10.5,-1.25,4.25,-17.0,-17.0,128.75
2025_04_14,1,11.25,19,-158.75,-9.25,-9.25,-9.25,-9.25,-21.5,-21.5,-31.75,-34.25,-86.5
2025_04_14,-1,124.5,18,-2.5,14.25,14.25,14.25,14.25,14.25,14.25,14.25,101.25,101.25
2025_04_15,1,149.0,42,-99.5,18.5,18.5,18.5,-8.75,-8.75,-8.75,-8.75,83.0,64.75
2025_04_15,-1,205.75,257,-42.75,14.75,14.75,14.75,-0.25,-0.25,-0.25,-10.75,-21.25,-38.0
2025_04_15,1,41.5,7,-207.0,-2.0,-2.0,-2.0,-2.0,-2.0,-2.0,-5.5,-5.5,-42.75
2025_04_15,-1,89.75,236,-113.5,-28.0,-28.0,-28.0,-28.0,-28.0,-28.0,-44.25,-44.25,-28.75
2025_04_15,1,18.25,104,-185.0,-33.5,-33.5,-33.5,-33.5,-33.5,-33.5,-33.5,-42.25,-75.0
2025_04_15,-1,127.25,166,-76.0,-16.75,-16.75,-16.75,-16.75,-16.75,-48.0,-48.0,-48.0,-46.75
2025_04_15,1,40.5,20,-162.75,-4.5,-3.75,-3.75,-3.75,0.5,-5.25,4.5,-9.25,-21.25
2025_04_15,-1,141.5,94,-42.5,-14.5,-14.5,-14.5,-14.5,-17.0,-31.5,-31.5,-42.5,40.5
2025_04_15,-1,149.5,85,-0.0,64.25,70.25,70.25,70.25,61.75,61.75,42.5,42.5,48.5
2025_04_15,1,25.75,93,-85.75,-11.0,-11.0,-11.0,-13.5,-13.5,-13.5,-50.5,-50.5,-54.75
2025_04_15,-1,31.0,21,-80.5,-9.25,-9.25,-9.25,-13.0,-23.0,-23.0,-36.75,-45.75,-32.25
2025_04_15,1,58.0,40,-9.0,-9.0,-9.0,-9.0,26.5,26.5,11.25,11.25,16.5,-5.75
2025_04_15,-1,19.25,21,-29.25,-12.25,-12.25,-12.25,-12.25,-18.5,-20.25,-16.75,-22.25,-6.0
2025_04_15,-1,3.75,15,-18.0,-6.75,-6.75,-8.75,-13.5,-18.0,3.75,3.75,3.75,3.75
2025_04_16,-1,493.75,356,-112.25,-26.0,-26.0,-26.0,-26.0,-26.0,-26.0,-31.5,-50.0,25.25
2025_04_16,1,88.75,112,-517.25,-12.0,-12.0,-12.0,-12.0,6.0,6.0,6.0,-29.5,-29.5
2025_04_16,-1,538.0,348,-68.0,-0.25,-0.25,-0.25,-15.5,-15.5,-15.5,88.0,88.0,69.5
2025_04_16,1,118.25,100,-487.75,-7.75,-7.75,-12.25,-12.25,-12.25,-12.25,-34.5,-34.5,-55.0
2025_04_16,-1,488.0,339,-118.0,-9.25,-9.25,-9.25,33.5,33.5,33.5,38.0,38.0,19.5
2025_04_16,-1,475.5,337,-130.5,40.75,40.75,40.75,21.0,21.0,21.0,25.5,25.5,7.0
2025_04_16,-1,438.0,334,-168.0,3.25,3.25,3.25,-16.5,-16.5,-16.5,-12.0,-12.0,-30.5
2025_04_16,1,134.0,76,-472.0,-4.0,-4.0,-4.0,-6.5,-19.25,-19.25,-39.25,-39.25,72.25
2025_04_16,-1,428.5,309,-177.5,-12.0,-12.0,-12.0,-12.0,-24.25,-24.25,-40.0,-40.0,-63.75
2025_04_16,1,109.0,55,-497.0,-6.25,-6.25,-9.5,-9.5,-9.5,-9.5,10.25,-14.5,47.25
2025_04_16,1,117.0,47,-489.0,38.75,38.75,38.75,35.25,26.25,26.25,18.25,-6.5,55.25
2025_04_16,-1,543.0,225,-0.0,18.25,18.25,51.5,92.25,92.25,86.0,69.75,66.75,305.75
2025_04_16,-1,469.25,207,-24.25,-4.25,-2.75,-4.75,18.5,18.5,12.25,-4.0,-7.0,232.0
2025_04_16,1,20.75,9,-451.25,-19.5,-19.5,-19.5,-19.5,-19.5,-19.5,-19.5,-21.5,-85.0
2025_04_16,-1,379.25,114,-1.0,24.0,18.75,18.75,-1.0,-1.0,-1.0,-1.0,104.0,142.0
2025_04_16,-1,228.5,81,-89.25,-8.75,-8.75,-8.75,-4.25,-4.25,-4.25,-4.25,-17.0,-26.5
2025_04_16,-1,78.25,11,-239.5,34.75,34.75,62.25,62.25,62.25,22.5,22.5,22.5,6.25
2025_04_16,-1,38.75,7,-279.0,-4.75,-4.75,22.75,22.75,22.75,-17.0,-17.0,-17.0,-33.25
2025_04_16,1,227.5,35,0.0,20.75,20.75,18.5,146.75,192.25,192.25,177.5,224.5,224.5
2025_04_17,1,37.0,301,-212.75,-27.75,-27.75,-27.75,-27.75,-27.75,-27.75,-46.0,-46.0,-68.0
2025_04_17,-1,166.75,66,-83.0,8.75,8.75,8.75,8.75,28.75,19.5,-15.75,-15.75,-15.75
2025_04_17,-1,157.25,55,-92.5,32.25,32.25,32.25,12.25,12.25,12.25,-17.5,-17.5,-51.25
2025_04_17,1,171.75,224,-41.75,-0.75,-19.25,-19.25,-19.25,-19.25,-19.25,-30.5,-41.75,11.75
2025_04_17,1,202.0,207,0.0,70.0,70.0,70.0,70.0,77.5,77.5,71.0,67.75,42.0
2025_04_17,1,128.25,205,-61.75,-3.75,-3.75,-3.75,-3.75,3.75,3.75,-2.75,-6.0,-31.75
2025_04_17,-1,11.25,35,-178.75,-26.0,-26.0,-26.0,-26.0,-26.0,-26.0,-45.75,-45.75,-78.25
2025_04_17,-1,26.25,3,-163.75,-28.75,-28.75,-28.75,-28.75,-28.75,-28.75,-28.75,-28.75,-45.25
2025_04_17,-1,41.25,225,-135.0,-16.5,-16.5,-16.5,-16.5,-16.5,-16.5,-39.75,-39.75,-43.5
2025_04_17,-1,57.75,223,-118.5,-23.25,-23.25,-23.25,-23.25,-23.25,-23.25,4.75,4.75,-27.0
2025_04_17,1,75.5,126,-100.75,0.5,-15.75,-15.75,-15.75,-15.75,-15.75,-15.25,-15.25,-53.0
2025_04_17,-1,43.5,186,-132.75,-30.75,-30.75,-30.75,-30.75,-30.75,-30.75,-30.75,-30.75,-55.0
2025_04_17,1,44.75,93,-131.5,-18.25,-18.25,-18.25,-18.25,-18.25,-26.0,-31.25,-45.5,-67.5
2025_04_17,-1,59.75,153,-116.5,-3.25,-3.25,14.5,4.25,4.25,9.5,0.25,-12.5,-28.75
2025_04_17,-1,41.5,128,-134.75,-16.5,-16.5,-16.5,-16.5,-16.5,-27.75,-40.25,-40.25,-70.0
2025_04_17,1,74.0,41,-102.25,20.75,20.75,20.75,17.5,17.5,17.5,8.0,29.5,-5.75
2025_04_17,-1,131.75,63,-9.25,-9.25,-9.25,-9.25,18.25,18.25,-3.0,-3.0,76.0,53.25
2025_04_17,-1,52.5,13,-46.75,-11.25,-11.25,-11.25,-6.5,-6.5,-26.0,-26.0,8.0,-13.25
2025_04_21,1,5.25,4,-441.75,-4.75,-4.75,-25.0,-25.0,-25.0,-25.0,-25.0,-52.25,-56.75
2025_04_21,-1,385.0,314,-26.25,-23.0,-23.0,-23.0,-23.0,-23.0,-23.0,-8.75,140.0,126.5
2025_04_21,-1,210.5,243,-31.0,-2.25,-2.25,-2.25,-11.25,-11.25,-16.5,-31.0,80.75,59.5
2025_04_21,-1,123.0,163,-114.75,-6.75,-6.75,-10.25,-8.25,-10.75,-10.75,-22.25,-25.0,57.0
2025_04_21,1,111.25,223,-126.5,-7.25,-7.25,-14.5,-14.5,-14.5,-14.0,6.0,-2.5,-25.75
2025_04_21,1,125.75,220,-112.0,5.5,5.5,5.5,5.5,5.5,0.5,20.5,12.0,-11.25
2025_04_21,-1,139.75,125,-98.0,40.75,40.75,40.75,40.75,78.25,78.25,71.5,98.5,73.75
2025_04_21,1,178.0,88,-59.75,-8.5,-8.5,-8.5,-8.5,-10.25,-20.75,-26.25,-36.75,-59.75
2025_04_21,-1,10.25,5,-227.5,-4.5,-10.75,-10.75,-17.5,-17.5,-17.5,-26.75,-30.0,-54.75
2025_04_21,1,192.75,54,0.0,5.75,4.25,11.0,41.25,41.25,29.0,17.75,151.0,153.25
2025_04_21,1,166.0,28,0.0,57.75,57.75,62.25,62.25,74.5,145.5,124.25,124.25,126.5
2025_04_21,1,87.25,10,-4.25,-4.25,-4.25,-4.25,-4.25,-4.25,66.75,45.5,45.5,47.75
2025_04_21,1,33.0,3,-13.5,12.5,12.5,12.5,12.5,12.5,12.5,-8.75,-8.75,-6.5
2025_04_22,1,386.75,182,-2.75,13.0,13.0,13.0,13.0,-2.75,-2.75,91.25,141.25,201.0
2025_04_22,1,361.25,180,-28.25,-12.5,-12.5,-12.5,-12.5,-28.25,-28.25,65.75,115.75,175.5
2025_04_22,-1,9.0,2,-287.0,-8.0,-8.0,-8.0,-5.25,-8.75,-25.0,-25.0,-40.0,-51.25
2025_04_22,1,247.0,153,-36.5,3.25,0.0,-6.25,-6.25,-6.25,27.5,17.0,1.5,61.25
2025_04_22,1,238.75,133,-44.75,25.0,21.25,21.25,12.75,12.75,7.25,1.75,-10.75,53.0
2025_04_22,-1,116.75,135,-166.75,32.25,32.25,32.25,20.5,20.5,20.5,5.0,-2.25,-45.0
2025_04_22,-1,119.0,113,-164.5,-42.75,-42.75,-42.75,-42.75,-42.75,-42.75,-42.75,-42.75,-98.75
2025_04_22,1,65.75,32,-217.75,-5.5,-22.75,-22.75,-22.75,-22.75,-22.75,31.25,22.0,2.5
2025_04_22,-1,233.25,63,-30.25,-11.25,-11.25,-11.25,-4.25,-4.25,-10.0,-30.25,-30.25,140.75
2025_04_22,1,127.75,114,-54.25,-14.5,-14.5,-14.5,-14.5,-14.5,-14.5,64.5,59.25,37.75
2025_04_22,-1,85.75,24,-96.25,42.5,42.5,42.5,42.5,32.25,32.25,52.0,27.25,11.75
2025_04_22,-1,26.0,12,-156.0,-7.0,-7.0,-10.5,-7.75,-7.75,-7.75,-7.75,-32.5,-48.0
2025_04_22,1,84.0,14,-20.5,-1.25,-1.25,-1.25,-1.25,-1.25,-1.25,-14.25,41.25,21.75
2025_04_23,1,179.5,65,-248.0,7.25,7.25,7.25,7.25,-26.75,-26.75,-26.75,-26.75,-54.75
2025_04_23,-1,302.25,342,-125.25,-11.0,-11.0,-11.0,-31.5,-31.5,-31.5,-31.5,-33.5,-48.25
2025_04_23,1,93.75,37,-333.75,-19.5,-19.5,-19.5,-19.5,-19.5,-34.75,-34.75,-45.75,-34.5
2025_04_23,-1,257.75,320,-169.75,-28.75,-28.75,-28.75,-28.75,-28.75,-28.75,-70.0,-70.0,-70.0
2025_04_23,-1,329.5,314,-98.0,-13.75,-13.75,-13.75,-13.75,-37.75,-37.75,-37.75,-41.75,-64.25
2025_04_23,1,49.0,6,-378.5,23.5,32.75,32.75,32.75,32.75,20.5,-2.25,-2.25,-35.0
2025_04_23,1,12.0,1,-387.75,1.75,1.75,1.75,-17.25,-17.25,-17.25,-44.25,-44.25,-53.5
2025_04_23,-1,341.5,282,-14.0,29.5,29.5,29.5,29.5,0.25,0.25,0.25,0.25,138.5
2025_04_23,1,122.0,54,-109.0,-5.75,-3.75,-3.75,21.25,21.25,5.5,5.5,-15.0,55.75
2025_04_23,1,131.25,35,-99.75,83.5,83.5,83.5,51.25,51.25,51.25,51.25,51.25,65.0
2025_04_23,1,58.5,23,-172.5,33.5,29.25,29.25,20.75,20.75,31.75,15.0,15.0,-7.75
2025_04_23,1,0.0,0,-231.0,-20.0,-20.0,-20.0,-20.0,-20.0,-20.0,-43.5,-43.5,-66.25
2025_04_23,-1,127.25,121,-94.75,-4.5,-8.25,-8.25,-24.0,-24.0,-24.0,-37.5,-52.25,-65.5
2025_04_23,1,19.25,23,-202.75,-8.25,-8.25,-8.25,-24.25,-24.25,-24.25,-47.0,-47.0,-42.0
2025_04_23,-1,160.75,73,-15.25,5.25,5.25,5.25,5.25,-15.25,-15.25,-15.25,-8.5,69.5
2025_04_23,-1,146.25,70,-29.75,-9.25,-9.25,-9.25,-9.25,-29.75,-29.75,-29.75,-23.0,55.0
2025_04_23,1,0.0,0,-47.0,-4.75,-38.0,-38.0,-38.0,-38.0,-38.0,-38.0,-44.75,-17.5
2025_04_23,1,6.5,1,-13.75,-13.25,-13.25,-13.25,-13.25,-13.25,-13.75,-3.5,-3.5,-3.5
2025_04_24,1,513.5,392,-5.75,-5.75,-5.75,-5.75,-5.75,-5.75,-5.75,-5.75,186.25,231.0
2025_04_24,-1,9.25,1,-486.5,-8.5,-8.5,-8.5,-8.5,-8.5,-23.5,-23.5,-34.75,-62.75
2025_04_24,1,313.5,362,-13.75,-6.5,-6.5,-6.5,-6.5,-5.5,-5.5,-5.5,-13.75,31.0
2025_04_24,1,310.25,346,-1.25,31.5,31.5,42.25,86.75,83.25,80.5,60.0,60.0,27.75
2025_04_24,-1,15.75,3,-267.25,-9.0,-9.0,-9.0,-10.75,-10.75,-10.75,-20.5,-29.5,-46.75
2025_04_24,1,212.25,297,-31.75,26.75,26.75,25.0,11.0,11.0,11.0,-11.25,-11.25,-31.75
2025_04_24,-1,32.25,4,-211.75,27.25,23.5,23.5,15.0,15.0,1.5,1.5,-7.75,-36.25
2025_04_24,-1,13.0,25,-220.25,1.25,-3.5,-3.5,-5.75,-14.0,-14.0,-29.0,-44.75,-60.75
2025_04_24,1,175.25,248,-58.0,-23.5,-23.5,-23.5,-23.5,-23.5,-23.5,-23.5,-42.0,-56.25
2025_04_24,-1,-0.0,0,-172.25,-6.25,-6.25,-11.25,-30.0,-30.0,-30.0,-30.0,-50.5,-60.0
2025_04_24,1,122.5,151,-34.0,-4.25,-14.75,-14.75,-14.75,-21.5,-21.5,-30.75,16.0,-0.25
2025_04_24,-1,83.75,27,-72.75,-4.75,-15.25,-15.25,-15.25,63.0,63.0,47.25,36.75,20.25
2025_04_24,-1,61.75,13,-94.75,22.5,22.5,41.0,41.0,41.0,41.0,25.25,14.75,-1.75
2025_04_24,-1,28.5,10,-111.75,-6.5,-6.5,-6.5,-6.5,-6.5,4.0,-6.0,-11.75,-32.0
2025_04_24,1,93.0,21,0.0,2.0,23.25,7.75,7.75,7.75,7.75,62.75,44.75,44.75
2025_04_25,1,264.75,404,-49.75,-28.25,-28.25,-28.25,-28.25,-28.25,-28.25,10.75,10.75,-2.5
2025_04_25,-1,68.0,20,-246.5,-17.25,-17.25,-17.25,-17.25,-17.25,-27.75,-44.5,-44.5,-7.25
2025_04_25,1,202.0,399,-112.5,-4.0,-16.75,-16.75,-16.75,-16.75,-27.25,-52.0,-52.0,-65.25
2025_04_25,-1,21.5,2,-293.0,6.25,6.25,6.25,6.25,-14.25,-14.25,-14.25,-18.5,-53.75
2025_04_25,-1,67.0,31,-239.25,-4.75,-17.5,-17.5,-17.5,-17.5,-19.5,-19.5,-35.5,-59.5
2025_04_25,-1,58.75,28,-247.5,-6.0,-6.0,-6.0,-6.0,-27.75,-27.75,-27.75,-43.75,-67.75
2025_04_25,1,198.5,367,-107.75,21.25,21.25,21.25,21.25,21.25,21.25,7.0,1.75,-51.5
2025_04_25,-1,34.25,8,-272.0,-13.5,-13.5,-13.5,-13.5,6.5,6.5,-8.25,-8.25,-35.25
2025_04_25,-1,-0.0,0,-260.5,-12.75,-12.75,-12.75,-12.75,-23.75,-23.75,-36.25,-60.25,-60.25
2025_04_25,1,212.75,329,-34.5,-11.75,-11.75,-11.75,-11.75,-11.75,-11.75,-29.75,-29.75,-19.75
2025_04_25,1,54.75,182,-108.5,-4.0,-4.0,-4.0,21.5,21.5,21.5,12.25,-29.0,-29.0
2025_04_25,-1,137.0,23,-26.25,-5.0,52.5,52.5,52.5,52.5,52.5,101.25,94.0,75.25
2025_04_25,-1,79.5,17,-83.75,-5.0,-5.0,-5.0,-5.0,-5.0,-5.0,43.75,36.5,17.75
2025_04_25,1,131.25,135,-4.0,-4.0,23.0,17.75,17.75,55.25,75.5,59.0,59.0,40.5
2025_04_25,1,48.5,82,-54.0,5.5,5.5,5.5,5.5,-12.0,-12.0,-14.0,-25.5,-42.25
2025_04_25,1,74.0,60,-28.5,23.25,10.75,10.75,10.75,10.75,7.0,-8.75,-8.75,-28.5
2025_04_25,-1,19.75,11,-82.75,-7.25,-7.25,-14.0,-14.0,-4.5,-4.5,-38.75,-38.75,-46.25
2025_04_25,-1,12.75,1,-77.75,4.5,4.5,4.5,-33.75,-33.75,-33.75,-33.75,-33.75,-47.5
2025_04_25,1,21.0,18,-4.75,-4.75,-4.75,8.5,0.25,0.25,21.0,21.0,21.0,21.0
2025_04_28,1,55.75,16,-298.0,-24.75,-24.75,-24.75,-24.75,-24.75,-24.75,-50.0,-50.0,-68.75
2025_04_28,-1,248.0,236,-105.75,-4.75,-4.75,-4.75,-4.75,-4.75,-17.0,-17.0,-42.0,-42.0
2025_04_28,1,0.0,0,-318.25,-13.25,-13.25,-13.25,-13.25,-24.75,-24.75,-36.5,-46.25,-67.75
2025_04_28,-1,241.0,215,-66.0,50.5,50.5,50.5,32.25,32.25,32.25,32.25,19.5,-4.75
2025_04_28,-1,219.75,204,-87.25,-17.0,-17.0,-17.0,-17.0,-17.0,-26.0,-34.75,-48.25,-34.0
2025_04_28,-1,268.0,187,-39.0,32.25,32.25,32.25,61.25,61.25,47.25,47.25,22.25,14.25
2025_04_28,1,71.25,325,-235.75,-5.75,-14.75,-14.75,-14.75,-32.25,-32.25,-32.25,-45.5,-38.5
2025_04_28,1,58.25,310,-248.75,-10.75,-10.75,-10.75,-10.75,-10.75,-10.75,-17.25,-31.25,-51.5
2025_04_28,-1,197.25,153,-109.75,-5.5,-10.5,-10.5,-26.75,-26.75,-26.75,29.5,13.75,84.0
2025_04_28,1,195.25,251,-111.75,-5.5,-5.5,-5.5,-27.5,-27.5,-27.5,-27.5,-38.25,-63.0
2025_04_28,-1,42.75,85,-264.25,12.75,0.25,0.25,0.25,0.25,0.25,-7.0,-3.25,-22.0
2025_04_28,1,233.5,186,-73.5,-0.25,-0.25,-0.25,-0.25,-21.75,-21.75,-21.75,-29.0,-47.25
2025_04_28,-1,34.0,35,-273.0,-7.5,-7.5,-12.75,-12.75,-23.5,-23.5,-8.25,-13.5,-28.5
2025_04_28,1,244.5,127,0.0,5.5,33.0,33.0,38.25,31.25,31.25,214.0,193.5,178.25
2025_04_28,-1,14.75,13,-0.0,4.0,8.75,8.75,8.75,8.75,8.75,8.75,8.75,8.75
2025_04_29,1,252.5,310,-21.25,14.5,14.5,14.5,14.5,14.5,14.5,1.5,-8.25,101.75
2025_04_29,1,233.75,300,-7.25,-7.25,-7.25,-7.25,-7.25,54.5,51.25,38.0,103.25,83.0
2025_04_29,-1,29.75,154,-175.75,-5.0,18.5,18.5,11.5,11.5,-0.75,-10.75,-19.75,-47.25
2025_04_29,1,122.5,244,-83.0,8.25,2.0,2.0,-2.5,-18.75,-18.75,-18.75,-7.25,-15.0
2025_04_29,-1,54.5,98,-151.0,-4.5,-4.5,-4.5,-2.5,-2.5,-13.25,-16.75,-31.0,-37.25
2025_04_29,-1,54.5,85,-151.0,-0.25,-0.25,-0.25,-0.25,-0.25,-0.25,-8.25,-15.5,-37.25
2025_04_29,1,132.25,172,-73.25,11.75,11.75,-2.75,-2.75,-2.75,-2.75,-13.0,4.25,-18.5
2025_04_29,-1,81.5,36,-124.0,-3.25,-6.0,-2.25,-5.0,-14.75,-14.75,-21.25,18.25,18.25
2025_04_29,1,137.75,82,0.0,18.0,15.75,9.5,9.5,118.0,110.75,104.25,94.5,76.5
2025_04_29,1,21.0,15,-41.25,-7.5,-7.5,1.0,1.0,1.0,-8.25,-12.25,-22.0,-40.25
2025_04_29,1,23.5,49,-30.25,-10.5,-10.5,-10.5,5.75,-9.25,-9.25,-14.5,-24.25,-20.0
2025_04_29,1,21.25,16,-32.5,-13.0,-13.0,-13.0,-13.0,-20.0,-20.0,-12.25,-21.0,-22.25
2025_04_29,-1,14.0,34,-39.75,1.0,1.0,-6.75,-6.75,-16.5,-16.5,-26.75,-35.75,3.75
2025_04_29,1,0.0,0,-49.75,-9.5,-9.5,-9.5,-29.5,-29.5,-29.5,-33.5,-43.5,-39.5
2025_04_29,-1,6.25,2,-4.0,-3.5,-3.5,-3.5,-4.0,-4.0,-4.0,-4.0,-4.0,-4.0
2025_04_30,-1,153.75,26,-519.25,-10.25,-10.25,-10.25,-28.5,-28.5,-28.5,87.5,68.0,57.25
2025_04_30,1,522.5,397,-150.5,-7.0,-7.0,-39.5,-39.5,-39.5,-39.5,-39.5,-52.5,-71.5
2025_04_30,1,596.75,392,-76.25,-24.25,-24.25,-24.25,-24.25,-24.25,-24.25,-45.5,-45.5,-60.5
2025_04_30,-1,30.75,16,-642.25,-7.5,-7.5,-35.5,-35.5,-35.5,-35.5,-35.5,-55.0,-65.75
2025_04_30,1,539.25,354,0.0,6.0,6.0,6.0,6.0,6.0,59.25,45.75,34.75,159.75
2025_04_30,1,488.5,335,-16.0,-0.5,-0.5,-0.5,-16.0,-16.0,-16.0,-4.25,-4.25,109.0
2025_04_30,1,371.25,255,-68.25,24.25,12.75,12.75,12.75,12.75,35.0,8.5,8.5,-8.25
2025_04_30,-1,53.0,51,-386.5,3.0,3.0,3.0,3.0,3.0,-15.5,-15.5,-15.5,-27.0
2025_04_30,1,359.5,213,-80.0,1.25,-5.5,-5.5,-9.0,-11.25,-17.5,-16.0,-23.5,-70.0
2025_04_30,-1,43.0,5,-396.5,18.0,18.0,18.0,18.0,25.25,5.0,5.0,-8.0,-18.25
2025_04_30,1,381.25,168,0.0,45.75,45.75,45.75,78.5,78.5,78.5,58.25,58.25,73.25
2025_04_30,1,293.5,150,-39.0,-6.25,-6.25,-6.25,-6.25,-9.75,-13.25,-29.5,2.0,-14.5
2025_04_30,-1,45.0,11,-287.5,-13.0,-13.0,-13.0,-13.0,16.0,16.0,10.25,3.75,-16.5
2025_04_30,1,271.0,83,-41.75,0.5,0.5,0.5,-7.0,-7.0,-10.25,-22.5,-30.0,259.0
2025_04_30,1,293.0,44,-17.5,-14.75,-14.75,-14.75,-14.75,-17.5,149.25,149.25,149.25,281.0
2025_04_30,-1,-0.0,0,-143.75,-12.5,-12.5,-12.5,-12.5,-88.0,-88.0,-88.0,-88.0,-88.0
2025_04_30,-1,36.75,3,-55.75,-33.25,-33.25,-33.25,-33.25,-33.25,-33.25,-33.25,-33.25,-33.25
2025_04_30,1,25.75,6,-9.75,-9.75,-9.75,-9.75,3.75,8.75,13.75,13.75,13.75,13.75
2025_05_01,1,158.5,108,-197.5,-39.5,-39.5,-39.5,-39.5,-39.5,-39.5,-39.5,-49.75,-37.75
2025_05_01,-1,179.0,395,-177.0,-9.0,-9.0,-9.0,-13.25,-13.25,-13.25,0.5,-21.25,-26.0
2025_05_01,1,146.25,55,-209.75,19.0,19.0,19.0,10.5,10.5,6.0,107.25,104.0,76.5
2025_05_01,1,140.25,45,-215.75,37.75,44.0,44.0,44.0,39.5,115.5,101.25,98.0,70.5
2025_05_01,1,116.0,43,-240.0,13.5,19.75,19.75,19.75,15.25,91.25,77.0,73.75,46.25
2025_05_01,-1,308.5,277,-0.0,4.0,4.0,4.0,4.0,4.0,2.0,90.5,80.25,95.25
2025_05_01,1,57.0,97,-220.75,-11.0,-11.0,-11.0,-20.25,-20.25,-20.25,-30.0,-41.25,-20.5
2025_05_01,1,84.25,86,-193.5,-8.75,-8.75,-8.75,-27.25,-27.25,-27.25,31.5,23.25,6.75
2025_05_01,-1,230.0,159,-47.75,-7.75,-7.75,-9.0,-18.5,-18.5,21.75,9.25,0.75,-17.75
2025_05_01,1,37.75,10,-240.0,23.25,23.25,23.25,19.0,19.0,16.5,5.25,-10.25,-23.25
2025_05_01,1,10.75,10,-265.0,-10.0,-10.0,-10.0,-3.75,-7.5,-14.75,-19.75,-34.25,-51.75
2025_05_01,1,4.75,1,-250.0,-1.5,-1.5,-4.75,-19.25,-19.25,-19.25,-33.25,-36.75,-70.5
2025_05_01,-1,236.0,66,-18.25,-8.25,-8.25,-8.25,-11.5,-4.0,-4.0,-14.0,194.25,171.0
2025_05_01,-1,243.0,52,-11.25,-7.0,-7.0,-7.0,-11.0,-11.25,5.0,-3.75,201.25,178.0
2025_05_01,1,3.5,11,-245.75,-18.0,-18.0,-18.0,-18.0,-18.0,-20.75,-32.5,-43.0,-66.25
2025_05_01,-1,190.75,15,-7.0,-7.0,-7.0,46.5,46.5,46.5,46.5,46.5,149.0,125.75
2025_05_02,-1,69.0,21,-166.75,-1.25,38.75,38.75,38.75,38.75,38.75,18.25,18.25,5.0
2025_05_02,1,145.75,272,-2.5,10.0,2.25,2.25,2.25,18.25,18.25,4.0,-2.25,73.0
2025_05_02,1,121.0,242,-20.75,-7.75,-7.75,-20.75,-20.75,-20.75,-20.75,-20.75,-1.75,48.25
2025_05_02,-1,8.0,4,-126.75,-12.5,-12.5,-12.5,-12.5,-12.5,-12.5,-25.25,-34.0,-54.5
2025_05_02,1,91.25,166,-24.75,-6.5,-6.5,-9.5,-9.5,48.25,42.75,33.25,34.75,18.5
2025_05_02,-1,45.75,152,-70.25,-12.0,-12.0,-12.0,-12.0,-28.0,-28.0,-28.5,-37.75,-66.5
2025_05_02,-1,90.0,93,-26.0,0.5,0.5,0.5,-5.25,-6.25,-10.75,-22.25,19.5,28.0
2025_05_02,1,25.0,12,-91.0,-3.0,-3.0,17.0,3.25,3.25,3.25,-7.0,-21.75,-37.75
2025_05_02,-1,69.25,61,-3.5,19.75,19.75,13.0,13.0,3.5,3.5,-3.5,-1.25,7.25
2025_05_02,1,0.75,1,-65.0,-9.0,-9.0,-9.0,-13.75,-17.75,-28.0,-39.5,-39.5,-65.0
2025_05_02,-1,32.25,3,-30.5,-1.25,-1.25,-1.25,-1.25,-1.25,-1.25,-1.25,-9.75,-29.75
2025_05_02,1,0.0,0,-11.25,-5.5,-9.0,-9.0,-11.25,-11.25,-11.25,-11.25,-11.25,-11.25
2025_05_05,1,165.5,314,-26.75,-8.0,-8.0,-8.0,-12.0,-4.0,-4.0,-21.0,-21.0,10.25
2025_05_05,1,143.0,289,-28.75,11.25,11.25,42.0,42.0,42.0,10.0,10.0,10.0,-12.25
2025_05_05,-1,43.25,24,-128.5,-6.75,-6.75,-6.0,-6.0,-6.0,-14.0,-33.0,-33.0,-19.25
2025_05_05,1,138.5,271,-33.25,32.5,32.5,32.5,26.75,26.75,5.0,5.0,-0.25,-18.5
2025_05_05,1,114.5,267,-57.25,8.5,8.5,8.5,2.75,2.75,-19.0,-19.0,-24.25,-42.5
2025_05_05,1,138.0,254,-33.75,-11.75,-11.75,-11.75,-19.0,-19.0,-33.75,-33.75,20.25,78.0
2025_05_05,-1,-0.0,0,-171.75,-27.25,-27.25,-27.25,-27.25,-27.25,-27.25,-43.25,-43.25,-62.5
2025_05_05,1,127.25,242,-38.75,10.25,10.25,10.25,40.5,35.5,29.0,20.75,9.5,67.25
2025_05_05,-1,48.25,271,-117.75,-19.5,-19.5,-19.5,-19.5,-19.5,-19.5,-32.5,-41.0,-59.5
2025_05_05,1,76.75,162,-89.25,0.75,0.75,0.75,-4.5,-7.5,1.5,41.75,17.5,16.75
2025_05_05,1,56.25,122,-109.75,2.75,0.25,-0.75,-10.0,-10.0,-13.25,21.25,-3.0,-3.75
2025_05_05,1,46.75,45,-119.25,18.5,17.0,12.5,34.75,28.75,26.0,11.75,-12.5,-13.25
2025_05_05,-1,145.25,75,-0.0,25.0,25.0,25.0,25.0,15.5,15.5,135.75,135.75,135.75
2025_05_05,-1,117.5,62,-1.25,2.5,2.5,2.5,-1.25,13.0,7.0,108.0,108.0,108.0
2025_05_05,-1,-0.0,0,-11.5,-9.25,-9.25,-9.25,-9.5,-9.5,-9.5,-9.5,-9.5,-9.5
2025_05_06,-1,43.75,30,-212.25,-23.0,-23.0,-23.0,-23.0,-23.0,-23.0,-35.75,-42.5,-68.0
2025_05_06,-1,105.75,20,-150.25,34.5,34.5,34.5,80.5,80.5,80.5,73.0,62.75,42.25
2025_05_06,-1,101.0,18,-155.0,29.75,29.75,29.75,75.75,75.75,75.75,68.25,58.0,37.5
2025_05_06,1,185.5,125,-2.25,-2.25,-2.25,-2.25,-2.25,-2.25,71.5,80.5,71.5,66.5
2025_05_06,1,105.0,79,-57.25,7.25,7.25,0.5,0.5,4.75,4.75,-9.0,7.25,-14.0
2025_05_06,-1,52.75,107,-109.5,-11.75,-11.75,-11.75,-11.75,-30.25,-30.25,-30.25,-50.25,-91.5
2025_05_06,1,0.0,0,-162.25,-31.5,-31.5,-31.5,-31.5,-31.5,-31.5,-31.5,-66.25,-66.25
2025_05_06,-1,59.5,82,-65.75,-5.5,-8.75,-8.75,-19.0,-19.0,-20.25,-31.75,-5.0,-1.0
2025_05_06,1,46.25,70,-64.5,-8.75,-8.75,-8.75,-3.5,-3.5,-3.5,-3.5,0.0,-47.0
2025_05_06,1,34.75,65,-76.0,2.0,-15.0,-15.0,-15.0,-15.0,-15.0,-15.0,-11.5,-58.5
2025_05_06,1,29.25,20,-81.5,10.75,10.75,19.75,11.75,11.75,0.5,-10.5,-17.0,-64.0
2025_05_06,1,14.5,4,-96.25,3.5,3.5,3.5,2.0,-25.25,-25.25,-25.25,-31.75,-78.75
2025_05_06,-1,61.75,10,-0.0,1.0,47.5,47.5,47.5,41.25,41.25,26.0,26.0,26.0
2025_05_07,-1,173.25,286,-156.25,-47.25,-47.25,-47.25,-47.25,-47.25,-47.25,-47.25,-47.25,-60.0
2025_05_07,1,90.0,336,-239.5,9.0,9.0,4.25,4.25,-3.75,-3.75,8.0,-14.25,-25.5
2025_05_07,-1,225.25,207,-104.25,71.0,71.0,71.0,92.5,79.75,79.75,78.5,78.5,60.25
2025_05_07,1,183.5,237,-146.0,-27.75,-27.75,-27.75,-27.75,-27.75,-27.75,-40.5,-40.5,17.75
2025_05_07,-1,105.0,146,-224.5,-15.5,-15.5,-15.5,-15.5,-36.5,-36.5,-36.5,-41.75,-60.0
2025_05_07,1,186.5,208,-143.0,-5.25,-0.75,-0.75,-0.75,-14.0,-14.0,-14.0,-23.5,20.75
2025_05_07,1,153.75,178,-175.75,-5.75,25.0,32.75,32.75,32.75,30.5,17.5,4.0,-12.0
2025_05_07,-1,208.0,46,-121.5,30.5,30.5,30.5,28.5,24.75,24.0,52.25,141.75,141.75
2025_05_07,-1,148.75,14,-180.75,117.0,117.0,117.0,117.0,117.0,117.0,115.25,82.5,82.5
2025_05_07,1,209.25,71,-59.25,-21.0,-21.0,-21.0,-21.0,-21.0,-21.0,5.75,-1.5,-48.5
2025_05_07,-1,10.25,2,-258.25,-5.5,3.0,-20.5,-20.5,-20.5,-20.5,-20.5,-61.0,-61.0
2025_05_07,1,162.25,47,-91.5,8.0,8.0,8.0,8.0,8.0,-13.25,-13.25,-13.25,-50.25
2025_05_07,1,156.0,37,-97.75,-9.75,-9.75,-9.75,-9.75,-9.75,-9.75,-29.5,-29.5,-56.5
2025_05_07,1,180.25,26,-73.5,-5.75,13.5,13.5,13.5,6.0,6.0,-11.25,-11.25,-32.25
2025_05_07,-1,10.75,7,-243.0,-4.0,-4.0,-4.0,-17.5,-17.5,-17.5,-29.75,-29.75,-50.25
2025_05_07,-1,-0.0,0,-199.5,-87.0,-87.0,-87.0,-87.0,-87.0,-87.0,-87.0,-87.0,-87.0
2025_05_07,1,15.5,1,-161.75,-23.5,-23.5,-23.5,-23.5,-23.5,-23.5,-23.5,-37.25,-57.5
2025_05_07,1,0.0,0,-162.75,-38.25,-38.25,-38.25,-38.25,-38.25,-38.25,-38.25,-58.5,-66.5
2025_05_07,1,37.5,13,-104.25,-8.0,-8.0,-8.0,-38.25,-38.25,-38.25,-38.25,-104.25,-104.25
2025_05_07,-1,4.0,1,-53.75,-8.25,-8.25,-8.25,-8.25,-28.5,-28.5,-28.5,-37.0,-50.5
2025_05_08,-1,180.75,85,-166.5,42.5,42.5,42.5,42.5,36.75,36.75,62.5,49.0,64.5
2025_05_08,1,224.75,145,-122.5,-12.25,-12.25,-12.25,-12.25,-17.0,-34.25,-34.25,-48.75,-62.25
2025_05_08,1,263.5,134,-83.75,-12.5,-12.5,-12.5,-12.5,-23.5,-23.5,-33.5,-33.5,-83.75
2025_05_08,-1,36.5,1,-310.75,25.25,25.25,25.25,-1.25,-1.25,-1.25,-1.25,-6.75,-27.0
2025_05_08,1,263.75,105,0.0,9.25,44.25,44.25,100.75,100.75,100.75,198.5,215.25,200.75
2025_05_08,1,50.0,58,-140.5,-4.0,3.75,3.75,3.75,3.75,8.5,-1.75,1.5,-13.0
2025_05_08,-1,152.5,178,-30.75,-4.25,-4.25,-4.25,-4.25,-9.75,-9.75,28.25,19.25,-3.25
2025_05_08,1,41.5,64,-141.75,-6.0,-6.0,-19.5,-19.5,-19.5,-21.25,-18.25,-18.25,-22.0
2025_05_08,1,52.0,55,-131.25,28.75,26.0,26.0,14.5,14.5,14.5,-7.75,-7.75,-11.5
2025_05_08,-1,123.5,74,-59.75,-5.75,-19.5,-19.5,-19.5,-19.5,-20.75,-30.0,-53.75,118.0
2025_05_08,-1,134.25,68,-49.0,1.75,-0.0,-10.25,-10.25,-10.25,-19.25,-43.0,-43.0,128.75
2025_05_08,1,13.5,2,-169.75,-2.0,-2.0,-2.0,-2.0,-3.25,-10.75,-37.5,-37.5,-50.0
2025_05_08,-1,119.75,34,-0.0,23.0,23.0,23.0,94.75,94.75,91.25,114.25,114.25,114.25
2025_05_08,-1,28.0,6,-1.5,22.5,22.5,22.5,22.5,22.5,22.5,22.5,22.5,22.5
2025_05_09,-1,188.0,68,-21.0,5.0,5.0,5.0,-8.25,-8.25,-8.25,-21.0,-3.75,126.25
2025_05_09,1,6.0,1,-173.0,-3.75,-3.75,-3.75,-11.25,-11.25,-31.75,-31.75,-39.5,-57.75
2025_05_09,-1,133.5,18,-9.0,-9.0,-9.0,-9.0,51.25,51.25,51.25,96.0,87.75,71.75
2025_05_09,1,41.5,252,-62.0,-1.0,10.25,10.25,10.25,10.25,-2.25,-2.25,-17.0,-37.0
2025_05_09,-1,25.0,79,-78.5,-18.0,-18.0,-18.0,-18.0,-18.0,-38.0,-38.0,-44.0,-64.5
2025_05_09,1,30.25,188,-73.25,-19.25,-19.25,-19.25,-19.25,-19.25,-45.5,-45.5,-45.5,-63.0
2025_05_09,-1,27.75,46,-75.75,-14.25,-14.25,-14.25,-14.25,-16.75,-1.5,-16.0,-23.0,-34.0
2025_05_09,1,73.75,147,-29.75,-7.0,-7.0,-10.75,-28.0,-28.0,-28.0,-26.5,3.25,18.75
2025_05_09,-1,13.75,13,-86.5,6.75,6.75,-2.75,-2.75,-2.75,-17.75,-17.75,-34.25,-47.25
2025_05_09,-1,19.25,1,-81.0,8.75,8.75,8.75,-5.0,-5.0,-5.0,-18.25,-28.75,-41.75
2025_05_09,1,45.0,85,-25.5,2.25,2.25,-0.25,-4.5,3.75,-0.5,-25.5,-25.5,-10.0
2025_05_09,1,25.25,72,-45.25,-4.25,-9.5,-9.5,-16.0,-16.0,-20.25,-45.25,-45.25,-29.75
2025_05_09,1,32.5,63,-38.0,-5.0,-16.5,-16.5,-16.5,-16.5,-38.0,-38.0,-12.5,-22.5
2025_05_09,-1,2.5,2,-60.75,-4.75,-5.0,-7.75,-12.75,-17.0,-19.5,-27.5,-38.75,-60.75
2025_05_09,1,33.25,20,-21.75,-8.0,-8.0,-8.0,-18.25,-18.25,10.0,-0.25,-11.75,-21.75
2025_05_09,-1,8.0,44,-27.75,-13.75,-13.75,-13.75,-13.75,-22.0,-22.0,8.0,8.0,8.0
2025_05_12,-1,155.75,61,-130.0,28.75,28.75,28.75,28.75,71.25,88.25,80.75,68.25,46.0
2025_05_12,1,199.75,365,-86.0,-4.75,-9.0,-9.0,-20.25,-20.25,-20.25,5.75,5.75,-25.75
2025_05_12,1,170.0,338,-115.75,-17.25,-17.25,-17.25,-17.25,-17.25,-26.5,-55.5,-55.5,-64.25
2025_05_12,-1,51.5,4,-234.25,35.75,35.75,35.75,35.75,28.0,28.0,15.25,-5.5,-11.75
2025_05_12,1,206.5,311,-32.5,2.0,2.0,2.0,2.0,2.0,-4.25,-16.25,-20.0,91.25
2025_05_12,-1,11.25,28,-222.5,-6.5,-6.5,-12.75,-12.75,-20.75,-20.75,-30.5,-29.75,-49.75
2025_05_12,1,196.5,230,0.0,33.0,30.0,22.25,22.25,112.5,97.25,97.25,87.25,81.25
2025_05_12,1,148.0,196,0.0,19.75,19.75,71.0,64.0,64.0,48.75,48.75,38.75,32.75
2025_05_12,-1,30.0,136,-104.0,-5.25,-5.25,-5.25,-15.5,-15.5,-23.0,-27.0,-37.75,-33.75
2025_05_12,1,73.0,128,-61.0,-0.5,-6.5,-6.5,-8.75,-14.0,-17.25,-25.75,-24.0,-42.25
2025_05_12,-1,39.75,88,-94.25,-9.25,-9.25,-9.25,-12.5,-23.0,-23.0,-35.25,-40.0,-24.0
2025_05_12,1,54.25,80,-79.75,-10.25,-10.25,-10.25,-16.75,-16.75,-22.0,-36.25,-42.75,-61.0
2025_05_12,-1,46.25,48,-87.75,4.0,-0.75,-0.75,10.0,0.75,0.75,-8.5,-15.0,-17.5
2025_05_12,-1,27.75,16,-106.25,2.75,-0.5,-0.5,8.25,8.25,5.75,-19.5,-19.5,-36.0
2025_05_12,1,77.75,8,-3.25,1.0,1.0,-3.25,51.5,51.5,51.5,46.25,35.25,27.0
2025_05_13,1,361.75,246,0.0,69.75,69.75,69.75,63.5,63.5,74.5,220.75,210.0,297.25
2025_05_13,-1,-0.0,0,-323.75,-14.0,-14.0,-14.0,-14.0,-18.25,-41.75,-41.75,-41.75,-67.0
2025_05_13,1,256.75,226,0.0,4.25,4.25,4.25,69.75,69.75,122.5,115.75,105.0,192.25
2025_05_13,-1,11.0,2,-136.5,-0.25,-0.25,-0.25,-21.25,-21.25,-21.25,-21.25,-43.0,-49.25
2025_05_13,1,93.5,163,-12.75,-10.25,-10.25,-10.25,-12.75,-12.75,25.75,18.25,8.0,29.0
2025_05_13,-1,11.5,246,-83.75,-2.25,-7.5,-7.5,-29.25,-29.25,-29.25,-29.25,-42.5,-58.25
2025_05_13,1,43.5,70,-51.75,-1.75,-1.75,25.25,21.25,16.25,12.5,4.5,2.0,-21.0
2025_05_13,-1,57.5,178,-37.75,-11.25,-11.25,-11.25,-13.0,-18.0,-20.5,-34.75,-19.5,-34.25
2025_05_13,-1,58.5,175,-36.75,-12.0,-12.0,-12.0,-12.0,-17.0,-25.25,-33.75,-18.5,-33.25
2025_05_13,1,1.25,3,-94.0,-4.5,-7.75,-7.75,-10.75,-18.5,-21.5,-31.25,-40.25,-63.25
2025_05_13,-1,64.75,134,-27.0,23.5,23.5,23.5,17.0,17.0,10.25,3.0,-12.25,-27.0
2025_05_13,-1,52.75,114,-39.0,-9.0,-9.0,-9.0,-9.0,-12.5,-14.25,-14.25,-24.25,46.25
2025_05_13,1,47.0,36,-44.75,-2.5,-4.5,-12.0,-12.0,23.75,23.75,13.25,-4.75,-16.0
2025_05_13,-1,66.0,19,-0.0,17.0,17.0,17.0,20.5,20.5,59.5,59.5,59.5,59.5
2025_05_14,-1,48.5,235,-81.25,-5.25,-26.75,-26.75,-26.75,-26.75,-26.75,-35.5,-60.75,-60.75
2025_05_14,1,24.5,178,-105.25,-3.5,-3.5,-3.5,-10.0,-10.0,-17.25,-28.25,-49.5,-59.0
2025_05_14,-1,19.25,218,-110.5,-4.0,-4.0,-4.0,-4.0,-4.0,-19.0,-19.0,-25.5,-52.0
2025_05_14,-1,42.5,201,-87.25,-11.75,-11.75,-11.75,-11.75,-11.75,-28.75,-28.75,-17.0,-38.25
2025_05_14,1,80.25,120,-49.5,-4.25,-3.5,-6.5,-12.0,-14.0,4.0,-8.5,-33.5,-33.5
2025_05_14,-1,16.0,141,-113.75,-19.0,-19.0,-19.0,-19.0,-19.0,-27.5,-34.75,-40.0,-60.5
2025_05_14,1,53.25,70,-76.5,11.5,11.5,7.0,11.75,5.75,4.5,18.25,5.0,-7.75
2025_05_14,-1,84.25,38,-37.25,-2.0,-2.0,-5.0,55.75,55.75,55.75,52.5,43.5,22.5
2025_05_14,1,70.25,150,-1.5,3.75,3.75,0.0,11.0,11.0,11.0,14.75,13.25,63.0
2025_05_14,1,44.5,139,-27.25,-7.25,-7.25,-7.5,-14.75,-14.75,-14.75,-11.0,-12.5,37.25
2025_05_14,1,39.5,114,-32.25,-12.75,-12.75,-12.75,-12.75,-18.75,-18.75,-16.0,-17.5,32.25
2025_05_14,-1,21.25,45,-50.5,-0.75,-0.75,-6.0,-6.0,-2.5,-7.75,-20.75,-20.75,-39.5
2025_05_14,-1,31.25,27,-40.5,21.25,21.25,17.5,13.75,11.25,6.75,-10.75,-10.75,-29.5
2025_05_14,1,12.25,17,-13.25,-7.5,-7.5,-1.5,-13.25,-13.25,5.0,5.0,5.0,5.0
2025_05_15,1,205.75,233,-60.0,-18.0,-18.0,-18.0,-18.0,-18.0,-25.0,-51.0,-51.0,-60.0
2025_05_15,-1,54.0,16,-208.0,-6.25,-6.25,-8.75,31.5,31.5,31.5,16.5,9.75,-8.0
2025_05_15,1,223.25,165,-7.25,-7.25,-7.25,-7.25,-7.25,-7.25,-7.25,80.25,182.0,159.0
2025_05_15,1,202.5,153,-4.0,32.75,77.0,77.0,77.0,71.0,71.0,59.5,161.25,138.25
2025_05_15,-1,171.25,111,-16.75,-10.75,-10.75,-10.75,-16.75,-16.75,79.25,79.25,67.0,50.0
2025_05_15,1,4.5,10,-116.75,-8.25,-8.25,-8.25,-11.25,-21.25,-21.25,-29.75,-37.5,-55.75
2025_05_15,-1,82.5,33,-32.0,-3.75,-3.75,-3.75,-3.75,-7.0,-13.5,49.5,42.25,16.75
2025_05_15,1,73.5,15,0.0,16.75,16.75,16.75,34.5,18.25,18.25,18.25,55.5,55.5
2025_05_16,-1,108.75,74,-71.75,5.75,-2.5,-2.5,-2.5,-2.5,-2.5,2.0,-7.0,47.0
2025_05_16,-1,118.25,24,-62.25,2.75,2.75,-4.75,-4.75,88.5,88.5,86.0,77.5,56.5
2025_05_16,-1,86.25,15,-94.25,32.75,25.75,25.75,25.75,56.5,56.5,54.0,45.5,24.5
2025_05_16,1,106.0,306,-24.0,-16.75,-16.75,-16.75,-16.75,-16.75,-17.0,14.75,92.75,92.75
2025_05_16,1,118.25,293,-8.25,3.5,3.5,3.5,3.5,-2.25,-8.25,27.0,105.0,105.0
2025_05_16,1,75.5,241,-15.75,-2.75,-4.5,-8.25,2.75,-0.25,-6.25,-15.75,62.25,62.25
2025_05_16,-1,-0.0,0,-86.0,-18.0,-18.0,-18.0,-18.0,-18.0,-26.75,-40.25,-40.25,-62.25
2025_05_16,1,59.25,170,-10.25,9.25,3.25,3.25,14.5,8.0,3.5,-4.25,46.0,46.0
2025_05_16,1,62.25,125,-7.0,-1.25,-1.25,-2.75,-7.0,41.5,33.75,26.5,49.0,49.0
2025_05_16,-1,-0.0,0,-51.25,-5.0,-6.5,-9.0,-16.5,-16.5,-27.5,-36.0,-40.25,-38.0
2025_05_16,1,43.5,90,-0.25,14.0,12.0,18.5,13.0,22.75,15.0,7.75,30.25,30.25
2025_05_16,1,10.5,15,-6.5,-6.5,-6.5,-6.0,-3.75,-2.75,-2.75,-2.75,-2.75,-2.75
2025_05_19,1,290.5,244,-10.25,-10.25,-10.25,-10.25,71.5,101.25,166.75,168.75,153.75,135.0
2025_05_19,-1,18.25,1,-137.25,13.25,8.75,8.75,3.75,-4.0,-4.0,-13.25,-22.5,-44.0
2025_05_19,1,131.25,171,-21.25,4.5,4.5,4.5,-14.5,-14.5,-14.5,-20.25,12.25,70.5
2025_05_19,1,140.0,163,-12.5,-1.25,-1.25,-1.25,-1.25,-8.25,-8.25,-0.5,21.0,79.25
2025_05_19,-1,3.75,19,-136.75,-17.0,-17.0,-17.0,-17.0,-17.0,-27.5,-26.75,-43.5,-66.25
2025_05_19,1,120.75,121,-1.75,43.0,43.0,39.5,27.0,27.0,27.0,13.75,1.75,60.0
2025_05_19,-1,-0.0,0,-119.0,-10.75,-10.75,-10.75,-12.75,-17.5,-23.5,-32.75,-41.75,-61.75
2025_05_19,1,94.75,79,-12.5,-1.5,-12.5,-12.5,-12.5,7.25,5.0,56.25,51.75,34.0
2025_05_19,-1,59.75,97,-13.5,-8.25,-8.25,-8.25,36.25,36.25,34.0,22.0,10.25,-6.0
2025_05_19,1,47.5,93,-25.75,-13.5,-13.5,-13.5,-13.5,0.0,-3.25,-7.0,-20.0,10.0
2025_05_19,1,30.5,82,-42.75,-6.75,-6.75,-17.0,-17.0,-17.0,-20.25,-24.0,-37.0,-7.0
2025_05_19,-1,18.75,12,-54.5,2.0,-4.0,-4.0,6.25,-0.25,-5.5,-14.25,-38.25,-47.0
2025_05_19,1,16.25,9,-27.75,-10.25,-10.25,-10.25,-4.0,-4.0,-4.0,-14.25,-23.75,-21.25
2025_05_20,1,50.25,213,-112.5,-7.25,-7.25,-12.25,-12.25,-11.25,-22.25,-56.5,-56.5,-56.5
2025_05_20,-1,97.5,327,-65.25,-21.5,-21.5,-21.5,-21.5,-21.5,-21.5,-7.75,-7.75,-32.75
2025_05_20,-1,108.5,309,-54.25,23.25,23.25,23.25,18.5,8.75,8.75,17.5,1.0,-21.75
2025_05_20,-1,85.5,275,-77.25,-7.5,-7.5,-3.5,-8.5,-12.75,-16.75,-29.75,-44.75,-55.0
2025_05_20,1,69.75,156,-93.0,-14.25,-14.25,-14.25,-14.25,27.75,16.0,16.0,5.5,7.25
2025_05_20,-1,98.5,245,-64.25,-5.5,-5.5,-5.5,-9.5,-14.0,-16.75,-22.25,-34.75,-52.0
2025_05_20,1,50.0,107,-112.75,-11.75,-11.75,-11.75,-11.75,-13.5,-19.25,-10.25,9.75,-12.5
2025_05_20,1,24.75,31,-138.0,13.5,15.25,13.0,10.5,6.25,0.25,-13.0,-15.5,-37.75
2025_05_20,1,0.0,0,-148.0,-6.25,-6.25,-8.0,-23.0,-23.0,-23.0,-32.5,-40.75,-76.0
2025_05_20,-1,122.5,91,-15.5,-3.0,-3.0,-5.25,-5.25,-2.25,-6.5,51.75,81.25,58.75
2025_05_20,-1,126.0,54,-12.0,-4.5,12.5,40.75,40.75,40.75,61.75,55.25,84.75,62.25
2025_05_20,-1,72.0,43,-66.0,-13.25,-13.25,-13.25,-13.25,-13.25,7.75,1.25,30.75,8.25
2025_05_20,1,93.75,42,0.0,14.75,24.0,24.0,40.25,40.25,68.5,60.75,53.5,59.75
2025_05_20,1,51.0,14,0.0,0.0,36.5,34.0,34.0,34.0,25.75,18.0,10.75,17.0
2025_05_21,-1,229.0,356,-250.75,-20.5,-20.5,-20.5,-20.5,-20.5,-20.5,-35.25,-56.0,-61.25
2025_05_21,1,221.0,191,-258.75,-2.75,-2.75,-2.75,44.5,44.5,44.5,30.75,180.75,158.5
2025_05_21,1,167.25,168,-312.5,8.5,5.0,5.0,5.0,5.0,0.75,-8.5,127.0,104.75
2025_05_21,1,16.25,19,-463.5,-4.5,-4.5,-8.25,-3.25,-3.25,-17.25,-17.25,-24.0,-46.25
2025_05_21,-1,448.0,146,-0.0,21.75,21.75,21.75,18.25,13.5,283.75,283.75,283.75,269.0
2025_05_21,-1,194.5,113,-56.25,5.0,5.0,5.0,5.0,5.0,-22.0,-22.0,-22.0,-56.25
2025_05_21,-1,172.25,111,-78.5,-17.25,-17.25,-17.25,-17.25,-17.25,-44.25,-44.25,-44.25,-78.5
2025_05_21,1,0.0,0,-250.75,-21.5,-21.5,-21.5,-21.5,-21.5,-21.5,-50.75,-50.75,-70.25
2025_05_21,1,25.5,7,-200.0,-4.5,-8.0,-8.0,10.25,8.0,-19.5,-19.5,-19.5,-40.0
2025_05_21,-1,192.0,101,-33.5,-32.0,-32.0,-32.0,-32.0,-32.0,-32.0,-32.0,1.0,8.5
2025_05_21,1,12.25,3,-213.25,-5.25,-32.75,-32.75,-32.75,-32.75,-32.75,-32.75,-32.75,-53.25
2025_05_21,-1,181.75,91,-20.0,-3.5,-3.5,-3.5,-3.5,-3.5,-14.25,-9.25,-9.25,-1.75
2025_05_21,1,16.5,38,-185.25,-13.5,-13.5,-13.5,-13.5,-13.5,-13.5,-25.25,-34.75,-58.5
2025_05_21,-1,150.0,81,-51.75,-41.0,-41.0,-41.0,-41.0,-41.0,-41.0,-41.0,-41.0,-33.5
2025_05_21,1,22.25,3,-171.75,13.75,13.75,13.75,-11.25,-11.25,-11.25,-11.25,-34.75,-40.75
2025_05_21,-1,137.0,37,-7.25,-4.75,-4.75,-4.75,23.25,21.5,96.25,80.5,68.5,76.0
2025_05_21,1,83.25,19,-18.5,12.0,12.0,0.5,0.5,0.5,42.5,39.75,39.75,13.0
2025_05_21,1,32.25,3,-69.5,14.5,14.5,14.5,14.5,14.5,-11.25,-11.25,-11.25,-38.0
2025_05_21,-1,45.0,20,-12.0,-5.25,-8.5,-8.5,-12.0,38.0,38.0,38.0,38.0,38.0
2025_05_21,1,0.0,0,-31.5,-4.75,-16.0,-16.0,-16.0,-16.0,-24.0,-30.75,-24.5,-24.5
2025_05_21,-1,26.75,13,-0.0,6.25,6.25,19.75,19.75,19.75,19.75,19.75,19.75,19.75
2025_05_22,-1,55.5,4,-151.5,-24.5,-24.5,-24.5,-24.5,-24.5,-24.5,3.75,3.75,-19.75
2025_05_22,1,84.25,310,-73.25,49.5,57.75,56.25,56.25,56.25,56.25,49.0,34.0,15.0
2025_05_22,1,58.25,291,-99.25,-3.5,-3.5,-11.0,-11.0,-15.0,-29.5,-29.5,-41.5,-64.0
2025_05_22,-1,69.75,337,-87.75,2.25,2.25,2.25,4.75,4.75,1.75,-9.75,-16.0,2.0
2025_05_22,1,89.0,274,-68.5,-5.75,3.25,3.25,3.25,-3.5,-14.75,-14.75,-33.25,-43.5
2025_05_22,-1,75.75,323,-81.75,28.25,28.25,28.25,28.25,14.0,14.0,5.25,-10.0,8.0
2025_05_22,1,85.0,241,-72.5,-13.25,-13.25,-13.25,-13.25,-17.0,-17.0,-33.0,-33.0,6.0
2025_05_22,1,74.25,180,-83.25,49.75,49.75,46.0,31.0,31.0,31.0,21.5,17.0,-4.75
2025_05_22,-1,93.25,212,-64.25,-4.5,-6.0,1.25,1.25,41.75,41.75,27.5,25.75,3.0
2025_05_22,-1,83.5,201,-74.0,-4.25,-2.25,13.25,13.25,32.0,32.0,17.75,16.0,-6.75
2025_05_22,1,102.25,106,-55.25,27.25,27.25,29.25,23.25,23.25,24.0,42.0,60.75,41.0
2025_05_22,-1,104.75,77,-52.75,-5.25,-6.25,-12.75,-12.75,-27.5,-27.5,-30.25,-40.0,92.25
2025_05_22,1,19.5,4,-138.0,10.75,10.75,10.75,0.0,0.0,-5.75,-15.0,-22.0,-41.75
2025_05_22,-1,132.0,34,-20.75,-5.5,-7.0,-20.75,-20.75,-20.75,-20.75,119.5,119.5,119.5
2025_05_22,-1,143.5,27,-0.0,13.75,13.75,60.25,60.25,60.25,118.25,131.0,131.0,131.0
2025_05_22,-1,73.0,7,-0.0,62.5,62.5,62.5,53.75,53.75,47.75,60.5,60.5,60.5
2025_05_23,1,231.75,286,-10.0,-10.0,-10.0,-10.0,79.0,70.5,70.5,62.25,33.75,33.75
2025_05_23,-1,48.75,9,-172.75,15.0,15.0,15.0,15.0,15.0,15.0,15.0,8.25,-20.5
2025_05_23,-1,3.75,6,-217.75,-30.0,-30.0,-30.0,-30.0,-30.0,-30.0,-30.0,-36.75,-65.5
2025_05_23,1,188.25,264,-33.25,-33.25,-33.25,-33.25,-33.25,-33.25,-33.25,-33.25,43.75,23.5
2025_05_23,-1,16.5,17,-168.0,-18.25,-18.25,-18.25,-18.25,-18.25,-19.0,-29.25,-25.75,-50.25
2025_05_23,1,124.0,169,-26.25,19.25,19.25,19.25,21.0,21.0,21.0,13.5,2.75,-20.5
2025_05_23,-1,20.5,11,-129.75,-4.0,-12.75,-12.75,-12.75,-12.75,-12.75,-20.75,-22.25,-40.25
2025_05_23,-1,-0.0,0,-148.0,-4.0,-15.75,-15.75,-15.75,-22.0,-22.0,-30.25,-40.5,-62.25
2025_05_23,1,59.5,70,-84.0,-9.75,-9.75,-9.75,34.25,24.25,24.25,18.5,6.75,-6.0
2025_05_23,1,32.5,40,-111.0,-3.5,-3.5,-3.5,-20.25,-20.25,-20.25,-26.0,-15.75,-33.0
2025_05_23,-1,85.0,142,-58.5,-10.75,-10.75,-10.75,-14.0,-21.0,-21.0,-37.5,-40.75,67.75
2025_05_23,1,32.75,19,-110.75,14.75,12.0,12.0,17.75,7.5,7.5,-5.25,-15.5,-32.75
2025_05_23,-1,95.25,105,-32.75,7.75,7.75,7.75,-14.0,-14.0,-14.0,-14.0,-32.75,78.0
2025_05_23,1,0.0,0,-125.5,-4.25,-17.0,-17.0,-17.0,-17.0,-20.0,-33.0,-43.75,-63.0
2025_05_23,-1,66.0,42,-50.5,-13.75,-13.75,-13.75,-13.75,-15.5,-17.0,-31.75,-39.75,48.75
2025_05_23,1,16.0,1,-100.5,6.75,6.75,6.75,-3.75,-3.75,-10.75,-17.75,-42.0,-59.0
2025_05_23,1,0.0,0,-78.75,-20.25,-20.25,-20.25,-20.25,-20.25,-20.25,-37.25,-49.5,-62.25
2025_05_23,-1,60.0,13,-3.5,10.5,10.5,10.5,10.5,10.5,10.5,-3.5,42.75,42.75
2025_05_26,1,22.5,4,-63.25,14.0,14.0,14.0,8.0,1.75,1.75,-9.5,-20.75,-44.0
2025_05_26,-1,57.25,69,-17.75,-5.0,-0.5,-0.5,1.75,38.75,36.0,21.75,16.75,-7.75
2025_05_26,1,49.75,89,0.0,27.25,32.5,30.5,27.25,33.75,41.0,41.0,41.0,41.0
2025_05_26,1,11.25,45,-11.75,-3.75,-6.0,-8.0,-11.75,-4.75,2.5,2.5,2.5,2.5
2025_05_26,1,5.0,11,-11.0,-7.75,-7.75,-8.5,-11.0,-11.0,-3.75,-3.75,-3.75,-3.75
2025_05_27,-1,71.75,6,-202.75,29.5,29.5,23.75,23.75,52.5,38.5,38.5,29.25,4.75
2025_05_27,1,157.0,241,0.0,25.5,25.5,25.5,25.5,37.25,39.25,31.75,112.75,92.0
2025_05_27,-1,23.75,153,-41.25,5.0,-2.5,-2.5,-2.5,-7.75,-10.75,-25.5,-32.0,-34.0
2025_05_27,1,22.0,42,-43.0,-3.5,-3.5,-3.5,-8.25,-11.75,1.25,-8.0,-22.25,-43.0
2025_05_27,-1,43.5,70,-14.25,-5.5,-5.5,-5.5,-9.5,13.25,19.25,9.25,2.75,-14.25
2025_05_27,1,17.0,20,-11.5,-2.5,-2.5,-1.75,-5.5,-9.5,-11.5,17.0,17.0,17.0
2025_05_28,1,0.0,0,-221.25,-5.5,-13.75,-13.75,-13.75,-33.75,-33.75,-33.75,-50.25,-64.0
2025_05_28,-1,157.25,372,-19.5,2.5,2.5,2.5,2.5,-7.25,-7.25,24.5,17.75,-3.75
2025_05_28,-1,112.75,244,-64.0,1.25,1.25,1.25,-3.25,-12.25,-12.25,-21.75,-33.0,-52.25
2025_05_28,1,48.5,180,-128.25,5.25,5.25,1.25,-2.0,-4.5,-4.5,-5.0,-12.75,-31.25
2025_05_28,1,29.25,124,-147.5,-5.25,-6.25,-6.5,-8.0,-12.25,-13.25,-24.25,-32.0,-50.5
2025_05_28,-1,133.0,140,-43.75,5.5,3.0,-1.0,-3.25,-9.0,-10.75,-21.5,-32.0,-27.25
2025_05_28,1,25.0,67,-151.75,-7.0,-7.0,-7.0,-5.5,-5.5,-10.0,-36.25,-36.25,-54.75
2025_05_28,-1,139.0,100,-37.75,-7.0,-7.0,-11.5,-13.0,-16.25,15.75,11.0,-0.0,-21.25
2025_05_28,1,0.0,0,-164.0,-7.5,-7.5,-13.25,-13.25,-28.25,-28.25,-38.0,-44.0,-65.0
2025_05_28,1,1.5,2,-136.25,-3.75,-6.25,-7.75,-16.25,-16.25,-26.0,-37.25,-45.5,-61.5
2025_05_28,-1,123.75,30,-0.25,-0.25,27.25,27.25,27.25,32.75,25.75,83.75,83.75,64.75
2025_05_28,-1,61.25,10,-0.0,15.75,15.75,11.75,49.25,40.5,40.5,21.25,21.25,2.25
2025_05_29,-1,335.0,150,-0.0,40.25,40.25,40.25,40.25,40.25,40.25,123.0,107.0,94.5
2025_05_29,1,80.0,27,-124.5,-8.0,-8.0,-8.0,9.0,2.5,2.5,45.5,38.0,8.25
2025_05_29,1,33.0,8,-155.75,6.25,6.25,6.25,13.5,13.5,-8.25,-8.25,-8.25,-30.75
2025_05_29,-1,132.75,28,-23.0,-8.0,-8.0,-8.0,-8.0,-8.5,3.0,-7.75,88.0,65.25
2025_05_29,1,54.5,44,-98.25,1.5,1.5,2.75,10.5,17.75,17.75,15.25,12.25,-8.0
2025_05_29,1,25.25,7,-127.5,10.75,10.75,10.75,8.75,8.75,0.25,-14.0,-17.0,-37.25
2025_05_29,-1,115.0,69,-18.25,-18.25,-18.25,-18.25,-18.25,-18.25,-18.25,84.5,73.25,52.5
2025_05_29,-1,107.75,54,-8.0,-4.5,-4.5,-4.5,0.75,0.75,0.75,77.25,66.0,45.25
2025_05_29,1,47.5,71,-34.0,-6.75,-6.75,-6.75,-7.25,-7.25,-19.0,-19.0,-23.75,13.25
2025_05_29,1,54.25,50,-27.25,-17.0,-17.0,-17.0,-17.0,-17.0,-17.0,-22.25,7.75,20.0
2025_05_29,1,43.75,20,-7.75,-4.25,-6.75,0.75,14.5,23.75,23.75,-2.75,-2.75,9.5
2025_05_29,1,20.25,3,-21.0,15.0,5.5,5.5,5.5,1.25,-4.0,-20.25,-20.25,-3.75
2025_05_29,-1,-0.0,0,-15.25,-10.5,-10.5,-10.5,-13.25,-15.25,-15.25,-15.25,-15.25,-15.25
2025_05_30,-1,286.5,203,-57.0,24.5,48.5,48.5,36.75,36.75,36.75,66.5,66.5,52.25
2025_05_30,1,100.75,352,-242.75,10.0,10.0,43.25,39.75,47.25,44.0,37.0,27.25,10.5
2025_05_30,-1,262.25,102,-81.25,-12.25,-12.25,-12.25,-12.25,-6.25,-6.25,-16.75,-25.75,185.0
2025_05_30,1,55.5,267,-288.0,2.0,-34.75,-34.75,-34.75,-34.75,-34.75,-34.75,-34.75,-55.5
2025_05_30,-1,224.75,73,-118.75,-7.75,-7.75,-10.75,-10.75,-21.25,-21.25,-26.75,-39.25,147.5
2025_05_30,1,294.75,173,0.0,39.75,39.75,39.75,39.75,36.25,27.75,20.0,228.75,234.0
2025_05_30,1,256.75,152,-15.75,-15.75,-15.75,-15.75,-15.75,-15.75,11.5,9.5,190.75,196.0
2025_05_30,1,218.0,126,-29.25,-2.75,-2.75,-9.5,-9.5,-14.0,-19.75,-29.25,152.0,157.25
2025_05_30,1,78.0,43,-4.5,-4.5,21.0,17.5,14.75,16.0,16.0,16.0,12.0,17.25
2025_05_30,-1,19.5,36,-61.25,-9.25,-9.25,-9.25,-19.25,-19.25,-27.25,-38.0,-48.25,-61.25
2025_05_30,1,42.0,21,-38.75,-2.0,-2.0,-2.0,-2.0,-2.0,-2.0,-17.5,-24.0,-18.75
2025_05_30,1,56.5,2,-24.25,35.75,35.75,35.75,35.75,35.75,35.75,2.5,2.5,-4.25
2025_05_30,1,0.0,0,-80.75,-20.75,-20.75,-20.75,-20.75,-20.75,-20.75,-54.0,-54.0,-60.75
2025_05_30,-1,61.0,8,-0.0,54.5,44.75,44.75,44.75,44.75,39.25,37.5,37.5,37.5
2025_05_30,-1,-0.0,0,-29.5,-16.25,-16.25,-16.25,-16.25,-16.25,-21.75,-23.5,-23.5,-23.5
2025_06_02,1,153.25,400,-170.5,21.25,21.25,21.25,21.25,21.25,21.25,8.25,-1.0,-27.0
2025_06_02,1,187.25,386,-136.5,-13.0,-13.0,-13.0,-13.0,-40.25,-40.25,-40.25,-40.25,-61.25
2025_06_02,-1,75.25,7,-248.5,-9.75,-9.75,-9.75,-17.25,-17.25,-22.75,40.25,17.5,5.75
2025_06_02,-1,13.0,1,-285.75,-31.5,-31.5,-31.5,-31.5,-31.5,-31.5,-31.5,-31.5,-63.0
2025_06_02,1,222.75,353,0.0,6.75,6.75,6.75,39.0,39.0,39.0,18.75,18.75,222.75
2025_06_02,-1,11.25,5,-197.5,-6.25,-6.25,-7.75,-7.75,-7.75,-12.5,-28.0,-36.75,-57.0
2025_06_02,1,132.75,256,-27.5,-10.75,-10.75,-10.75,-10.75,-17.25,-17.25,-27.5,-8.0,132.75
2025_06_02,-1,-0.0,0,-143.5,-11.25,-11.25,-11.25,-15.5,-30.0,-30.0,-30.0,-45.75,-67.25
2025_06_02,1,113.5,201,-27.25,-5.5,-7.75,-8.5,-3.0,-3.0,-3.0,-11.75,-27.25,113.5
2025_06_02,-1,-0.0,0,-127.0,-8.75,-8.75,-8.75,-12.5,-21.5,-21.5,-35.75,-43.25,-65.0
2025_06_02,1,76.25,115,0.0,10.0,8.25,11.25,7.5,4.0,25.0,13.25,76.25,76.25
2025_06_02,-1,12.25,11,-50.75,-0.5,-0.5,-0.5,-8.25,-8.25,-9.0,-20.75,-31.75,-50.75
2025_06_02,-1,-0.0,0,-60.75,-4.0,-8.0,-8.0,-19.0,-19.0,-26.75,-30.75,-41.75,-60.75
2025_06_02,1,18.0,7,0.0,18.0,18.0,18.0,18.0,18.0,18.0,18.0,18.0,18.0
2025_06_03,-1,18.0,7,-217.75,-5.0,9.25,9.25,-17.5,-17.5,-17.5,-17.5,-28.25,-50.25
2025_06_03,-1,8.5,5,-227.25,-5.25,-0.25,-0.25,-27.0,-27.0,-27.0,-27.0,-37.75,-59.75
2025_06_03,1,180.0,212,-8.25,-8.25,-8.25,-8.25,10.0,9.25,9.25,9.25,9.25,99.25
2025_06_03,-1,-0.0,0,-168.5,-5.5,-15.5,-15.5,-15.5,-16.0,-24.25,-30.5,-40.5,-66.25
2025_06_03,1,148.25,171,-18.25,-7.0,-7.0,-11.0,-14.0,-18.25,51.5,118.0,106.5,67.5
2025_06_03,-1,86.75,28,-7.5,-5.75,-5.75,-5.75,-5.75,37.75,65.0,55.75,46.75,24.0
2025_06_03,1,26.25,78,-27.75,-4.25,-6.0,-6.0,-6.0,-6.0,-5.25,-14.5,-21.75,-17.25
2025_06_03,1,12.0,60,-42.0,-4.0,-2.5,-7.25,-8.5,-15.0,-19.5,-28.75,-36.0,-31.5
2025_06_03,-1,23.25,22,-30.75,-1.25,-1.25,-1.25,3.0,-2.0,-6.25,-18.0,-30.75,12.75
2025_06_03,1,0.0,0,-54.0,-4.25,-19.5,-19.5,-19.5,-19.5,-38.5,-38.5,-42.5,-43.5
2025_06_03,-1,0.5,2,-10.75,-10.75,-10.75,-10.75,-7.0,-7.0,-7.0,-7.0,-7.0,-7.0
2025_06_04,1,44.25,310,-97.75,25.5,19.25,19.25,2.25,2.25,2.25,-12.5,-12.5,-31.75
2025_06_04,1,23.5,295,-118.5,-9.5,-9.5,-9.5,-33.25,-33.25,-33.25,-33.25,-52.5,-73.25
2025_06_04,-1,82.75,7,-59.25,54.75,54.75,54.75,54.75,54.75,54.75,28.25,28.25,9.0
2025_06_04,1,81.25,268,-8.25,1.25,1.25,1.25,-6.5,-6.5,8.75,-2.25,22.0,2.5
2025_06_04,1,49.5,189,-40.0,10.75,10.75,-9.75,-9.75,-9.75,-9.75,-9.75,-22.5,-40.0
2025_06_04,-1,12.5,2,-77.0,2.75,2.75,2.75,-8.5,-8.5,-8.5,-17.5,-28.25,-48.5
2025_06_04,-1,6.75,188,-43.5,-4.0,-4.0,-7.5,-13.25,-15.0,-18.25,-28.5,-42.5,-1.75
2025_06_04,1,36.0,103,-14.25,4.25,10.75,8.5,3.5,3.0,13.25,3.75,-7.0,-5.75
2025_06_04,-1,36.5,78,-11.0,2.25,2.25,2.25,-3.75,-11.0,-11.0,28.0,28.0,28.0
2025_06_05,1,123.0,146,-278.25,-6.5,-6.5,-6.75,-6.75,-8.25,-24.75,-24.75,-50.5,-64.25
2025_06_05,-1,286.25,351,-115.0,31.75,31.75,31.75,31.75,31.75,31.75,16.25,16.25,40.0
2025_06_05,-1,271.25,348,-130.0,16.75,16.75,16.75,16.75,16.75,16.75,1.25,1.25,25.0
2025_06_05,-1,237.75,319,-163.5,38.75,38.75,38.75,38.75,24.5,24.5,21.5,4.25,-8.5
2025_06_05,1,134.25,92,-267.0,1.75,1.75,-7.5,-7.5,-7.5,-7.5,-41.5,-41.5,-59.5
2025_06_05,-1,236.5,288,-164.75,-25.75,-25.75,-25.75,-25.75,-25.75,-25.75,-37.0,-73.25,-73.25
2025_06_05,1,89.0,75,-312.25,-5.25,0.75,0.75,0.75,0.75,0.75,-20.75,-20.75,15.0
2025_06_05,-1,370.25,194,-0.0,49.75,49.75,49.75,49.75,46.0,31.0,31.0,169.0,153.5
2025_06_05,1,49.0,33,-216.75,22.5,22.5,22.5,30.5,30.5,23.5,7.0,7.0,-12.25
2025_06_05,1,11.0,18,-254.75,-1.75,-1.75,-0.5,-7.5,-7.5,-14.5,-31.0,-31.0,-50.25
2025_06_05,-1,223.75,89,-3.25,4.25,4.25,4.25,49.25,98.25,75.75,75.75,75.75,56.0
2025_06_05,1,26.25,10,-187.25,-4.25,-7.25,2.0,2.0,2.0,2.0,-8.0,-20.75,-35.75
2025_06_05,-1,166.25,25,-5.75,-5.75,145.25,138.0,138.0,148.75,106.5,106.5,106.5,101.75
2025_06_05,-1,60.5,45,-67.0,-5.0,-13.25,-13.25,-13.25,-20.0,-20.0,-43.0,-43.0,-63.25
2025_06_05,1,47.0,3,-80.5,35.25,35.25,35.25,17.5,17.5,17.5,14.75,2.5,-19.0
2025_06_05,-1,95.25,32,-18.0,-11.0,-11.0,-11.0,-11.0,-16.5,-18.0,14.75,14.75,95.25
2025_06_05,1,1.5,2,-111.75,-28.75,-28.75,-28.75,-28.75,-28.75,-28.75,-28.75,-50.25,-61.0
2025_06_05,1,19.0,7,-61.5,-10.75,-10.75,-10.75,-15.25,-15.25,-22.25,-28.25,-61.5,-61.5
2025_06_05,-1,33.25,17,-47.25,-18.25,-18.25,-18.25,-18.25,-18.25,-47.25,-47.25,-47.25,33.25
2025_06_06,1,76.75,303,-62.5,-0.5,-0.5,-0.5,-9.25,-9.25,-12.0,31.75,23.75,-0.75
2025_06_06,1,44.5,271,-94.75,-5.0,3.75,3.75,3.75,-6.0,-6.0,-33.0,-33.0,-45.25
2025_06_06,1,35.0,266,-104.25,-5.75,-5.75,-5.75,-5.75,-15.5,-15.5,-42.5,-42.5,-54.75
2025_06_06,1,48.75,248,-90.5,-5.25,-28.75,-28.75,-28.75,-28.75,-28.75,-34.25,-10.5,-41.0
2025_06_06,-1,56.25,146,-83.0,-1.75,-11.75,-11.75,-11.75,-23.5,-23.5,-32.75,-47.25,-57.75
2025_06_06,1,39.75,231,-99.5,-6.75,-6.75,1.75,-7.0,-7.0,-8.5,-6.25,-19.5,-50.0
2025_06_06,-1,42.25,96,-97.0,8.5,-12.75,-12.75,-12.75,-12.75,-12.75,-17.75,-30.75,-52.0
2025_06_06,1,69.75,172,-69.5,-5.0,14.0,14.0,14.0,-5.25,-5.25,-5.25,-14.0,-39.25
2025_06_06,1,54.0,144,-85.25,-6.5,-6.5,-6.5,-6.5,-6.5,-17.0,-22.5,-29.75,-55.0
2025_06_06,-1,72.25,32,-67.0,7.5,12.5,12.5,28.5,53.25,46.75,36.0,23.75,6.75
2025_06_06,1,90.75,75,0.0,19.75,16.75,11.75,11.75,63.75,63.75,56.75,49.0,29.75
2025_06_06,-1,52.75,72,-14.0,-8.25,-8.25,-8.25,-9.25,-14.0,18.5,36.5,36.5,36.5
2025_06_06,1,8.75,8,-29.5,-13.75,-13.75,-13.75,-13.75,-9.5,-12.25,-22.0,-13.25,-13.25
2025_06_06,-1,17.0,11,-21.25,-6.5,-6.5,-8.0,-20.0,-20.0,-20.0,0.75,0.75,0.75
2025_06_09,1,78.0,183,-17.0,-0.25,-0.25,-0.25,-1.5,-17.0,-17.0,44.0,33.75,13.25
2025_06_09,1,59.25,163,-25.0,19.75,19.75,29.5,41.5,34.75,34.75,25.25,15.0,-5.5
2025_06_09,-1,62.0,343,-22.25,-5.25,-18.0,-18.0,-18.0,-18.0,0.5,10.5,3.0,-18.75
2025_06_09,1,10.75,135,-73.5,-1.75,-1.75,-7.0,-7.0,-13.75,-23.25,-31.25,-35.25,-54.75
2025_06_09,-1,45.25,318,-39.0,2.5,1.0,-5.75,-5.75,-9.25,-16.25,-6.25,-13.75,-35.5
2025_06_09,-1,29.75,294,-54.5,-7.75,-7.75,-7.5,-7.5,-7.5,-12.5,-21.75,-29.25,-51.0
2025_06_09,1,46.5,45,-37.75,-13.25,-13.25,-13.25,-13.25,-19.0,26.5,3.25,3.25,-17.0
2025_06_09,-1,46.75,174,-32.25,-5.5,-8.5,-8.5,-18.5,-18.5,-20.75,-30.0,43.0,43.0
2025_06_09,1,23.0,18,-56.0,15.25,17.0,11.0,11.0,6.0,1.5,-7.5,-19.25,-46.5
2025_06_09,1,7.75,3,-70.0,1.25,1.25,-1.0,-4.5,-11.0,-12.25,-23.0,-33.25,-60.5
2025_06_09,-1,61.5,56,-3.0,4.25,3.0,-3.0,-3.0,9.0,9.0,57.75,57.75,57.75
2025_06_09,-1,36.0,18,-3.25,-3.25,20.0,32.25,32.25,32.25,32.25,32.25,32.25,32.25
2025_06_10,-1,81.5,123,-131.0,6.75,6.75,6.75,13.0,13.0,7.0,-3.75,-25.5,-33.0
2025_06_10,-1,58.25,118,-154.25,-10.25,-10.25,-10.25,-16.25,-16.25,-27.0,-48.75,-48.75,-10.0
2025_06_10,1,133.0,318,-79.5,9.0,9.0,4.25,1.25,-1.25,6.75,1.25,-20.25,-56.5
2025_06_10,-1,75.25,33,-137.25,-14.25,-14.25,-14.25,-14.25,-19.0,-23.0,42.0,34.75,7.0
2025_06_10,-1,59.25,2,-153.25,42.25,42.25,42.25,42.25,42.25,30.25,26.0,18.75,-9.0
2025_06_10,1,112.0,194,-35.75,20.25,20.25,15.75,15.75,22.25,25.0,21.5,12.0,-25.5
2025_06_10,-1,57.25,34,-90.5,7.25,16.75,16.75,12.75,10.0,34.75,24.25,16.75,-11.0
2025_06_10,1,111.25,43,-2.0,-1.5,-2.0,68.75,68.75,93.25,83.25,68.25,68.25,45.25
2025_06_10,-1,35.25,35,-14.5,-10.0,-10.0,-10.0,-13.0,10.0,13.0,1.25,-8.75,13.25
2025_06_10,1,6.75,3,-20.0,-12.5,-12.5,-12.5,-12.5,-12.5,-13.25,-15.25,-15.25,-15.25
2025_06_10,-1,14.75,13,-0.0,7.0,10.0,10.0,10.0,10.0,10.0,10.0,10.0,10.0
2025_06_11,-1,206.25,286,-50.5,26.0,26.0,26.0,26.0,29.5,24.75,19.0,36.25,23.25
2025_06_11,1,77.5,62,-179.25,-4.25,-3.75,42.0,49.75,48.75,48.75,11.5,11.5,11.5
2025_06_11,-1,190.75,187,-44.5,-22.0,-22.0,-22.0,-22.0,-22.0,-22.0,-32.75,-42.5,6.5
2025_06_11,-1,196.0,154,-13.5,1.0,-9.5,-9.5,-9.5,1.0,-6.75,-13.5,34.75,11.75
2025_06_11,-1,192.5,62,-9.75,-3.75,-3.75,-5.25,-9.75,20.5,118.5,112.75,150.75,124.0
2025_06_11,-1,39.5,63,-42.5,-9.0,-9.0,-9.0,-22.75,-22.75,-22.75,-31.75,-40.5,-22.75
2025_06_11,1,10.75,10,-71.25,-5.75,-8.5,-8.5,-13.75,-13.25,-13.25,-30.75,-30.75,-53.75
2025_06_11,-1,40.5,39,-24.75,-4.25,-4.25,-4.25,-4.25,-4.25,7.75,3.5,0.5,-21.75
2025_06_11,1,7.0,9,-2.25,7.0,7.0,7.0,7.0,7.0,7.0,7.0,7.0,7.0
2025_06_12,1,111.25,92,-21.0,-17.25,-17.25,-17.25,-17.25,-17.25,-19.75,-10.75,-15.0,50.0
2025_06_12,-1,25.5,32,-45.75,-4.25,-9.0,-9.0,13.25,2.5,2.5,-9.75,-14.5,-35.5
2025_06_12,-1,0.75,18,-70.5,-10.0,-10.0,-10.0,-15.75,-21.25,-21.25,-34.5,-39.25,-60.25
2025_06_12,1,24.75,96,-39.5,-14.0,-14.0,-14.0,-14.0,-29.0,-29.0,-17.75,-17.25,-36.5
2025_06_12,-1,22.25,174,-42.0,-5.75,-5.75,-15.75,-15.75,-15.75,-20.25,-37.0,-41.25,-4.25
2025_06_12,1,14.0,26,-50.25,-5.5,-7.5,-7.5,-14.75,-2.75,-8.5,-17.75,-29.5,-47.25
2025_06_12,1,4.25,75,-44.0,-5.0,-8.75,-8.75,-12.0,-23.25,-23.25,-33.25,-41.0,-17.5
2025_06_12,-1,24.75,88,-23.5,6.75,6.75,5.5,-5.75,-5.75,-6.5,-11.25,-18.25,-1.75
2025_06_12,1,0.5,2,-47.75,-9.75,-9.75,-9.75,-18.25,-18.25,-21.5,-30.75,-40.0,-21.25
2025_06_12,-1,21.75,22,-18.75,-6.75,-6.75,8.5,8.5,-0.75,-0.75,-13.5,-18.75,-4.75
2025_06_12,-1,-0.0,0,-18.75,-13.5,-13.5,-13.5,-13.5,-18.75,-4.75,-4.75,-4.75,-4.75
2025_06_12,1,2.25,5,-8.5,-6.0,-6.0,-7.0,-8.5,-8.5,-8.5,-8.5,-8.5,-8.5
2025_06_13,1,94.25,163,-145.5,-4.25,-4.25,-4.25,-14.75,-14.75,-14.75,-13.0,-23.25,-67.25
2025_06_13,-1,81.0,334,-158.75,-1.5,-1.5,-1.5,-4.25,-6.25,14.0,34.5,26.25,-10.25
2025_06_13,1,148.5,99,-91.25,19.75,14.75,14.75,4.5,4.5,4.5,-8.75,104.75,84.5
2025_06_13,1,3.75,1,-236.0,-3.25,-3.25,-16.5,-16.5,-16.5,-16.5,-27.25,-40.0,-60.25
2025_06_13,-1,208.75,196,-23.5,-5.0,-7.0,-8.25,-1.25,-1.25,-1.25,-11.25,-21.75,139.5
2025_06_13,-1,194.5,158,-2.25,13.25,4.25,4.25,4.25,29.75,11.25,11.25,2.25,125.25
2025_06_13,-1,186.0,140,-3.75,20.25,8.0,8.0,8.0,8.0,14.75,3.5,-3.75,116.75
2025_06_13,1,0.0,0,-186.0,-30.0,-30.0,-30.0,-30.0,-30.0,-30.0,-30.0,-46.5,-62.75
2025_06_13,-1,134.5,96,-5.5,1.0,-5.5,-5.5,15.5,15.5,96.25,96.25,82.0,65.25
2025_06_13,1,33.5,16,-37.0,13.25,13.25,-4.5,-4.5,-4.5,-4.5,-10.25,-12.0,-30.75
2025_06_13,-1,18.0,20,-48.75,-7.0,-7.0,-7.0,-17.25,-17.25,-18.5,-28.25,-28.25,-48.75
2025_06_16,1,153.75,114,0.0,3.5,3.5,3.5,3.5,3.0,3.0,3.0,109.5,93.25
2025_06_16,-1,49.25,226,-28.0,-0.25,-0.25,-0.25,-10.0,-10.0,-13.0,-26.0,-9.0,21.75
2025_06_16,1,7.75,4,-69.5,-0.5,-0.5,-2.0,-20.0,-20.0,-20.0,-25.25,-36.5,-52.75
2025_06_16,-1,33.0,176,-30.25,2.5,-8.5,-8.5,-8.5,-8.5,-10.75,-13.75,-25.25,5.5
2025_06_16,1,20.0,71,-43.25,-3.75,-10.25,-10.25,-10.25,-15.5,-21.0,-29.0,-24.0,-41.5
2025_06_16,-1,22.25,144,-41.0,-7.5,-7.5,-3.0,-3.5,-3.5,-9.5,-24.5,-36.0,-5.25
2025_06_16,1,30.0,35,-33.25,-6.25,-6.25,-13.5,-13.5,-18.75,-22.25,-1.25,-14.0,-31.5
2025_06_16,1,16.5,5,-46.75,-4.0,10.0,6.0,-1.25,-1.25,-3.5,-14.75,-27.5,-45.0
2025_06_16,-1,48.0,74,-2.75,-2.75,-2.75,-1.25,15.0,12.0,24.0,17.25,20.5,20.5
2025_06_16,1,0.0,0,-50.75,-4.75,-9.5,-9.5,-12.75,-18.75,-20.25,-31.5,-42.0,-23.25
2025_06_16,-1,29.0,54,-10.75,0.25,0.25,0.25,-4.0,-7.0,5.0,-1.75,1.5,1.5
2025_06_16,-1,4.75,1,-32.25,-10.0,-10.0,-10.0,-10.0,-14.0,-24.25,-26.25,-20.0,-20.0
2025_06_16,1,12.75,16,-23.75,-15.0,-15.0,-15.0,-15.0,-15.0,-16.75,0.5,0.5,0.5
2025_06_17,1,32.25,104,-171.5,-13.5,-13.5,-13.5,-13.5,-17.75,-26.25,-43.75,-43.75,-61.75
2025_06_17,-1,109.75,298,-94.0,-6.75,-6.75,-20.0,-20.0,-20.0,-20.0,-34.75,-49.0,-61.75
2025_06_17,1,35.0,75,-168.75,-4.25,-15.0,-15.0,-15.0,-16.75,6.75,-9.75,-10.25,-26.75
2025_06_17,-1,166.0,246,-37.75,-4.75,-4.75,-4.75,-7.25,-12.75,-12.75,-16.0,-31.0,105.5
2025_06_17,-1,163.0,193,-39.0,-16.0,-16.0,-16.0,-16.0,-16.0,-23.0,-29.25,-39.0,102.5
2025_06_17,1,19.5,5,-178.75,10.5,10.5,10.5,6.0,-0.25,-7.25,-20.75,-20.75,-46.75
2025_06_17,-1,175.25,120,-2.5,13.25,7.75,7.75,69.25,58.0,58.0,52.0,132.5,114.75
2025_06_17,-1,98.0,97,-29.5,-10.75,-10.75,-10.75,-16.5,-16.5,-21.75,-19.75,55.25,37.5
2025_06_17,-1,44.25,44,-20.0,13.5,13.5,13.5,13.5,13.5,3.0,-1.5,1.5,-16.25
2025_06_17,1,29.0,62,-35.25,-9.75,-9.75,-9.75,-14.0,-20.0,-20.0,-30.5,-14.0,-10.0
2025_06_17,-1,4.75,1,-59.5,-3.25,-3.25,-3.25,-13.25,-13.25,-19.25,-30.25,-38.0,-55.75
2025_06_17,1,21.5,40,-21.5,-1.25,-1.25,-1.25,-9.0,-9.0,-17.75,-9.0,-21.5,-17.5
2025_06_18,-1,83.5,330,-109.5,32.5,32.5,32.5,32.5,32.5,28.75,19.0,7.5,-11.25
2025_06_18,1,103.25,35,-89.75,-6.75,-6.75,35.75,72.75,82.0,82.0,71.25,61.5,41.5
2025_06_18,-1,167.75,233,-8.5,7.5,8.5,8.5,3.25,2.5,2.5,-8.5,70.75,52.75
2025_06_18,-1,145.25,197,-31.0,-6.25,-6.25,-10.0,-15.5,-20.0,-20.0,-31.0,48.25,30.25
2025_06_18,1,39.25,2,-121.25,21.25,21.25,21.25,21.25,21.25,-20.5,-20.5,-20.5,-44.5
2025_06_18,-1,111.25,57,-47.0,25.0,25.0,25.0,11.25,11.25,11.25,0.25,-12.25,-26.5
2025_06_18,-1,102.25,25,-56.0,-13.5,-13.5,-13.5,-13.5,-32.0,-32.0,-32.0,-50.75,25.5
2025_06_18,1,19.0,2,-139.25,13.75,9.0,9.0,-13.75,-13.75,-13.75,-13.75,-21.5,-45.0
2025_06_18,-1,94.25,8,-13.25,16.75,82.0,82.0,82.0,69.0,69.0,39.5,39.5,17.5
2025_06_18,-1,31.5,24,-54.25,15.0,15.0,5.0,5.0,5.0,-23.5,-23.5,-23.5,-35.5
2025_06_18,-1,12.5,20,-73.25,-4.0,-14.0,-14.0,-14.0,-42.5,-42.5,-42.5,-42.5,-54.5
2025_06_18,1,26.25,8,-59.5,-6.25,-6.25,-24.0,-24.0,-24.0,-24.0,-6.25,-29.25,-54.5
2025_06_18,-1,-0.0,0,-80.5,-16.5,-16.5,-16.5,-16.5,-16.5,-32.0,-32.0,-40.0,-61.5
2025_06_18,1,20.0,2,-39.75,6.25,6.25,6.25,6.25,-3.75,-3.75,-15.25,-23.5,-18.5
2025_06_18,1,8.0,1,-12.5,-5.5,-5.5,-5.5,-5.5,-8.25,-12.5,-1.0,-1.0,-1.0
2025_06_19,-1,115.0,17,-0.0,35.5,35.5,35.5,88.75,88.75,88.75,84.5,75.0,53.25
2025_06_19,-1,23.0,87,-37.5,3.0,3.0,3.0,3.0,-7.25,-7.25,-14.25,-27.0,-37.5
2025_06_19,-1,23.25,25,-37.25,4.75,4.75,-0.0,-6.5,-6.5,-11.0,-20.0,-17.5,-37.25
2025_06_19,1,5.25,4,-30.5,-6.5,-6.5,-6.5,-8.5,-12.5,-16.5,-30.5,-5.75,-5.75
2025_07_01,1,43.25,44,-196.5,2.5,2.5,2.5,0.0,-12.5,-12.5,-18.75,-18.75,-27.25
2025_07_01,1,42.25,30,-197.5,22.25,22.25,17.5,17.5,10.0,6.25,-19.75,-19.75,-28.25
2025_07_01,-1,187.75,51,-0.0,25.0,25.0,25.0,21.25,16.0,79.5,77.75,140.5,124.25
2025_07_01,-1,-0.0,0,-125.75,-10.0,-10.0,-10.0,-20.5,-20.5,-20.5,-35.0,-41.0,-73.5
2025_07_01,1,76.75,90,-22.25,-1.75,-1.75,-1.75,14.25,37.5,24.75,24.75,36.75,-4.0
2025_07_01,1,45.0,53,-54.0,-4.25,21.0,18.25,15.5,10.0,10.0,14.0,5.0,-35.75
2025_07_01,1,4.0,1,-84.0,0.0,-8.0,-8.0,-8.0,-17.25,-17.25,-27.25,-38.5,-65.75
2025_07_01,-1,67.75,22,-9.75,-9.75,-9.75,-9.75,46.5,46.5,46.5,37.25,27.75,6.25
2025_07_01,1,22.5,27,-37.0,3.25,9.5,-4.0,-4.0,-4.0,-8.5,-15.25,-29.0,-34.25
2025_07_01,-1,25.5,35,-34.0,-5.75,-1.75,-6.5,-11.25,-17.0,-17.0,-32.0,22.75,22.75
2025_07_01,1,0.0,0,-59.5,-10.75,-10.75,-10.75,-17.25,-17.25,-20.0,-31.0,-51.5,-56.75
2025_07_01,-1,11.25,10,-0.0,8.5,8.5,8.5,8.5,8.5,8.5,8.5,8.5,8.5
2025_07_02,1,149.25,379,-13.75,-13.75,-13.75,-13.75,-13.75,3.75,74.0,74.0,130.5,130.5
2025_07_02,1,33.0,310,-17.0,-4.75,3.5,-1.5,-1.5,-8.25,-17.0,-9.25,14.25,14.25
2025_07_02,-1,0.75,12,-42.25,-6.5,-6.5,-8.5,-13.25,-15.5,-26.25,-29.25,-42.25,-23.5
2025_07_02,1,11.0,213,-28.75,-15.25,-15.25,-15.25,-15.25,-18.25,-17.75,-26.0,-7.75,-7.75
2025_07_02,-1,10.25,19,-29.5,-1.0,-1.0,-1.0,-8.0,-9.5,-10.5,-20.25,-10.75,-10.75
2025_07_02,-1,5.75,32,-29.0,-6.5,-6.5,-6.5,-8.5,-23.25,-23.25,-25.5,-10.25,-10.25
2025_07_02,1,0.0,0,-7.25,-5.25,-7.0,-6.75,-6.75,-6.75,-6.75,-6.75,-6.75,-6.75
2025_07_03,1,137.75,118,-1.75,3.0,3.0,3.0,87.75,85.75,79.0,103.75,97.0,73.25
2025_07_03,-1,50.0,56,-4.5,-4.5,-1.75,3.25,25.25,21.25,15.75,24.25,24.25,24.25
2025_07_04,1,17.5,51,-26.25,-6.0,-6.0,-6.0,-11.5,-11.5,-13.25,-12.5,-23.5,-21.0
2025_07_04,-1,16.75,98,-19.75,-1.25,-4.0,-8.75,-9.25,-17.5,-17.5,11.5,11.5,11.5
2025_07_04,1,5.5,6,-31.0,-1.25,-1.25,-2.75,-6.5,-16.0,-16.0,-26.5,-25.75,-25.75
2025_07_04,-1,3.25,10,-6.75,-6.75,-6.75,-2.0,-2.0,-2.0,-2.0,-2.0,-2.0,-2.0
2025_07_07,1,0.25,21,-184.25,-12.0,-12.0,-12.0,-12.0,-18.5,-48.0,-48.0,-48.0,-60.25
2025_07_07,-1,142.5,294,-42.0,-18.0,-18.0,-18.0,-18.0,-18.0,-20.5,-32.5,-42.0,-20.5
2025_07_07,1,14.5,27,-159.0,-9.0,-9.0,-9.0,-20.0,-20.0,-20.0,-32.0,-26.25,-54.25
2025_07_07,-1,147.0,266,-26.5,-5.75,-5.75,-5.75,6.5,-2.0,-2.0,-8.5,-26.0,-16.0
2025_07_07,-1,139.75,234,-30.75,-5.0,-5.0,-5.0,-6.75,21.5,18.0,8.5,-0.25,-23.25
2025_07_07,1,34.25,39,-136.25,-0.75,-4.0,-8.0,-16.5,-16.5,-16.5,-6.5,-6.5,-42.75
2025_07_07,1,49.0,28,-121.5,2.5,2.5,0.5,35.25,8.25,8.25,8.25,8.25,-28.0
2025_07_07,-1,93.5,129,-41.5,8.25,8.25,8.25,8.25,8.25,-7.75,-7.75,-13.75,-41.5
2025_07_07,1,5.75,41,-115.75,-3.25,-3.25,-20.25,-20.25,-20.25,-20.25,-30.25,-38.0,-60.25
2025_07_07,-1,78.75,92,-42.75,-15.75,-15.75,-15.75,-15.75,-14.0,-25.75,-27.5,-42.75,18.5
2025_07_07,-1,90.25,89,-31.25,2.0,2.0,2.0,2.0,-2.5,-14.25,-16.0,-31.25,30.0
2025_07_07,-1,97.0,64,-15.0,10.75,-15.0,-15.0,-15.0,-15.0,-15.0,-15.0,56.5,36.75
2025_07_07,1,32.0,71,-9.5,1.5,19.75,19.75,15.25,15.25,4.5,-0.25,-9.5,5.75
2025_07_07,-1,8.0,14,-33.5,-9.5,-9.5,-9.5,-9.5,-11.5,-18.25,-30.75,-33.5,-7.25
2025_07_07,-1,29.75,16,-2.75,-1.5,-1.5,-1.5,23.5,23.5,23.5,23.5,23.5,23.5
2025_07_07,1,6.5,1,-24.75,-15.25,-15.25,-15.25,-15.25,-15.25,-15.25,-23.75,-18.5,-18.5
2025_07_08,-1,89.25,85,-24.25,23.5,23.5,23.5,24.0,16.0,16.0,38.0,38.0,11.25
2025_07_08,1,37.75,111,-75.75,4.0,4.0,4.0,4.0,-9.0,-9.0,-20.5,-25.75,-66.0
2025_07_08,-1,9.75,3,-103.75,-7.5,-7.5,-2.5,-2.5,-12.75,-12.75,-33.5,-33.5,-60.0
2025_07_08,-1,12.0,7,-84.25,-0.5,-0.5,-0.5,-2.5,-9.75,-9.75,-18.5,-31.25,-53.25
2025_07_08,1,70.0,38,-13.75,5.5,5.0,1.75,55.75,47.25,47.25,39.5,9.75,9.75
2025_07_08,-1,37.25,186,-28.75,-16.0,-16.0,-16.0,-16.0,-16.0,4.75,-2.0,-11.75,10.0
2025_07_08,1,15.25,68,-50.75,-10.5,-10.5,-10.5,-14.75,-20.0,-20.0,-38.25,-43.75,-48.75
2025_07_08,-1,7.0,144,-59.0,-11.5,-11.5,-11.5,-16.0,-16.0,-25.5,-32.25,-42.0,-20.25
2025_07_08,-1,25.0,137,-41.0,-14.25,-14.25,-14.25,-14.25,-18.75,-16.25,-24.0,-36.0,-2.25
2025_07_08,1,36.75,27,-29.25,-7.0,-7.0,-10.5,19.5,19.5,16.5,0.75,-6.5,-27.25
2025_07_08,1,0.0,0,-55.5,-6.75,-6.75,-8.5,-14.5,-17.0,-25.5,-32.75,-46.0,-28.25
2025_07_08,-1,45.75,80,-2.75,11.75,9.0,9.0,6.25,1.25,23.25,14.75,18.5,18.5
2025_07_08,-1,27.5,60,-5.5,-4.25,-4.25,-4.25,5.5,9.0,5.0,-3.5,0.25,0.25
2025_07_08,1,13.5,4,0.0,8.0,7.0,4.5,9.75,9.75,9.75,9.75,9.75,9.75
2025_07_08,-1,6.5,10,-2.5,-2.0,-2.0,-2.0,1.25,1.25,1.25,1.25,1.25,1.25
2025_07_09,1,20.5,11,-159.5,-4.25,-6.5,-6.5,4.75,0.0,0.0,-11.75,-30.75,-58.0
2025_07_09,1,1.5,2,-178.5,-2.5,-14.25,-14.25,-14.25,-19.0,-19.0,-30.75,-49.75,-77.0
2025_07_09,-1,150.0,51,-0.0,61.75,61.75,61.75,61.75,83.0,83.0,69.75,104.5,89.25
2025_07_09,1,80.25,289,-30.75,2.0,1.25,-2.5,-6.0,-22.5,-22.5,-22.5,76.5,76.5
2025_07_09,-1,17.75,11,-91.25,12.75,8.25,8.25,-5.25,-5.25,-5.25,-13.25,-26.75,-46.75
2025_07_09,-1,23.75,4,-67.25,18.0,10.5,10.5,10.5,7.5,3.25,-7.5,-22.75,-37.0
2025_07_09,1,39.75,99,-8.75,0.5,-2.5,-2.5,-8.75,11.75,36.0,36.0,36.0,36.0
2025_07_09,1,13.0,54,-15.0,-2.5,-5.0,-5.0,-10.25,-15.0,9.25,9.25,9.25,9.25
2025_07_09,1,8.75,3,0.0,5.0,5.0,5.0,5.0,5.0,5.0,5.0,5.0,5.0
2025_07_10,-1,130.25,53,-1.25,4.75,4.75,2.75,37.75,84.0,101.5,89.5,89.5,68.25
2025_07_10,1,82.5,240,-49.0,-17.5,-17.5,-17.5,-17.5,-17.5,-24.25,-49.0,-49.0,47.5
2025_07_10,1,83.0,198,-18.75,4.5,4.5,-2.5,-2.5,-18.75,-18.75,28.0,14.0,48.0
2025_07_10,1,54.0,172,-24.5,6.0,-1.75,-1.75,-1.75,11.75,11.75,-1.0,-15.0,19.0
2025_07_10,-1,18.25,2,-60.25,11.75,11.75,9.75,3.75,2.25,-1.75,-11.75,-22.0,-42.75
2025_07_10,-1,23.25,136,-26.5,-5.75,-6.25,-9.0,-12.5,-17.25,-20.0,8.5,8.5,8.5
2025_07_10,1,3.25,34,-43.5,-5.25,-6.25,-11.75,-11.75,-15.75,-19.25,-35.25,-43.5,-28.75
2025_07_10,-1,29.5,3,-0.0,20.25,20.25,20.25,16.5,8.75,8.75,14.75,14.75,14.75
2025_07_11,1,98.75,212,-44.5,-25.25,-25.25,-25.25,-25.25,-25.25,-25.25,-31.5,-44.5,20.75
2025_07_11,-1,11.25,3,-132.0,5.5,-4.75,-4.75,-4.75,-4.75,-12.0,-40.0,-40.0,-49.25
2025_07_11,1,57.5,182,-45.5,-6.5,-6.5,-7.25,-7.25,-7.25,23.0,11.25,-4.5,-20.5
2025_07_11,-1,48.75,19,-54.25,-5.25,-5.25,-5.25,-8.75,28.5,28.5,12.75,2.0,-15.0
2025_07_11,1,60.5,95,-22.75,41.5,38.75,33.5,33.5,28.25,22.75,10.5,6.25,0.0
2025_07_11,-1,40.75,187,-42.5,-18.25,-18.25,-18.25,-18.25,-18.25,-16.0,-18.0,-29.0,38.5
2025_07_11,1,32.5,34,-50.75,-4.75,-4.75,-4.75,-7.75,-11.5,-13.5,-1.25,-11.5,-28.0
2025_07_11,-1,72.75,100,-5.0,-5.0,32.5,32.5,26.75,19.25,19.25,9.5,-0.25,70.5
2025_07_11,-1,61.5,61,-16.0,-4.5,-9.75,-9.75,-12.0,-16.0,35.25,26.75,15.25,59.25
2025_07_11,-1,66.5,55,-11.0,-4.75,-1.0,-2.5,-7.0,-11.0,40.25,31.75,20.25,64.25
2025_07_11,1,8.25,4,-69.25,3.0,2.0,0.25,-5.0,-12.75,-12.75,-25.75,-34.75,-63.0
2025_07_11,-1,41.25,7,-15.5,26.75,26.75,26.75,26.75,15.0,15.0,6.5,-5.0,39.0
2025_07_11,-1,31.5,62,-23.0,-5.25,-12.5,-12.5,-12.5,-16.5,-20.0,31.5,31.5,31.5
2025_07_11,1,0.25,1,-52.25,-3.75,-10.0,-10.0,-19.0,-19.0,-21.0,-34.75,-42.25,-52.25
2025_07_11,-1,14.0,15,-4.25,-0.25,-3.0,-4.25,14.0,14.0,14.0,14.0,14.0,14.0
2025_07_14,1,116.75,244,-94.0,-12.25,-12.25,-12.25,-12.25,-12.5,-12.5,-30.75,-33.75,-69.0
2025_07_14,-1,14.5,1,-196.25,3.0,3.0,3.0,-12.75,-12.75,-12.75,-41.5,-41.5,-51.25
2025_07_14,1,150.25,216,-2.5,12.75,12.75,3.25,3.25,3.25,46.75,33.0,20.75,110.0
2025_07_14,-1,11.0,4,-125.75,4.0,4.0,-0.75,-4.25,-6.5,-13.5,-19.0,-33.5,-49.5
2025_07_14,1,76.25,161,-10.5,-10.5,-10.5,-10.5,12.25,8.75,18.75,45.75,29.25,36.0
2025_07_14,-1,30.25,107,-10.75,-0.25,-0.25,-0.25,-3.0,-8.25,8.5,23.5,23.5,23.5
2025_07_14,1,1.25,1,-33.25,-5.5,-5.5,-6.75,-11.25,-16.75,-19.75,-33.25,-26.5,-26.5
2025_07_14,-1,28.5,20,-2.25,10.75,22.5,19.25,15.5,10.75,6.75,21.75,21.75,21.75
2025_07_15,1,0.0,0,-172.0,-23.0,-23.0,-23.0,-23.0,-23.0,-23.0,-34.0,-40.5,-68.25
2025_07_15,-1,149.0,402,-22.75,5.0,5.0,-11.75,-11.75,-11.75,-11.75,-7.5,1.5,-16.5
2025_07_15,-1,127.5,388,-44.25,-13.0,-13.0,-13.0,-13.0,-16.75,-1.0,-11.25,-20.0,-38.0
2025_07_15,1,8.5,4,-163.25,2.5,2.5,-11.25,-11.25,-11.25,-21.25,-25.75,-40.75,-54.75
2025_07_15,-1,108.5,332,-47.0,-9.0,-9.0,-9.0,-19.5,-19.5,-22.75,-5.0,-8.75,-31.25
2025_07_15,1,19.75,9,-135.75,4.75,4.75,4.75,5.25,-2.25,-2.25,-16.75,-21.5,-53.75
2025_07_15,1,25.5,147,-128.25,2.25,2.25,-2.25,-2.25,-9.25,-9.25,-23.0,-27.75,-46.25
2025_07_15,-1,117.5,246,-36.25,-10.25,-10.25,-10.25,-12.75,-15.25,-7.75,16.5,6.5,-16.25
2025_07_15,1,38.5,45,-115.25,-0.25,-0.25,-3.25,26.25,17.5,17.5,5.0,-3.0,-22.75
2025_07_15,-1,125.75,99,-10.75,-10.75,-10.75,-10.75,34.0,34.0,34.0,125.75,125.75,125.75
2025_07_15,1,0.0,0,-82.0,-13.5,-13.5,-13.5,-13.5,-17.25,-31.0,-31.0,-53.5,-63.25
2025_07_15,1,0.0,0,-64.75,-13.75,-13.75,-13.75,-13.75,-36.25,-36.25,-36.25,-46.0,-61.5
2025_07_15,-1,28.5,15,-0.0,17.5,17.5,15.75,28.5,28.5,28.5,28.5,28.5,28.5
2025_07_16,1,30.0,370,-217.75,-19.0,-19.0,-19.0,-19.0,-19.0,-25.0,-39.75,-40.0,-69.5
2025_07_16,-1,192.75,124,-55.0,-11.5,-11.5,-11.5,-2.0,-2.0,66.5,45.5,45.5,13.0
2025_07_16,1,84.5,300,-163.25,-21.75,-21.75,-21.75,-21.75,-21.75,-21.75,-35.5,-35.5,-45.75
2025_07_16,-1,133.75,19,-114.0,32.0,32.0,32.0,32.0,32.0,32.0,32.0,32.0,8.75
2025_07_16,1,141.75,230,-36.5,-8.5,-8.5,-8.5,-36.5,-36.5,-36.5,-36.5,69.0,112.75
2025_07_16,-1,5.0,20,-123.0,-9.0,-9.0,-9.0,-16.25,-16.25,-25.25,-30.75,-39.5,-57.5
2025_07_16,-1,-0.0,0,-118.25,-18.5,-18.5,-18.5,-18.5,-18.5,-24.75,-34.75,-41.0,-60.75
2025_07_16,1,43.25,154,-32.25,3.0,3.0,3.0,-2.0,-8.0,-13.25,-20.5,-29.5,14.25
2025_07_16,1,58.5,120,-17.0,-5.25,-8.5,-8.5,-14.25,-14.25,-17.0,26.0,18.5,29.5
2025_07_16,-1,5.5,1,-70.0,-5.25,-5.25,-5.25,-11.25,-11.25,-15.0,-24.75,-36.0,-59.5
2025_07_16,-1,7.5,2,-39.75,3.0,-0.0,-9.5,-9.5,-9.5,-16.25,-22.75,-39.75,-10.75
2025_07_16,1,28.75,44,-11.25,2.75,2.75,2.75,-2.5,-4.5,6.75,-3.75,-11.25,-0.25
2025_07_16,1,0.5,1,-28.75,-4.25,-10.75,-10.75,-17.75,-17.75,-21.25,-17.75,-17.75,-17.75
2025_07_17,-1,9.75,4,-193.0,-2.25,-2.25,-2.25,-7.25,-6.75,-13.75,-30.75,-30.75,-53.25
2025_07_17,-1,12.0,2,-190.75,-5.0,-4.5,-4.5,-4.5,-4.5,-11.5,-28.5,-28.5,-51.0
2025_07_17,1,147.25,251,-3.75,15.75,15.75,15.75,14.5,14.5,14.5,14.5,-0.25,130.0
2025_07_17,1,111.0,207,-0.75,5.5,5.5,5.5,-0.75,59.0,55.75,80.0,93.75,93.75
2025_07_17,-1,12.0,204,-24.5,-4.5,-10.0,-10.0,-13.0,-14.0,-18.75,-7.25,-7.25,-7.25
2025_07_17,-1,16.75,118,-15.25,-0.75,5.75,5.75,2.5,-3.25,-8.75,-2.5,-2.5,-2.5
2025_07_17,-1,14.0,105,-18.0,-4.0,-4.0,-4.0,-7.5,-11.5,-17.75,-5.25,-5.25,-5.25
2025_07_17,1,0.25,29,-31.75,-4.25,-6.75,-8.25,-13.0,-17.5,-27.25,-31.75,-12.5,-12.5
2025_07_17,1,15.0,7,-16.25,0.25,0.25,0.25,0.5,-2.0,-11.75,-16.25,3.0,3.0
2025_07_17,1,6.75,14,-18.5,-6.0,-6.0,-14.0,-14.0,-18.5,0.75,0.75,0.75,0.75
2025_07_17,1,3.0,1,0.0,3.0,3.0,3.0,3.0,3.0,3.0,3.0,3.0,3.0
2025_07_18,1,7.0,2,-119.25,-2.75,-2.75,-2.75,-9.5,-9.5,-21.0,-33.5,-33.5,-58.0
2025_07_18,-1,80.25,178,-0.0,11.75,11.75,4.0,4.0,24.5,16.5,31.75,23.0,5.0
2025_07_18,1,36.0,41,-39.25,-6.0,-6.0,-8.5,-12.25,19.75,14.5,0.0,-13.5,-27.75
2025_07_18,1,11.0,182,-43.0,-2.25,-2.25,-17.25,-17.25,-17.25,-17.25,-31.5,-39.25,9.25
2025_07_18,-1,18.0,34,-36.0,-10.0,-10.0,-10.0,1.5,-1.75,-14.5,-16.25,-28.5,-34.25
2025_07_18,1,22.75,116,-14.5,11.0,4.5,4.5,3.25,-7.25,-7.25,21.0,21.0,21.0
2025_07_18,-1,3.5,4,-33.75,-2.25,-3.0,-7.75,-15.0,-15.0,-18.25,-28.25,-32.0,-32.0
2025_07_18,1,30.75,65,0.0,12.5,18.5,12.75,12.75,5.5,5.5,29.0,29.0,29.0
2025_07_18,-1,7.75,2,-23.0,3.5,-0.5,-0.5,-5.0,-9.5,-13.5,-23.0,-21.25,-21.25
2025_07_18,1,11.0,3,-15.75,3.5,3.5,-4.75,-4.75,-5.25,-10.75,9.25,9.25,9.25
2025_07_18,-1,-0.0,0,-22.5,-5.25,-8.25,-8.25,-13.25,-17.5,-21.75,-22.5,-22.5,-22.5
2025_07_18,1,5.5,19,-6.75,-4.5,-6.75,-3.5,5.5,5.5,5.5,5.5,5.5,5.5
2025_07_18,1,1.25,15,-7.75,-5.25,-7.25,1.25,1.25,1.25,1.25,1.25,1.25,1.25
2025_07_21,1,47.25,226,-45.75,3.25,-4.5,-4.5,-4.5,-2.25,22.5,14.0,-0.5,-14.75
2025_07_21,-1,53.75,289,-39.25,-5.25,-9.75,-9.75,-12.0,-17.75,-1.25,-7.25,-18.5,-37.25
2025_07_21,-1,54.0,239,-39.0,3.0,-2.5,-2.5,-4.25,6.0,-1.0,-7.0,-18.25,-37.0
2025_07_21,-1,76.0,178,-17.0,-5.75,-8.0,-8.0,-13.75,-17.0,54.75,55.75,55.75,55.75
2025_07_22,1,0.0,0,-198.5,-24.5,-24.5,-24.5,-24.5,-24.5,-24.5,-30.25,-57.0,-64.5
2025_07_22,-1,168.25,30,-19.0,-8.25,-8.25,-8.25,-14.75,-19.0,131.5,124.75,124.25,105.25
2025_07_22,1,57.75,268,-30.75,17.5,12.5,12.5,4.75,4.75,4.75,4.25,-9.0,-29.0
2025_07_22,1,27.25,243,-61.25,-6.0,-6.0,-15.5,-15.5,-15.5,-19.0,-26.25,-39.5,-59.5
2025_07_22,-1,38.25,40,-50.25,-5.25,-5.25,-5.25,-5.25,-8.5,-12.25,8.0,-7.0,-27.25
2025_07_22,-1,21.75,16,-66.75,14.25,5.0,5.0,5.0,0.25,-1.5,-8.5,-23.5,-43.75
2025_07_22,1,53.25,120,-18.5,0.5,-1.5,37.75,25.25,25.25,25.25,16.5,-18.5,-18.5
2025_07_22,-1,37.75,35,-34.0,-4.0,2.0,-8.25,-8.25,-8.25,16.0,4.25,-2.25,-23.25
2025_07_22,1,4.75,7,-53.5,-1.25,-1.25,-6.75,-7.5,-11.25,-16.0,-27.75,-51.5,-50.0
2025_07_22,1,0.0,0,-53.75,-6.25,-6.25,-10.0,-12.0,-16.75,-28.0,-30.5,-51.75,-50.25
2025_07_22,-1,38.5,17,-10.5,-7.5,-7.5,-10.5,15.75,15.75,15.75,35.0,35.0,35.0
2025_07_22,-1,23.25,13,-0.0,11.75,11.75,11.75,0.5,0.5,0.5,19.75,19.75,19.75
2025_07_23,-1,74.5,43,-177.25,20.75,20.75,18.0,3.75,3.75,3.75,-9.75,16.75,11.5
2025_07_23,1,223.5,331,-3.75,9.0,25.5,25.5,12.5,12.5,12.5,68.75,54.25,40.25
2025_07_23,-1,7.0,8,-206.25,-7.25,-7.25,-2.0,-9.0,-9.0,-14.25,-24.5,-34.0,-67.75
2025_07_23,1,141.5,256,-58.25,-13.25,-13.25,-13.25,-13.25,-27.75,-27.75,-27.75,-41.75,-58.25
2025_07_23,-1,-0.0,0,-196.25,-12.5,-12.5,-12.5,-12.5,-16.75,-20.25,-31.5,-40.5,-62.25
2025_07_23,1,174.5,203,-8.75,1.0,-1.0,-2.25,-2.0,-5.75,8.25,8.25,53.5,162.25
2025_07_23,-1,0.25,1,-148.5,-7.25,-7.25,-11.25,-12.25,-19.25,-24.25,-40.0,-40.0,-69.5
2025_07_23,1,114.0,119,-15.75,1.75,1.75,26.75,17.5,17.5,8.5,-1.5,-7.0,101.75
2025_07_23,-1,20.5,71,-109.25,-5.25,-5.5,-8.5,-12.75,4.0,-3.5,-11.5,-32.75,-84.75
2025_07_23,1,101.5,21,-7.75,-7.75,-7.75,5.5,5.5,5.5,42.0,42.0,35.75,89.25
2025_07_24,-1,55.0,46,-62.0,-10.25,-10.25,-10.25,-10.25,-3.25,-3.25,-12.0,-40.25,-40.25
2025_07_24,1,70.5,270,-46.5,-7.25,-7.25,-7.25,-19.75,-19.75,-19.75,-38.25,-38.25,38.75
2025_07_24,-1,46.75,15,-70.25,-1.5,-1.5,-1.5,-7.25,-8.75,16.5,16.5,-0.25,-16.25
2025_07_24,1,42.5,212,-34.25,-4.25,1.75,-0.5,-2.0,-3.25,1.5,-10.0,-19.5,10.75
2025_07_24,-1,21.0,17,-55.75,0.5,0.5,-1.25,-6.5,2.0,-1.75,-13.5,-20.5,-44.75
2025_07_24,1,0.75,75,-50.5,-13.25,-13.25,-13.25,-13.25,-16.0,-21.0,-31.75,-42.25,-31.0
2025_07_24,-1,16.75,123,-34.5,-6.5,-6.5,-9.0,-11.0,-18.0,-22.25,-31.25,-2.75,-2.75
2025_07_24,1,1.25,19,-50.0,-7.25,-7.25,-8.0,-13.25,-17.0,-34.25,-34.25,-41.75,-30.5
2025_07_24,-1,33.0,78,-18.0,12.0,9.0,9.0,4.0,-1.75,-2.75,-15.25,13.5,13.5
2025_07_24,-1,34.5,52,-16.5,-4.25,-8.25,-8.25,-13.75,-16.5,14.5,15.0,15.0,15.0
2025_07_24,1,9.75,6,-41.25,3.25,3.25,1.0,-4.5,-7.0,-17.25,-20.75,-33.0,-21.75
2025_07_24,-1,27.75,15,-7.25,-5.75,-7.25,-7.25,12.0,11.0,7.75,8.25,8.25,8.25
2025_07_24,-1,25.25,4,-0.0,20.75,19.25,15.25,9.5,8.5,5.25,5.75,5.75,5.75
2025_07_25,-1,22.0,7,-119.75,-14.0,-14.0,-14.0,-14.0,-20.5,-20.5,-8.25,-22.75,-40.0
2025_07_25,1,71.5,150,-14.75,-3.0,-14.75,-14.75,-14.75,-14.75,-9.5,41.25,29.75,11.5
2025_07_25,-1,42.0,191,-2.75,0.75,-2.25,-2.25,7.0,2.25,1.75,21.25,21.25,21.25
2025_07_25,1,15.0,63,-28.75,-3.75,-3.75,-3.75,-10.5,-1.75,-6.75,-16.0,-28.75,-8.0
2025_07_25,-1,23.5,121,-20.25,-7.0,-7.0,-4.0,-7.75,-11.0,-16.75,2.75,2.75,2.75
2025_07_25,-1,37.75,62,-2.5,1.0,3.0,2.0,-2.5,20.75,17.25,17.0,17.0,17.0
2025_07_25,1,4.5,8,-35.75,-0.25,-2.75,-4.0,-8.5,-13.75,-23.0,-26.25,-35.75,-15.0
2025_07_25,-1,31.75,30,-3.25,1.5,-3.0,-3.0,19.75,14.75,11.25,11.0,11.0,11.0
2025_07_25,-1,24.75,10,-3.5,10.5,17.5,16.0,12.75,7.75,4.25,4.0,4.0,4.0
2025_07_28,1,45.75,37,-40.75,-4.25,13.5,13.5,8.0,4.0,24.5,3.5,3.5,-19.75
2025_07_28,-1,60.5,58,-18.0,-5.75,-12.75,-12.75,-12.75,-18.0,34.25,30.0,18.5,-0.0
2025_07_28,-1,48.5,27,-17.5,-4.0,-10.0,-10.0,34.0,31.25,22.25,18.0,6.5,-12.0
2025_07_28,-1,31.25,116,-29.0,-5.0,-9.0,-9.0,-12.75,-23.25,-23.25,-5.75,-12.75,-24.5
2025_07_28,-1,42.5,93,-15.5,-3.5,2.0,2.0,8.75,5.25,2.5,5.5,-1.5,-13.25
2025_07_28,1,28.0,135,-30.0,-4.75,-4.75,-11.5,-11.5,-17.5,-18.5,-30.0,25.75,25.75
2025_07_28,-1,17.0,6,-41.0,-2.5,-2.5,6.0,-0.25,-0.25,-3.25,-20.0,-27.0,-38.75
2025_07_28,-1,11.0,17,-39.5,3.25,1.0,1.0,-1.0,-5.0,-10.5,-25.5,-30.5,-37.25
2025_07_28,1,40.5,44,-4.0,-3.75,33.75,32.5,38.25,38.25,38.25,38.25,38.25,38.25
2025_07_29,-1,180.25,351,-0.0,30.5,30.5,30.5,30.5,23.75,23.75,15.5,116.75,103.25
2025_07_29,-1,48.75,249,-44.75,-4.0,-4.0,-4.0,-4.0,-4.0,-4.0,-15.75,-14.75,-28.25
2025_07_29,-1,43.0,240,-50.5,10.25,10.25,10.25,10.25,10.25,-6.5,-6.5,-20.5,-34.0
2025_07_29,1,16.5,85,-77.0,-1.75,6.5,4.5,-3.5,-3.5,-14.5,-18.0,-28.5,-48.75
2025_07_29,-1,60.5,206,-33.0,1.75,-2.5,-2.5,1.0,1.0,9.5,0.25,-10.5,-28.25
2025_07_29,1,13.0,15,-80.5,0.75,5.25,5.0,0.5,-3.5,-9.25,-17.0,-33.25,-47.75
2025_07_29,1,8.75,42,-68.75,1.75,0.5,-6.5,-6.5,-13.0,-17.25,-26.75,-32.0,-52.0
2025_07_29,-1,48.75,71,-28.75,-11.0,-11.0,-11.0,-15.75,-17.0,-21.0,14.25,20.0,20.0
2025_07_29,-1,53.75,47,-6.0,-5.5,-1.5,-3.5,39.5,30.5,30.5,19.25,25.0,25.0
2025_07_29,1,1.0,1,-5.75,-5.75,-5.75,-2.5,-2.5,-2.5,-2.5,-2.5,-2.5,-2.5
2025_07_30,-1,88.0,333,-223.5,-21.25,-21.25,-21.25,-21.25,-21.25,-21.25,-38.75,-44.25,-60.0
2025_07_30,1,195.75,395,-115.75,10.0,10.0,-1.5,-1.5,-1.5,4.0,0.5,-10.5,-8.0
2025_07_30,-1,108.25,304,-203.25,2.75,2.75,2.75,-7.75,-7.75,-11.0,-23.75,-32.0,-55.25
2025_07_30,1,167.25,341,-144.25,-5.0,-5.0,-2.0,11.25,4.75,-0.5,-8.5,-30.5,-36.5
2025_07_30,-1,153.0,245,-158.5,13.0,33.25,33.25,25.25,25.25,23.25,12.0,4.0,-16.75
2025_07_30,1,162.5,257,-149.0,2.5,2.5,-2.25,-2.25,6.75,2.5,2.0,23.25,-1.5
2025_07_30,1,144.0,191,-167.5,-5.5,-5.5,-10.25,-12.75,-7.25,-9.5,-16.5,4.75,-20.0
2025_07_30,1,133.0,153,-178.5,-7.25,-7.25,-13.25,-13.25,-18.25,-20.5,-27.5,-6.25,-31.0
2025_07_30,1,130.0,133,-181.5,-23.75,-23.75,-23.75,-23.75,-23.75,-23.75,-30.5,-9.25,-34.0
2025_07_30,-1,162.25,60,-149.25,-8.75,-8.75,-8.75,-13.5,-19.25,-20.5,-36.0,-52.0,91.0
2025_07_30,1,129.75,106,-181.75,12.5,6.0,6.0,6.5,6.5,6.5,-0.25,-9.5,-34.25
2025_07_30,1,141.5,94,-170.0,-11.0,-11.0,-11.0,-22.5,-22.5,-22.5,-22.5,-50.75,-50.75
2025_07_30,1,142.0,91,-169.5,5.0,5.0,5.0,-22.0,-22.0,-22.0,-22.0,-50.25,-50.25
2025_07_30,-1,139.5,14,-172.0,111.25,111.25,111.25,88.5,88.5,88.5,88.5,97.0,68.25
2025_07_30,1,233.25,23,0.0,1.0,120.5,120.5,120.5,120.5,219.25,219.25,219.25,219.25
2025_07_31,-1,348.0,284,-37.25,-17.25,-17.25,-17.25,-17.25,-17.25,15.75,4.75,-15.75,-15.75
2025_07_31,1,6.75,1,-378.5,-3.75,-3.75,-3.75,-21.0,-21.0,-21.0,-35.0,-35.0,-67.75
2025_07_31,-1,321.25,229,-15.5,-10.25,-10.25,-10.25,-15.5,7.75,69.25,61.0,99.75,87.0
2025_07_31,1,66.25,54,-234.5,21.75,21.75,22.25,22.25,16.0,13.75,23.5,23.5,-1.25
2025_07_31,-1,248.25,146,-52.5,-9.5,-9.5,-9.5,-14.5,-17.25,-22.5,-31.25,-40.75,70.25
2025_07_31,1,38.0,31,-262.75,12.0,1.25,1.25,1.25,21.0,12.0,-4.75,-4.75,-29.5
2025_07_31,-1,253.75,89,-11.0,-6.75,-6.75,-11.0,-9.75,-9.75,119.25,110.5,97.0,75.75
2025_07_31,-1,166.25,32,-11.75,-11.75,-11.75,-11.75,90.5,90.5,90.5,72.0,72.0,94.75
2025_07_31,-1,140.25,27,-8.75,64.5,64.5,64.5,64.5,64.5,64.5,46.0,46.0,68.75
2025_07_31,-1,83.75,14,-65.25,4.0,13.75,13.75,13.75,13.75,13.75,43.25,43.25,12.25
2025_07_31,1,77.0,24,-60.0,-9.0,-9.0,-9.0,44.0,57.75,53.5,30.25,30.25,13.75
2025_07_31,-1,89.5,55,-26.0,-24.25,-24.25,-24.25,-24.25,-24.25,-24.25,-4.0,45.25,28.5
2025_07_31,-1,75.0,9,-0.0,14.25,64.5,64.5,56.0,56.0,47.75,30.75,30.75,14.0
2025_07_31,1,5.0,1,-37.0,-3.0,-3.0,-3.0,-12.0,-12.0,-24.5,-26.75,-37.0,-34.0
2025_08_01,-1,246.0,282,-40.25,-40.25,-40.25,-40.25,-40.25,-40.25,-40.25,-40.25,-40.25,166.5
2025_08_01,1,96.75,129,-148.5,-10.25,-10.25,-10.25,-2.5,-2.5,-15.0,36.25,30.5,11.5
2025_08_01,1,73.75,121,-171.5,-21.75,-21.75,-21.75,-21.75,-21.75,-21.75,13.25,7.5,-11.5
2025_08_01,-1,179.0,212,-66.25,-15.75,-15.75,-15.75,-15.75,-29.25,-29.25,-29.25,-29.25,2.5
2025_08_01,1,49.75,99,-195.5,-33.75,-33.75,-33.75,-33.75,-33.75,-33.75,-33.75,-47.5,-64.0
2025_08_01,-1,134.5,193,-110.75,1.5,1.5,1.5,1.5,1.5,-2.25,-24.0,-24.0,-42.0
2025_08_01,-1,126.5,156,-118.75,-6.75,-6.75,-18.25,-18.25,-18.25,-32.5,-32.5,-50.0,-63.5
2025_08_01,1,68.75,45,-176.5,12.5,12.5,12.5,12.5,12.5,12.5,36.75,23.0,-3.25
2025_08_01,-1,169.75,91,-12.5,-12.5,-12.5,-12.5,-12.5,-12.5,75.0,75.0,127.5,105.0
2025_08_01,1,34.25,13,-49.5,-1.25,-1.25,-1.25,20.5,3.5,3.5,3.5,-16.0,-35.75
2025_08_01,-1,33.5,4,-34.75,21.5,21.5,21.5,21.5,7.5,7.5,-2.0,-7.0,-33.5
2025_08_01,1,16.75,4,-21.25,-21.25,-21.25,-21.25,-21.25,-21.25,-21.25,-15.75,-5.75,-5.75
2025_08_04,1,237.0,399,0.0,5.75,5.75,5.75,108.5,138.0,130.5,126.5,116.25,97.5
2025_08_04,-1,25.75,30,-115.75,7.25,7.25,7.25,5.0,4.75,-0.5,-5.5,-17.0,-38.0
2025_08_04,1,121.0,264,-7.5,-7.5,-7.5,38.0,49.0,44.5,41.0,28.5,28.5,119.5
2025_08_04,1,73.0,229,-19.5,4.5,1.0,1.0,1.0,-3.5,-7.0,-19.5,-19.5,71.5
2025_08_04,-1,21.0,2,-71.5,9.75,9.75,9.75,0.25,0.25,0.25,-9.5,-34.0,-41.25
2025_08_04,-1,2.25,53,-77.5,-4.0,-9.75,-9.75,-14.5,-15.75,-40.0,-40.0,-40.0,-64.75
2025_08_04,-1,12.5,7,-67.25,7.0,4.25,4.25,-5.25,-5.25,-11.5,-26.0,-28.25,-54.5
2025_08_04,1,50.5,17,0.0,4.75,11.25,11.25,1.0,1.0,49.0,49.0,49.0,49.0
2025_08_05,-1,200.5,130,-77.5,-16.0,-16.0,-16.0,-16.0,-16.0,-30.5,-30.5,-46.5,-63.5
2025_08_05,1,0.0,0,-263.0,-22.5,-22.5,-22.5,-22.5,-22.5,-22.5,-41.0,-41.0,-64.25
2025_08_05,-1,222.0,100,-15.25,-15.25,-15.25,-15.25,-15.25,-7.5,-7.5,163.25,154.75,136.0
2025_08_05,-1,149.25,69,-0.0,30.5,27.25,27.25,108.75,98.75,98.75,90.5,82.0,63.25
2025_08_05,1,50.0,172,-85.5,-0.5,-0.5,-0.5,-33.5,-33.5,-33.5,-33.5,-33.5,-76.0
2025_08_05,-1,30.75,5,-104.75,10.5,10.5,10.5,10.5,10.5,10.5,-0.0,-10.0,-30.5
2025_08_05,1,50.25,88,-77.5,9.25,3.5,3.5,-0.75,-7.0,-7.0,-31.75,-31.75,-49.75
2025_08_05,-1,39.25,131,-88.5,-6.0,-6.0,6.0,6.0,-5.0,-5.0,-24.0,-24.0,-42.0
2025_08_05,1,62.75,65,-65.0,-7.5,-7.5,-7.5,-7.0,-11.25,38.75,32.0,14.5,-0.75
2025_08_05,1,0.0,0,-112.75,-9.0,-9.0,-9.0,-15.75,-33.25,-33.25,-33.25,-42.0,-76.0
2025_08_05,-1,84.0,36,-0.0,8.25,13.5,31.25,31.25,31.25,15.5,15.5,44.0,50.0
2025_08_05,-1,39.5,17,-8.75,-6.25,-6.25,-8.75,-8.75,23.0,16.25,9.0,-0.5,5.5
2025_08_05,-1,21.75,4,-26.5,-9.5,-9.5,-9.5,5.25,5.25,-1.5,-8.75,-18.25,-12.25
2025_08_05,-1,23.0,52,-25.25,-6.75,-6.75,-6.75,-11.25,-17.0,-21.0,-11.0,-11.0,-11.0
2025_08_05,1,12.5,9,-35.75,-12.5,-12.5,-12.5,-12.5,-12.5,-12.5,-23.5,-29.5,-1.75
2025_08_05,-1,29.0,22,-5.0,-5.0,-0.25,-0.25,-3.75,-3.75,-3.75,-5.0,-5.0,-5.0
2025_08_06,1,240.5,361,-51.0,-1.75,-1.75,-1.75,-1.75,3.75,-35.5,-35.5,-35.5,-40.5
2025_08_06,1,197.75,330,-75.0,30.25,30.25,16.0,16.0,16.0,16.0,1.25,-9.5,-23.5
2025_08_06,-1,44.0,6,-228.75,-16.75,-16.75,-16.75,-16.75,-16.75,12.25,12.25,-6.5,-34.25
2025_08_06,-1,20.25,1,-239.0,5.25,5.25,5.25,5.25,-3.0,-3.0,-16.75,-44.5,-44.5
2025_08_06,1,188.25,292,-22.75,-11.75,-11.75,-11.75,-1.0,-4.25,-9.25,-18.75,146.25,146.25
2025_08_06,1,118.75,231,0.0,47.0,46.0,37.5,37.5,44.75,39.0,34.75,76.75,76.75
2025_08_06,-1,21.5,9,-68.25,-17.0,-17.0,-17.0,-17.0,-17.0,-0.25,-11.25,-22.25,-41.25
2025_08_06,1,82.25,167,-5.5,-5.5,17.25,17.25,12.5,7.5,4.75,51.75,40.25,40.25
2025_08_06,1,45.25,90,-5.25,-5.25,8.0,1.5,1.5,17.75,17.75,14.75,3.25,3.25
2025_08_06,-1,21.25,21,-5.0,-1.75,-1.75,-1.75,-5.0,21.25,21.25,21.25,21.25,21.25
2025_08_07,-1,255.25,293,-65.25,-19.5,-19.5,-19.5,-19.5,-19.5,-27.75,-35.5,-43.75,-60.75
2025_08_07,1,0.0,0,-320.25,-22.0,-22.0,-22.0,-22.0,-22.0,-22.0,-30.5,-49.0,-61.5
2025_08_07,1,27.25,6,-257.75,15.5,1.25,1.25,1.25,1.25,6.75,-2.75,-27.5,-45.0
2025_08_07,-1,230.25,239,-25.5,9.0,9.0,9.0,-0.0,-0.0,-10.75,-12.25,-25.5,107.75
2025_08_07,-1,149.0,142,-47.25,-8.25,-8.25,-8.25,-8.25,-8.25,-8.25,-13.75,-30.25,26.5
2025_08_07,1,30.0,224,-166.25,-0.25,-3.75,-3.75,-22.5,-22.5,-22.5,-31.5,-54.0,-74.0
2025_08_07,-1,92.25,102,-104.0,11.0,27.75,10.0,10.0,10.0,10.0,-0.5,-20.5,-30.25
2025_08_07,1,65.25,202,-131.0,9.5,9.5,-4.0,-4.0,-4.0,-4.0,-17.25,-24.0,-50.5
2025_08_07,-1,68.25,53,-128.0,-2.25,-2.25,-2.25,-2.25,-7.0,-7.0,-15.5,-25.0,5.75
2025_08_07,1,130.75,80,-12.25,16.5,11.75,11.75,7.0,-4.25,-4.25,-10.5,128.25,128.25
2025_08_07,1,129.5,69,-13.5,-5.25,0.75,-3.0,-5.5,-11.75,-13.5,127.0,127.0,127.0
2025_08_08,1,203.25,399,0.0,7.75,7.75,7.75,67.5,57.75,57.75,79.0,67.75,70.75
2025_08_08,-1,13.75,85,-135.5,-19.5,-19.5,-19.5,-19.5,-19.5,-29.25,-31.25,-51.0,-61.5
2025_08_08,1,88.5,326,-60.75,-4.5,-4.5,-4.5,-4.5,-10.5,-10.5,-21.5,-44.0,-52.0
2025_08_08,-1,53.0,47,-96.25,13.0,9.5,9.5,6.25,1.75,-1.0,-11.5,11.25,-9.75
2025_08_08,-1,56.0,19,-93.25,4.75,0.25,0.25,31.5,31.5,31.5,23.25,14.25,-6.75
2025_08_08,1,106.5,262,-1.0,30.75,30.75,29.5,25.5,25.5,21.5,4.5,-1.0,95.5
2025_08_08,-1,6.25,16,-101.25,-8.25,-8.25,-8.25,-14.5,-16.75,-13.75,-27.75,-35.5,-55.25
2025_08_08,1,73.5,154,-9.25,-1.75,-1.75,-1.75,12.75,12.75,5.5,-1.75,-9.25,62.5
2025_08_08,-1,19.75,81,-63.0,-5.75,-9.0,-9.0,-13.5,-16.0,-1.5,-10.75,-21.75,-40.25
2025_08_08,1,46.0,54,-36.75,-8.25,-8.25,-8.25,-12.0,-16.0,-22.75,-32.0,35.0,35.0
2025_08_08,-1,20.75,15,-62.0,4.25,7.0,7.0,7.0,-0.5,-0.5,-9.75,-20.75,-39.25
2025_08_08,1,41.25,14,0.0,8.5,30.25,30.25,30.25,30.25,30.25,30.25,30.25,30.25
2025_08_11,-1,128.75,385,-83.0,22.5,22.5,22.5,16.5,16.5,7.25,-8.0,-8.0,-31.0
2025_08_11,-1,119.25,375,-92.5,-17.5,-17.5,-17.5,-17.5,-17.5,-25.75,-30.5,-40.5,-69.0
2025_08_11,1,57.75,129,-154.0,-10.25,-10.25,-10.25,-18.75,-18.75,-1.25,-14.5,-21.5,-3.25
2025_08_11,-1,138.75,306,-73.0,-15.25,-15.25,-15.25,-15.25,-7.0,-7.0,-17.5,-27.0,-49.5
2025_08_11,1,71.75,28,-140.0,-5.0,30.25,59.5,59.5,54.75,50.25,40.25,23.0,10.75
2025_08_11,-1,179.25,198,-0.0,20.0,20.0,20.0,21.75,60.75,71.5,82.75,131.75,141.75
2025_08_11,-1,158.5,183,-0.0,2.75,2.75,2.75,1.0,40.0,50.75,62.0,111.0,121.0
2025_08_11,-1,65.0,40,-17.25,-5.25,-7.25,-8.25,-17.25,-17.25,35.5,17.5,17.5,27.5
2025_08_11,1,2.5,10,-9.75,-4.0,-8.25,-8.25,-9.75,-8.75,-8.75,-8.75,-8.75,-8.75
2025_08_12,-1,96.75,28,-219.75,-36.0,-36.0,-36.0,-36.0,-36.0,-36.0,-36.0,-54.75,-62.25
2025_08_12,1,160.25,382,-156.25,-21.0,-21.0,-21.0,-21.0,-21.0,-21.0,-47.0,-47.0,-47.0
2025_08_12,-1,71.0,11,-245.5,13.0,13.0,13.0,13.0,-10.25,-10.25,-10.25,-18.25,-3.25
2025_08_12,1,202.0,332,-9.25,9.75,2.5,2.5,2.5,-9.25,-9.25,80.75,190.75,190.75
2025_08_12,-1,32.25,4,-89.0,8.5,8.5,8.5,8.5,8.5,8.5,-0.0,-11.0,-28.25
2025_08_12,-1,-0.0,0,-118.25,-20.75,-20.75,-20.75,-20.75,-20.75,-20.75,-31.0,-40.25,-67.25
2025_08_12,1,76.75,240,-18.75,-15.25,-15.25,-15.25,-15.25,-18.75,19.5,65.5,65.5,65.5
2025_08_12,-1,-0.0,0,-58.25,-12.5,-12.5,-12.5,-12.5,-19.5,-24.5,-31.5,-45.0,-47.0
2025_08_12,1,32.25,128,-9.75,0.5,-2.75,-2.75,2.5,2.5,-1.0,21.0,21.0,21.0
2025_08_12,1,24.75,90,-17.25,-8.5,-8.5,-8.5,-13.75,-17.25,-1.75,13.5,13.5,13.5
2025_08_12,-1,5.75,24,-36.25,-5.5,-4.25,-7.25,-7.25,-10.5,-14.5,-28.0,-36.25,-25.0
2025_08_12,-1,4.5,1,-22.0,-5.0,-5.0,-5.0,-9.75,-11.75,-16.75,-10.75,-10.75,-10.75
2025_08_13,1,3.25,5,-168.25,-3.75,-7.0,-6.5,-19.75,-19.75,-19.75,-41.75,-41.75,-59.25
2025_08_13,-1,171.5,192,-0.0,5.25,15.75,16.75,16.75,3.75,3.75,127.25,119.25,110.75
2025_08_13,-1,167.75,180,-0.0,25.75,25.75,25.75,25.75,25.75,25.75,123.5,115.5,107.0
2025_08_13,1,15.5,2,-126.5,-6.5,-6.5,4.5,1.0,-12.25,-12.25,-17.5,-29.5,-46.5
2025_08_13,-1,142.0,173,-0.0,30.25,30.25,28.25,22.25,22.25,31.75,97.75,89.75,81.25
2025_08_13,1,14.5,21,-52.25,-3.25,-3.25,-15.0,-15.0,-15.0,-17.0,-18.75,-27.75,-52.25
2025_08_13,-1,35.25,56,-29.75,-7.75,-7.75,-7.75,-13.0,-2.0,-6.0,5.0,-5.5,-25.5
2025_08_13,1,19.75,157,-41.0,3.25,-7.75,-7.75,-7.75,-7.75,-12.75,-22.25,-32.0,-2.0
2025_08_13,-1,9.75,63,-51.0,-8.75,-8.75,-8.75,-14.75,-15.75,-20.0,-34.0,-39.5,-51.0
2025_08_13,1,18.25,117,-42.5,-4.75,-4.75,-5.0,-0.5,-5.0,-7.5,-42.5,-42.5,-3.5
2025_08_13,-1,-0.0,0,-60.75,-16.5,-16.5,-16.5,-16.5,-16.5,-22.0,-31.25,-48.25,-60.75
2025_08_13,-1,24.75,19,-17.25,7.0,17.75,14.25,3.75,3.75,3.75,-8.5,-17.25,4.5
2025_08_13,1,2.75,1,-21.5,-8.75,-8.75,-8.75,-13.75,-13.75,-17.25,-19.0,-19.0,-19.0
2025_08_14,1,154.5,77,0.0,22.0,22.0,22.0,53.75,84.75,84.75,72.5,62.75,89.0
2025_08_14,1,89.25,50,-45.25,16.25,16.25,16.25,11.0,6.75,6.75,-4.0,35.75,23.75
2025_08_14,-1,56.5,119,-78.0,-10.25,-10.25,-10.25,-23.75,-23.75,-23.75,-31.25,-39.25,-60.5
2025_08_14,1,26.5,16,-108.0,-4.25,3.0,12.25,12.25,9.25,-0.25,-8.0,-27.0,-39.0
2025_08_14,-1,85.5,76,-26.0,0.5,0.5,0.5,4.75,4.75,49.0,49.0,36.75,11.5
2025_08_14,-1,55.25,12,-56.25,40.75,46.25,46.25,38.25,38.25,28.0,17.5,13.0,-8.5
2025_08_14,1,72.25,43,-36.0,30.25,37.75,37.75,59.25,56.25,52.0,35.75,29.0,12.0
2025_08_14,-1,79.5,153,-12.75,-3.25,-5.0,0.5,-2.75,-12.75,-12.75,15.25,8.25,68.25
2025_08_14,-1,29.25,101,-57.75,-7.0,-7.0,-9.0,-12.0,-18.0,-24.5,-35.0,-42.0,18.0
2025_08_14,1,21.75,61,-65.25,-6.25,-6.25,-12.5,-12.5,-16.5,1.0,-14.0,-40.75,-40.75
2025_08_14,1,0.0,0,-69.25,-18.0,-18.0,-18.0,-18.0,-18.0,-21.75,-44.75,-44.75,-64.5
2025_08_14,-1,16.5,11,-4.5,-4.5,-4.5,5.25,5.25,5.25,5.25,5.25,5.25,5.25
2025_08_15,-1,125.0,132,-11.0,1.25,1.25,1.25,-11.0,-11.0,-11.0,58.5,31.0,31.0
2025_08_15,1,25.75,8,-108.75,4.5,4.5,4.5,11.25,8.0,0.5,-11.5,-21.75,-37.5
2025_08_15,-1,71.25,58,-27.25,-3.0,-3.0,-3.0,7.0,4.75,2.0,-14.0,27.75,0.75
2025_08_15,1,37.0,148,-61.5,4.0,-6.0,-6.0,-6.0,-13.0,-13.0,-28.75,-40.75,-54.5
2025_08_15,-1,50.5,6,-48.0,20.0,20.0,20.0,37.5,34.5,25.25,13.25,7.0,-20.0
2025_08_15,1,33.5,125,-39.5,-6.25,-6.25,-16.0,-16.0,-16.0,-32.25,-32.25,-39.5,-3.75
2025_08_15,-1,16.0,10,-57.0,5.25,-0.25,-0.25,-3.25,-0.25,-7.5,-16.5,-28.75,-44.0
2025_08_15,-1,5.0,104,-50.75,-5.0,-14.75,-14.75,-14.75,-14.75,-26.0,-34.5,-45.25,-13.5
2025_08_15,1,21.75,26,-34.0,-7.25,-7.25,-9.75,-13.75,4.75,-7.25,-9.0,-19.75,-15.5
2025_08_15,1,5.5,4,-50.25,1.5,-11.5,-11.5,-11.5,-11.5,-23.5,-25.25,-36.0,-31.75
2025_08_15,1,0.0,0,-46.25,-4.75,-9.75,-9.75,-19.5,-19.5,-21.25,-32.0,-46.25,-27.75
2025_08_15,1,0.0,0,-45.0,-5.75,-14.5,-14.5,-14.5,-19.0,-21.25,-30.75,-45.0,-26.5
2025_08_15,-1,26.75,17,-12.75,1.25,1.25,1.25,-3.5,-3.5,-8.0,-3.25,8.25,8.25
2025_08_15,-1,26.0,5,-13.5,21.0,17.25,17.25,9.75,9.75,4.75,-4.0,7.5,7.5
2025_08_15,1,17.75,17,-20.0,1.0,2.75,2.75,-0.5,-0.5,-7.0,-18.25,-3.25,-3.25
2025_08_15,1,3.0,17,-19.75,-5.5,-9.25,-9.25,-18.0,-18.0,-3.0,-3.0,-3.0,-3.0
2025_08_15,-1,-0.0,0,-19.5,-7.5,-7.5,-8.0,-15.5,-19.5,-13.5,-13.5,-13.5,-13.5
2025_08_18,1,18.0,55,-77.75,-10.0,-10.0,-10.0,-16.75,-16.75,-8.5,-18.75,-27.25,-49.75
2025_08_18,-1,40.0,54,-55.75,1.75,15.25,15.25,0.75,0.75,0.75,-16.75,-16.75,-38.0
2025_08_18,1,44.75,5,-51.0,40.75,12.25,12.25,12.25,12.25,12.25,12.25,0.75,-23.0
2025_08_18,-1,55.5,16,-36.25,-5.5,-5.5,8.0,42.0,30.5,30.5,24.25,8.75,-17.5
2025_08_18,1,41.75,303,-49.0,-5.5,-5.5,-7.0,-6.75,-9.75,-15.25,-24.25,-35.0,23.5
2025_08_18,1,60.0,235,-30.75,-2.5,-4.0,0.75,0.75,4.0,-7.5,-15.25,-22.25,41.75
2025_08_18,-1,23.25,12,-67.5,2.25,0.25,12.0,2.75,2.75,2.75,-7.5,-17.0,-48.75
2025_08_18,1,47.5,149,-16.75,17.25,17.25,17.25,17.25,14.5,4.5,0.0,-12.5,29.25
2025_08_18,-1,6.75,12,-57.5,-3.75,-3.75,-3.75,-5.25,-9.5,-14.5,-23.25,-34.75,-55.0
2025_08_18,1,39.25,84,-6.0,-2.75,-2.75,-4.25,19.5,15.0,14.0,21.0,21.0,21.0
2025_08_18,1,19.25,39,-9.25,-3.25,-3.25,-6.25,-9.0,0.25,-6.5,1.0,1.0,1.0
2025_08_18,-1,5.25,4,-23.25,-3.25,-3.25,-3.25,-6.75,-14.0,-15.0,-5.0,-5.0,-5.0
2025_08_18,1,3.75,2,0.0,1.25,1.25,1.25,1.25,1.25,1.25,1.25,1.25,1.25
2025_08_19,-1,296.5,336,-1.25,46.5,46.5,46.5,46.5,25.0,25.0,25.0,15.25,2.5
2025_08_19,1,5.75,4,-292.0,-5.0,-11.75,-11.75,-12.25,-12.25,-20.25,-33.5,-39.75,-68.5
2025_08_19,-1,223.5,280,-6.25,5.0,5.0,5.0,5.0,5.0,5.0,-6.25,89.0,67.5
2025_08_19,1,0.0,0,-159.5,-10.0,-10.0,-10.0,-24.0,-24.0,-24.0,-33.25,-42.0,-64.0
2025_08_19,-1,122.25,181,-2.25,8.0,8.0,15.0,7.0,7.0,5.75,71.5,60.0,42.25
2025_08_19,1,10.5,14,-75.25,-8.5,-8.5,-8.5,-12.0,-17.0,-17.0,-19.5,-31.25,-53.5
2025_08_19,1,13.25,8,-72.5,-9.25,-9.25,-9.25,1.0,-14.25,-14.25,-16.75,-28.5,-50.75
2025_08_19,-1,44.0,64,-32.5,-6.25,-6.25,-15.25,-15.25,-21.5,-21.5,-32.5,1.25,4.0
2025_08_19,1,14.75,20,-28.0,-7.5,-7.5,-7.5,-13.5,-18.25,-18.25,-28.0,-3.5,-3.5
2025_08_19,-1,-0.0,0,-42.75,-8.0,-8.0,-8.0,-13.25,-16.5,-27.25,-38.5,-42.75,-24.5
2025_08_19,1,4.25,3,-14.0,-1.25,-6.5,-6.5,-9.75,-12.5,-14.0,-14.0,-14.0,-14.0
2025_08_20,-1,349.25,83,-11.75,-11.75,-11.75,-11.75,-11.75,-11.75,-11.75,-11.75,259.25,244.75
2025_08_20,-1,163.0,50,-152.25,58.5,58.5,58.5,58.5,58.5,94.75,84.25,73.0,58.5
2025_08_20,1,202.0,278,0.0,51.25,51.25,51.25,51.25,76.5,76.5,76.5,55.75,43.25
2025_08_20,1,99.0,256,-94.75,-26.5,-26.5,-26.5,-26.5,-26.5,-26.5,-35.25,-47.25,-59.75
2025_08_20,-1,5.5,3,-188.25,-7.75,-7.75,-12.5,-12.5,-16.75,-16.75,-34.5,-34.5,-75.25
2025_08_20,1,135.5,226,-19.75,11.25,11.25,11.25,50.0,61.25,61.25,44.25,39.0,17.0
2025_08_20,-1,57.75,93,-97.5,-1.75,1.25,20.0,20.0,14.25,9.5,-5.5,-6.75,-29.75
2025_08_20,-1,66.25,78,-89.0,11.5,-11.75,-11.75,-11.75,-11.75,-11.75,-2.75,-21.25,-30.0
2025_08_20,1,59.25,131,-96.0,3.25,3.25,3.25,3.25,3.25,-3.25,-12.0,-28.0,-48.5
2025_08_20,-1,68.0,27,-87.25,-1.5,40.5,40.5,39.0,33.75,24.0,16.25,18.0,7.25
2025_08_20,-1,29.0,10,-126.25,2.75,13.0,13.0,3.0,3.0,3.0,-7.25,-21.0,-31.75
2025_08_20,1,110.25,74,0.0,27.75,27.75,26.0,26.0,15.5,15.5,8.25,73.5,73.5
2025_08_20,1,90.5,51,0.0,50.25,50.25,50.25,71.25,71.25,57.0,57.0,53.75,53.75
2025_08_20,1,11.25,20,-25.5,-5.75,-18.75,-18.75,-18.75,-18.75,-10.75,-21.25,-25.5,-25.5
2025_08_21,-1,77.75,235,-144.25,-9.75,-9.75,-9.75,-40.0,-40.0,-40.0,-40.0,-40.0,-70.25
2025_08_21,1,64.5,19,-157.5,1.25,1.25,1.25,1.25,-5.25,-5.25,22.75,22.75,-12.0
2025_08_21,-1,168.25,168,-20.25,19.5,19.5,19.5,19.5,19.5,11.75,2.5,-7.25,7.75
2025_08_21,1,0.0,0,-188.5,-9.75,-9.75,-9.75,-27.75,-27.75,-27.75,-48.5,-48.5,-71.75
2025_08_21,-1,116.75,134,-55.25,15.5,15.5,15.5,15.5,-2.25,-2.25,-5.5,-43.75,-43.75
2025_08_21,-1,116.5,125,-55.5,-5.75,-44.0,-44.0,-44.0,-44.0,-44.0,-44.0,-44.0,54.75
2025_08_21,1,11.25,8,-160.75,-1.25,-5.5,-5.5,-19.5,-19.5,-19.5,-19.5,-46.5,-49.5
2025_08_21,-1,82.25,88,-48.0,3.5,3.5,3.5,3.5,3.5,-0.5,-4.0,11.75,20.5
2025_08_21,1,95.0,113,0.0,37.0,37.0,37.0,34.5,34.5,34.5,27.5,51.5,62.25
2025_08_21,1,42.5,100,-25.0,0.0,0.0,0.0,-18.0,-18.0,-18.0,-25.0,-1.0,9.75
2025_08_21,-1,6.5,16,-61.0,-8.75,-8.75,-8.75,-25.5,-25.5,-25.5,-25.0,-37.75,-54.5
2025_08_21,1,39.25,30,-11.25,12.0,11.75,11.75,27.0,23.25,18.25,2.5,-4.25,6.5
2025_08_21,-1,22.75,31,-6.75,3.25,9.5,7.25,3.5,-5.25,-5.25,5.0,5.0,5.0
2025_08_21,-1,15.5,18,-14.0,-4.75,-12.5,-12.5,-12.5,-3.75,-2.25,-2.25,-2.25,-2.25
2025_08_21,-1,20.25,16,-9.25,-7.75,-7.75,-9.25,4.75,1.0,2.5,2.5,2.5,2.5
2025_08_22,-1,-0.0,0,-436.0,-17.5,-17.5,-17.5,-17.5,-17.5,-35.25,-35.25,-47.0,-70.25
2025_08_22,1,313.25,79,-80.25,-28.5,-28.5,-28.5,-28.5,-28.5,-28.5,-38.25,-74.5,-74.5
2025_08_22,-1,-0.0,0,-381.25,-192.5,-192.5,-192.5,-192.5,-192.5,-192.5,-192.5,-192.5,-192.5
2025_08_22,1,166.25,63,0.0,6.25,6.25,6.25,6.25,6.25,6.25,6.25,6.25,86.75
2025_08_22,-1,-0.0,0,-142.0,-5.5,-35.25,-35.25,-35.25,-35.25,-35.25,-35.25,-73.0,-73.0
2025_08_22,1,48.25,26,-87.25,-12.75,-12.75,-12.75,-12.75,-8.0,-8.0,3.5,-0.5,-16.75
2025_08_22,-1,79.5,68,-32.25,3.25,-0.0,-0.0,2.75,2.75,1.5,26.75,39.0,18.75
2025_08_22,1,59.75,50,-27.5,3.5,39.5,39.5,44.75,39.75,39.75,27.5,18.75,-4.25
2025_08_22,-1,70.25,125,-17.0,-7.5,-7.5,-9.5,-13.75,-17.0,-6.0,35.75,29.75,24.75
2025_08_22,1,0.5,33,-78.5,-11.0,-11.0,-11.0,-16.5,-16.5,-23.5,-32.25,-39.5,-60.25
2025_08_22,-1,58.5,59,-13.25,-1.25,-8.0,-8.0,-8.25,-13.25,35.0,24.0,18.0,13.0
2025_08_22,1,11.0,27,-17.0,-5.0,-5.5,-9.5,-17.0,-17.0,11.0,11.0,11.0,11.0
2025_08_25,1,115.0,143,-49.0,-25.25,-25.25,-25.25,-25.25,-25.25,-25.25,-31.5,-49.0,54.5
2025_08_25,-1,17.5,1,-146.5,-5.0,-5.0,-5.0,-5.0,-5.0,-5.0,-22.25,-25.25,-45.0
2025_08_25,-1,-0.0,0,-161.5,-18.75,-18.75,-18.75,-18.75,-18.75,-28.0,-41.25,-41.25,-60.0
2025_08_25,1,97.5,113,-19.25,24.75,24.75,24.75,20.75,20.75,20.75,8.75,47.0,37.0
2025_08_25,1,76.25,91,-40.5,4.5,3.0,1.75,1.75,8.0,8.0,-2.75,25.75,15.75
2025_08_25,-1,98.75,206,-16.75,-6.5,-6.5,-6.75,-12.5,-16.25,12.0,84.75,84.75,84.75
2025_08_25,-1,74.25,99,-2.5,-2.5,-2.5,-2.5,5.5,1.5,54.25,60.25,60.25,60.25
2025_08_26,1,130.25,396,-43.5,-7.5,-7.5,20.0,20.0,18.0,4.75,4.75,-21.75,-35.0
2025_08_26,1,144.75,383,0.0,0.75,0.75,0.75,27.0,26.5,26.5,53.25,43.0,18.0
2025_08_26,-1,25.0,145,-101.75,-1.5,0.5,0.5,0.5,-7.0,-7.0,-17.0,-26.0,-36.0
2025_08_26,-1,58.75,90,-68.0,-5.0,-5.25,-7.0,2.0,13.25,9.5,27.0,16.0,-2.25
2025_08_26,-1,33.0,17,-93.75,5.5,5.5,24.0,20.0,15.5,10.0,1.25,-9.75,-28.0
2025_08_26,-1,25.5,4,-101.25,16.5,16.5,16.5,12.5,8.0,2.5,-6.25,-17.25,-35.5
2025_08_26,1,84.0,123,-10.5,-10.5,-10.5,-10.5,14.0,32.25,28.75,17.0,80.5,80.5
2025_08_26,-1,16.0,24,-56.75,-8.0,-8.0,-8.0,-19.75,-19.75,-22.5,-34.75,-34.75,-45.5
2025_08_26,1,43.25,45,-29.5,4.5,2.75,-4.0,-4.0,-8.5,-12.0,-23.75,39.75,39.75
2025_08_26,-1,5.75,4,-67.0,-2.75,-2.75,-2.75,-10.75,-10.75,-45.0,-45.0,-45.0,-55.75
2025_08_26,1,21.25,18,-4.25,-1.75,-1.75,-4.25,17.75,17.75,17.75,17.75,17.75,17.75
2025_08_27,-1,34.0,19,-122.5,-18.75,-18.75,-18.75,-18.75,-18.75,-22.0,-5.75,-13.25,-29.75
2025_08_27,1,108.25,249,-1.25,6.0,3.5,2.5,38.5,38.5,38.5,48.25,33.75,19.0
2025_08_27,1,33.75,148,-75.75,-4.0,1.25,-3.25,-6.0,-9.75,-16.0,-26.25,-40.75,-55.5
2025_08_27,-1,36.5,6,-73.0,24.25,24.25,24.25,24.25,16.5,16.5,5.75,-5.5,-25.5
2025_08_27,1,67.5,89,-24.75,14.75,11.75,11.75,7.0,3.75,0.0,37.5,26.25,-24.75
2025_08_27,-1,24.75,112,-67.5,-8.75,-8.75,-8.75,-12.5,-18.25,-20.75,-31.25,-40.25,-61.0
2025_08_27,1,31.75,15,-60.5,-6.0,-6.0,22.25,19.75,14.5,11.75,1.75,-9.5,-60.5
2025_08_27,-1,64.25,18,-15.0,-2.25,50.0,50.0,50.0,44.5,41.75,31.5,23.5,1.5
2025_08_27,1,47.25,31,-0.25,26.75,24.0,24.0,24.0,24.0,24.0,23.25,23.25,23.25
2025_08_27,1,0.0,0,-9.5,-5.25,-9.25,-9.25,-5.25,-5.25,-5.25,-5.25,-5.25,-5.25
2025_08_28,1,95.25,384,-126.25,9.0,9.0,23.25,-11.25,-11.25,-11.25,-11.25,-11.25,-31.5
2025_08_28,-1,28.5,5,-193.0,-13.0,-13.0,-13.0,-13.0,-16.75,-16.75,-1.75,-14.5,-52.0
2025_08_28,1,129.75,341,-41.0,-4.25,-14.5,-14.5,-14.5,-23.0,-23.0,-35.0,-40.0,14.5
2025_08_28,1,142.75,333,-28.0,-4.0,-7.75,-16.25,-16.25,-16.25,-27.0,61.25,50.25,27.5
2025_08_28,-1,27.25,6,-101.0,-8.25,-8.25,-8.25,8.25,8.25,-2.5,-2.75,-13.0,-34.0
2025_08_28,1,70.75,219,-8.5,-8.5,-8.5,-8.5,10.25,10.25,6.75,-4.0,25.0,30.5
2025_08_28,-1,29.0,17,-46.25,-6.25,-6.25,19.25,16.5,10.5,9.0,-4.75,-14.0,-33.25
2025_08_28,1,43.0,146,-2.75,-1.75,-1.75,4.75,24.25,19.25,16.0,8.75,-2.75,2.75
2025_08_28,-1,23.25,37,-22.5,-3.0,-3.0,-6.0,-6.0,-10.0,-16.25,17.75,17.75,17.75
2025_08_28,-1,-0.0,0,-19.0,-5.0,-14.5,-14.5,-14.5,-19.0,-5.5,-5.5,-5.5,-5.5
2025_08_29,-1,237.5,225,-0.0,39.0,25.0,25.0,25.0,25.0,24.5,159.0,159.0,144.25
2025_08_29,1,4.5,1,-101.0,-0.75,-17.25,-17.25,-17.25,-17.25,-17.25,-33.75,-46.25,-75.5
2025_08_29,-1,25.5,147,-67.25,-7.25,-7.25,-7.25,-15.25,-15.25,-20.5,-20.5,-35.0,-51.0
2025_08_29,1,16.25,16,-76.5,-15.25,-15.25,-15.25,-15.25,-17.5,-11.0,-14.75,-24.75,-53.0
2025_08_29,-1,47.25,92,-43.0,6.0,6.0,-1.25,-1.25,4.5,0.75,-10.25,-18.25,-36.5
2025_08_29,1,6.75,179,-83.5,-10.25,-10.25,-10.25,-28.5,-28.5,-28.5,-33.0,-55.0,-63.0
2025_08_29,-1,45.5,14,-44.75,8.5,8.5,8.5,4.0,4.0,24.0,12.75,4.5,-20.0
2025_08_29,1,49.25,127,-15.25,-6.0,-6.0,-12.0,-12.0,6.75,6.75,-1.5,2.75,-15.25
2025_08_29,-1,11.75,85,-52.75,-13.25,-13.25,-13.25,-13.25,-18.5,-21.0,-30.0,-38.5,-19.75
2025_08_29,1,34.0,42,-30.5,5.0,5.0,5.0,1.75,-0.25,-0.25,-14.5,-12.5,-30.5
2025_08_29,-1,32.25,26,-32.25,-9.25,-9.25,-9.25,3.25,-7.75,-7.75,-18.0,-32.25,0.75
2025_08_29,1,1.0,13,-44.75,-26.75,-26.75,-26.75,-26.75,-26.75,-26.75,-33.5,-44.75,-13.25
2025_08_29,-1,20.0,3,-25.75,-4.0,11.25,11.25,-6.75,-6.75,-6.75,-12.75,-23.75,-11.5
2025_09_01,-1,15.25,1,-45.75,6.5,6.5,6.5,0.75,-5.75,-5.75,-17.75,-25.25,-45.75
2025_09_01,1,18.0,61,-8.0,-1.5,-3.25,-4.25,-8.0,1.0,-2.75,14.5,14.5,14.5
2025_09_01,-1,1.0,2,-20.5,-3.25,-5.0,-13.5,-13.5,-16.5,-19.25,-18.5,-18.5,-18.5
2025_09_01,1,5.75,10,-1.25,1.5,-1.25,3.75,3.75,3.75,3.75,3.75,3.75,3.75
2025_09_02,-1,29.0,143,-308.25,-12.5,-12.5,-12.5,-12.5,-12.5,-12.5,-32.0,-32.0,-60.5
2025_09_02,1,226.0,393,-111.25,-5.0,-5.0,-5.0,-5.0,-5.0,-5.0,9.0,73.75,52.5
2025_09_02,-1,154.75,70,-182.5,32.0,32.0,32.0,25.75,23.75,19.75,3.0,107.25,94.5
2025_09_02,-1,119.5,58,-217.75,-6.25,-6.25,-11.5,-15.5,-32.25,-32.25,-32.25,72.0,59.25
2025_09_02,1,289.25,233,-12.5,-5.75,-0.5,-1.75,-12.5,-12.5,-2.25,34.75,104.0,272.25
2025_09_02,1,274.5,208,-17.0,-0.5,-0.5,-17.0,-17.0,-17.0,-17.0,20.0,89.25,257.5
2025_09_02,-1,17.5,3,-238.0,10.0,10.0,5.5,5.5,0.25,-8.75,-14.25,-28.5,-44.75
2025_09_02,1,193.25,159,-10.5,-6.75,-6.75,35.25,35.25,24.5,24.5,18.0,8.0,176.25
2025_09_02,-1,18.5,34,-185.25,-5.5,-5.5,2.25,-3.0,-18.75,-18.75,-18.75,-33.75,-51.25
2025_09_02,1,151.5,79,-25.75,-4.5,-4.5,-4.5,-4.5,-4.5,-4.5,-21.75,-25.75,134.5
2025_09_03,-1,90.25,309,-111.75,16.75,16.75,-0.0,-0.0,-0.0,-0.0,7.25,-12.75,-24.75
2025_09_03,-1,80.25,286,-121.75,-4.75,11.0,-14.0,-14.0,-14.0,-14.0,-14.0,-32.0,-57.25
2025_09_03,1,87.0,47,-115.0,-7.75,-7.75,-8.5,3.0,3.0,-2.5,-36.25,-36.25,-39.75
2025_09_03,1,112.25,36,-89.75,34.5,32.25,32.25,32.25,32.25,32.25,22.0,69.25,51.0
2025_09_03,1,0.0,0,-187.25,-18.25,-18.25,-18.25,-18.25,-18.25,-28.25,-31.25,-43.0,-63.75
2025_09_03,-1,156.0,202,-6.75,-5.25,-6.75,6.75,53.25,45.25,45.25,41.75,23.75,20.5
2025_09_03,1,27.75,261,-117.25,-11.0,-11.0,-11.0,-21.5,-21.5,-21.5,-31.25,-40.75,-40.75
2025_09_03,-1,91.5,161,-53.5,0.25,0.25,-18.75,-18.75,-18.75,-18.75,-22.75,-40.75,-44.0
2025_09_03,1,34.25,207,-110.75,-10.0,-10.0,-10.0,-10.0,-34.25,-34.25,-34.25,-38.5,-38.0
2025_09_03,-1,101.0,120,-44.0,8.75,8.75,8.75,8.75,5.25,4.5,-4.25,-17.5,-34.5
2025_09_03,1,37.75,171,-107.25,16.75,16.75,16.75,15.0,12.25,7.0,-6.0,-18.25,-34.5
2025_09_03,-1,97.25,73,-47.75,-8.0,-8.0,-8.0,-13.25,36.75,36.75,28.25,56.0,37.25
2025_09_03,-1,21.25,15,-113.75,6.25,6.25,6.25,6.25,5.0,-5.0,-10.0,-21.25,-44.0
2025_09_03,1,117.0,53,-13.25,-4.0,-7.0,-10.75,-12.25,103.75,103.75,103.75,103.75,103.75
2025_09_04,-1,78.25,45,-217.5,-16.25,-16.25,-16.25,-16.25,-16.25,-32.0,-32.0,-45.75,12.25
2025_09_04,1,198.25,388,-97.5,-48.0,-48.0,-48.0,-48.0,-48.0,-48.0,-48.0,-48.0,-69.75
2025_09_04,-1,73.75,27,-222.0,-4.75,-3.25,-3.25,-3.25,-3.25,-3.25,19.0,16.0,7.75
2025_09_04,1,212.25,345,-2.25,-2.25,-2.25,-2.25,-2.25,6.5,6.5,4.25,212.25,212.25
2025_09_04,1,178.25,309,-32.0,-4.0,-29.75,-29.75,-29.75,-29.75,-29.75,-29.75,178.25,178.25
2025_09_04,-1,4.75,72,-189.5,-6.5,-6.5,-16.25,-16.25,-16.25,-27.5,-33.75,-39.75,-55.5
2025_09_04,1,167.5,272,-26.75,-8.5,-8.5,-8.5,-13.75,-5.0,-10.25,-26.75,167.5,167.5
2025_09_04,1,160.75,208,-8.5,8.25,8.25,8.25,5.0,-4.75,-4.75,160.75,160.75,160.75
2025_09_04,1,58.75,22,0.0,22.5,17.75,17.75,15.25,58.75,58.75,58.75,58.75,58.75
2025_09_05,1,38.25,19,-341.75,-7.0,-7.0,-12.0,-12.0,-26.0,-26.0,-11.75,-7.0,-26.5
2025_09_05,1,50.25,15,-329.75,-14.0,-14.0,-14.0,-14.0,0.25,0.25,0.25,5.0,-14.5
2025_09_05,1,9.75,2,-315.5,-10.75,-10.75,-10.75,-15.0,-15.0,-15.0,-22.75,-40.25,-57.0
2025_09_05,-1,279.75,62,-4.0,-4.0,12.0,12.0,63.75,63.75,63.75,63.75,169.25,158.5
2025_09_05,-1,111.0,35,-67.5,-11.25,-11.25,-11.25,-28.5,-28.5,-28.5,21.75,0.5,-10.25
2025_09_05,1,126.75,286,0.0,22.25,1.5,1.5,1.5,1.5,1.5,70.5,58.5,31.25
2025_09_05,1,93.0,279,-11.0,-11.0,-11.0,-11.0,16.5,16.5,36.75,36.75,24.75,-2.5
2025_09_05,1,85.25,277,-16.25,2.25,18.75,18.75,8.75,8.75,29.0,29.0,17.0,-10.25
2025_09_05,-1,6.0,100,-95.5,-16.5,-16.5,-16.5,-16.5,-16.5,-32.5,-32.5,-43.0,-62.0
2025_09_05,1,33.5,224,-68.0,-25.5,-25.5,-25.5,-25.5,-25.5,-25.5,-34.5,-43.25,-68.0
2025_09_05,-1,12.0,67,-89.5,-7.25,-7.25,-19.25,-19.25,-19.25,-25.0,-46.0,-46.0,-48.25
2025_09_05,1,42.5,162,-59.0,-10.5,-10.5,-10.5,-8.0,-8.25,-13.75,-30.75,-35.5,-59.0
2025_09_05,-1,-0.0,0,-101.5,-23.25,-23.25,-23.25,-23.25,-23.25,-23.25,-30.0,-44.5,-60.25
2025_09_05,1,48.5,97,-12.0,-5.0,-5.0,-5.0,-5.0,-8.75,-2.0,16.0,34.0,34.0
2025_09_05,1,47.25,91,-11.25,11.0,11.0,3.5,3.5,-3.25,-3.25,14.75,32.75,32.75
2025_09_05,1,33.0,60,-8.5,-6.5,-6.5,-8.5,14.25,7.25,7.25,0.5,18.5,18.5
2025_09_05,1,19.5,19,-20.5,-3.75,-11.75,-11.75,-11.75,-15.5,-20.5,5.0,5.0,5.0
2025_09_08,1,94.0,70,-28.5,16.25,16.25,16.25,16.25,16.25,16.25,16.25,39.75,23.5
2025_09_08,1,36.25,53,-86.25,-16.25,-16.25,-16.25,-16.25,-16.25,4.25,-18.0,-18.0,-34.25
2025_09_08,-1,54.25,304,-68.25,-3.25,-3.25,-3.25,-11.5,-11.5,-23.75,-23.75,-33.75,-54.75
2025_09_08,1,22.75,13,-99.75,2.75,2.75,-3.0,-3.0,6.25,0.0,-11.75,-23.5,-37.5
2025_09_08,-1,86.5,244,-28.25,-2.5,-4.0,-7.75,-12.5,-16.75,-19.25,-28.25,41.5,47.75
2025_09_08,1,19.75,12,-90.5,-14.25,-14.25,-14.25,-14.25,-19.0,-4.75,-10.25,-22.75,-43.25
2025_09_08,-1,80.75,214,-29.5,-7.5,-7.5,-13.25,-13.25,-18.25,-21.25,47.0,35.75,42.0
2025_09_08,-1,82.75,194,-3.0,7.25,14.5,14.5,33.5,31.25,27.25,49.0,37.75,44.0
2025_09_08,-1,25.75,94,-30.0,12.75,12.75,12.75,3.0,3.0,3.0,-8.0,-19.25,-13.0
2025_09_08,1,14.5,9,-41.25,-4.75,4.75,4.75,1.0,-3.5,-6.25,-18.5,-34.75,-2.5
2025_09_08,-1,30.25,43,-17.75,-3.75,-3.75,-8.25,-8.25,-16.0,-16.0,-3.0,-13.75,-8.5
2025_09_08,1,23.0,17,-17.0,-13.0,-13.0,-13.0,-13.0,-17.0,0.75,13.75,13.75,13.75
2025_09_09,1,40.25,384,-114.5,-4.0,-9.0,-9.0,-14.5,-17.5,-26.5,-35.75,-59.0,-60.75
2025_09_09,-1,96.25,46,-58.5,33.75,33.75,30.25,22.0,22.0,22.0,7.25,-4.75,-20.5
2025_09_09,-1,20.75,6,-109.0,16.5,7.5,7.5,7.5,4.25,-5.25,-14.5,-28.75,-39.5
2025_09_09,1,87.5,231,-2.5,18.75,18.75,18.75,18.75,8.5,8.5,-0.25,82.75,82.75
2025_09_09,-1,-0.0,0,-87.75,-6.0,-6.0,-14.5,-14.5,-18.25,-20.75,-30.25,-40.5,-60.25
2025_09_09,1,63.5,179,-0.75,0.0,-0.75,17.0,17.0,13.75,8.25,33.25,58.75,58.75
2025_09_09,-1,-0.0,0,-60.75,-10.25,-10.25,-10.25,-18.25,-18.25,-20.5,-30.25,-43.5,-60.75
2025_09_09,1,40.75,66,-8.0,-1.0,-3.0,-5.0,-2.0,-2.0,-8.0,10.5,36.0,36.0
2025_09_09,-1,-0.0,0,-44.75,-5.0,-9.0,-9.0,-23.0,-23.0,-23.0,-30.25,-44.75,-40.0
2025_09_09,1,17.25,4,-13.5,6.5,6.5,6.5,-1.0,-1.0,-7.75,-13.0,12.5,12.5
2025_09_09,-1,-0.0,0,-24.5,-8.75,-8.75,-8.75,-13.0,-21.0,-21.0,-24.5,-24.5,-24.5
2025_09_10,-1,154.75,351,-41.25,-9.75,-9.75,-9.75,-9.75,-19.5,-19.5,-4.25,-12.75,-39.25
2025_09_10,1,25.25,39,-170.75,-5.0,-0.75,-0.75,-9.75,-9.75,-9.75,-9.5,-17.5,-34.75
2025_09_10,-1,167.5,244,-12.0,21.0,21.0,16.75,9.75,9.75,7.0,0.75,-10.0,100.25
2025_09_10,-1,143.75,231,-35.75,-1.0,-1.0,-1.0,-6.5,-16.75,-16.75,-23.0,-33.75,76.5
2025_09_10,1,17.25,7,-162.25,12.5,2.5,2.5,2.5,-1.0,-5.75,-21.25,-24.5,-42.75
2025_09_10,-1,150.5,186,-0.0,23.5,23.5,18.5,17.75,17.75,17.75,5.25,104.5,83.25
2025_09_10,1,10.25,1,-135.0,4.25,4.25,1.5,-3.75,-6.5,-11.75,-26.0,-32.0,-49.75
2025_09_10,-1,118.75,121,-0.0,9.5,9.5,16.5,16.5,11.0,4.25,86.0,72.75,51.5
2025_09_10,-1,96.75,73,-4.0,-2.5,-2.5,15.5,12.5,12.5,7.25,64.0,50.75,29.5
2025_09_10,1,54.25,24,-20.5,-5.0,-11.25,-11.25,-11.25,-13.5,-20.5,34.75,34.75,34.75
2025_09_11,-1,37.25,6,-91.75,8.25,8.25,8.25,4.25,4.25,4.25,4.25,-11.25,-23.0
2025_09_11,1,48.0,85,-42.75,-9.5,-9.5,-9.5,-9.5,-27.0,-27.0,-27.0,-36.5,13.75
2025_09_11,-1,6.5,2,-57.0,-4.75,-5.0,-5.0,-7.25,-17.5,-17.5,-27.25,-42.0,-55.75
2025_09_11,1,1.25,13,-46.5,-9.5,-9.5,-9.5,-14.25,-17.0,-19.5,-35.5,-46.5,-33.0
2025_09_11,1,17.5,238,-29.5,9.75,9.75,5.0,3.25,-0.75,-5.5,-16.0,-29.5,-16.0
2025_09_11,-1,14.25,11,-32.75,-5.0,-6.5,-6.5,1.75,-2.75,-9.75,-16.25,-27.0,0.75
2025_09_11,-1,-0.0,0,-47.0,-5.25,-12.5,-12.5,-12.5,-17.0,-24.0,-30.5,-41.25,-13.5
2025_09_11,-1,3.25,131,-33.0,-4.75,-4.75,-12.0,-12.0,-14.5,-20.25,-27.25,0.5,0.5
2025_09_11,1,25.0,84,-11.25,16.25,12.75,12.75,8.25,5.5,-6.0,-6.0,-8.5,-8.5
2025_09_11,1,2.0,19,-34.25,-4.5,-9.75,-9.75,-15.25,-14.25,-29.0,-29.0,-31.5,-31.5
2025_09_11,-1,1.0,1,-0.75,-0.75,-0.75,-0.75,-0.75,-0.75,-0.75,-0.75,-0.75,-0.75
2025_09_12,-1,38.75,7,-112.75,3.75,3.75,3.75,23.5,15.0,15.0,2.5,-3.0,-23.5
2025_09_12,1,122.0,299,-5.0,13.25,13.25,13.25,4.25,4.25,-3.75,37.25,80.25,58.5
2025_09_12,1,59.5,180,-22.75,-8.0,-8.0,-8.0,-14.0,-18.25,-20.0,28.25,17.75,-4.0
2025_09_12,1,58.75,164,-7.75,2.25,-3.5,-3.5,-1.5,5.0,1.25,27.5,17.0,-4.75
2025_09_12,-1,9.25,125,-57.25,0.25,-2.5,-5.25,-9.0,-12.5,-16.0,-26.0,-38.25,-55.25
2025_09_12,1,21.25,10,-45.25,-7.75,-7.75,11.25,7.25,4.75,-0.75,-10.0,-20.5,-42.25
2025_09_12,-1,42.0,18,-0.0,22.75,35.0,27.25,27.25,20.25,20.25,11.5,1.0,15.25
2025_09_12,-1,18.5,15,-15.0,-4.5,-1.5,-1.5,-5.75,-12.75,-12.75,-0.75,-0.75,-0.75
2025_09_12,1,0.0,0,-27.0,-6.75,-6.75,-16.75,-16.75,-16.75,-27.0,-7.75,-7.75,-7.75
2025_09_12,1,9.75,10,-3.0,-3.0,9.75,9.75,9.75,9.75,9.75,9.75,9.75,9.75
2025_09_15,1,107.75,388,-11.75,-11.75,-11.75,-11.75,-11.75,-11.75,37.0,54.5,44.75,85.25
2025_09_15,-1,1.25,9,-69.5,-5.5,-12.25,-12.25,-12.25,-15.25,-18.75,-30.0,-39.5,-59.75
2025_09_15,-1,-0.0,0,-68.75,-5.0,-8.0,-8.0,-16.5,-16.5,-22.25,-30.75,-40.75,-61.25
2025_09_15,1,30.0,245,-33.0,-1.25,-3.75,-3.75,-9.0,-12.25,-15.5,-23.25,-33.0,7.5
2025_09_15,-1,5.0,74,-58.0,-5.5,-5.5,-8.25,-12.5,-15.0,-22.5,-30.0,-36.25,-58.0
2025_09_15,1,24.75,115,-38.25,-4.5,-4.5,-6.5,-11.25,-15.25,-19.25,-31.25,-38.25,2.25
2025_09_15,-1,1.25,2,-57.0,-6.75,-6.75,-6.75,-11.0,-15.0,-20.75,-30.0,-47.25,-34.5
2025_09_15,1,38.75,39,-2.0,-2.0,2.5,2.5,2.5,-1.75,16.25,16.25,16.25,16.25
2025_09_15,1,19.5,4,-4.5,4.25,4.25,4.25,4.25,2.5,-3.0,-3.0,-3.0,-3.0
2025_09_16,1,3.75,1,-82.0,-15.25,-15.25,-15.25,-15.25,-15.25,-23.75,-26.25,-47.25,-57.0
2025_09_16,-1,51.75,138,-7.75,-4.0,-4.0,-4.0,12.25,3.5,3.5,-4.5,8.25,15.5
2025_09_16,-1,20.5,63,-39.0,2.5,2.5,-0.5,-5.0,-11.25,-11.25,-10.25,-23.0,-15.75
2025_09_16,1,37.0,200,-11.0,-9.75,-9.75,-9.75,6.5,4.5,15.5,3.75,13.75,13.75
2025_09_16,1,23.0,113,-12.5,-6.75,-6.75,-11.0,-12.5,1.5,1.5,-10.25,-0.25,-0.25
2025_09_16,-1,13.25,31,-20.0,-1.25,-3.0,-7.5,-8.0,-20.0,-20.0,3.25,3.25,3.25
2025_09_16,1,0.0,0,-29.0,-10.25,-10.25,-10.25,-12.25,-18.75,-29.0,-19.0,-19.0,-19.0
2025_09_16,-1,-0.0,0,-7.75,-7.25,-7.25,-5.5,-5.5,-5.5,-5.5,-5.5,-5.5,-5.5
2025_09_17,1,18.75,357,-274.0,-7.5,-7.5,-18.5,-18.5,-18.5,-24.25,-34.5,-43.25,-60.75
2025_09_17,-1,244.5,318,-48.25,18.75,22.5,22.5,7.5,7.5,7.5,0.25,-18.75,55.75
2025_09_17,-1,163.75,207,-129.0,1.75,-1.5,-1.5,-7.0,-4.75,-4.75,6.25,-5.0,-25.0
2025_09_17,-1,156.5,141,-136.25,20.75,20.75,20.75,13.75,13.0,8.25,-1.0,-12.25,-32.25
2025_09_17,1,148.25,133,-144.5,4.25,2.25,41.5,37.5,31.0,28.25,66.25,66.25,45.0
2025_09_17,1,92.5,89,-200.25,49.5,49.5,49.5,10.5,10.5,10.5,10.5,10.5,-10.75
2025_09_17,-1,242.25,51,-50.5,-12.0,-12.0,-12.0,-12.0,-17.75,141.0,113.25,113.25,82.5
2025_09_17,1,102.25,59,-190.5,-16.0,-16.0,-16.0,-16.0,-16.0,-37.5,-37.5,-78.5,-78.5
2025_09_17,1,166.75,51,-126.0,-50.5,-50.5,-50.5,-50.5,-50.5,-50.5,-50.5,-50.5,-60.75
2025_09_17,1,198.0,48,-94.75,-29.5,-29.5,-29.5,-29.5,-29.5,-29.5,-64.75,-64.75,-64.75
2025_09_17,-1,65.25,11,-227.5,-8.0,-8.0,-8.0,-1.0,-1.0,-1.0,-1.0,-30.5,-30.5
2025_09_17,1,259.25,42,-33.5,35.0,35.0,35.0,35.0,35.0,35.0,18.0,18.0,-10.5
2025_09_17,-1,-0.0,0,-292.75,-18.25,-18.25,-18.25,-18.25,-18.25,-50.0,-50.0,-50.0,-74.5
2025_09_17,1,137.25,28,0.0,26.0,26.0,26.0,26.0,26.0,23.25,56.25,17.0,17.0
2025_09_17,-1,-0.0,0,-115.25,-27.5,-27.5,-27.5,-27.5,-27.5,-27.5,-43.5,-43.5,-73.25
2025_09_17,1,71.75,12,-17.5,-12.5,-12.5,-12.5,-12.5,-12.5,-12.5,29.5,29.5,7.25
2025_09_17,1,27.75,34,-36.25,2.25,2.25,2.25,2.25,2.25,2.25,-11.5,-15.75,-36.25
2025_09_17,1,2.5,32,-61.5,-23.0,-23.0,-23.0,-23.0,-23.0,-23.0,-36.75,-41.0,-61.5
2025_09_17,-1,10.0,3,-54.0,-16.0,-16.0,-16.0,-16.0,-16.0,-22.25,-23.25,-36.0,-51.0
2025_09_17,1,3.0,1,-17.25,-6.25,-6.25,-6.25,-12.75,-13.5,-17.25,-17.25,-17.25,-17.25
2025_09_18,1,150.75,109,-42.25,39.5,39.5,20.75,20.75,20.75,20.75,12.75,-13.0,-13.0
2025_09_18,-1,-0.0,0,-190.25,-8.0,-8.0,-8.0,-18.25,-18.25,-40.75,-40.75,-40.75,-73.5
2025_09_18,1,106.75,79,-8.75,44.75,44.75,44.75,44.75,56.25,81.0,70.75,60.75,38.0
2025_09_18,-1,64.0,323,-51.5,-0.5,-0.5,12.75,-2.0,-2.0,-2.0,-11.75,-17.75,-46.25
2025_09_18,1,25.5,8,-90.0,-16.5,-16.5,-16.5,-16.5,-16.5,-0.75,-9.75,-20.25,-35.5
2025_09_18,-1,78.25,271,-21.5,3.75,28.5,28.5,28.5,24.25,19.0,11.0,-0.75,-20.0
2025_09_18,-1,51.5,248,-48.25,3.75,3.75,3.75,-0.25,-12.25,-12.25,-15.75,-27.5,-46.75
2025_09_18,1,3.75,1,-96.0,-1.5,-2.5,-5.5,-8.75,-15.25,-20.5,-26.75,-42.5,-58.25
2025_09_18,-1,74.25,167,-0.0,24.75,24.75,24.75,21.0,21.75,21.25,13.25,73.25,73.25
2025_09_18,-1,36.0,146,-32.5,-6.0,-6.0,-13.25,-13.25,-16.5,-17.0,-25.0,35.0,35.0
2025_09_18,1,23.75,37,-44.75,-7.5,-7.5,0.0,0.25,-4.25,-0.5,-6.5,-16.5,-38.75
2025_09_18,-1,39.0,90,-29.5,-17.75,-17.75,-17.75,-17.75,-17.75,-23.75,38.0,38.0,38.0
2025_09_18,1,10.25,4,-58.25,6.25,4.25,2.25,-6.75,-6.75,-14.0,-20.0,-30.0,-52.25
2025_09_18,-1,46.75,58,-7.5,-5.75,-7.5,12.75,18.5,18.5,18.5,45.75,45.75,45.75
2025_09_18,1,0.0,0,-35.0,-5.5,-23.5,-23.5,-23.5,-23.5,-23.5,-31.0,-34.0,-34.0
2025_09_18,-1,9.5,15,-10.5,-5.5,-6.75,-9.25,8.5,8.5,8.5,8.5,8.5,8.5
2025_10_01,-1,9.75,19,-286.75,-57.75,-57.75,-57.75,-57.75,-57.75,-57.75,-57.75,-57.75,-72.75
2025_10_01,1,214.0,335,-82.5,-4.0,-4.0,-4.0,-1.75,-9.75,-9.75,-22.25,-46.25,-82.5
2025_10_01,-1,-0.0,0,-280.0,-21.0,-21.0,-21.0,-21.0,-21.0,-21.0,-54.25,-54.25,-68.25
2025_10_01,1,213.25,297,0.0,48.0,48.0,58.5,58.5,68.0,61.75,62.5,173.0,180.5
2025_10_01,1,121.25,212,0.0,13.0,13.0,19.5,19.5,23.75,19.25,86.25,81.0,88.5
2025_10_01,-1,26.0,61,-13.25,-7.25,-7.25,-4.5,-4.5,-9.5,-13.25,18.5,18.5,18.5
2025_10_01,1,0.0,0,-39.25,-5.5,-7.5,-11.5,-13.5,-22.25,-22.25,-34.0,-31.75,-31.75
2025_10_01,-1,14.75,28,-21.5,-8.0,-8.0,-8.0,-12.25,-16.5,-21.5,7.25,7.25,7.25
2025_10_02,-1,146.25,94,-2.25,15.5,15.5,15.5,73.0,73.0,73.0,86.25,75.0,54.0
2025_10_02,-1,33.0,75,-96.75,-4.75,-6.0,-6.0,-21.0,-21.0,-21.0,-27.0,-38.25,-59.25
2025_10_02,1,72.75,312,-57.0,23.0,24.0,24.0,23.25,17.0,9.25,0.75,-26.75,-26.75
2025_10_02,-1,44.0,17,-85.75,-16.0,-16.0,-16.0,-16.0,-16.0,18.75,3.0,3.0,-18.0
2025_10_02,-1,-0.0,0,-120.0,-6.5,-6.5,-15.0,-15.0,-22.5,-22.5,-38.5,-44.5,-61.75
2025_10_02,1,67.75,219,-15.0,10.75,10.75,10.75,10.75,6.25,-3.25,-9.0,57.75,57.75
2025_10_02,-1,-0.0,0,-82.75,-7.75,-7.75,-10.5,-14.5,-20.25,-20.25,-32.5,-40.5,-61.0
2025_10_02,1,24.0,109,-19.0,-5.0,-11.25,-11.25,-12.25,-16.5,2.5,14.0,14.0,14.0
2025_10_02,-1,-0.0,0,-37.0,-4.25,-7.75,-11.0,-18.25,-18.25,-22.75,-31.25,-27.0,-27.0
2025_10_02,1,22.75,65,-7.0,-1.75,-1.75,-3.0,7.75,1.25,1.25,12.75,12.75,12.75
2025_10_02,-1,14.5,17,-14.0,1.75,-2.0,-2.0,-6.75,-10.75,-10.75,-5.25,-5.25,-5.25
2025_10_03,1,3.0,21,-231.5,-10.0,-10.0,-10.0,-12.75,-21.75,-21.75,-34.25,-51.25,-70.5
2025_10_03,-1,179.75,235,-45.25,21.0,21.0,21.0,32.75,27.25,24.25,8.5,-3.75,-15.5
2025_10_03,1,33.25,86,-191.75,-1.75,-11.25,-11.25,-11.25,-19.5,-19.5,-7.25,-9.75,-31.5
2025_10_03,-1,189.0,133,-36.0,-0.5,-4.25,-4.25,-10.0,-11.75,-18.5,-30.5,-36.0,119.75
2025_10_03,-1,201.5,88,-16.25,-9.75,-9.75,-9.75,-16.25,-16.25,72.5,64.75,49.75,132.25
2025_10_03,1,70.75,29,-32.75,-11.0,-11.0,-11.0,-11.0,-11.0,-27.0,-27.0,19.5,10.0
2025_10_03,-1,35.0,5,-68.5,24.75,24.75,24.75,0.25,0.25,0.25,0.25,-11.75,-26.5
2025_10_03,1,42.0,9,-19.5,0.25,0.25,0.25,9.5,9.5,9.5,9.5,-9.25,-18.75
2025_10_03,1,17.0,33,-35.5,-6.0,-6.0,-6.5,-11.0,-25.25,-25.25,-14.5,-24.25,-34.5
2025_10_03,-1,10.25,82,-42.25,-6.75,-6.75,-9.0,-12.75,-20.25,-20.25,-28.25,-42.25,9.25
2025_10_03,1,20.0,26,-27.25,-0.75,-2.25,-3.0,-6.25,-6.25,-6.25,-11.5,-22.5,-26.25
2025_10_03,-1,11.25,13,-16.25,-8.75,-8.75,-8.75,-16.25,-16.25,10.25,10.25,10.25,10.25
2025_10_06,1,52.75,302,-72.5,-5.25,-24.5,-24.5,-24.5,-24.5,-24.5,-31.25,-40.25,-71.0
2025_10_06,-1,37.25,67,-88.0,-5.5,-13.25,-13.25,-13.25,-21.5,-21.5,-3.5,-4.75,-25.5
2025_10_06,-1,8.75,6,-116.5,-6.5,-6.5,-6.5,-6.5,-17.5,-17.5,-21.25,-34.0,-54.0
2025_10_06,-1,11.75,5,-82.25,6.5,1.75,1.75,-0.5,-5.5,-9.25,-19.75,-34.0,-56.0
2025_10_06,1,57.5,164,-16.0,11.5,10.5,10.25,3.75,3.0,-2.0,26.25,17.5,-9.0
2025_10_06,-1,24.5,196,-49.0,-0.75,8.75,8.25,1.75,-5.25,-5.25,-22.75,-25.5,-46.0
2025_10_06,1,0.0,0,-73.5,-4.75,-13.0,-13.0,-13.0,-18.0,-20.0,-31.25,-40.0,-66.5
2025_10_06,-1,55.0,78,-8.75,-7.0,-7.0,-8.75,24.0,24.0,54.75,54.75,54.75,54.75
2025_10_07,-1,242.75,139,-26.25,4.25,-3.75,-3.75,-3.75,-10.25,-15.5,-26.25,125.25,176.75
2025_10_07,-1,253.25,128,-15.75,4.5,4.5,-3.0,-3.0,-15.75,-15.75,-4.75,135.75,187.25
2025_10_07,-1,166.75,47,-0.0,64.0,78.0,78.0,78.0,78.0,78.0,58.75,49.25,100.75
2025_10_07,-1,66.75,7,-27.75,46.25,46.25,46.25,46.25,46.25,46.25,33.5,8.0,0.75
2025_10_07,1,28.5,36,-65.25,-15.75,-15.75,-15.75,-15.75,-32.0,-32.0,-32.0,-42.75,-39.5
2025_10_07,-1,40.5,74,-33.75,-4.25,8.5,6.5,-4.75,-4.75,-13.25,-15.5,-27.5,-19.75
2025_10_07,-1,65.0,53,-9.25,21.0,9.0,9.0,9.0,9.0,5.5,32.25,17.75,4.75
2025_10_07,1,25.0,163,-49.25,4.0,0.25,0.25,-6.5,-11.75,-11.75,-16.75,-37.75,-49.25
2025_10_07,-1,41.5,21,-32.75,-10.75,-10.75,-10.75,-12.25,-21.25,-21.25,8.75,-5.75,-18.75
2025_10_07,-1,32.5,13,-41.75,-0.5,-0.5,23.75,18.75,11.5,11.5,-0.25,-14.75,-27.75
2025_10_07,1,37.0,86,0.0,1.75,1.75,1.75,7.5,7.5,5.75,3.75,27.75,27.75
2025_10_07,-1,6.25,3,-8.75,2.0,-2.0,-2.0,-8.75,0.5,0.5,0.5,0.5,0.5
2025_10_08,-1,-0.0,0,-247.25,-18.0,-18.0,-18.0,-18.0,-18.0,-33.0,-33.0,-56.25,-60.75
2025_10_08,1,190.5,365,0.0,25.0,25.0,61.0,61.0,61.0,52.5,46.75,35.75,184.0
2025_10_08,-1,34.75,19,-130.0,-5.0,10.75,10.75,19.75,15.5,9.5,4.25,-6.0,-33.75
2025_10_08,1,131.75,291,-3.5,3.25,-1.5,-1.5,-3.25,46.0,40.0,31.5,125.25,125.25
2025_10_08,1,93.25,179,-2.0,0.25,0.25,0.25,23.5,32.0,26.5,86.75,86.75,86.75
2025_10_08,1,84.0,161,-3.5,-3.5,7.75,8.0,14.25,22.75,17.25,77.5,77.5,77.5
2025_10_08,1,76.5,133,-1.0,13.0,13.0,7.25,6.75,15.25,9.75,70.0,70.0,70.0
2025_10_08,-1,-0.0,0,-60.75,-4.5,-7.25,-8.5,-12.5,-20.5,-20.5,-32.5,-43.75,-60.75
2025_10_08,1,34.0,9,0.0,15.75,24.0,24.0,16.75,16.75,27.5,27.5,27.5,27.5
2025_10_09,-1,161.5,244,-0.0,14.75,12.5,48.0,29.5,29.5,29.5,29.5,22.0,58.5
2025_10_09,1,52.5,307,-83.25,5.0,1.25,1.25,1.25,1.25,2.25,-9.25,-19.0,-38.5
2025_10_09,-1,65.75,125,-70.0,9.5,9.5,9.5,4.25,4.25,-0.0,-22.5,-22.5,-39.25
2025_10_09,1,33.75,233,-102.0,0.75,-3.25,-3.25,-4.25,-14.25,-14.25,-25.75,-43.5,-53.75
2025_10_09,-1,76.25,73,-59.5,-8.5,-8.5,-8.5,-16.0,-16.0,-21.75,-12.75,27.75,13.5
2025_10_09,-1,9.5,24,-100.0,-1.5,-1.5,-1.5,-6.0,-12.75,-12.75,-27.0,-32.0,-51.0
2025_10_09,1,91.75,125,-17.75,-3.0,-3.0,-3.0,-3.0,-8.75,-10.75,75.0,75.0,75.0
2025_10_09,1,8.5,3,-8.25,4.0,2.25,0.0,-4.5,-8.25,-8.25,-8.25,-8.25,-8.25
2025_10_10,1,1.25,2,-995.5,-7.5,-7.5,-29.25,-29.25,-29.25,-29.25,-29.25,-43.75,-59.5
2025_10_10,-1,940.25,365,-32.25,-12.75,-12.75,-12.75,-12.75,-20.75,-20.75,-32.25,-18.0,264.75
2025_10_10,1,0.0,0,-948.0,-72.75,-72.75,-72.75,-72.75,-72.75,-72.75,-72.75,-72.75,-72.75
2025_10_10,-1,831.0,298,-0.0,153.0,153.0,153.0,153.0,153.0,153.0,153.0,153.0,155.5
2025_10_10,1,1.75,1,-674.0,-46.75,-46.75,-46.75,-46.75,-46.75,-46.75,-46.75,-46.75,-63.5
2025_10_10,-1,627.25,280,-0.0,65.25,65.25,65.25,127.75,127.75,127.75,142.25,142.25,142.25
2025_10_10,-1,400.5,253,-86.0,-71.5,-71.5,-71.5,-71.5,-71.5,-71.5,-71.5,-71.5,-71.5
2025_10_10,-1,469.0,246,-17.5,-17.5,-17.5,-17.5,-17.5,-17.5,26.0,26.0,26.0,23.5
2025_10_10,1,0.0,0,-479.25,-9.75,-9.75,-9.75,-39.5,-39.5,-39.5,-39.5,-65.5,-65.5
2025_10_10,1,31.75,27,-413.75,-18.0,-18.0,-18.0,-18.0,-18.0,-13.75,-13.75,-13.75,-31.75
2025_10_10,1,2.5,25,-443.0,-4.0,-43.0,-43.0,-43.0,-43.0,-43.0,-43.0,-43.0,-61.0
2025_10_10,1,44.0,22,-401.5,-19.5,-19.5,-19.5,-19.5,-19.5,-22.75,-25.5,-25.5,-16.0
2025_10_10,1,22.0,18,-423.5,-47.5,-47.5,-47.5,-47.5,-47.5,-47.5,-47.5,-47.5,-38.0
2025_10_10,1,22.0,12,-423.5,-15.25,-15.25,-15.25,-15.25,-34.0,-34.0,-34.0,-51.5,-38.0
2025_10_10,-1,375.25,218,-70.25,-12.0,-12.0,-12.0,-12.0,-22.75,-22.75,-30.5,-70.25,-70.25
2025_10_10,-1,266.5,178,-88.0,-7.75,-7.75,23.25,23.25,23.25,-3.5,-3.5,-3.5,-18.25
2025_10_10,1,30.25,8,-324.25,-6.25,-6.25,19.0,5.25,5.25,5.25,-4.75,-43.75,-43.75
2025_10_10,1,0.0,0,-346.5,-15.0,-15.0,-15.0,-15.0,-27.0,-27.0,-66.0,-66.0,-66.0
2025_10_10,-1,280.5,130,-47.0,-19.0,-19.0,-19.0,-19.0,-19.0,-28.5,-31.0,-27.25,-47.0
2025_10_10,1,44.25,6,-117.0,24.75,24.75,20.0,20.0,20.0,20.0,1.0,1.0,-38.0
2025_10_10,1,12.0,3,-149.25,-7.5,-7.5,-12.25,-12.25,-12.25,-12.25,-31.25,-31.25,-70.25
2025_10_10,1,0.0,0,-102.75,-23.75,-23.75,-23.75,-23.75,-23.75,-23.75,-63.5,-63.5,-63.5
2025_10_10,-1,39.25,2,-17.25,15.75,15.75,15.75,15.75,15.75,15.75,-5.0,-5.0,-7.0
2025_10_13,-1,90.75,5,-138.0,-13.75,-13.75,-13.75,-13.75,65.5,65.5,58.75,39.75,9.75
2025_10_13,1,103.25,279,-101.75,-14.75,-14.75,-14.75,-14.75,18.25,18.25,19.5,4.75,-18.5
2025_10_13,-1,55.25,35,-149.75,-20.75,-20.75,-20.75,-20.75,-20.75,-20.75,-26.25,-38.75,-58.25
2025_10_13,1,77.25,233,-127.75,-36.25,-36.25,-36.25,-36.25,-36.25,-36.25,-36.25,-48.5,-67.0
2025_10_13,-1,27.25,6,-177.75,-11.0,-11.0,-11.0,-11.0,-11.0,-11.0,-8.5,-15.5,-37.5
2025_10_13,1,99.25,194,-4.75,6.0,6.0,6.0,6.0,6.0,9.75,-3.0,52.25,34.5
2025_10_13,1,78.5,185,-25.5,-13.25,-13.25,-13.25,-13.25,-5.0,-11.0,-23.75,31.5,13.75
2025_10_13,1,79.25,182,-24.75,6.25,6.25,4.25,-4.25,-4.25,-10.25,-23.0,32.25,14.5
2025_10_13,1,90.0,167,-6.0,-6.0,-6.0,-6.0,-6.0,-6.0,20.5,24.0,43.0,25.25
2025_10_13,-1,17.5,134,-55.5,-21.0,-21.0,-21.0,-21.0,-21.0,-21.0,-35.75,-39.5,-54.75
2025_10_13,-1,33.25,109,-39.75,-0.0,-0.0,-0.75,-0.75,-0.75,-10.75,-7.5,-12.75,-39.0
2025_10_13,1,27.0,30,-46.0,-2.5,-4.75,-6.0,14.25,7.25,1.25,-18.75,-18.75,-38.25
2025_10_13,-1,25.75,18,-34.75,-9.25,-9.25,-9.25,-1.75,-1.75,-1.75,-4.5,-14.75,-34.75
2025_10_13,1,10.25,2,-34.0,3.5,3.5,-1.25,-8.5,-8.5,-10.5,-21.75,-30.25,-19.0
2025_10_13,-1,9.75,35,-28.75,-9.0,-9.0,-9.0,-12.75,-23.25,-23.25,-5.25,-5.25,-5.25
2025_10_14,-1,167.5,13,-337.75,-6.0,-6.0,-6.0,-6.0,96.0,96.0,131.0,127.0,100.5
2025_10_14,-1,0.25,2,-468.5,-30.25,-30.25,-30.25,-30.25,-30.25,-30.25,-30.25,-69.0,-69.0
2025_10_14,-1,-0.0,0,-438.25,-38.75,-38.75,-38.75,-38.75,-38.75,-38.75,-38.75,-40.25,-65.75
2025_10_14,1,383.0,173,0.0,5.0,5.0,5.0,24.0,24.0,24.0,123.5,130.0,141.0
2025_10_14,1,212.25,128,-54.5,-11.5,-11.5,-11.5,-32.25,-32.25,-32.25,-32.25,-40.75,-29.75
2025_10_14,-1,15.75,1,-234.25,-6.75,-6.75,-6.75,-6.75,-6.75,-6.75,-21.75,-31.75,-51.5
2025_10_14,1,194.25,73,-43.75,-34.75,-34.75,-34.75,-34.75,-34.75,-34.75,-34.75,39.5,14.75
2025_10_14,-1,96.5,233,-141.5,-4.25,-15.25,-15.25,-15.25,-25.25,-25.25,-62.5,-62.5,-62.5
2025_10_14,1,79.0,31,-159.0,-13.0,-13.0,-13.0,-13.0,-13.0,-13.0,30.0,30.0,17.75
2025_10_14,-1,196.5,191,-35.5,24.5,24.5,24.5,24.5,24.5,21.25,7.5,-1.75,-18.5
2025_10_14,1,24.25,11,-207.75,-9.75,-9.75,-9.75,-9.75,-9.75,-4.75,-15.75,-15.75,-35.75
2025_10_14,-1,189.75,152,-35.0,-9.5,-9.5,-9.5,-9.5,-9.5,-22.75,-24.0,-35.0,118.0
2025_10_14,-1,200.0,132,-19.25,5.25,-4.75,-4.75,-4.75,-5.75,-5.75,-17.75,-19.25,128.25
2025_10_14,-1,191.75,72,-27.5,-2.25,-20.5,-20.5,-20.5,-20.5,-20.5,-27.5,69.75,120.0
2025_10_14,1,25.0,17,-194.25,7.75,-6.25,-6.25,-6.25,-6.25,2.0,-11.25,-15.5,-113.25
2025_10_14,-1,183.0,37,-1.0,85.25,85.25,85.25,85.25,85.25,61.0,61.0,61.0,111.25
2025_10_14,-1,43.75,14,-28.0,2.75,-8.0,-8.0,-8.0,-19.0,-19.0,-28.0,25.25,25.25
2025_10_15,-1,308.75,225,-138.75,1.0,1.0,1.0,2.25,-5.5,10.5,10.5,-0.0,1.0
2025_10_15,1,92.75,33,-354.75,-7.0,-7.0,65.25,65.25,65.25,57.25,58.75,45.5,31.75
2025_10_15,1,5.5,16,-434.5,-12.75,-12.75,-12.75,-12.75,-17.0,-14.75,-34.25,-37.0,-67.25
2025_10_15,-1,396.25,110,-14.0,-14.0,-14.0,-14.0,-14.0,71.0,71.0,122.75,122.75,107.25
2025_10_15,-1,386.5,106,-1.0,61.25,61.25,61.25,61.25,61.25,61.25,113.0,113.0,97.5
2025_10_15,1,53.0,8,-267.75,13.0,13.0,6.75,6.75,24.5,24.5,21.0,10.0,-17.75
2025_10_15,-1,243.75,29,-45.75,-15.25,-15.25,-15.25,-15.25,54.25,54.25,198.0,198.0,174.75
2025_10_15,1,173.0,147,0.0,26.25,26.25,26.25,62.5,62.5,88.75,88.75,131.0,104.0
2025_10_15,-1,67.25,45,-37.0,-1.75,-1.75,-5.75,-10.5,-20.5,-20.5,-27.0,21.5,5.25
2025_10_15,1,13.0,39,-91.25,1.5,1.5,-6.5,-6.5,-9.25,-34.0,-34.0,-34.0,-56.0
2025_10_15,-1,46.5,19,-57.75,-0.5,-0.5,-0.5,-2.0,-9.0,-9.0,0.75,0.75,-15.5
2025_10_15,1,16.5,1,-3.5,7.5,7.5,7.5,3.0,-2.75,-3.5,13.0,13.0,13.0
2025_10_16,-1,415.75,304,-103.25,-34.25,-34.25,-34.25,-34.25,-34.25,-34.25,-34.25,-20.25,-52.5
2025_10_16,1,109.75,67,-409.25,-4.0,-4.0,-4.0,-4.0,-23.5,-23.5,-23.5,2.25,-13.75
2025_10_16,-1,370.75,261,-148.25,-17.75,-17.75,-17.75,-17.75,-17.75,-33.5,-33.5,-53.0,-61.0
2025_10_16,1,124.0,17,-395.0,50.5,45.5,45.5,75.75,99.0,99.0,86.75,68.5,60.0
2025_10_16,-1,455.75,216,-15.0,-3.25,-3.25,-8.25,8.25,8.25,-6.0,-6.0,-13.5,42.0
2025_10_16,-1,115.75,114,-176.75,-50.0,-50.0,-50.0,-50.0,-50.0,-50.0,-50.0,-50.0,-35.5
2025_10_16,1,89.25,25,-203.25,-5.0,56.25,56.25,56.25,24.25,24.25,24.25,24.25,-4.0
2025_10_16,-1,196.0,89,-96.5,-32.25,-32.25,-32.25,-32.25,-32.25,-32.25,-32.25,-32.25,-43.25
2025_10_16,1,64.25,11,-228.25,7.0,1.25,1.25,5.25,5.25,5.25,9.5,9.5,1.25
2025_10_16,-1,214.75,53,-8.0,-2.5,-2.5,-2.5,-3.0,-3.0,-3.0,-6.0,152.5,135.25
2025_10_16,-1,15.75,15,-170.75,-21.25,-21.25,-21.25,-21.25,-21.25,-21.25,-38.5,-46.5,-63.75
2025_10_16,1,124.25,98,-62.25,1.0,1.0,1.0,1.0,1.0,-16.25,-16.25,-30.75,-53.75
2025_10_16,-1,41.5,8,-145.0,-1.25,-1.25,-1.25,-1.25,-4.75,-11.25,-11.25,-11.25,-20.75
2025_10_16,-1,-0.0,0,-186.5,-52.75,-52.75,-52.75,-52.75,-52.75,-52.75,-52.75,-52.75,-62.25
2025_10_16,1,69.0,75,-73.0,-3.25,-3.25,-3.25,-3.25,-13.0,-13.0,12.0,-10.5,-24.25
2025_10_16,1,53.25,56,-88.75,-6.25,-6.25,0.75,-4.5,-4.5,-3.75,-3.75,-26.25,-40.0
2025_10_16,-1,30.75,4,-111.25,-8.25,-8.25,-8.25,13.5,13.5,7.25,-19.75,-19.75,-34.0
2025_10_16,1,68.0,16,-21.75,-14.75,-14.75,-14.75,-14.75,-14.75,-14.75,29.0,28.0,5.5
2025_10_16,1,39.5,11,-50.25,4.75,16.25,16.25,0.5,0.5,0.5,0.5,-0.5,-23.0
2025_10_16,1,0.0,0,-89.75,-7.5,-7.5,-8.5,-15.0,-19.75,-27.5,-39.0,-40.0,-62.5
2025_10_16,-1,38.75,5,-0.0,38.75,38.75,38.75,38.75,38.75,38.75,38.75,38.75,38.75
2025_10_17,1,297.0,350,-64.0,-7.0,-7.0,14.0,14.0,14.0,6.5,6.5,6.5,-15.75
2025_10_17,-1,92.0,122,-269.0,-24.75,-24.75,-24.75,-24.75,-24.75,-24.75,-24.75,-3.25,-3.25
2025_10_17,-1,70.5,118,-290.5,27.25,27.25,27.25,27.25,27.25,27.25,32.5,-24.75,-24.75
2025_10_17,1,237.0,329,-124.0,49.25,49.25,49.25,49.25,49.25,49.25,31.75,31.75,10.75
2025_10_17,-1,138.25,60,-222.75,-4.5,13.75,13.75,13.75,13.75,13.75,-16.5,-16.5,-31.5
2025_10_17,-1,103.75,25,-257.25,31.25,31.25,31.25,31.25,31.25,12.75,12.75,40.75,40.75
2025_10_17,-1,61.25,17,-299.75,-2.75,-2.75,-2.75,-2.75,-2.75,-2.75,-2.75,-1.75,-1.75
2025_10_17,1,262.0,216,0.0,50.25,50.25,50.25,50.25,62.75,127.0,127.0,135.5,109.5
2025_10_17,-1,66.25,36,-152.5,-16.75,-16.75,-16.75,-16.75,-16.75,-27.5,-56.0,-56.0,5.5
2025_10_17,-1,97.0,30,-121.75,39.0,39.0,39.0,17.75,17.75,17.75,17.75,48.0,36.25
2025_10_17,-1,14.5,15,-191.5,-9.0,-9.0,-9.0,-12.75,-33.5,-33.5,-33.5,-40.5,-55.5
2025_10_17,1,164.25,103,-41.75,-1.75,-6.25,-6.25,-24.0,-24.0,-24.0,-31.75,-41.75,100.5
2025_10_17,-1,8.0,1,-197.5,-19.75,-19.75,-19.75,-19.75,-19.75,-19.75,-27.75,-61.5,-61.5
2025_10_17,1,114.25,85,-13.5,-13.5,-13.5,-13.5,-13.5,18.5,18.5,51.75,48.25,50.5
2025_10_17,-1,13.75,29,-22.5,-4.0,-4.0,-4.0,-8.25,-16.5,-16.5,-9.5,-9.5,-9.5
2025_10_17,-1,4.0,1,-25.5,-1.75,-6.0,-6.0,-14.75,-14.75,-16.0,-19.25,-19.25,-19.25
2025_10_20,1,179.0,258,0.0,40.5,36.0,36.0,26.5,26.5,25.5,15.5,124.0,142.25
2025_10_20,1,129.0,208,0.0,51.75,51.75,47.75,81.25,81.25,67.75,77.25,74.0,92.25
2025_10_20,-1,8.0,24,-47.0,2.25,-8.0,-8.0,-8.0,-12.25,-12.25,-24.75,-33.0,-10.25
2025_10_20,1,19.0,43,-34.75,-3.75,-3.75,-3.75,4.75,0.0,-1.75,-12.25,-23.5,-17.75
2025_10_20,-1,34.75,84,-17.75,-5.0,-7.5,-11.0,-15.0,-16.75,1.0,2.25,17.75,17.75
2025_10_20,-1,38.5,60,-4.25,-4.25,-1.0,19.25,12.25,10.25,4.75,6.0,21.5,21.5
2025_10_20,-1,11.25,36,-25.25,-8.0,-8.0,-8.0,-15.0,-17.0,-22.5,-21.25,-5.75,-5.75
2025_10_20,-1,8.5,7,-24.0,-5.75,-5.5,-5.5,-5.5,-14.0,-14.0,-24.0,-8.5,-8.5
2025_10_20,1,10.25,16,-21.0,2.25,-0.75,-2.25,-8.0,-8.5,-21.0,-21.0,-5.25,-5.25
2025_10_21,-1,52.75,60,-82.5,-15.0,-15.0,-15.0,-15.0,-22.0,-22.0,-2.5,-8.25,-11.5
2025_10_21,-1,22.25,37,-113.0,-9.75,-9.75,-9.75,-9.75,-9.75,-14.75,-29.0,-38.75,-42.0
2025_10_21,1,68.75,151,-66.5,-11.0,-11.0,-11.0,-11.0,-11.0,-11.75,-37.25,-37.25,-63.75
2025_10_21,-1,15.0,3,-120.25,-1.5,-1.5,-1.5,-1.5,-1.5,-11.0,-19.75,-25.5,-49.25
2025_10_21,1,71.0,118,-38.75,15.25,15.25,15.25,15.25,6.75,6.75,-3.75,22.75,6.5
2025_10_21,-1,34.0,292,-75.75,-5.75,-6.5,-7.75,-14.25,-14.25,-18.25,-24.0,-45.25,-55.5
2025_10_21,1,13.25,36,-96.5,-2.0,-7.25,-7.25,-11.5,-17.75,-17.75,-17.75,-35.0,-51.25
2025_10_21,-1,77.0,197,-22.5,15.0,38.5,38.5,38.5,38.5,32.75,22.0,12.0,-4.75
2025_10_21,1,34.25,157,-65.25,-5.0,-5.0,-5.0,-5.0,-17.25,-17.25,-26.5,-33.75,-36.0
2025_10_21,1,17.5,88,-82.0,-0.25,-0.25,-2.0,-6.25,-11.75,-3.25,-22.25,-23.5,-52.75
2025_10_21,-1,76.75,34,-22.75,1.75,-0.0,-3.25,-6.0,-17.5,-17.5,53.5,53.5,53.5
2025_10_21,1,0.0,0,-98.75,-10.5,-10.5,-10.5,-13.5,-20.0,-20.0,-39.0,-40.25,-69.5
2025_10_21,-1,58.5,10,-0.0,40.25,40.25,40.25,40.25,35.25,35.25,35.25,35.25,35.25
2025_10_22,-1,405.0,264,-64.75,-7.25,-7.25,14.5,14.5,14.5,-9.75,-9.75,-9.75,-28.75
2025_10_22,1,21.25,10,-448.5,-5.25,-6.5,-12.5,-12.5,-18.0,0.25,-9.25,-18.75,-48.0
2025_10_22,-1,400.5,220,-26.0,-4.25,-14.0,-14.0,-14.0,-19.0,-26.0,81.75,116.0,88.5
2025_10_22,1,22.0,3,-353.5,10.0,10.0,10.0,10.0,-4.25,-4.25,-12.0,-18.0,-40.5
2025_10_22,-1,333.5,161,-0.25,86.25,86.25,86.25,86.25,104.75,104.75,94.25,88.25,58.75
2025_10_22,1,26.5,4,-284.0,22.5,15.75,15.75,13.5,9.75,5.75,-6.5,-24.75,-35.5
2025_10_22,-1,275.5,113,-1.25,-0.5,-0.5,-0.5,-0.5,-0.5,-1.25,128.5,128.5,128.5
2025_10_22,-1,175.25,77,-86.75,-11.0,-11.0,-11.0,-11.0,-28.5,-28.5,-26.75,-23.5,-34.5
2025_10_22,1,63.25,194,-198.75,-4.75,-17.5,-17.5,-17.5,-17.5,-17.5,-17.5,-27.75,-54.75
2025_10_22,-1,122.0,40,-140.0,-3.5,-3.5,-3.5,-3.5,25.75,25.75,22.75,12.75,59.5
2025_10_22,-1,38.0,4,-224.0,27.0,27.0,27.0,24.0,0.25,0.25,0.25,-6.25,-24.5
2025_10_22,1,177.5,128,-57.0,-15.75,-15.75,-15.75,-15.75,-15.75,-15.75,-38.0,-38.0,-53.0
2025_10_22,-1,-0.0,0,-217.5,-31.75,-31.75,-31.75,-31.75,-31.75,-31.75,-31.75,-66.5,-66.5
2025_10_22,1,139.0,104,-30.5,-25.25,-25.25,-25.25,-25.25,-25.25,-25.25,-30.5,119.25,119.25
2025_10_22,1,38.75,17,-12.5,-12.5,-12.5,-12.5,-12.5,21.0,14.5,19.0,19.0,19.0
2025_10_23,1,257.0,351,-2.5,7.25,7.25,39.25,39.25,130.25,115.75,115.75,101.75,85.5
2025_10_23,-1,-0.0,0,-182.25,-8.0,-8.0,-8.0,-16.25,-16.25,-39.5,-39.5,-55.25,-61.5
2025_10_23,-1,13.75,73,-139.25,-9.75,-9.75,-9.75,-19.5,-19.5,-20.25,-35.75,-40.75,-52.5
2025_10_23,1,119.0,286,-34.0,14.0,14.0,14.0,1.75,1.75,1.75,2.0,-9.5,-34.0
2025_10_23,-1,29.0,25,-124.0,-1.75,-1.75,-1.75,-1.75,-11.5,-11.5,-22.5,-35.5,-37.25
2025_10_23,1,82.0,230,-71.0,-6.75,-6.75,-11.25,-12.5,-40.5,-40.5,-40.5,-40.5,-71.0
2025_10_23,-1,-0.0,0,-153.0,-10.0,-10.0,-10.0,-23.0,-23.0,-23.0,-37.0,-46.75,-66.25
2025_10_23,1,81.0,198,-9.75,11.75,12.25,12.25,6.25,6.25,-9.75,-9.75,-1.0,68.75
2025_10_23,-1,0.5,39,-81.5,-6.25,-6.25,-8.0,-17.25,-17.25,-22.0,-30.0,-42.0,-62.5
2025_10_23,1,44.25,138,-37.75,-7.5,-7.5,-7.5,-13.0,-37.75,-37.75,-37.75,3.25,32.0
2025_10_23,-1,-0.0,0,-82.0,-11.25,-11.25,-11.25,-24.5,-24.5,-24.5,-38.5,-42.5,-63.0
2025_10_23,-1,16.5,96,-27.75,-9.75,-9.75,-9.75,-12.25,-18.25,-21.5,-14.5,-15.5,-15.5
2025_10_23,1,5.25,51,-39.0,-3.75,-7.5,-18.0,-18.0,-18.0,-21.25,-35.75,-35.75,-7.0
2025_10_23,-1,17.75,63,-26.5,-6.25,-6.25,-13.5,-13.5,-16.5,-22.0,-13.25,-14.25,-14.25
2025_10_23,1,12.0,19,-32.25,0.25,-2.0,-6.0,-1.0,-11.0,-11.0,-29.0,-29.0,-0.25
2025_10_23,-1,25.0,14,-12.5,-4.75,-2.25,-2.25,12.5,6.25,5.0,-6.0,-7.0,-7.0
2025_10_23,1,13.25,4,0.0,8.75,10.5,10.5,10.5,10.5,10.5,10.5,10.5,10.5
2025_10_24,-1,-0.0,0,-128.0,-5.25,-26.0,-26.0,-26.0,-26.0,-26.0,-30.75,-52.5,-65.0
2025_10_24,1,63.0,253,-55.75,3.5,3.5,3.5,3.5,3.5,-8.75,-8.75,-18.25,-27.5
2025_10_24,-1,34.75,25,-84.0,-10.5,-10.5,-10.5,-18.75,-18.75,-24.0,-35.5,-43.25,-31.25
2025_10_24,-1,51.5,5,-67.25,40.25,40.25,40.25,32.5,32.5,30.25,21.25,11.5,-14.5
2025_10_24,-1,10.25,258,-49.0,-6.5,-6.5,-16.75,-16.75,-16.75,-22.75,-31.75,-40.25,8.75
2025_10_24,1,24.75,89,-34.5,2.25,0.5,-1.75,-4.5,-12.75,-12.75,-7.0,-24.25,-33.0
2025_10_24,-1,48.5,138,-9.75,9.0,9.0,4.25,4.25,6.5,1.25,-9.25,47.0,47.0
2025_10_24,-1,27.5,89,-30.75,-3.5,-4.25,-5.25,-9.0,-14.5,-19.75,-30.25,26.0,26.0
2025_10_24,-1,42.25,39,-6.25,-6.25,-6.25,26.75,26.75,40.75,40.75,40.75,40.75,40.75
2025_10_27,1,131.5,384,-38.25,-8.0,-8.0,-8.0,-24.25,-24.25,-24.25,-38.25,-17.25,129.5
2025_10_27,1,66.0,136,0.0,9.5,7.5,12.25,20.0,11.75,11.75,64.0,64.0,64.0
2025_10_27,1,35.25,17,-6.75,-5.25,-6.75,25.0,17.5,17.5,33.25,33.25,33.25,33.25
2025_10_28,1,146.25,362,-73.0,-3.0,-3.0,-3.0,-13.25,-13.25,-13.25,-38.5,-38.5,-57.5
2025_10_28,-1,25.5,53,-193.75,-5.5,-13.75,-13.75,-13.75,-36.75,-36.75,-36.75,-14.75,-37.5
2025_10_28,-1,50.5,24,-168.75,3.25,3.25,26.25,20.75,16.0,24.0,18.75,10.25,-12.5
2025_10_28,1,184.25,272,-22.75,-10.75,-10.75,-10.75,-10.75,-10.75,-16.0,-22.75,139.75,114.75
2025_10_28,-1,-0.0,0,-197.0,-11.5,-11.5,-11.5,-12.75,-18.25,-23.25,-34.5,-40.75,-60.25
2025_10_28,1,184.25,224,0.0,27.75,23.5,23.5,27.5,35.5,35.5,35.5,139.75,114.75
2025_10_28,-1,16.5,5,-119.0,1.75,1.75,1.75,3.0,-0.5,-6.25,-14.0,-25.75,-44.0
2025_10_28,1,113.0,153,-4.25,3.75,-0.5,-0.5,-4.25,96.5,93.0,82.5,68.5,43.5
2025_10_28,-1,32.0,31,-13.5,-7.25,-7.25,-12.5,-12.5,14.75,26.25,26.25,26.25,26.25
2025_10_29,1,57.25,388,-206.75,-16.75,-16.75,-16.75,-16.75,-16.75,13.75,13.75,4.0,-21.25
2025_10_29,-1,218.25,276,-45.75,-1.25,-1.25,-1.25,-9.75,-9.75,-13.25,14.75,35.0,8.5
2025_10_29,-1,204.0,234,-60.0,-2.5,-2.5,-2.5,-2.5,-2.5,-2.5,0.5,20.75,-5.75
2025_10_29,1,69.75,198,-194.25,-13.5,-13.5,-13.5,-13.5,-12.75,-16.25,-33.75,-36.25,-109.0
2025_10_29,1,83.5,143,-180.5,-1.5,-1.5,-1.5,3.5,-4.75,-4.75,-17.25,-23.25,-95.25
2025_10_29,-1,163.5,20,-100.5,-6.5,-6.5,-8.0,-17.25,-17.25,-31.5,-31.5,-46.25,95.75
2025_10_29,-1,70.0,10,-139.5,-20.75,-20.75,-20.75,-20.75,-20.75,-20.75,-16.5,19.5,6.5
2025_10_29,1,136.75,52,-32.75,-3.5,-3.5,-3.5,-17.25,-17.25,-17.25,5.25,-6.25,-29.0
2025_10_29,-1,10.25,3,-44.5,-28.0,-28.0,-28.0,-28.0,-28.0,-28.0,-30.0,-44.5,-38.0
2025_10_29,1,14.5,5,-40.25,-40.25,-40.25,-40.25,-40.25,-40.25,-40.25,-40.25,-40.25,8.0
2025_10_30,-1,215.5,389,-66.5,-5.0,114.25,114.25,114.25,114.25,114.25,94.25,94.25,56.5
2025_10_30,-1,121.25,374,-160.75,-37.75,-37.75,-37.75,-37.75,-37.75,-37.75,-37.75,-62.75,-62.75
2025_10_30,-1,184.0,371,-98.0,-41.5,-41.5,-41.5,-41.5,-41.5,-41.5,-41.5,-41.5,-60.5
2025_10_30,1,40.25,8,-241.75,7.5,7.5,7.5,17.0,17.0,17.0,4.0,-14.0,-21.0
2025_10_30,-1,191.5,338,-30.25,36.0,31.25,31.25,20.0,20.0,20.0,3.0,3.0,-30.25
2025_10_30,-1,178.75,324,-43.0,-12.0,-12.0,-12.0,-12.0,-12.0,-12.0,-26.75,-26.75,2.75
2025_10_30,-1,180.75,312,-40.5,-3.25,-3.25,-3.25,-3.25,45.5,45.5,35.5,26.25,4.75
2025_10_30,1,40.0,61,-181.25,9.0,9.0,6.0,-3.75,-3.75,-4.75,-14.5,-24.25,-44.0
2025_10_30,1,56.25,41,-165.0,-17.75,-17.75,-17.75,-17.75,-17.75,-27.75,-35.0,-52.0,-63.75
2025_10_30,-1,137.25,262,-84.0,18.0,18.0,18.0,10.0,10.0,5.25,5.25,-21.75,-29.25
2025_10_30,1,51.75,10,-169.5,44.75,44.75,43.25,32.5,32.5,28.5,11.5,11.5,-24.5
2025_10_30,-1,175.25,204,-30.0,-5.5,-6.25,-6.25,-14.75,-14.75,-23.0,-30.0,-3.0,-24.25
2025_10_30,1,29.25,23,-170.5,-4.5,-1.5,-9.75,-9.75,-11.25,8.5,-6.0,-16.25,-35.75
2025_10_30,-1,154.25,112,-9.75,-9.75,-9.75,-9.75,16.25,4.5,4.5,4.5,98.25,75.5
2025_10_30,1,65.25,41,-64.0,2.25,2.25,2.25,2.25,-5.75,-5.75,-15.25,-25.25,-45.25
2025_10_30,-1,20.75,12,-108.5,-25.0,-25.0,-25.0,-25.0,-25.0,-25.0,-36.0,-84.75,-84.75
2025_10_30,1,19.75,10,-1.0,2.25,-1.0,-1.0,18.5,18.5,18.5,18.5,18.5,18.5
2025_10_31,-1,266.5,245,-19.5,-15.0,-15.0,-15.0,-15.0,-9.25,30.75,30.75,45.5,27.75
2025_10_31,1,83.75,70,-202.25,-2.25,-2.25,-2.25,-9.5,-9.5,-26.75,-26.75,-26.75,5.75
2025_10_31,-1,208.0,204,-78.0,5.25,5.25,5.25,-0.5,-9.5,-9.5,2.5,-9.75,-30.75
2025_10_31,-1,181.0,194,-105.0,-24.5,-24.5,-24.5,-24.5,-24.5,-24.5,-32.75,-51.0,-65.0
2025_10_31,1,50.5,44,-235.5,16.5,40.25,30.25,30.25,30.25,21.75,18.75,8.25,-27.5
2025_10_31,-1,268.75,133,-0.0,17.5,17.5,17.5,12.25,40.5,40.5,40.5,25.25,126.0
2025_10_31,-1,198.0,109,-25.75,-0.75,-0.75,-0.75,-0.75,-0.75,-4.25,95.25,86.0,55.25
2025_10_31,-1,116.5,87,-107.25,9.25,9.25,1.5,1.5,28.5,23.25,13.75,4.5,-26.25
2025_10_31,1,88.75,181,-135.0,-8.0,-8.0,-8.0,-35.0,-35.0,-35.0,-35.0,-51.0,-61.5
2025_10_31,-1,73.5,41,-150.25,16.5,16.5,16.5,16.5,24.0,24.0,33.25,21.25,1.5
2025_10_31,-1,18.0,24,-205.75,-5.75,-14.5,-14.5,-14.5,-14.5,-14.5,-22.25,-34.25,-54.0
2025_10_31,-1,3.5,16,-220.25,-14.0,-14.0,-14.0,-14.0,-17.0,-29.25,-36.75,-48.75,-68.5
2025_10_31,-1,24.0,8,-199.75,-16.25,-16.25,-16.25,-16.25,-16.25,-16.25,-28.25,-20.5,-48.0
2025_10_31,-1,-0.0,0,-172.75,-4.5,-17.75,-17.75,-17.75,-17.75,-27.75,-36.5,-47.25,-61.75
2025_10_31,1,121.25,83,-24.75,-7.75,-7.75,-7.75,6.75,2.25,-4.0,-9.5,76.75,36.25
2025_10_31,-1,25.0,69,-121.0,-12.0,-12.0,-12.0,-12.0,-18.75,-20.25,-33.5,-43.5,-68.25
2025_10_31,1,104.0,34,-42.0,-12.75,-12.75,-12.75,-12.75,-12.75,78.75,72.0,59.5,19.0
2025_10_31,-1,115.75,26,-11.5,-4.0,-11.5,-11.5,-0.25,-0.25,-0.25,102.25,102.25,102.25
2025_11_03,1,5.0,3,-228.25,-14.0,-14.0,-14.0,-14.0,-14.0,-39.75,-39.75,-39.75,-58.75
2025_11_03,-1,161.0,53,-2.5,-2.5,-2.5,-2.5,2.25,56.75,56.75,56.75,37.25,97.5
2025_11_03,1,89.75,163,-20.5,16.0,16.0,16.0,16.0,16.0,16.0,3.25,-8.0,26.75
2025_11_03,-1,-0.0,0,-105.75,-10.75,-10.75,-10.75,-23.5,-23.5,-23.5,-39.0,-56.25,-67.0
2025_11_03,1,35.0,78,-54.0,7.5,7.5,0.0,0.0,-18.5,-18.5,-18.5,-26.0,-28.0
2025_11_03,-1,28.0,135,-61.0,-0.0,-9.75,-9.75,-9.75,-16.25,-16.25,-27.75,-38.75,-55.75
2025_11_03,1,13.25,33,-75.75,-3.5,-3.5,-3.5,-5.25,-9.0,-18.75,-18.75,-34.5,-49.75
2025_11_03,-1,60.0,50,-16.75,-8.75,-8.75,-8.75,12.25,23.25,36.75,23.75,16.5,-16.75
2025_11_03,1,33.25,71,-37.5,2.5,0.75,-0.25,-6.5,-15.25,-15.25,-24.25,-34.75,0.75
2025_11_03,1,46.75,55,-24.0,-6.75,-6.75,-7.75,-7.75,-10.75,-17.0,-24.0,14.25,14.25
2025_11_03,-1,15.25,4,-55.5,6.5,6.5,6.5,1.25,-3.0,-10.0,-15.75,-27.5,-55.5
2025_11_03,1,19.75,1,-12.75,13.5,13.5,9.5,-2.0,-2.0,-2.0,-12.75,-12.75,-12.75
2025_11_04,-1,126.75,382,-207.25,-39.75,-39.75,-39.75,-39.75,-39.75,-39.75,-39.75,-39.75,-86.0
2025_11_04,1,90.75,51,-243.25,65.25,62.5,73.75,62.25,62.25,62.25,50.0,39.5,17.5
2025_11_04,-1,258.0,304,-9.5,18.25,18.25,18.25,18.25,-6.75,-6.75,-6.75,-6.75,79.25
2025_11_04,-1,246.75,292,-0.5,-0.5,-0.5,-0.5,-0.5,13.5,25.25,20.0,9.5,68.0
2025_11_04,1,19.25,15,-154.25,-5.5,-15.75,-15.75,-15.75,-24.0,-24.0,-33.5,-21.0,-44.75
2025_11_04,-1,120.75,195,-52.75,-14.75,-14.75,-14.75,-14.75,-21.25,-21.25,-52.75,-52.75,-7.5
2025_11_04,-1,115.0,179,-16.25,-9.25,-9.25,-9.25,-14.0,1.25,13.75,10.0,14.0,-13.25
2025_11_04,1,46.0,13,-85.25,17.5,17.5,33.5,19.0,19.0,19.0,11.25,-2.25,-16.25
2025_11_04,-1,69.0,80,-19.0,21.5,26.5,20.25,20.25,13.0,13.0,3.5,-3.75,46.75
2025_11_04,1,16.5,26,-71.5,-21.75,-21.75,-21.75,-21.75,-21.75,-21.75,-32.0,-28.5,-44.0
2025_11_04,-1,49.25,33,-38.75,1.75,-5.5,-5.5,-5.5,-10.75,-21.0,-30.25,-38.75,27.0
2025_11_04,1,0.0,0,-88.0,-11.5,-11.5,-11.5,-17.5,-17.5,-28.25,-45.0,-45.0,-60.5
2025_11_04,-1,27.5,6,-12.0,3.0,3.0,3.0,6.5,6.5,6.5,-12.0,5.25,5.25
2025_11_04,-1,18.0,9,-7.0,-4.0,-7.0,7.5,2.0,2.0,2.0,2.0,2.0,2.0
2025_11_05,1,374.0,327,-8.0,-8.0,-8.0,-8.0,-8.0,-8.0,-8.0,13.0,158.5,127.0
2025_11_05,-1,-0.0,0,-382.0,-39.0,-39.0,-39.0,-39.0,-39.0,-39.0,-39.0,-57.25,-60.75
2025_11_05,-1,31.0,2,-330.0,4.25,4.25,4.25,4.25,4.25,4.25,-7.75,-22.0,-54.5
2025_11_05,1,208.25,307,-38.75,-0.5,-0.5,-0.5,-0.5,-0.5,-8.0,-13.25,-7.25,-38.75
2025_11_05,1,171.75,295,-75.25,-25.25,-25.25,-25.25,-25.25,-25.25,-25.25,-31.0,-43.75,-75.25
2025_11_05,-1,-0.0,0,-216.75,-22.5,-22.5,-22.5,-22.5,-22.5,-22.5,-34.5,-49.0,-65.0
2025_11_05,1,162.5,273,-53.0,-25.0,-25.0,-25.0,-25.0,-25.0,-25.0,-32.0,-34.5,-53.0
2025_11_05,1,140.5,215,-35.75,1.0,1.0,-1.5,39.0,35.25,25.75,16.75,91.0,79.75
2025_11_05,-1,50.75,242,-125.5,-4.75,-14.75,-14.75,-14.75,-19.75,-20.5,-30.0,-45.75,-61.0
2025_11_05,1,95.5,155,-80.75,6.0,6.0,6.0,6.0,28.0,22.25,58.75,46.0,34.75
2025_11_05,-1,134.25,123,-42.0,-22.5,-22.5,-22.5,-22.5,-22.5,-22.5,-33.75,-42.0,124.25
2025_11_05,1,8.25,37,-168.0,-11.0,-11.0,-11.0,-12.25,-17.25,-12.0,-26.5,-37.5,-52.5
2025_11_05,1,8.75,2,-157.25,3.25,-5.25,-5.25,-5.25,-10.0,-15.75,-26.75,-38.5,-51.5
2025_11_05,-1,138.75,46,-3.25,-3.25,-3.25,-3.25,8.0,98.25,87.5,85.5,128.75,128.75
2025_11_06,-1,446.0,146,-16.25,-12.25,-12.25,-12.25,-12.25,-12.25,-12.25,-8.25,-8.25,-16.25
2025_11_06,-1,414.25,141,-48.0,-12.5,-12.5,-12.5,-12.5,-18.0,-40.0,-40.0,-40.0,-48.0
2025_11_06,-1,432.25,139,-30.0,-22.0,-22.0,-22.0,-22.0,-22.0,-22.0,-3.75,-3.75,-30.0
2025_11_06,-1,234.75,107,-98.75,-40.25,-40.25,-40.25,-40.25,-40.25,-40.25,-40.25,-40.25,-57.75
2025_11_06,1,6.25,2,-327.25,-4.5,-19.5,-19.5,-19.5,-19.5,-19.5,-26.5,-37.5,-67.75
2025_11_06,-1,240.5,82,-0.0,79.25,79.25,79.25,79.25,79.25,82.75,82.75,98.75,176.25
2025_11_06,-1,12.5,4,-205.0,6.0,-3.25,-3.25,-3.25,-5.0,-19.25,-19.25,-39.25,-56.5
2025_11_06,1,160.5,116,-38.75,-22.25,-22.25,-22.25,-22.25,-22.25,-22.25,-20.25,42.25,20.5
2025_11_06,-1,41.25,7,-158.0,22.0,24.0,24.0,24.0,24.0,18.25,9.75,-9.25,-28.75
2025_11_06,1,86.75,58,-96.0,-15.5,-15.5,-15.5,-15.5,-12.75,-12.75,-12.75,-26.25,16.25
2025_11_06,-1,142.0,71,-29.25,-13.0,-13.0,-13.0,-13.0,13.75,0.5,-6.0,-25.25,123.25
2025_11_06,1,9.5,3,-148.0,0.5,0.5,0.5,-12.75,-12.75,-12.75,-21.25,-42.0,-54.75
2025_11_06,-1,106.75,24,-10.25,-8.25,-8.25,-8.25,-8.25,-8.25,-8.25,70.0,65.0,88.0
2025_11_06,-1,-0.0,0,-41.75,-12.0,-12.0,-12.0,-12.0,-17.25,-20.75,-36.75,-41.75,-18.75
2025_11_07,-1,353.25,156,-139.25,-22.75,-22.75,-22.75,-22.75,-22.75,-22.75,104.0,75.0,75.0
2025_11_07,1,228.25,375,-264.25,-23.5,-23.5,-23.5,-23.5,-23.5,-23.5,-32.5,-79.25,-79.25
2025_11_07,-1,264.75,125,-227.75,28.25,42.25,42.25,42.25,42.25,42.25,42.25,3.75,3.75
2025_11_07,-1,231.75,123,-260.75,-4.75,9.25,9.25,9.25,9.25,9.25,9.25,-29.25,-29.25
2025_11_07,-1,185.0,121,-307.5,-37.5,-37.5,-37.5,-37.5,-37.5,-37.5,-37.5,-76.0,-76.0
2025_11_07,1,175.0,359,-317.5,-13.0,-13.0,-13.0,-13.0,-23.0,-23.0,-67.75,-67.75,-67.75
2025_11_07,-1,182.0,88,-310.5,-15.25,-15.25,-15.25,-15.25,12.25,12.25,71.0,71.0,120.75
2025_11_07,-1,87.5,39,-405.0,-7.75,-7.75,-7.75,-21.0,-21.0,-21.0,-21.0,-4.5,26.25
2025_11_07,1,402.75,238,-29.25,-8.0,-8.0,-8.0,24.0,24.0,24.0,11.25,11.25,-29.25
2025_11_07,1,369.25,225,-62.75,14.25,11.25,11.25,-22.25,-22.25,-22.25,-22.25,-22.25,-62.75
2025_11_07,-1,2.75,1,-428.5,-23.75,-23.75,-23.75,-23.75,-23.75,-23.75,-29.75,-48.5,-59.0
2025_11_07,1,346.75,195,-25.5,-6.5,-6.5,-15.0,-15.0,-25.5,-25.5,44.25,48.75,32.25
2025_11_07,-1,2.25,2,-332.5,-13.5,-13.5,-13.5,-13.5,-39.75,-39.75,-39.75,-39.75,-67.75
2025_11_07,1,284.0,135,0.0,14.75,14.75,14.75,9.5,10.5,9.75,145.5,146.0,125.0
2025_11_07,1,102.75,81,-66.75,-26.0,-26.0,-26.0,-26.0,-26.0,-26.0,-22.75,-35.25,-56.25
2025_11_07,1,100.75,67,-68.75,3.25,5.0,-6.25,-6.25,-6.25,-18.25,-18.25,-37.25,-58.25
2025_11_07,-1,26.5,3,-143.0,-2.75,-2.75,-2.75,-2.75,-2.75,-2.75,-10.75,-28.5,-34.5
2025_11_07,-1,19.5,19,-114.5,-6.0,-6.0,-6.0,-11.5,-11.5,-16.5,-23.0,-32.0,-52.25
2025_11_07,1,110.5,38,-23.5,-7.5,-7.5,-7.5,-7.5,-7.5,-7.5,9.5,-23.5,-23.5
2025_11_10,-1,101.75,133,-191.25,-11.0,-11.0,-11.0,-13.0,-20.0,-20.0,-36.25,-41.75,-65.5
2025_11_10,1,171.25,376,-121.75,-14.0,-14.0,-14.0,-14.0,38.75,32.5,13.25,13.25,-6.0
2025_11_10,1,136.0,354,-157.0,19.0,19.0,19.0,19.0,15.25,7.0,9.75,-2.75,-41.25
2025_11_10,1,127.0,304,-166.0,-15.25,-15.25,-15.25,-15.25,-22.75,-22.75,-50.25,-50.25,-76.5
2025_11_10,-1,143.25,55,-149.75,53.5,53.5,48.5,91.25,95.75,83.5,83.5,74.75,75.5
2025_11_10,-1,19.0,4,-218.5,-1.25,9.75,9.75,4.5,-2.5,-2.5,-15.25,-25.25,-43.5
2025_11_10,1,106.25,166,-16.0,-8.5,-8.5,-8.5,-6.75,-9.5,-16.0,-1.75,64.0,94.5
2025_11_10,-1,-0.0,0,-112.5,-5.0,-15.0,-15.0,-15.0,-16.75,-27.5,-34.75,-43.5,-60.0
2025_11_10,1,95.75,134,-12.25,5.75,3.75,10.75,-3.25,-3.25,-3.25,-12.25,53.5,84.0
2025_11_10,-1,9.0,2,-97.0,2.5,2.5,-4.75,-4.75,-16.75,-16.75,-28.0,-31.25,-55.25
2025_11_10,1,66.5,71,0.0,0.75,7.0,10.75,10.75,21.0,15.0,29.75,24.25,54.75
2025_11_10,1,32.25,13,-10.0,0.75,0.75,4.0,16.0,16.0,-4.5,-4.5,-10.0,20.5
2025_11_10,-1,-0.0,0,-29.75,-15.25,-15.25,-15.25,-15.25,-17.75,-20.75,-29.75,-29.75,-29.75
2025_11_11,1,74.75,268,-129.5,-6.25,-6.25,-3.0,-7.75,-7.75,-18.5,-25.75,-37.25,-72.5
2025_11_11,-1,94.25,50,-110.0,21.0,21.0,21.0,21.0,21.0,4.75,4.75,34.0,26.25
2025_11_11,-1,37.5,10,-166.75,7.5,7.5,7.5,20.75,20.75,16.0,6.25,-5.75,-30.5
2025_11_11,-1,20.25,2,-178.5,8.75,8.75,8.75,-2.75,-2.75,-2.75,-12.25,-21.25,-42.75
2025_11_11,1,142.75,108,-7.5,-7.5,-7.5,24.5,24.5,24.5,10.75,10.75,0.75,81.75
2025_11_11,1,130.5,89,0.0,1.75,1.75,4.25,47.75,82.0,82.0,72.75,51.0,69.5
2025_11_11,-1,29.0,111,-28.75,4.25,-12.75,-12.75,-12.75,-12.75,-12.75,-22.0,-11.0,-22.5
2025_11_11,1,14.25,57,-43.5,-8.75,-8.75,-8.75,-8.0,-13.0,-16.5,-23.75,-37.25,8.0
2025_11_11,-1,12.25,3,-31.75,-9.5,-9.5,-9.5,-1.25,-4.75,-16.75,-20.25,-27.75,-31.75
2025_11_12,-1,206.0,137,-2.75,11.25,11.25,11.25,11.25,102.75,102.75,90.25,88.75,66.5
2025_11_12,1,0.0,0,-156.75,-36.5,-36.5,-36.5,-36.5,-36.5,-36.5,-36.5,-53.5,-67.5
2025_11_12,1,55.5,352,-99.5,-3.0,-3.0,-3.0,-4.5,0.0,-20.0,-20.0,-60.25,-60.25
2025_11_12,-1,76.5,73,-78.5,10.5,10.5,10.5,10.5,10.5,10.5,-12.0,-12.0,-23.0
2025_11_12,1,56.75,281,-98.25,-4.25,-4.25,-4.25,-4.25,-18.5,-18.5,-24.0,-32.25,-58.25
2025_11_12,-1,40.0,2,-115.0,28.25,28.25,28.25,9.25,9.25,9.25,9.25,-4.0,-24.0
2025_11_12,1,113.25,243,-10.25,-7.5,-7.5,14.75,14.75,14.75,-9.25,-9.25,-9.25,36.0
2025_11_12,-1,12.0,143,-85.0,-8.25,-8.25,-8.25,-17.25,-17.25,-17.75,-31.5,-48.0,-58.0
2025_11_12,1,49.0,187,-48.0,-17.25,-17.25,-17.25,-17.25,-17.25,-17.25,-4.75,-9.25,-28.25
2025_11_12,-1,49.0,85,-48.0,2.25,2.25,2.25,-7.0,-7.0,-10.75,16.0,4.5,-13.0
2025_11_12,1,59.0,76,-38.0,-8.5,-8.5,-8.5,-25.0,-25.0,-25.0,-32.25,9.5,47.0
2025_11_12,1,38.75,29,-17.5,-4.25,-4.25,-4.25,-4.25,5.5,5.5,5.5,-10.75,26.75
2025_11_13,1,13.5,45,-452.5,-16.5,-16.5,-16.5,-16.5,-16.5,-35.5,-35.5,-67.25,-67.25
2025_11_13,1,49.0,42,-417.0,-31.75,-31.75,-31.75,-31.75,-31.75,-31.75,-31.75,-67.0,-67.0
2025_11_13,-1,350.0,246,-116.0,-6.0,-6.0,55.75,55.75,55.75,39.75,39.75,26.0,1.5
2025_11_13,1,86.25,18,-379.75,-15.0,-15.0,-15.0,-15.0,-28.5,-28.5,-54.75,-54.75,-61.5
2025_11_13,1,105.5,10,-360.5,52.25,52.25,52.25,49.25,76.5,76.5,70.75,59.5,36.25
2025_11_13,1,13.75,1,-380.25,-3.5,-3.5,-3.5,-3.5,-3.5,-12.75,-22.5,-27.0,-78.75
2025_11_13,-1,376.75,196,-0.0,9.0,9.0,9.0,62.0,73.75,73.75,62.75,135.25,161.5
2025_11_13,-1,237.0,160,-0.0,42.5,42.5,42.5,22.5,22.5,22.5,15.5,19.25,21.75
2025_11_13,1,0.0,0,-235.75,-5.0,-11.0,-11.0,-30.75,-30.75,-30.75,-30.75,-42.5,-63.0
2025_11_13,-1,205.25,64,-17.5,-17.5,-17.5,-17.5,-17.5,-17.5,51.75,160.5,160.5,145.0
2025_11_13,-1,20.0,69,-116.75,-16.0,-16.0,-16.0,-16.0,-16.0,-20.75,-35.0,-35.0,-69.5
2025_11_13,-1,26.5,54,-110.25,6.75,-2.25,-2.25,-2.25,2.75,2.75,-28.5,-28.5,-63.0
2025_11_13,1,106.25,117,-30.5,-17.0,-17.0,-17.0,-17.0,-17.0,43.0,32.25,26.25,9.0
2025_11_13,-1,19.75,1,-117.0,5.25,5.25,5.25,5.25,-5.25,-5.25,-23.25,-23.25,-41.75
2025_11_13,1,75.25,43,-42.5,21.25,21.25,21.25,21.25,14.75,23.5,2.0,2.0,-20.75
2025_11_13,1,73.25,26,-44.5,8.0,8.0,8.0,8.0,8.0,8.0,-22.75,-22.75,-22.75
2025_11_13,-1,52.5,2,-65.25,13.25,13.25,13.25,13.25,13.25,13.25,13.25,1.0,-33.0
2025_11_13,1,22.75,11,0.0,4.75,8.75,7.75,22.75,22.75,22.75,22.75,22.75,22.75
2025_11_14,1,592.5,161,-61.25,-6.25,-6.25,-51.25,-51.25,-51.25,-51.25,-51.25,-51.25,-61.25
2025_11_14,-1,-0.0,0,-653.75,-7.25,-7.25,-78.25,-78.25,-78.25,-78.25,-78.25,-78.25,-78.25
2025_11_14,1,515.75,154,0.0,25.75,25.75,22.5,32.75,32.75,32.75,93.0,137.0,133.25
2025_11_14,-1,54.5,11,-363.75,-5.75,-0.25,-0.25,-0.25,-56.75,-56.75,-56.75,-56.75,-56.75
2025_11_14,1,307.0,125,-111.25,-55.0,-55.0,-55.0,-55.0,-55.0,-55.0,-55.0,-55.0,-75.5
2025_11_14,1,148.25,71,-70.0,-10.5,-10.5,-10.5,-18.25,-18.25,-24.0,-43.0,-43.0,-66.0
2025_11_14,-1,22.25,283,-196.0,4.5,4.5,4.5,4.5,-17.0,-17.0,-17.0,-24.0,-43.5
2025_11_14,1,131.75,51,-86.5,82.25,82.25,82.25,82.25,82.25,70.5,70.5,59.5,37.75
2025_11_14,-1,164.5,228,-53.75,-5.25,-10.75,-10.75,-19.25,-19.25,-19.0,-48.75,-48.75,33.0
2025_11_14,1,34.5,5,-183.75,-20.75,-20.75,-20.75,-20.75,-20.75,-20.75,-2.25,-14.0,-27.25
2025_11_14,-1,128.5,180,-45.5,6.0,6.0,6.0,6.0,6.0,6.0,-16.75,-16.75,-3.0
2025_11_14,1,60.0,67,-114.0,-7.0,-7.0,-26.25,-26.25,-26.25,-26.25,-31.0,-50.0,-8.0
2025_11_14,1,8.0,1,-166.0,-4.75,-4.75,-4.75,-4.75,-22.25,-22.25,-22.25,-34.5,-60.0
2025_11_14,-1,113.0,33,-0.0,45.75,45.75,45.75,41.5,33.5,33.5,25.0,68.5,49.5
2025_11_14,-1,78.75,15,-4.25,-4.25,18.75,34.5,25.25,25.25,46.75,46.75,34.25,15.25
2025_11_17,-1,226.5,333,-281.0,-43.75,-43.75,-43.75,-43.75,-43.75,-43.75,-43.75,-43.75,-100.25
2025_11_17,1,78.25,11,-429.25,-8.0,-8.0,-8.0,-11.5,-11.5,-11.5,-11.5,32.25,3.5
2025_11_17,1,0.0,0,-457.25,-8.5,-8.5,-8.5,-24.5,-24.5,-24.5,-56.5,-56.5,-80.5
2025_11_17,-1,402.25,298,-52.25,-8.0,-8.0,-8.0,45.5,45.5,14.75,14.75,14.75,4.0
2025_11_17,-1,387.5,292,-67.0,-4.5,-9.25,-9.25,33.0,33.0,33.0,24.25,17.0,-10.75
2025_11_17,1,64.25,104,-390.25,-35.75,-35.75,-35.75,-35.75,-35.75,-35.75,-35.75,-45.5,-65.25
2025_11_17,-1,344.75,285,-109.75,-9.75,-9.75,-9.75,-9.75,-9.75,-9.75,-18.5,-25.75,-53.5
2025_11_17,1,153.25,32,-301.25,46.25,46.25,46.25,46.25,120.75,131.5,123.25,113.0,89.0
2025_11_17,-1,406.25,163,-9.0,-3.25,-3.25,-3.25,-3.25,-9.0,-9.0,150.5,140.75,118.0
2025_11_17,1,0.0,0,-300.25,-30.5,-30.5,-30.5,-30.5,-30.5,-30.5,-30.5,-57.5,-70.25
2025_11_17,-1,186.75,67,-0.0,25.75,25.75,55.0,55.0,55.0,51.0,35.25,31.5,121.0
2025_11_17,1,128.5,48,-26.5,-6.75,-6.75,-13.5,-13.5,-8.0,-8.0,-16.0,-24.75,127.5
2025_11_17,-1,26.75,4,-128.25,-9.5,-9.5,-9.5,13.5,7.5,-4.25,-4.25,-39.0,-39.0
2025_11_17,-1,-0.0,0,-117.25,-28.0,-28.0,-28.0,-28.0,-28.0,-28.0,-37.25,-42.5,-64.5
2025_11_17,1,74.75,25,-18.75,12.25,12.25,12.25,7.75,-18.75,-18.75,-18.75,-18.75,73.75
2025_11_17,1,37.5,19,-16.5,-8.5,-8.5,-8.5,-16.5,-16.5,36.5,36.5,36.5,36.5
2025_11_18,-1,276.0,90,-129.5,-123.0,-123.0,-123.0,-123.0,-123.0,-123.0,-123.0,-123.0,-123.0
2025_11_18,1,55.75,313,-349.75,-12.75,-12.75,-12.75,-12.75,5.25,5.25,-5.75,-39.75,-39.75
2025_11_18,1,50.5,309,-355.0,-11.0,-11.0,-11.0,-45.0,-45.0,-45.0,-45.0,-45.0,-68.75
2025_11_18,-1,197.75,70,-207.75,14.75,14.75,14.75,14.75,14.75,14.75,75.0,75.0,75.0
2025_11_18,1,249.75,279,-155.75,-6.75,-6.75,-25.25,-25.25,-25.25,-25.25,-73.5,-73.5,-73.5
2025_11_18,-1,82.25,50,-323.25,-51.5,-51.5,-51.5,-51.5,-51.5,-51.5,-51.5,-51.5,-51.5
2025_11_18,-1,181.75,39,-223.75,-17.75,-17.75,-17.75,-17.75,-17.75,-12.75,-12.75,-3.75,40.0
2025_11_18,-1,188.0,34,-217.5,8.25,8.25,8.25,8.25,8.25,8.25,2.5,2.5,46.25
2025_11_18,-1,151.75,32,-253.75,-28.0,-28.0,-28.0,-28.0,-28.0,-28.0,-33.75,-33.75,10.0
2025_11_18,-1,90.75,21,-314.75,-51.0,-51.0,-51.0,-51.0,-51.0,-51.0,-51.0,-51.0,-34.0
2025_11_18,1,261.25,216,-42.0,-17.0,-17.0,-17.0,-17.0,-17.0,-29.0,-29.0,102.75,88.25
2025_11_18,1,154.5,178,-148.75,-19.0,-19.0,-19.0,-19.0,-19.0,-19.0,-19.0,-3.0,-29.25
2025_11_18,1,207.25,142,-96.0,-52.0,-52.0,-52.0,-52.0,-52.0,-52.0,-52.0,-52.0,-70.5
2025_11_18,-1,39.5,4,-263.75,25.75,25.75,25.75,25.75,-7.0,-7.0,-7.0,-7.0,-28.5
2025_11_18,1,160.75,128,-103.5,53.25,53.25,53.25,53.25,53.25,53.25,31.0,31.0,97.75
2025_11_18,-1,161.0,123,-103.25,-13.0,-13.0,-13.0,-13.0,-27.0,-27.0,-38.0,-41.0,-63.5
2025_11_18,1,2.75,7,-261.5,-16.0,-16.0,-16.0,-16.0,-16.0,-29.75,-58.75,-58.75,-65.0
2025_11_18,-1,189.0,44,-2.0,-1.25,-1.25,-1.25,-1.25,-1.25,30.5,30.5,23.5,171.5
2025_11_19,-1,83.0,187,-374.5,-21.5,-21.5,-21.5,-21.5,-21.5,-21.5,-21.5,-21.5,-67.75
2025_11_19,1,215.0,31,-242.5,-24.25,-24.25,-24.25,-24.25,-24.25,-24.25,182.75,172.75,154.0
2025_11_19,1,66.5,6,-391.0,30.25,30.25,51.5,51.5,44.75,44.75,34.25,24.25,5.5
2025_11_19,1,36.5,4,-421.0,0.25,0.25,21.5,21.5,14.75,14.75,4.25,-5.75,-24.5
2025_11_19,-1,370.25,111,-0.0,47.5,121.75,121.75,116.0,116.0,105.75,135.0,135.0,277.5
2025_11_19,-1,245.25,93,-52.0,15.75,15.75,15.75,15.75,15.75,15.75,10.0,10.0,152.5
2025_11_19,-1,201.25,86,-96.0,1.5,1.5,1.5,-10.5,-10.5,-10.5,-34.0,-34.0,108.5
2025_11_19,-1,72.0,5,-225.25,64.25,64.25,63.75,19.75,19.75,19.75,19.75,19.75,-20.75
2025_11_19,1,203.0,173,-36.25,-33.75,-33.75,-33.75,-33.75,-33.75,-33.75,-33.75,20.75,-8.25
2025_11_19,1,222.25,169,-17.0,40.5,34.25,34.25,34.25,45.5,35.25,46.75,40.0,11.0
2025_11_19,-1,20.75,70,-218.5,-13.5,-13.5,-13.5,-13.5,-30.5,-30.5,-30.5,-53.75,-70.5
2025_11_19,1,127.5,119,-111.75,-10.0,-10.0,-10.0,-21.0,-21.0,-21.0,-36.25,-40.5,-61.0
2025_11_19,1,166.75,92,-72.5,-17.5,-17.5,-17.5,-17.5,-17.5,-12.0,-12.0,-36.0,-65.25
2025_11_19,1,165.5,78,-73.75,-13.25,-13.25,-13.25,-13.25,-37.25,-37.25,-37.25,-66.5,-66.5
2025_11_19,-1,7.25,13,-232.0,-6.5,-6.5,-28.75,-28.75,-28.75,-28.75,-29.75,-55.5,-55.5
2025_11_19,1,158.75,44,-18.5,0.0,0.0,0.0,0.0,0.0,0.0,0.0,-18.5,94.75
2025_11_19,1,8.75,3,-81.0,-6.75,-6.75,-28.75,-28.75,-28.75,-28.75,-28.75,-31.25,-55.25
2025_11_19,1,0.0,0,-89.75,-37.5,-37.5,-37.5,-37.5,-37.5,-37.5,-37.5,-40.0,-64.0
2025_11_19,-1,49.75,15,-15.0,4.5,4.5,4.5,4.5,4.5,-11.25,-11.25,5.0,10.5
2025_11_20,-1,1080.75,379,-127.0,-21.5,-21.5,-21.5,-21.5,-21.5,-21.5,-16.25,-27.5,-50.0
2025_11_20,1,39.5,35,-1168.25,-27.75,-27.75,-27.75,-27.75,-27.75,-27.75,-27.75,-51.75,-51.75
2025_11_20,-1,1116.5,343,-91.25,17.75,17.75,13.75,12.25,12.25,12.25,12.25,-7.25,-12.25
2025_11_20,-1,1092.5,341,-115.25,-6.25,-6.25,-10.25,-11.75,-11.75,-11.75,-11.75,-31.25,-36.25
2025_11_20,-1,1102.75,339,-105.0,-1.0,-1.0,-1.0,-1.5,-1.5,-1.5,-1.5,-21.0,-26.0
2025_11_20,1,113.0,25,-1094.75,-10.75,-10.75,-10.75,-10.75,-10.75,-15.25,-26.25,45.75,45.75
2025_11_20,-1,1084.0,335,-123.75,-20.25,-20.25,-20.25,-20.25,-20.25,-20.25,-20.25,-39.75,-44.75
2025_11_20,-1,1111.5,328,-96.25,-8.75,-8.75,-8.75,-33.75,-33.75,-33.75,-33.75,-45.25,-63.0
2025_11_20,1,48.75,9,-1159.0,-7.5,-7.5,-7.5,-7.5,-7.5,21.5,10.5,-18.5,-18.5
2025_11_20,-1,1136.25,299,-0.0,38.25,38.25,38.25,38.25,38.25,38.25,270.5,270.5,444.0
2025_11_20,-1,852.75,261,-0.0,34.0,34.0,34.0,34.0,138.5,138.5,138.5,161.25,160.5
2025_11_20,-1,460.75,226,-37.0,-37.0,-37.0,-37.0,-37.0,-37.0,-37.0,-37.0,-17.25,-17.25
2025_11_20,-1,429.0,223,-63.0,-49.0,-49.0,-49.0,-49.0,-49.0,-49.0,-49.0,-49.0,-49.0
2025_11_20,-1,414.0,219,-78.0,47.5,47.5,47.5,25.0,25.0,25.0,25.0,25.0,53.0
2025_11_20,1,158.75,34,-333.25,-11.25,-11.25,-11.25,-32.25,-32.25,-32.25,-32.25,-65.5,-65.5
2025_11_20,-1,301.0,187,-191.0,58.0,20.75,20.75,20.75,20.75,20.75,20.75,20.75,3.5
2025_11_20,-1,295.25,170,-196.75,-23.0,-23.0,-23.0,-23.0,-23.0,-23.0,-30.5,-47.25,-65.0
2025_11_20,-1,293.75,168,-198.25,-32.0,-32.0,-32.0,-32.0,-32.0,-32.0,-32.0,-48.75,-66.5
2025_11_20,-1,342.5,166,-149.5,-17.75,-17.75,-17.75,-17.75,-17.75,-50.25,-50.25,-50.25,-70.5
2025_11_20,1,99.25,8,-392.75,-34.0,-34.0,-34.0,-34.0,-34.0,-34.0,-34.0,21.75,21.75
2025_11_20,-1,414.5,153,-13.75,4.5,4.5,4.5,4.5,4.5,4.5,4.5,-13.75,207.5
2025_11_20,1,0.0,0,-428.25,-33.75,-33.75,-33.75,-33.75,-33.75,-33.75,-33.75,-52.5,-70.75
2025_11_20,-1,359.25,135,-0.0,89.0,89.0,89.0,89.0,164.0,164.0,164.0,164.0,152.25
2025_11_20,1,90.0,29,-208.0,-10.5,-10.5,-10.5,-30.25,-30.25,-30.25,-30.25,-27.75,4.75
2025_11_20,1,75.25,17,-222.75,-42.5,-42.5,-42.5,-42.5,-42.5,-42.5,-42.5,-42.5,-10.0
2025_11_20,1,100.0,11,-198.0,-14.25,-14.25,-14.25,-14.25,47.0,76.5,14.75,14.75,14.75
2025_11_20,1,86.25,9,-211.75,33.25,33.25,33.25,33.25,33.25,62.75,1.0,1.0,1.0
2025_11_20,-1,210.75,46,-31.75,-5.75,-5.75,-5.75,-5.75,-5.75,-5.75,-18.25,-6.75,-31.75
2025_11_20,1,13.5,15,-229.0,-25.75,-25.75,-25.75,-25.75,-25.75,-25.75,-30.25,-54.0,-58.25
2025_11_20,-1,170.75,25,-22.0,-5.75,-3.5,-3.5,-3.5,-3.5,-3.5,-22.0,-22.0,106.5
2025_11_20,1,0.0,0,-190.0,-20.0,-20.0,-20.0,-20.0,-20.0,-20.0,-40.0,-40.0,-62.0
2025_11_20,-1,150.0,15,-0.0,86.0,86.0,86.0,80.5,80.5,85.75,85.75,85.75,85.75
2025_11_20,-1,41.25,19,-1.5,4.0,4.0,4.0,15.5,15.5,15.5,41.25,41.25,41.25
2025_11_20,-1,37.25,16,-0.0,25.25,25.25,11.5,11.5,11.5,11.5,37.25,37.25,37.25
2025_11_21,1,340.0,292,-302.75,-47.75,-47.75,-47.75,-47.75,-47.75,-47.75,-47.75,-47.75,-70.0
2025_11_21,-1,152.75,38,-490.0,-28.5,-28.5,-28.5,-28.5,-28.5,-28.5,-40.75,-40.75,-84.0
2025_11_21,-1,155.75,27,-487.0,-15.75,-15.75,-15.75,-15.75,-15.75,-15.75,-15.75,-15.75,-15.75
2025_11_21,1,502.0,208,-138.75,-56.5,-56.5,-56.5,-56.5,-56.5,-56.5,-56.5,-56.5,-56.5
2025_11_21,-1,73.75,6,-567.0,-7.25,-7.25,15.5,43.25,43.25,43.25,43.25,13.75,13.75
2025_11_21,-1,61.0,1,-529.5,-5.25,-5.25,-5.25,-5.25,-5.25,-5.25,-5.25,-5.25,-5.25
2025_11_21,1,484.5,180,-10.25,-10.25,-10.25,-10.25,52.0,52.0,52.0,52.0,219.0,232.75
2025_11_21,1,466.25,176,0.0,33.75,33.75,33.75,33.75,33.75,33.75,33.75,200.75,214.5
2025_11_21,1,351.75,154,-22.0,-11.25,-11.25,-11.25,115.0,115.0,98.25,98.25,86.25,100.0
2025_11_21,1,221.0,102,-152.75,3.25,3.25,3.25,3.25,3.25,3.25,-7.5,-9.0,-30.75
2025_11_21,-1,163.0,23,-210.75,28.5,28.5,28.5,28.5,98.75,128.5,128.5,102.0,102.0
2025_11_21,1,251.25,82,-122.5,3.75,3.75,3.75,-4.0,-4.0,-65.5,-65.5,-65.5,-65.5
2025_11_21,-1,57.0,14,-316.75,-7.25,-7.25,-7.25,-7.25,-7.25,22.5,22.5,-4.0,-4.0
2025_11_21,1,261.5,50,-39.25,-15.5,-15.5,-15.5,-15.5,172.0,172.0,172.0,172.0,146.75
2025_11_21,1,20.0,4,-257.75,11.0,11.0,11.0,6.5,-9.75,-9.75,-28.0,-28.0,-45.5
2025_11_21,-1,220.25,73,-5.5,-5.5,-5.5,-5.5,-5.5,-5.5,-5.5,28.0,22.75,71.5
2025_11_21,-1,118.25,17,-20.75,2.25,2.25,2.25,2.25,2.25,-18.75,-18.75,-18.75,57.5
2025_11_21,-1,121.0,8,-0.0,114.0,114.0,95.25,95.25,95.25,95.25,80.75,80.75,60.25
2025_11_24,-1,-0.0,0,-435.25,-43.25,-43.25,-43.25,-43.25,-43.25,-43.25,-43.25,-43.25,-91.5
2025_11_24,1,343.75,382,-35.5,50.75,50.75,50.75,50.75,50.75,37.5,18.0,18.0,-6.25
2025_11_24,1,332.25,356,0.0,85.75,85.75,83.25,83.25,83.25,83.25,78.5,62.5,35.75
2025_11_24,1,274.75,342,-6.25,27.0,27.0,19.25,19.25,0.0,0.0,0.0,59.25,258.5
2025_11_24,1,126.25,259,-20.0,0.25,27.5,23.75,20.75,14.0,14.0,3.0,-10.0,110.0
2025_11_24,1,39.25,153,-42.75,-4.25,-4.25,-4.25,-7.25,-9.75,-23.75,-23.75,-29.5,23.0
2025_11_24,-1,35.75,53,-46.25,-5.5,-10.25,-10.25,-12.5,-16.5,-21.75,4.0,-5.0,-28.5
2025_11_24,-1,29.5,12,-52.5,14.75,14.75,4.0,4.0,4.0,7.75,-2.25,-11.25,-34.75
2025_11_24,1,36.5,48,-13.0,-2.75,-9.25,-9.25,0.25,-7.25,-12.5,-12.0,-8.0,20.25
2025_11_24,1,44.25,2,-2.0,36.5,36.5,10.0,10.0,10.0,10.0,10.0,-0.25,28.0
2025_11_25,-1,197.75,19,-302.0,-7.0,-7.0,-15.0,-15.0,-24.5,-24.5,-38.25,137.75,137.75
2025_11_25,-1,211.0,16,-288.75,-11.25,-11.25,-11.25,-25.0,-25.0,-25.0,151.0,151.0,151.0
2025_11_25,1,365.75,358,-85.0,-8.5,-8.5,-8.5,26.5,26.5,26.5,14.25,-59.5,-59.5
2025_11_25,1,349.25,356,-101.5,10.0,10.0,10.0,10.0,10.0,10.0,-2.25,-76.0,-76.0
2025_11_25,-1,17.5,19,-400.0,-6.0,-6.0,-22.75,-22.75,-22.75,-22.75,-41.75,-41.75,-50.5
2025_11_25,1,325.25,321,-34.0,2.75,-34.0,-34.0,-34.0,-34.0,-34.0,-34.0,-34.0,3.25
2025_11_25,-1,17.25,17,-331.0,-17.25,-17.25,-17.25,-17.25,-17.25,-17.25,-17.25,-37.5,-53.5
2025_11_25,1,337.0,299,-11.25,-7.75,-7.75,24.0,24.0,24.0,19.0,9.75,2.25,194.75
2025_11_25,1,300.75,274,0.0,20.5,20.5,20.5,20.5,20.5,6.25,6.25,184.5,158.5
2025_11_25,-1,47.5,102,-142.25,-3.5,-3.5,-11.0,-11.0,-17.75,-17.75,-28.0,-37.25,-57.25
2025_11_25,1,108.25,144,-81.5,-0.75,-6.0,-6.0,-15.25,-15.25,-19.0,-7.0,-18.5,-51.25
2025_11_25,-1,79.25,35,-110.5,6.0,40.5,40.5,35.5,61.0,53.75,47.25,28.75,11.75
2025_11_25,1,134.0,60,0.0,38.0,38.0,36.0,27.75,27.75,110.25,102.0,82.25,81.0
2025_11_25,-1,6.75,1,-0.0,1.0,2.0,2.0,2.0,2.0,2.0,2.0,2.0,2.0
2025_11_26,1,140.5,132,-82.5,17.25,17.25,17.25,17.25,17.25,9.25,-11.75,-11.75,-26.5
2025_11_26,-1,0.25,24,-222.75,-4.0,-31.5,-31.5,-31.5,-31.5,-31.5,-31.5,-64.5,-64.5
2025_11_26,-1,17.25,3,-145.25,8.25,8.25,8.25,3.5,-4.25,-4.25,-17.25,-26.5,-48.75
2025_11_26,1,71.25,33,-10.25,-8.0,-8.0,-8.0,22.75,17.5,49.0,37.25,21.25,9.75
2025_11_26,-1,52.5,115,-25.25,-11.25,-11.25,-11.25,-17.25,-17.25,-0.0,-6.25,-24.25,-10.75
2025_11_26,-1,53.0,66,-24.75,-7.25,-7.25,-13.0,-13.0,-23.75,-23.75,-0.75,-2.0,-10.25
2025_11_26,1,1.0,2,-76.75,-4.5,-10.25,-10.25,-19.75,-19.75,-19.75,-56.75,-56.75,-61.75
2025_11_26,-1,28.25,35,-38.0,-3.25,-12.25,-12.25,-12.25,-12.5,-12.5,-25.5,-26.75,-35.0
2025_11_26,-1,25.75,12,-40.5,1.25,1.25,1.25,1.25,8.5,-2.0,-6.25,-19.0,-37.5
2025_11_26,1,27.5,57,-32.75,18.75,10.75,10.75,10.75,-5.0,-5.0,-5.5,-15.75,-32.75
2025_11_26,-1,37.75,83,-22.5,10.5,10.5,4.5,4.5,1.0,-0.0,-9.5,-21.25,20.5
2025_11_26,1,2.5,8,-56.75,-7.25,-7.25,-7.0,-14.75,-14.75,-19.0,-28.25,-47.5,-39.5
2025_11_26,1,1.5,3,-44.5,-4.0,-12.75,-12.75,-12.75,-16.0,-18.75,-35.25,-44.5,-27.25
2025_11_26,-1,28.5,11,-4.5,5.5,5.5,5.5,5.5,11.75,4.75,-4.5,11.25,11.25
2025_11_27,-1,1.0,84,-16.5,-6.5,-6.5,-9.5,-15.75,-16.25,-10.0,-10.0,-10.0,-10.0
2025_11_27,-1,7.0,32,-8.75,-3.75,-3.75,-5.5,-5.25,-4.0,-4.0,-4.0,-4.0,-4.0
2025_11_27,-1,2.25,1,-13.5,-3.25,-5.75,-5.75,-10.0,-8.75,-8.75,-8.75,-8.75,-8.75
2025_11_27,-1,4.5,3,-6.75,-0.75,-2.25,-4.0,-4.5,-4.5,-4.5,-4.5,-4.5,-4.5
2025_11_28,-1,41.5,8,-108.5,-12.25,-12.25,-12.25,-12.25,-29.25,-29.25,6.25,-9.25,-28.0
2025_11_28,1,139.25,203,-10.75,-10.75,-10.75,-10.75,5.75,5.75,0.0,5.5,27.25,18.75
2025_11_28,-1,9.25,3,-130.0,-15.25,-15.25,-15.25,-15.25,-9.0,-19.5,-30.75,-30.75,-53.5
2025_11_28,1,128.5,153,0.0,15.25,15.25,15.25,40.25,34.5,47.75,40.0,16.5,8.0
2025_11_28,1,77.5,119,-43.0,14.0,10.75,10.75,1.25,1.25,-3.25,-11.0,-34.5,-43.0
2025_11_28,-1,24.5,2,-96.0,14.75,14.75,14.75,7.25,7.25,1.25,-5.75,-18.75,-39.5
2025_11_28,1,86.25,83,-16.25,-9.75,-9.75,-9.75,-16.25,-16.25,8.0,-4.75,78.75,78.75
2025_11_28,-1,12.5,4,-83.5,-0.75,6.0,4.25,-17.25,-17.25,-17.25,-27.0,-39.75,-56.5
2025_11_28,1,13.75,3,-8.0,2.5,2.5,2.5,0.75,-2.25,-8.0,6.25,6.25,6.25
2025_12_01,-1,64.5,13,-209.25,17.5,17.5,17.5,17.5,-2.75,-2.75,-2.75,-18.25,-33.75
2025_12_01,-1,76.0,8,-197.75,-22.25,-22.25,-22.25,-22.25,-22.25,-22.25,46.0,14.25,14.25
2025_12_01,1,128.25,242,-74.0,-18.0,-18.0,-18.0,-18.0,-18.0,-19.25,-20.75,-22.0,-49.0
2025_12_01,1,169.25,205,-33.0,-12.75,-12.75,-12.75,-12.75,-33.0,-33.0,-33.0,46.75,32.25
2025_12_01,-1,-0.0,0,-196.0,-25.5,-25.5,-25.5,-25.5,-25.5,-25.5,-31.75,-49.75,-80.25
2025_12_01,-1,7.25,6,-157.5,-7.5,-7.5,-5.25,-5.25,-19.75,-19.75,-41.75,-41.75,-73.0
2025_12_01,-1,34.75,9,-122.5,-2.25,-2.25,-2.25,6.5,6.5,6.5,-4.0,-7.25,-29.5
2025_12_01,1,115.25,156,-7.75,-7.75,-7.75,-3.0,-3.0,53.25,52.5,52.5,73.75,53.5
2025_12_01,1,98.0,147,-23.25,-2.75,-2.75,5.75,41.75,36.0,35.25,35.25,56.5,36.25
2025_12_01,-1,70.75,219,-50.5,-4.5,-4.5,-4.5,-6.5,-12.0,-14.0,-28.25,-41.25,47.75
2025_12_01,1,0.25,72,-121.0,-6.75,-6.75,-21.25,-21.25,-21.25,-21.25,-31.5,-41.25,-61.5
2025_12_01,-1,88.75,179,-32.5,-2.75,-2.75,-2.75,-8.75,-8.75,-14.75,-24.0,46.25,65.75
2025_12_01,1,13.0,42,-108.25,-6.0,-6.0,-8.0,-20.75,-20.75,-20.75,-18.25,-28.5,-48.75
2025_12_01,-1,103.25,113,-0.0,26.0,24.25,59.25,59.25,59.25,68.5,68.5,60.75,80.25
2025_12_01,-1,23.0,78,-25.75,-19.5,-19.5,-19.5,-19.5,-19.5,1.0,-15.5,-19.5,-0.0
2025_12_01,1,7.25,31,-41.5,-8.25,-8.25,-8.25,-18.0,-18.0,-21.0,-24.75,-41.5,-18.5
2025_12_01,1,24.5,19,-24.25,-2.5,-2.5,-2.5,3.5,3.5,3.5,-7.5,-24.25,-1.25
2025_12_01,1,1.0,10,-37.5,-9.5,-9.5,-9.5,-20.75,-20.75,-20.75,-37.5,-14.5,-14.5
2025_12_01,1,33.75,3,0.0,29.25,27.75,23.25,20.5,15.5,11.75,18.25,18.25,18.25
2025_12_02,-1,60.25,122,-183.75,-17.0,-17.0,-17.0,-17.0,-17.0,-36.25,-36.25,-48.75,-64.0
2025_12_02,1,64.5,71,-179.5,-5.5,-9.25,-9.25,-17.75,-17.75,-17.75,-23.0,11.0,-20.0
2025_12_02,-1,155.5,63,-88.5,-4.0,22.25,14.25,14.25,7.75,7.75,-18.5,-18.5,-35.25
2025_12_02,1,24.75,3,-219.0,11.25,11.25,11.25,11.25,-19.75,-19.75,-19.75,-19.75,-43.5
2025_12_02,-1,165.5,22,-59.75,43.25,33.75,33.75,33.75,33.75,131.75,131.75,113.0,98.25
2025_12_02,1,147.0,233,-8.75,12.0,12.0,12.0,4.0,4.0,-7.25,-8.75,79.75,54.75
2025_12_02,-1,57.75,6,-79.0,35.5,35.5,35.5,35.5,35.5,35.5,27.5,15.0,-4.25
2025_12_02,1,85.0,142,-25.0,-11.25,-11.25,-11.25,-12.0,-10.25,-10.25,-10.25,-21.5,41.0
2025_12_02,-1,6.5,1,-65.0,-3.25,-3.25,-3.25,-7.0,-16.75,-16.75,-24.0,-35.75,-54.5
2025_12_02,1,38.75,55,-25.5,-4.0,-8.25,-8.25,-25.5,-25.5,-25.5,7.5,-10.5,-5.25
2025_12_02,-1,26.5,20,-7.0,0.25,0.25,-2.25,-7.0,8.75,20.25,20.25,20.25,20.25
2025_12_03,1,188.5,345,-48.25,22.25,22.25,-21.75,-21.75,-21.75,-21.75,-21.75,-21.75,-32.75
2025_12_03,-1,26.5,19,-210.25,-18.25,-18.25,-18.25,-18.25,-18.25,-39.75,-39.75,-16.75,-44.25
2025_12_03,-1,66.25,17,-170.5,30.5,30.5,30.5,30.5,30.5,30.5,14.25,23.0,-4.5
2025_12_03,-1,35.75,13,-201.0,-16.25,-16.25,-16.25,-16.25,-16.25,-17.0,-7.5,-7.5,-35.0
2025_12_03,-1,45.75,10,-191.0,7.5,7.5,7.5,-7.0,-7.0,-7.0,2.5,2.5,-25.0
2025_12_03,1,207.0,328,-29.75,-9.75,-9.75,-9.75,-14.25,-14.25,-14.25,-29.75,54.25,31.75
2025_12_03,1,164.25,301,-3.5,17.0,17.0,17.0,17.0,17.0,17.0,12.5,2.5,17.5
2025_12_03,-1,4.5,1,-147.5,-10.25,-10.25,-10.25,-10.25,-13.75,-20.0,-27.75,-45.0,-56.25
2025_12_03,-1,16.25,33,-131.5,-5.25,-9.25,-9.25,-15.0,-20.25,-20.25,-40.25,-40.25,-60.5
2025_12_03,-1,42.75,7,-105.0,-5.0,-8.25,-8.25,27.25,17.75,17.75,10.0,-1.0,-18.0
2025_12_03,1,89.25,179,-4.5,-4.5,23.0,17.25,17.25,13.0,20.25,54.75,55.25,55.25
2025_12_03,1,59.75,111,-2.25,9.25,20.0,20.0,10.0,10.0,5.5,25.25,25.75,25.75
2025_12_03,-1,4.0,4,-36.75,-1.0,-2.5,-4.5,-10.25,-15.25,-18.5,-28.25,-36.75,-2.75
2025_12_03,1,38.25,60,-1.25,-0.75,-0.75,20.5,15.0,17.5,17.5,3.75,4.25,4.25
2025_12_03,1,0.0,0,-24.25,-19.25,-19.25,-19.25,-19.25,-19.25,-20.25,-18.75,-18.75,-18.75
2025_12_03,-1,11.25,13,-3.25,-3.25,-0.5,5.75,5.75,5.75,5.75,5.75,5.75,5.75
2025_12_04,-1,169.5,292,-0.0,12.5,12.5,12.5,61.75,61.75,61.75,61.75,61.75,37.75
2025_12_04,1,50.75,88,-97.75,27.25,27.25,24.5,0.25,0.25,0.25,0.25,-16.75,-27.25
2025_12_04,-1,81.75,211,-66.75,-5.25,4.5,17.5,53.5,33.5,33.5,33.5,25.0,-3.0
2025_12_04,-1,72.75,175,-75.75,-10.25,-10.25,-10.25,-10.25,-15.0,-20.25,-29.5,-42.5,-57.75
2025_12_04,1,71.0,23,-77.5,-8.0,-8.0,-8.0,54.0,54.0,44.5,39.75,29.25,-1.75
2025_12_04,-1,106.75,131,-27.25,-7.75,-7.75,-18.25,-18.25,-18.25,-25.5,-15.0,-9.0,44.25
2025_12_04,1,22.5,187,-111.5,5.75,3.5,-1.25,-4.5,-16.0,-16.0,-35.75,-35.75,-66.25
2025_12_04,-1,75.75,75,-58.25,-12.0,-12.0,-12.0,-12.0,-19.25,-27.25,-37.5,-40.0,13.25
2025_12_04,-1,98.25,41,-35.75,-6.75,-6.75,-10.0,-10.0,74.25,74.25,65.0,50.75,35.75
2025_12_04,1,44.75,84,-30.75,-12.75,-12.75,-12.75,-12.75,-7.0,-7.0,-17.5,-30.75,43.5
2025_12_04,1,45.0,80,-30.5,7.75,7.75,6.0,-6.75,-6.75,-6.75,-17.25,-30.5,43.75
2025_12_04,-1,20.25,2,-55.25,13.75,13.75,3.75,3.75,3.75,-4.5,-11.0,-26.75,-48.75
2025_12_04,1,36.25,7,0.0,23.25,23.25,23.25,23.25,20.25,35.0,35.0,35.0,35.0
2025_12_05,1,105.5,41,-97.5,-28.25,-28.25,-28.25,-28.25,-28.25,-28.25,-28.25,-51.75,-64.0
2025_12_05,1,155.0,35,-48.0,-4.75,64.75,64.75,64.75,64.75,64.75,121.75,112.25,89.0
2025_12_05,1,12.75,2,-184.25,8.75,2.0,2.0,0.75,-15.75,-15.75,-19.25,-32.25,-47.25
2025_12_05,-1,144.0,41,-0.0,29.75,29.75,29.75,66.75,62.75,46.5,46.5,98.25,76.0
2025_12_05,1,24.75,4,-65.0,-5.25,-5.25,-5.25,-5.25,-5.25,-5.25,-5.25,-18.25,-35.25
2025_12_05,1,39.25,86,-44.0,-4.5,-4.5,-4.5,-4.5,-9.5,-14.25,-22.5,-36.5,-21.0
2025_12_05,-1,34.75,24,-48.5,4.75,4.75,4.75,-1.0,17.75,9.75,-4.25,-9.5,-30.25
2025_12_05,-1,28.5,150,-45.5,-4.25,-12.75,-12.75,-12.75,-22.25,-22.25,-32.25,-43.75,-32.75
2025_12_05,1,0.0,0,-74.0,-6.5,-6.5,-11.25,-17.0,-17.0,-21.5,-30.0,-44.0,-60.25
2025_12_05,-1,45.75,120,-17.25,-5.0,-10.0,-10.0,-6.25,-13.5,-5.0,-10.75,5.25,-15.5
2025_12_05,1,14.5,65,-46.75,1.0,1.0,-2.75,-12.0,-12.0,-9.75,-22.0,-32.25,9.25
2025_12_05,-1,57.5,32,-3.75,14.25,14.25,11.25,10.75,23.25,23.25,23.25,17.0,-3.75
2025_12_05,1,7.5,4,-1.25,2.5,-1.25,-1.25,2.25,2.25,2.25,2.25,2.25,2.25
2025_12_08,-1,249.5,268,-18.5,-13.0,-13.0,-13.0,-13.0,-18.5,17.0,56.75,103.0,157.75
2025_12_08,1,0.0,0,-258.25,-17.75,-17.75,-17.75,-17.75,-17.75,-20.75,-40.25,-40.25,-90.5
2025_12_08,-1,183.75,249,-11.75,-10.0,-10.0,-10.0,9.75,5.0,-7.0,-9.0,37.25,92.0
2025_12_08,1,51.25,31,-62.5,-13.0,-13.0,-13.0,-13.0,-14.25,-21.5,14.75,2.75,-14.0
2025_12_08,-1,55.25,29,-39.0,2.25,3.5,3.5,3.5,-1.5,-10.25,24.0,14.0,-39.0
2025_12_08,1,75.75,95,-6.75,3.0,3.0,14.5,6.5,6.5,4.25,-5.5,64.5,64.5
2025_12_08,-1,12.25,2,-60.0,6.25,6.25,1.0,-1.25,-6.5,-12.0,-23.5,-60.0,-60.0
2025_12_08,1,64.25,35,-8.0,2.25,2.25,2.25,-5.25,-5.25,53.0,53.0,53.0,53.0
2025_12_08,1,59.75,17,-3.0,-0.75,-3.0,-3.0,48.5,48.5,48.5,48.5,48.5,48.5
2025_12_09,-1,31.5,2,-132.0,12.75,12.75,12.75,12.75,12.75,0.25,0.25,-23.25,-33.25
2025_12_09,1,66.75,234,-46.0,-16.75,-16.75,-16.75,-16.75,-16.75,-28.5,-42.0,-42.0,16.0
2025_12_09,1,34.5,158,-25.5,-4.75,-4.75,-9.5,-11.25,-15.0,-15.0,-22.0,-8.0,-16.25
2025_12_09,1,25.25,125,-26.75,-5.25,-1.5,13.5,8.5,3.5,-1.5,-10.25,-17.25,-25.5
2025_12_09,-1,18.5,230,-33.5,-10.75,-10.75,-10.75,-12.75,-12.75,-12.75,-23.75,-32.25,17.25
2025_12_09,-1,22.75,218,-29.25,0.25,0.25,-4.0,-6.0,-8.5,-8.5,-19.5,-28.0,21.5
2025_12_09,1,12.25,41,-39.75,-2.75,-2.75,-2.75,-7.5,-7.5,-14.5,-29.25,-30.25,-38.5
2025_12_09,-1,11.75,147,-40.25,-17.75,-17.75,-17.75,-17.75,-17.75,-21.0,-30.75,-40.25,10.5
2025_12_09,-1,20.75,126,-14.0,-5.5,-3.5,-12.0,-12.0,-14.0,-12.5,19.5,19.5,19.5
2025_12_09,-1,8.75,39,-25.0,-9.25,-9.25,-9.25,-12.25,-18.0,-24.5,7.5,7.5,7.5
2025_12_09,1,0.0,0,-25.25,-8.0,-8.0,-8.0,-12.25,-16.25,-20.5,-24.0,-24.0,-24.0
2025_12_10,1,233.25,350,-90.75,-6.75,-6.75,-12.5,-12.5,-45.5,-45.5,-45.5,-45.5,-35.5
2025_12_10,-1,84.0,89,-240.0,-2.5,-2.5,-2.5,-2.5,-2.5,-2.5,-2.5,-2.5,-22.75
2025_12_10,1,215.5,302,-108.5,-12.5,-12.5,-12.5,-12.5,-16.0,-16.0,-36.25,-36.25,-61.5
2025_12_10,-1,65.5,27,-258.5,16.5,16.5,5.25,5.25,5.25,-9.5,-9.5,-22.25,4.25
2025_12_10,1,260.25,249,0.0,31.25,25.75,25.75,33.5,27.5,27.5,15.25,31.5,0.25
2025_12_10,-1,22.25,100,-237.75,-4.25,-4.25,-4.25,-4.25,-15.5,-15.5,-24.75,-34.25,-53.75
2025_12_10,-1,31.0,76,-229.0,-0.75,-0.75,-3.5,-3.25,-17.25,-17.25,-22.25,-30.5,-62.25
2025_12_10,-1,24.25,60,-235.75,-8.75,-8.75,-8.75,-24.0,-24.0,-24.0,-29.0,-37.25,-69.0
2025_12_10,-1,41.75,10,-218.25,36.0,33.25,33.25,27.5,24.5,21.5,-51.5,-51.5,-51.5
2025_12_10,-1,11.0,15,-248.75,-9.25,-9.25,-9.25,-13.0,-16.25,-82.0,-82.0,-82.0,-82.0
2025_12_10,1,188.0,80,-34.0,-26.75,-26.75,-26.75,-26.75,-26.75,-26.75,24.0,20.0,-13.5
2025_12_10,-1,-0.0,0,-222.0,-10.0,-10.0,-10.0,-29.0,-29.0,-29.0,-45.0,-45.0,-64.5
2025_12_10,1,90.75,46,-123.75,-51.5,-51.5,-51.5,-51.5,-51.5,-51.5,-51.5,-51.5,-64.5
2025_12_10,-1,11.0,1,-203.5,-8.25,-8.25,-8.25,-8.25,-8.25,-43.25,-43.25,-43.25,-53.5
2025_12_10,1,160.25,36,0.0,1.5,1.5,1.5,99.5,99.5,99.5,94.75,116.75,99.5
2025_12_10,-1,37.5,8,-0.0,9.75,26.5,26.5,24.5,12.0,12.0,2.0,2.0,2.0
2025_12_11,-1,188.0,30,-226.75,-14.0,-14.0,-14.0,-14.0,-13.5,-13.5,-13.5,139.25,117.5
2025_12_11,1,276.0,364,-77.0,8.25,8.25,8.25,4.25,60.75,55.25,46.75,40.0,16.25
2025_12_11,1,240.75,340,-112.25,-13.25,-13.25,-13.25,-13.25,-19.0,-37.0,-37.0,-41.25,-62.5
2025_12_11,-1,111.25,51,-241.75,27.5,27.5,27.5,20.25,20.25,20.25,56.25,56.25,44.75
2025_12_11,-1,19.75,12,-333.25,-16.25,-16.25,-16.25,-16.25,-16.25,-24.25,-35.0,-23.0,-40.5
2025_12_11,1,248.0,270,-98.5,-8.25,-8.25,-8.25,-8.25,-8.25,-8.25,-23.25,-37.75,-48.5
2025_12_11,-1,32.5,4,-314.0,23.75,23.75,23.75,5.0,5.0,5.0,-4.5,-12.75,-34.75
2025_12_11,1,279.25,245,0.0,29.25,37.0,61.75,61.75,61.75,61.75,66.75,56.25,279.25
2025_12_11,-1,-0.0,0,-232.5,-5.25,-13.5,-13.5,-13.5,-18.0,-22.5,-31.25,-46.75,-67.0
2025_12_11,1,193.75,185,-15.25,6.5,6.5,1.5,1.5,-3.0,-3.0,-15.25,11.25,193.75
2025_12_11,1,159.25,132,-12.25,-8.0,-8.0,-8.0,-12.25,37.5,29.25,21.0,8.25,159.25
2025_12_11,1,151.25,121,-4.0,21.5,17.75,17.75,33.75,29.5,21.25,13.0,0.25,151.25
2025_12_11,-1,36.75,35,-118.5,1.0,-0.25,3.5,20.25,20.25,-9.5,-9.5,-9.5,-23.25
2025_12_11,-1,-0.0,0,-143.75,-34.75,-34.75,-34.75,-34.75,-34.75,-34.75,-34.75,-42.5,-64.0
2025_12_11,1,107.25,23,-26.75,-10.75,-10.75,-10.75,-18.25,-18.25,-22.5,107.25,107.25,107.25
2025_12_12,-1,444.25,127,-39.75,-8.0,-8.0,-8.0,-8.0,-8.0,-8.0,-22.5,-38.25,185.75
2025_12_12,-1,448.75,116,-0.0,23.5,23.5,41.0,41.0,41.0,41.0,22.75,22.75,190.25
2025_12_12,1,45.5,14,-223.0,-21.0,-21.0,-21.0,-21.0,-21.0,-21.0,14.25,4.75,-17.75
2025_12_12,1,31.25,11,-237.25,-4.25,-17.25,-17.25,-17.25,-17.25,0.0,0.0,-9.5,-32.0
2025_12_12,-1,231.0,57,-37.5,-8.5,-8.5,-8.5,-20.5,-20.5,-20.5,-31.25,136.0,157.0
2025_12_12,-1,190.75,43,-40.75,75.25,75.25,75.25,50.75,50.75,50.75,50.75,95.75,116.75
2025_12_12,1,143.5,74,-56.75,-2.25,-2.25,32.75,19.0,19.0,19.0,35.0,35.0,18.75
2025_12_12,-1,69.5,192,-130.75,3.25,3.25,3.25,3.25,3.25,3.25,-13.5,-21.75,-36.5
2025_12_12,1,86.0,32,-114.25,10.25,10.25,10.25,10.25,10.25,10.25,-6.0,-6.0,25.25
2025_12_12,1,74.5,23,-125.75,3.0,3.0,-5.25,-5.25,-5.25,-17.5,41.25,32.75,13.75
2025_12_12,-1,149.75,115,-12.0,0.75,0.75,0.75,-8.0,-8.0,-12.0,51.75,100.25,86.5
2025_12_12,-1,76.75,41,-22.0,-11.25,-11.25,-11.25,-13.25,-13.25,-22.0,45.25,27.25,13.5
2025_12_12,1,18.25,9,-23.75,-7.5,-7.5,-23.75,-23.75,-23.75,-23.75,14.0,14.0,14.0
2025_12_15,-1,320.75,58,-0.5,39.5,39.5,39.5,39.5,39.5,39.5,15.75,15.75,251.25
2025_12_15,1,67.5,39,-106.75,-10.75,-10.75,-10.75,-16.75,-16.75,-34.5,-34.5,-68.25,-68.25
2025_12_15,-1,110.5,270,-0.0,34.25,29.25,29.25,29.25,37.5,37.5,37.5,16.25,11.25
2025_12_15,-1,59.25,222,-39.0,-12.0,-12.0,-12.0,-12.0,-10.5,-17.5,-22.75,-34.25,-7.25
2025_12_15,1,3.75,79,-89.0,-21.5,-21.5,-21.5,-21.5,-21.5,-21.5,-37.25,-69.75,-69.75
2025_12_15,-1,12.25,192,-80.5,-13.75,-13.75,-13.75,-13.75,-13.75,-13.75,-27.75,-36.0,-54.25
2025_12_15,1,39.0,56,-53.75,6.5,6.5,-1.25,-1.25,-1.25,-10.75,-25.5,-25.5,-46.5
2025_12_15,-1,32.5,161,-60.25,21.0,17.25,17.25,14.5,14.5,6.75,-5.25,-9.0,-33.75
2025_12_15,-1,15.25,148,-77.5,-10.5,-10.5,-10.5,-13.25,-22.5,-22.5,-32.0,-45.75,-69.75
2025_12_15,1,31.75,11,-61.0,15.5,15.5,15.5,9.25,14.25,1.75,1.75,-8.25,-29.75
2025_12_15,1,8.5,59,-62.75,-4.5,-4.5,-9.75,-9.75,-17.25,-17.25,-25.5,-33.0,-55.5
2025_12_15,-1,53.75,105,-17.5,-16.0,-16.0,-16.0,-16.0,-16.0,1.5,-8.0,-17.5,39.75
2025_12_15,1,9.5,14,-61.75,-4.75,-19.0,-19.0,-19.0,-19.0,-19.0,-31.75,-37.25,-54.5
2025_12_15,-1,43.5,61,-27.75,-1.5,-1.5,-14.75,-14.75,-14.75,-20.25,-27.75,29.5,29.5
2025_12_15,-1,19.0,32,-18.75,-8.0,-8.0,-8.0,-18.75,-18.75,-18.75,5.0,5.0,5.0
2025_12_16,1,152.75,383,-102.25,-13.5,-13.5,-13.5,-13.5,-13.5,-13.5,-13.5,-20.25,-34.75
2025_12_16,-1,168.5,22,-86.5,-14.25,-14.25,-14.25,-14.25,-41.0,-41.0,-41.0,-41.0,74.75
2025_12_16,1,45.5,346,-209.5,-19.5,-19.5,-19.5,-19.5,-19.5,-67.25,-67.25,-67.25,-67.25
2025_12_16,-1,90.25,7,-164.75,83.5,83.5,61.75,61.75,61.75,61.75,35.25,35.25,-3.5
2025_12_16,1,161.25,322,-92.0,-18.0,-18.0,-18.0,-18.0,-18.0,-18.0,-41.5,-41.5,-68.75
2025_12_16,-1,41.5,149,-211.75,-8.75,-8.75,-8.75,-8.75,-8.75,-8.75,-26.25,-26.25,-48.25
2025_12_16,1,189.5,302,-63.75,53.5,53.5,53.5,53.5,53.5,40.25,40.25,27.0,7.0
2025_12_16,-1,86.25,113,-167.0,22.0,22.0,22.0,22.0,22.0,25.5,16.25,5.0,-12.25
2025_12_16,1,143.25,241,-110.0,-4.0,-8.5,-8.5,25.0,31.0,5.0,5.0,5.0,-19.0
2025_12_16,-1,82.25,39,-171.0,-4.0,-14.0,-14.0,-14.0,-18.0,-26.75,-37.25,-45.5,15.25
2025_12_16,1,140.0,132,-70.5,16.25,16.25,16.25,16.25,16.25,13.75,7.5,-1.75,-39.25
2025_12_16,1,124.75,116,-85.75,-1.5,-7.75,-7.75,-17.0,-17.0,-17.0,-33.75,-54.5,-57.75
2025_12_16,-1,31.25,16,-179.25,-3.0,-3.0,-11.25,-11.25,-11.25,3.5,-2.75,-11.5,-34.75
2025_12_16,-1,-0.0,0,-176.5,-8.75,-8.75,-8.75,-18.0,-18.0,-32.0,-32.0,-54.0,-60.75
2025_12_16,1,145.5,81,0.0,12.75,12.75,12.75,3.0,3.0,3.0,41.0,77.75,77.75
2025_12_16,1,137.25,73,0.0,5.0,5.0,5.0,5.0,16.75,44.25,32.75,69.5,69.5
2025_12_16,1,98.0,38,-3.75,-3.5,-3.5,-3.5,74.25,72.75,62.75,66.25,30.25,30.25
2025_12_16,-1,18.0,15,-0.0,3.0,18.0,18.0,18.0,18.0,18.0,18.0,18.0,18.0
2025_12_17,-1,518.25,388,-0.0,4.0,58.5,58.5,58.5,137.75,116.0,116.0,109.25,75.75
2025_12_17,-1,402.25,369,-40.75,-6.75,-6.75,-6.75,-1.25,-19.0,-19.0,-19.0,-40.25,182.25
2025_12_17,1,36.75,6,-406.25,-15.0,-15.0,-15.0,-15.0,9.75,9.75,-4.75,-4.75,-41.0
2025_12_17,-1,403.5,363,-39.5,-17.75,-17.75,-17.75,-17.75,-17.75,-39.0,-39.0,-35.25,183.5
2025_12_17,-1,410.25,356,-29.25,-16.0,-16.0,-16.0,-16.0,-16.0,-29.25,-22.0,-28.5,190.25
2025_12_17,1,29.25,3,-399.25,-9.0,-9.0,-9.0,3.5,3.5,3.5,-9.5,-34.0,-34.0
2025_12_17,-1,330.5,322,-5.75,-5.75,20.5,91.75,91.75,91.75,62.75,62.75,62.75,110.5
2025_12_17,-1,192.75,296,-28.75,-5.0,-14.25,-14.25,-14.25,-27.25,-27.25,25.25,8.5,-16.0
2025_12_17,-1,197.75,294,-23.75,-9.25,-9.25,-9.25,-22.25,-22.25,-22.25,30.25,13.5,-11.0
2025_12_17,-1,132.25,226,-63.25,5.25,5.25,5.25,5.25,-22.0,-22.0,-22.0,-22.0,-42.75
2025_12_17,1,14.5,8,-181.0,-15.5,-15.5,-15.5,-15.5,-28.25,-28.25,-18.0,-27.0,-59.0
2025_12_17,-1,101.75,193,-82.25,-20.0,-20.0,-20.0,-20.0,-20.0,-20.0,-32.5,-48.5,-63.5
2025_12_17,1,3.5,1,-168.5,-11.5,-11.5,-11.5,-11.5,-22.25,-22.25,-28.0,-45.75,-61.25
2025_12_17,-1,122.75,164,-15.25,2.25,2.25,2.25,-11.25,-11.25,-11.25,54.5,44.25,58.0
2025_12_17,1,11.25,78,-89.25,-4.75,-10.25,-10.25,-10.25,-24.5,-24.5,-32.25,-37.5,-58.0
2025_12_17,-1,59.5,31,-41.0,-7.25,-7.25,-7.25,-7.25,-10.25,-16.5,-24.5,8.75,-5.25
2025_12_17,-1,53.5,8,-47.0,18.5,18.5,18.5,18.5,18.5,18.5,18.5,2.75,-11.25
2025_12_17,1,30.5,8,0.0,10.25,30.5,30.5,30.5,30.5,30.5,30.5,30.5,30.5
2025_12_18,1,93.75,142,-129.5,-10.5,-10.5,-10.5,-40.75,-40.75,-40.75,-40.75,-40.75,-72.5
2025_12_18,-1,57.0,15,-166.25,-11.25,-11.25,-11.25,-18.5,-18.5,33.5,10.5,10.5,-17.25
2025_12_18,-1,67.25,20,-155.75,-21.0,-21.0,-21.0,-21.0,-21.0,-21.0,-30.25,-42.75,-11.75
2025_12_18,1,127.5,112,-95.5,-10.25,-10.25,-10.25,-10.25,-12.5,-28.75,-28.75,-43.0,-62.25
2025_12_18,-1,10.5,4,-212.5,-3.25,-3.25,-3.25,-8.75,-29.0,-29.0,-29.0,-45.75,-68.5
2025_12_18,1,125.5,89,-88.25,42.25,42.25,42.25,106.0,98.0,98.0,83.0,77.75,52.25
2025_12_18,1,46.0,62,-167.75,12.0,2.75,2.75,2.75,0.75,14.5,4.25,-7.5,-27.25
2025_12_18,-1,169.75,47,-44.0,-14.75,-14.75,-14.75,-14.75,-18.0,-35.25,-35.25,-44.0,95.5
2025_12_18,1,0.0,0,-207.75,-13.5,-13.5,-13.5,-13.5,-16.5,-29.25,-33.75,-40.0,-67.25
2025_12_18,-1,140.5,12,-64.75,79.5,79.5,79.5,79.5,115.0,115.0,108.25,92.0,66.25
2025_12_18,1,156.75,77,-43.25,-26.75,-26.75,-26.75,-26.75,-26.75,-26.75,-41.5,-41.5,83.75
2025_12_18,-1,16.5,154,-183.5,11.5,-14.25,-14.25,-14.25,-14.25,-14.25,-20.0,-52.5,-52.5
2025_12_18,1,129.0,63,-71.0,50.75,50.75,50.75,67.75,67.75,55.0,55.0,40.75,56.0
2025_12_18,1,66.0,45,-134.0,-14.5,-14.5,-14.5,-14.5,-2.0,-2.0,-13.0,22.75,-7.0
2025_12_18,-1,157.25,70,-10.25,-10.25,-10.25,-10.25,-10.25,-10.25,70.25,57.25,41.5,90.0
2025_12_18,1,55.5,91,-84.0,-8.25,-8.25,-8.25,-11.25,-12.0,-20.0,-36.25,-36.25,-65.0
2025_12_18,-1,77.0,32,-62.5,2.75,2.75,2.75,0.25,-3.5,4.5,4.5,31.75,9.75
2025_12_18,-1,40.5,17,-99.0,-32.0,-32.0,-32.0,-32.0,-32.0,-32.0,-32.0,-4.75,-26.75
2025_12_18,1,79.25,37,-53.0,17.0,17.0,17.0,17.0,17.0,17.0,43.25,37.25,15.5
2025_12_18,-1,78.0,18,-0.0,56.75,56.75,56.75,53.25,73.5,73.5,73.5,73.5,73.5
2026_01_02,1,70.75,20,-453.25,-9.25,-9.25,-9.25,-51.0,-51.0,-51.0,-51.0,-51.0,-63.25
2026_01_02,-1,441.0,224,-0.0,115.5,115.5,132.25,132.25,210.75,210.75,194.5,194.5,176.5
2026_01_02,-1,212.25,201,-114.75,-34.25,-34.25,-34.25,-34.25,-34.25,-34.25,-34.25,-52.25,-69.0
2026_01_02,1,31.0,2,-296.0,20.75,20.75,20.75,17.75,14.25,5.5,-12.75,-12.75,-34.5
2026_01_02,-1,180.0,180,-30.0,-21.5,-21.5,-21.5,-21.5,-21.5,-21.5,-30.0,69.25,52.75
2026_01_02,1,69.5,189,-112.25,-11.5,-11.5,-11.5,13.75,13.75,13.75,4.75,-2.25,-26.0
2026_01_02,-1,47.5,120,-134.25,-7.5,-7.5,-18.0,-18.0,-18.0,-25.75,-37.5,-45.25,-66.75
2026_01_02,1,76.5,140,-105.25,3.75,3.75,3.75,2.75,2.75,2.75,-8.25,-40.75,-40.75
2026_01_02,-1,63.25,63,-118.5,-0.25,-0.25,-0.25,-5.0,-9.75,-5.25,-20.25,-30.75,-8.75
2026_01_02,-1,56.25,17,-125.5,-3.25,-3.25,-17.75,-17.75,-17.75,-17.75,12.25,12.25,-15.75
2026_01_02,1,91.5,31,-6.75,-6.75,-6.75,16.25,16.25,10.25,69.5,56.5,44.0,31.0
2026_01_02,1,81.25,20,0.0,33.5,33.5,33.5,65.5,65.25,59.25,46.25,33.75,20.75
2026_01_02,-1,21.5,57,-52.5,-8.5,-8.5,-8.5,-14.5,-25.5,-25.5,-35.75,-51.75,-1.5
2026_01_02,-1,35.5,49,-38.5,-8.25,-8.25,-8.25,-21.75,-21.75,-21.75,-37.75,12.5,12.5
2026_01_02,1,0.75,2,-73.25,-3.75,-8.25,-8.25,-16.75,-16.75,-24.75,-32.75,-39.25,-68.75
2026_01_02,-1,37.5,14,-1.5,9.75,27.5,27.5,5.0,5.0,5.0,5.0,14.5,14.5
2026_01_02,-1,-0.0,0,-39.0,-12.5,-12.5,-12.5,-12.5,-38.75,-38.75,-38.75,-23.0,-23.0
2026_01_05,1,44.5,140,-104.25,-27.0,-27.0,-27.0,-27.0,-27.0,-27.0,-59.0,-59.0,-67.5
2026_01_05,-1,44.5,7,-104.25,7.0,7.0,7.0,7.0,7.0,19.25,0.5,0.5,-25.75
2026_01_05,-1,45.0,295,-99.5,6.25,6.25,6.25,6.25,6.25,6.25,-12.75,-19.0,-36.25
2026_01_05,1,68.0,95,-76.5,19.5,19.5,19.5,11.0,11.0,35.25,23.0,7.25,1.25
2026_01_05,-1,103.25,161,-11.25,-11.25,-11.25,-11.25,0.5,-3.25,-10.75,62.0,57.25,38.0
2026_01_05,1,19.25,21,-46.0,-9.0,-9.0,-9.0,-11.75,-11.75,-11.75,-11.0,-23.5,-46.0
2026_01_05,-1,45.75,30,-9.5,0.25,34.0,34.0,29.75,29.75,22.75,11.75,1.5,25.0
2026_01_05,1,20.25,36,-23.25,4.5,2.5,0.25,2.5,2.5,-1.75,-20.0,-20.0,-14.25
2026_01_05,1,0.0,0,-43.5,-7.25,-7.25,-11.25,-17.75,-17.75,-22.0,-40.25,-40.25,-34.5
2026_01_05,-1,3.25,1,-17.0,-1.75,-8.5,-8.5,-14.5,-14.5,-17.0,-5.75,-5.75,-5.75
2026_01_06,1,185.75,383,-31.0,3.25,3.25,-13.25,-13.25,-13.25,-13.25,-23.25,-31.0,64.75
2026_01_06,-1,-0.0,0,-216.75,-14.0,-14.0,-14.0,-14.0,-23.0,-23.0,-48.75,-48.75,-70.5
2026_01_06,1,146.25,372,-40.0,4.75,4.75,4.75,4.75,4.75,52.75,52.75,35.5,25.25
2026_01_06,1,93.5,345,-92.75,9.25,9.25,14.0,6.75,16.0,11.5,0.0,-17.25,-27.5
2026_01_06,-1,69.5,22,-116.75,-5.0,-9.75,-9.75,24.75,43.5,43.5,37.75,26.25,4.5
2026_01_06,1,155.25,272,-15.5,-5.25,-2.25,11.75,3.5,3.5,-15.5,-15.5,142.25,142.25
2026_01_06,1,140.25,247,-23.5,-3.0,-3.0,-23.5,-23.5,-23.5,-23.5,54.5,127.25,127.25
2026_01_06,1,63.5,162,-17.0,2.75,-3.75,-3.75,-4.75,-12.5,-12.5,50.5,50.5,50.5
2026_01_06,-1,1.25,5,-71.25,-5.0,-7.0,-7.0,-16.75,-16.75,-20.75,-33.0,-39.5,-61.0
2026_01_06,1,50.5,133,0.0,15.25,13.25,10.75,11.0,18.0,29.5,37.5,37.5,37.5
2026_01_06,1,21.5,45,-2.75,0.25,-1.75,12.5,0.5,0.5,0.5,8.5,8.5,8.5
2026_01_07,1,216.5,194,0.0,32.25,32.25,32.25,32.25,32.25,64.0,53.0,53.0,56.0
2026_01_07,-1,52.0,297,-123.25,16.0,16.0,16.0,16.0,-2.5,-2.5,-2.5,-14.25,-32.5
2026_01_07,-1,84.75,253,-90.5,7.5,7.5,7.5,7.5,2.5,2.5,-12.0,-20.75,-39.0
2026_01_07,1,76.25,63,-99.0,33.5,33.5,33.5,55.5,59.5,51.75,45.0,32.75,14.75
2026_01_07,-1,153.0,165,-4.5,0.5,12.5,12.5,29.0,20.0,20.0,10.75,-1.25,145.75
2026_01_07,-1,127.25,124,-30.25,-5.75,-6.0,-7.0,-15.0,-15.0,-21.0,-29.0,120.0,120.0
2026_01_07,-1,130.25,96,-5.0,-4.75,26.5,41.75,34.25,34.25,35.0,123.0,123.0,123.0
2026_01_07,1,7.25,14,-90.0,2.25,1.0,-5.75,-5.75,-9.5,-16.5,-33.5,-33.5,-53.25
2026_01_07,-1,56.5,24,-10.5,-8.0,-8.0,-8.0,-8.0,-10.5,36.5,49.25,49.25,49.25
2026_01_07,-1,1.75,17,-9.75,-9.75,-9.75,-9.75,-0.75,-0.75,-0.75,-0.75,-0.75,-0.75
2026_01_08,-1,156.0,31,-6.25,-6.25,-6.25,26.5,47.5,86.25,86.25,86.25,68.0,88.25
2026_01_08,-1,65.25,13,-54.25,-10.25,-10.25,-10.25,-10.25,-10.25,-10.25,12.0,12.0,-2.5
2026_01_08,1,26.75,14,-87.5,-2.75,-2.75,-2.75,-2.75,0.5,3.25,-11.5,-20.25,-41.0
2026_01_08,-1,46.5,60,-64.75,1.25,-27.0,-27.0,-27.0,-27.0,-27.0,-27.0,-36.5,-54.75
2026_01_08,-1,55.5,10,-55.75,12.5,45.75,45.75,21.0,21.0,21.0,21.0,12.5,-19.5
2026_01_08,1,36.25,68,-62.5,3.75,3.75,-2.5,-2.5,-11.5,-11.5,-28.0,-29.25,-25.0
2026_01_08,-1,41.25,109,-57.5,1.5,-10.25,-10.25,-10.25,-10.25,-24.75,-24.75,-35.5,-57.0
2026_01_08,1,30.25,10,-68.5,19.25,19.25,19.25,9.5,9.5,9.5,-3.25,-12.25,-31.0
2026_01_08,-1,65.25,73,-30.5,40.25,37.0,35.0,21.25,21.25,21.25,4.5,1.25,5.25
2026_01_08,1,31.75,160,-64.0,-9.25,-9.25,-9.25,-23.5,-23.5,-23.5,-31.5,-33.75,-57.5
2026_01_08,-1,32.5,22,-63.25,3.25,-0.0,-9.75,-9.75,-9.75,-22.0,-10.25,-10.25,-27.5
2026_01_08,1,75.5,75,-2.5,12.25,12.25,12.25,0.25,0.25,0.25,64.75,64.75,64.75
2026_01_09,-1,44.0,38,-300.25,-2.0,-2.0,-2.0,-2.0,-2.0,-20.75,-20.75,-40.0,-78.75
2026_01_09,1,217.75,344,-126.5,-9.5,-9.5,-9.5,-12.75,-25.25,-25.25,-77.25,-77.25,-77.25
2026_01_09,-1,-0.0,0,-340.5,-24.5,-24.5,-24.5,-24.5,-24.5,-24.5,-32.5,-82.0,-82.0
2026_01_09,1,216.25,302,0.0,33.0,33.0,77.25,77.25,77.25,77.25,56.75,56.75,36.5
2026_01_09,1,159.5,282,-55.5,-8.25,-8.25,-8.25,-20.25,-20.25,-20.25,-42.75,-42.75,113.25
2026_01_09,-1,35.25,6,-179.75,20.5,4.0,4.0,4.0,4.0,4.0,2.5,-8.5,-25.5
2026_01_09,1,142.75,259,0.0,38.0,38.0,29.0,29.0,36.5,33.75,23.5,50.5,96.5
2026_01_09,-1,2.25,2,-125.25,-2.5,-3.75,-8.25,-10.5,-18.5,-18.5,-35.75,-38.75,-60.75
2026_01_09,1,73.75,212,-22.5,0.25,-0.25,-0.25,-8.5,-8.5,-6.75,-21.0,-18.5,27.5
2026_01_09,1,62.25,169,-33.25,-7.75,-7.75,-7.75,-12.5,-15.75,-8.0,-24.75,-30.0,16.0
2026_01_09,1,66.75,112,-0.25,28.5,28.5,28.5,28.5,23.25,46.75,36.0,16.75,20.5
2026_01_09,-1,34.0,22,-1.0,1.5,24.5,24.5,26.0,26.0,26.0,26.0,26.0,26.0
2026_01_12,1,225.0,331,0.0,68.25,68.25,69.75,69.75,69.75,69.75,55.25,88.0,159.5
2026_01_12,1,116.25,262,-29.25,-10.5,-10.5,-10.5,-20.25,-20.25,-20.25,23.25,74.0,50.75
2026_01_12,-1,-0.0,0,-140.0,-13.5,-13.5,-13.5,-13.5,-17.5,-25.5,-30.5,-41.25,-68.75
2026_01_12,1,71.25,227,-22.25,3.5,-3.75,-3.75,-3.75,-9.75,-12.75,-21.75,29.0,5.75
2026_01_12,1,55.5,186,-21.0,-1.5,-1.5,-1.5,-6.75,-10.0,-14.0,3.5,13.25,-10.0
2026_01_12,1,53.0,135,-12.5,-3.5,-3.5,-3.5,18.5,15.75,11.75,1.0,10.75,-12.5
2026_01_12,-1,16.25,116,-49.25,-2.75,-4.75,-10.0,-12.5,-21.25,-21.25,-29.25,-41.75,13.75
2026_01_12,1,13.0,29,-52.5,4.75,-0.25,-0.25,1.0,-3.25,-8.5,-17.0,-29.25,-52.5
2026_01_12,-1,33.75,29,-8.0,-3.5,-8.0,-8.0,-3.0,31.25,31.25,31.25,31.25,31.25
2026_01_12,-1,32.0,24,-4.75,3.0,-4.75,-4.75,-4.75,29.5,29.5,29.5,29.5,29.5
2026_01_12,-1,12.75,8,-9.75,-9.5,-9.5,-9.5,10.25,10.25,10.25,10.25,10.25,10.25
2026_01_13,-1,165.5,363,-68.5,11.25,11.25,11.25,-11.75,-11.75,-11.75,-11.75,-18.0,-49.25
2026_01_13,1,180.0,82,-37.5,11.0,11.0,11.0,11.0,11.0,11.0,-3.0,-20.25,-31.25
2026_01_13,-1,34.5,295,-183.0,5.0,5.0,5.0,5.0,-1.5,-3.75,-7.25,-14.75,-45.75
2026_01_13,1,129.75,60,-87.75,-16.0,-16.0,-16.0,-16.0,-16.0,1.0,98.75,82.0,68.5
2026_01_13,-1,96.25,245,-121.25,-11.25,-11.25,-11.25,-24.75,-24.75,-24.75,-30.75,-42.75,-70.75
2026_01_13,-1,186.5,199,-0.0,41.75,33.75,33.75,33.75,29.25,14.25,14.25,89.5,124.75
2026_01_13,-1,113.0,162,-4.75,17.5,17.5,43.0,29.75,29.75,29.75,29.75,16.0,51.25
2026_01_13,1,28.5,164,-89.25,-8.75,-8.75,-8.75,-21.75,-21.75,-21.75,-30.25,-52.0,-57.75
2026_01_13,-1,73.25,111,-44.5,4.25,4.25,4.25,2.25,24.5,24.5,24.5,14.0,11.5
2026_01_13,1,57.25,82,-60.5,-2.25,-10.75,-10.75,-10.75,-14.0,-19.75,-12.5,-23.25,-42.5
2026_01_13,-1,39.75,22,-78.0,-2.75,-2.75,-2.75,21.0,21.0,16.25,3.0,-8.5,-22.0
2026_01_13,1,80.0,19,-4.25,-4.25,47.75,68.0,68.0,66.25,66.25,66.25,66.25,66.25
2026_01_14,-1,306.25,247,-47.5,42.0,-13.25,-13.25,-13.25,-13.25,-13.25,-13.25,-13.25,-13.25
2026_01_14,1,9.75,2,-275.0,-4.75,-4.75,-4.75,-4.75,-38.5,-38.5,-38.5,-38.5,-59.25
2026_01_14,-1,191.0,232,-71.75,-35.5,-35.5,-35.5,-35.5,-35.5,-35.5,-35.5,-40.5,4.0
2026_01_14,1,28.0,2,-234.75,4.5,4.5,4.5,4.5,4.5,4.5,-8.0,-36.25,-36.25
2026_01_14,1,0.0,0,-257.0,-30.25,-30.25,-30.25,-30.25,-30.25,-30.25,-30.25,-58.5,-70.0
2026_01_14,-1,158.0,186,-70.25,-7.0,-7.0,-11.25,-15.75,-22.25,-22.25,-34.5,-43.75,42.0
2026_01_14,1,87.5,275,-140.75,-5.0,9.75,9.75,-10.0,-10.0,-10.0,-35.75,-35.75,-49.0
2026_01_14,1,122.75,260,-105.5,-4.0,-13.75,-13.75,-13.75,-17.75,-25.5,-49.25,-49.25,-68.75
2026_01_14,-1,87.75,113,-140.5,63.5,63.5,59.75,53.75,46.5,46.5,34.5,29.5,14.0
2026_01_14,1,155.75,227,-72.5,-20.0,-20.0,-20.0,-20.0,-20.0,-20.0,-36.75,-49.5,-56.25
2026_01_14,1,160.25,213,-68.0,-17.25,-17.25,-17.25,-17.25,-17.25,-17.25,-36.75,-38.5,-51.75
2026_01_14,-1,20.0,46,-208.25,-3.0,-3.0,-12.75,-12.75,-12.75,-26.5,-26.5,-37.0,-53.75
2026_01_14,1,169.75,165,-58.5,-6.0,-6.0,-6.0,-6.0,-9.0,-12.0,-35.25,-35.25,-58.5
2026_01_14,1,157.25,151,-71.0,-7.25,-7.25,-23.75,-23.75,-23.75,-23.75,-47.75,-47.75,-71.0
2026_01_14,-1,21.0,3,-207.25,0.5,0.5,0.5,2.75,2.75,-1.25,-16.75,-24.75,-52.75
2026_01_14,1,156.0,126,-24.25,10.25,10.25,10.25,2.75,2.75,-1.5,-24.25,-24.25,74.5
2026_01_14,1,141.75,87,-38.5,-9.25,-9.25,-9.25,-0.75,-6.25,-6.25,-38.5,-38.5,60.25
2026_01_14,-1,-0.0,0,-176.75,-44.0,-44.0,-44.0,-44.0,-44.0,-44.0,-44.0,-44.0,-79.0
2026_01_14,1,79.0,54,-44.0,7.75,-5.25,-5.25,-5.25,-5.25,-20.5,-20.5,-33.75,-2.5
2026_01_14,-1,5.25,7,-80.0,-17.75,-17.75,-17.75,-17.75,-17.75,-15.75,-27.5,-43.75,-55.5
2026_01_14,1,4.75,1,-22.5,-1.25,-1.25,-7.5,-7.5,-14.5,-22.5,-14.75,-14.75,-14.75
2026_01_15,1,31.75,159,-210.75,-1.75,-1.75,-1.75,-1.75,-14.75,-14.75,-22.0,-26.75,-47.0
2026_01_15,-1,184.0,382,-58.5,-8.75,-8.75,-8.75,-8.75,-8.75,-8.75,-12.25,-25.25,-49.75
2026_01_15,-1,190.0,377,-52.5,-6.25,-6.25,-19.25,-19.25,-19.25,-43.75,-43.75,-43.75,-30.5
2026_01_15,1,33.25,146,-209.25,4.5,4.5,4.5,4.5,4.5,4.5,-37.25,-37.25,-37.25
2026_01_15,-1,169.5,350,-73.0,-15.75,-15.75,-15.75,-15.75,-18.75,-18.75,-32.75,-43.75,-54.25
2026_01_15,1,21.5,65,-221.0,-7.5,-7.5,-7.5,-18.0,-18.0,-19.25,-20.5,-22.5,-39.0
2026_01_15,-1,206.75,222,-7.5,-5.0,-7.5,-7.5,17.75,14.75,5.25,13.25,4.0,194.25
2026_01_15,-1,200.5,139,-4.5,-4.0,2.0,40.25,40.25,38.0,109.25,101.25,188.0,188.0
2026_01_15,1,3.75,2,-201.25,-1.5,-2.75,-4.5,-9.75,-23.0,-23.0,-38.0,-38.0,-64.75
2026_01_15,-1,196.75,124,-1.75,-1.75,44.25,36.5,36.5,34.25,105.5,97.5,184.25,184.25
2026_01_15,-1,97.5,73,-5.75,-5.75,-5.75,-5.75,35.75,25.0,25.0,85.0,85.0,85.0
2026_01_15,-1,18.75,23,-10.25,2.25,5.0,2.25,-8.0,-8.0,-8.0,6.25,6.25,6.25
2026_01_16,1,0.0,0,-290.0,-18.0,-18.0,-18.0,-18.0,-18.0,-37.75,-37.75,-40.5,-62.5
2026_01_16,-1,272.75,69,-5.25,-5.25,-5.25,-5.25,31.75,118.25,118.25,118.25,104.0,210.5
2026_01_16,1,10.75,1,-267.25,0.75,0.75,0.75,-2.0,-6.25,-17.75,-24.0,-39.75,-51.5
2026_01_16,-1,224.75,52,-0.0,91.75,91.75,91.75,70.25,70.25,70.25,70.25,56.0,162.5
2026_01_16,-1,95.0,16,-60.5,-6.25,-6.25,75.75,75.75,75.75,65.0,65.0,50.25,32.75
2026_01_16,1,69.5,40,-18.5,9.5,9.5,9.5,9.5,1.25,1.25,32.5,15.0,7.75
2026_01_16,-1,33.5,63,-53.75,-18.75,-18.75,-18.75,-18.75,-18.75,-24.75,-1.25,-7.75,-29.75
2026_01_16,1,46.5,50,-28.25,19.25,19.25,14.5,14.5,24.25,24.25,8.75,3.75,-24.5
2026_01_16,-1,14.5,110,-42.0,-5.5,-5.25,-5.25,-5.25,-14.0,-14.0,-24.75,-32.5,4.0
2026_01_16,1,19.5,38,-37.0,4.0,4.75,4.75,4.75,0.75,-3.0,-16.25,-25.0,-26.5
2026_01_16,-1,26.0,23,-14.75,-4.25,-14.75,-14.75,-14.75,15.5,15.5,15.5,15.5,15.5
2026_01_19,-1,39.0,14,-133.0,12.25,12.25,20.5,24.25,22.25,16.0,6.75,-10.75,-26.75
2026_01_19,1,93.0,146,-25.75,13.25,13.25,8.75,6.0,2.25,-1.0,-14.75,-25.0,79.25
2026_01_19,-1,-0.0,0,-118.75,-4.25,-17.5,-17.5,-17.5,-17.5,-21.75,-33.0,-48.25,-60.25
2026_01_19,1,67.5,82,-7.25,25.25,30.5,25.0,17.0,17.0,9.0,-2.5,-3.75,53.75
2026_01_19,1,38.75,47,-6.5,-6.25,-6.25,0.75,25.25,21.5,25.0,25.0,25.0,25.0
2026_01_20,1,133.5,129,-182.0,-30.0,-30.0,-30.0,-30.0,-30.0,-30.0,-30.0,-0.25,-7.0
2026_01_20,1,117.5,117,-198.0,3.25,3.25,3.25,3.25,3.25,3.25,-12.5,-36.5,-36.5
2026_01_20,1,139.75,85,-175.75,-5.5,-9.0,-9.0,-23.5,-23.5,-23.5,79.5,69.25,55.5
2026_01_20,1,80.0,76,-235.5,-21.5,-21.5,-21.5,-21.5,-21.5,-21.5,19.75,9.5,-4.25
2026_01_20,-1,217.0,303,-98.5,-8.0,-8.0,-8.0,-37.25,-37.25,-37.25,-37.25,-37.25,-77.25
2026_01_20,1,45.0,33,-270.5,29.25,29.25,29.25,29.25,20.0,20.0,9.75,0.75,-24.5
2026_01_20,-1,243.5,268,-72.0,-13.25,-13.25,-13.25,-13.25,-34.25,-34.25,-34.25,-51.0,-72.0
2026_01_20,1,13.25,4,-302.25,-10.25,-10.25,-10.25,-0.25,-31.5,-31.5,-31.5,-31.5,-54.5
2026_01_20,-1,245.0,250,-52.0,-2.25,-2.25,-2.25,-14.5,-14.5,-14.5,-42.0,-42.0,-52.0
2026_01_20,-1,197.75,191,-0.0,26.0,26.0,26.0,23.0,23.0,7.5,7.5,86.25,146.0
2026_01_20,-1,187.25,171,-0.0,4.75,4.75,5.0,5.0,0.5,97.75,87.25,75.75,135.5
2026_01_20,-1,90.25,115,-21.25,-21.25,-21.25,-21.25,-21.25,-21.25,-21.25,37.25,24.5,38.5
2026_01_20,1,12.75,2,-53.0,-3.0,-3.0,-3.0,-3.0,-9.75,-9.75,-19.75,-40.5,-50.75
2026_01_20,-1,43.25,71,-20.5,-7.25,-7.25,-7.25,-7.25,-19.25,-19.25,10.0,2.0,-8.5
2026_01_20,-1,12.5,40,-41.25,-4.0,-12.25,-12.25,-12.25,-17.5,-24.75,-20.75,-28.75,-39.25
2026_01_20,1,31.75,46,-22.0,-8.75,-8.75,-8.75,-11.25,-11.25,-11.25,-19.75,29.75,29.75
2026_01_20,1,24.25,38,-29.5,-4.0,-18.75,-18.75,-18.75,-18.75,-21.75,22.25,22.25,22.25
2026_01_20,-1,20.5,2,-33.25,-0.5,-0.5,-0.5,-0.5,-0.5,-0.5,-12.75,-20.75,-31.25
2026_01_20,1,26.75,13,0.0,4.75,1.0,1.0,24.75,24.75,24.75,24.75,24.75,24.75
2026_01_21,-1,77.75,11,-426.25,49.5,49.5,26.25,26.25,26.25,26.25,18.75,19.5,11.25
2026_01_21,-1,24.5,8,-479.5,-27.0,-27.0,-27.0,-27.0,-27.0,-27.0,-34.5,-33.75,-42.0
2026_01_21,1,479.0,323,-25.0,26.25,26.25,-24.75,-24.75,-24.75,-24.75,-24.75,-24.75,257.5
2026_01_21,1,478.75,317,-16.75,41.0,41.0,41.0,41.0,54.75,54.75,141.75,291.0,257.25
2026_01_21,1,317.0,292,-178.5,-6.25,-6.25,-20.0,-20.0,-20.0,-20.0,10.5,129.25,95.5
2026_01_21,-1,274.0,42,-221.5,76.0,76.0,76.0,76.0,121.5,160.25,229.5,229.5,203.75
2026_01_21,-1,115.0,24,-380.5,-9.5,-9.5,-9.5,9.0,9.0,1.25,70.5,70.5,44.75
2026_01_21,-1,61.5,10,-434.0,-14.75,-14.75,-14.75,-14.75,38.0,38.0,17.0,17.0,-8.75
2026_01_21,-1,27.75,26,-449.75,-11.75,-11.75,-11.75,-22.25,-22.25,-22.25,-34.0,-34.0,-49.5
2026_01_21,-1,40.5,23,-437.0,8.0,8.0,8.0,8.0,8.0,-0.0,-21.25,-21.25,-36.75
2026_01_21,1,382.75,121,-94.75,-10.25,-10.25,-10.25,-41.75,-41.75,-41.75,-41.75,-41.75,-88.75
2026_01_21,-1,0.25,1,-477.25,-11.25,-11.25,-11.25,-26.5,-26.5,-26.5,-57.0,-57.0,-63.75
2026_01_21,1,409.25,103,-38.5,-6.0,-6.0,-11.75,-17.0,-17.0,-27.5,-37.5,-24.5,341.0
2026_01_21,-1,12.5,2,-190.25,-11.0,-11.0,-11.0,-22.0,-22.0,-22.0,-22.0,-37.25,-58.75
2026_01_21,1,164.25,24,-20.5,35.5,101.0,101.0,101.0,101.0,101.0,101.0,101.0,96.0
2026_01_21,-1,114.75,34,-0.0,25.25,25.25,25.25,66.5,66.5,66.5,66.5,63.5,51.25
2026_01_21,-1,42.25,12,-27.25,-9.25,-9.25,-9.25,28.25,25.25,22.0,1.5,1.5,-21.25
2026_01_21,1,16.25,6,-8.75,-8.75,-8.75,-8.75,13.0,13.0,13.0,13.0,13.0,13.0
2026_01_22,-1,139.25,47,-35.75,-7.25,-7.25,-7.25,-7.25,5.25,5.25,5.25,0.75,74.25
2026_01_22,1,89.75,147,-39.25,-4.75,-4.75,-4.75,9.75,9.75,-3.75,-4.5,-14.75,20.75
2026_01_22,1,89.25,125,-39.75,-11.75,-11.75,-11.75,-3.0,-3.0,14.0,27.0,47.25,20.25
2026_01_22,-1,66.75,216,-62.25,-19.75,-19.75,-19.75,-19.75,-19.75,-22.75,-33.25,-47.0,-60.25
2026_01_22,1,13.5,31,-115.5,-7.75,-7.75,-12.0,-12.0,-4.25,-9.25,-17.0,-28.5,-55.5
2026_01_22,-1,97.75,102,-25.25,13.5,3.25,3.25,3.25,-4.0,-4.0,-15.5,-23.25,33.75
2026_01_22,1,5.75,16,-117.25,-5.5,-7.0,-6.25,-6.25,-14.25,-14.25,-24.5,-41.0,-57.25
2026_01_22,-1,96.25,58,-0.25,14.5,13.75,7.0,7.0,37.0,27.0,61.75,52.25,32.25
2026_01_22,1,27.25,9,0.0,23.25,17.0,17.0,10.75,10.75,2.25,15.5,15.5,15.5
2026_01_22,1,7.75,2,-10.75,2.0,0.0,-5.75,-5.75,-10.75,-1.0,-1.0,-1.0,-1.0
2026_01_23,1,240.75,90,-33.25,-11.25,-11.25,-11.25,-16.75,-16.75,-33.25,-33.25,-33.25,175.5
2026_01_23,-1,124.25,93,-7.0,23.25,33.0,33.0,33.0,24.5,24.5,2.5,2.5,61.0
2026_01_23,1,5.0,7,-126.25,-7.5,-7.5,-20.75,-20.75,-20.75,-20.75,-26.75,-44.0,-58.25
2026_01_23,-1,80.75,57,-34.5,-6.75,-6.75,-13.0,-13.0,-23.25,-23.25,-34.5,26.25,17.5
2026_01_23,-1,9.75,190,-66.5,-13.5,-13.5,-13.5,-13.5,-20.25,-20.25,-39.25,-42.0,-66.5
2026_01_23,1,42.5,67,-33.75,16.0,16.0,16.0,9.0,9.0,9.0,-3.75,-4.75,-22.5
2026_01_23,1,31.5,41,-44.75,-10.5,-10.5,-10.5,-14.75,-16.25,3.5,-2.25,-15.75,-33.5
2026_01_23,1,7.75,1,-49.5,-7.0,-7.0,-7.0,-7.0,-11.75,-12.75,-33.0,-33.0,-49.5
2026_01_23,-1,36.75,96,-19.25,-2.5,-2.5,-2.5,-8.25,-8.25,-13.25,-8.5,-9.75,36.75
2026_01_23,-1,37.75,86,-18.25,-6.0,-6.0,-15.0,-15.0,8.0,4.5,-7.5,-8.75,37.75
2026_01_23,1,10.75,40,-45.25,-4.5,-10.0,-10.0,-15.75,-16.75,-22.0,-30.75,-42.5,-45.25
2026_01_23,-1,5.75,43,-50.25,-6.75,-6.75,-8.25,-24.25,-24.25,-24.25,-32.25,-40.75,5.75
2026_01_23,1,14.75,10,-41.25,-16.5,-16.5,-16.5,-16.5,-16.5,-21.0,-17.25,-25.25,-41.25
2026_01_26,-1,-0.0,0,-210.75,-39.5,-39.5,-39.5,-39.5,-39.5,-39.5,-39.5,-45.25,-68.5
2026_01_26,1,135.0,147,0.0,2.75,2.75,2.75,2.75,2.75,2.75,26.25,49.75,71.5
2026_01_26,1,88.0,133,-25.5,-16.5,-16.5,-16.5,-16.5,-16.5,-12.25,-20.75,2.75,24.5
2026_01_26,1,8.0,4,-79.25,3.25,-5.0,-5.0,-5.0,-11.0,-12.75,-26.5,-32.25,-55.5
2026_01_26,-1,58.5,197,-26.75,1.25,1.25,2.5,2.0,2.0,-1.0,-10.0,-21.25,34.0
2026_01_26,1,15.5,4,-69.75,6.5,6.5,6.5,1.0,-7.25,-7.25,-14.5,-28.5,-46.0
2026_01_26,1,9.25,32,-62.5,-7.25,-7.25,-7.0,-11.5,-16.5,-12.75,-21.25,-34.5,-53.0
2026_01_26,-1,63.5,141,-8.25,8.5,8.5,8.5,1.5,1.5,-3.0,39.0,39.0,39.0
2026_01_26,-1,49.75,101,-19.0,-5.0,-5.0,-5.0,-10.0,-16.0,-19.0,25.25,25.25,25.25
2026_01_26,1,0.0,0,-28.0,-4.25,-9.25,-9.25,-18.5,-18.5,-21.75,-3.5,-3.5,-3.5
2026_01_26,-1,27.5,10,-0.0,21.5,21.5,18.25,13.75,3.0,3.0,3.0,3.0,3.0
2026_01_27,-1,61.5,7,-131.75,-14.25,-14.25,-14.25,-14.25,31.5,31.5,31.5,14.75,0.25
2026_01_27,-1,0.5,3,-139.25,-7.25,-7.25,-19.25,-19.25,-19.25,-20.25,-32.75,-53.75,-63.5
2026_01_27,1,65.5,322,-23.0,-2.5,-2.5,-23.0,-23.0,-23.0,-23.0,-23.0,12.25,36.25
2026_01_27,-1,10.75,48,-56.0,-7.0,-7.0,-7.0,-9.5,-22.5,-22.5,-29.75,-32.25,-52.25
2026_01_27,1,32.25,155,-34.5,-6.25,-6.25,-8.75,-16.5,-16.5,-21.0,-30.5,-9.25,3.0
2026_01_27,-1,5.25,5,-61.5,-7.0,-7.0,-7.0,-7.0,-10.75,-16.5,-25.0,-37.75,-57.75
2026_01_27,1,26.75,63,-14.75,1.25,0.25,-6.0,-6.0,9.5,2.5,-7.0,-14.75,-2.5
2026_01_27,1,16.25,6,-25.25,8.0,10.25,7.0,0.75,-1.0,-8.0,-17.5,-25.25,-13.0
2026_01_27,1,0.0,0,-15.5,-7.75,-7.75,-8.0,-15.5,-3.25,-3.25,-3.25,-3.25,-3.25
2026_01_27,-1,11.75,7,-2.25,2.0,2.0,2.0,-2.25,-0.5,-0.5,-0.5,-0.5,-0.5
2026_01_28,-1,237.0,393,-39.75,-7.75,-7.75,-30.0,-30.0,-30.0,-30.0,-30.0,-11.0,-33.25
2026_01_28,-1,196.75,331,-12.25,-7.0,-7.0,-3.75,-3.75,-3.75,-3.75,15.25,62.75,39.5
2026_01_28,1,44.5,232,-147.5,-12.5,-12.5,-12.5,-12.5,-18.5,-23.75,-36.5,-40.25,-40.25
2026_01_28,-1,112.0,214,-80.0,8.75,0.5,0.5,0.5,-7.25,-7.25,-30.0,-30.0,-48.25
2026_01_28,1,47.5,147,-144.5,-8.25,-8.25,-8.25,-18.25,-18.25,-20.5,-35.25,-32.0,-37.25
2026_01_28,1,48.0,128,-144.0,2.25,-5.25,-5.25,-5.25,-10.25,-13.0,-9.25,-31.5,-36.75
2026_01_28,-1,119.25,120,-72.75,-18.0,-18.0,-18.0,-18.0,-18.0,-25.25,-30.0,-30.5,-60.25
2026_01_28,1,84.75,53,-107.25,11.25,11.25,11.25,11.25,11.25,11.25,38.5,38.5,-42.75
2026_01_28,-1,150.25,32,-30.5,-3.75,-3.75,-3.75,-3.75,-3.75,-7.5,-19.25,79.75,79.75
2026_01_28,1,11.5,1,0.0,1.75,1.75,1.75,1.75,1.75,1.75,1.75,1.75,1.75
2026_01_29,-1,597.25,97,-0.0,12.0,12.0,166.5,166.5,166.5,166.5,166.5,166.5,134.0
2026_01_29,1,433.0,299,-38.5,-0.25,-0.25,-0.25,-0.25,-12.5,-12.5,-21.0,-38.5,224.75
2026_01_29,-1,28.0,4,-443.5,-4.5,-4.5,-4.5,-4.5,-3.25,-3.25,-3.25,-14.75,-45.25
2026_01_29,1,368.5,284,0.0,20.75,20.75,20.75,20.0,20.0,20.0,20.0,20.0,160.25
2026_01_29,-1,33.0,7,-222.75,-6.0,-6.0,-24.25,-24.25,-24.25,-24.25,-15.0,-15.0,-42.75
2026_01_29,1,180.0,172,-17.5,-12.0,-12.0,-12.0,-12.0,-12.0,-17.5,12.0,3.25,150.5
2026_01_29,-1,-0.0,0,-176.75,-12.5,-12.5,-12.5,-12.5,-27.75,-27.75,-33.75,-40.75,-67.0
2026_01_29,1,141.5,102,-32.25,10.5,4.25,4.25,-20.25,-20.25,-20.25,-20.25,-26.5,112.0
2026_01_29,-1,27.75,18,-146.0,11.5,11.5,11.5,13.75,3.5,3.5,-3.0,-14.0,-36.25
2026_01_29,-1,-0.0,0,-163.25,-10.25,-10.25,-10.25,-18.5,-18.5,-20.25,-31.25,-43.5,-60.0
2026_01_29,1,146.75,40,-16.5,3.0,3.0,-1.75,-6.75,-6.75,-13.5,111.75,101.5,117.25
2026_01_29,1,135.75,22,0.0,27.0,27.0,114.5,114.5,114.5,114.5,100.75,90.5,106.25
2026_01_30,1,30.25,10,-321.5,-64.5,-64.5,-64.5,-64.5,-64.5,-64.5,-64.5,-64.5,-64.5
2026_01_30,-1,251.25,203,-95.5,-26.0,-26.0,-26.0,-26.0,-26.0,-26.0,-25.5,-69.75,-69.75
2026_01_30,-1,238.75,198,-108.0,-38.0,-38.0,-38.0,-38.0,-38.0,-38.0,-38.0,-82.25,-82.25
2026_01_30,-1,321.0,196,-25.75,8.0,8.0,8.0,-16.5,-16.5,-16.5,-16.5,13.75,13.75
2026_01_30,1,44.0,38,-302.75,-0.25,-0.25,-0.25,17.0,17.0,13.25,-1.0,-10.0,-52.5
2026_01_30,-1,268.25,175,-78.5,50.75,50.75,50.75,50.75,39.5,39.5,-39.0,-39.0,-39.0
2026_01_30,-1,302.75,164,-44.0,-7.0,-7.0,-13.5,-13.5,-21.75,-21.75,-44.0,-44.0,47.5
2026_01_30,1,30.5,5,-316.25,-3.0,-3.0,-3.0,16.5,11.0,0.25,0.25,-36.5,-36.5
2026_01_30,-1,267.25,144,-22.25,-3.5,-3.5,-3.5,-22.25,-22.25,-22.25,-22.25,44.25,12.0
2026_01_30,-1,234.25,112,-33.75,2.5,2.5,2.5,2.5,2.5,2.5,-21.0,-21.0,51.75
2026_01_30,1,0.0,0,-259.75,-19.25,-19.25,-19.25,-19.25,-19.25,-24.25,-37.75,-53.0,-69.5
2026_01_30,-1,181.75,83,-29.0,4.75,57.75,57.75,40.25,40.25,40.25,20.0,20.0,-0.75
2026_01_30,1,0.5,4,-210.25,-10.25,-10.25,-10.25,-42.5,-42.5,-42.5,-42.5,-42.5,-71.0
2026_01_30,1,29.5,90,-163.75,-5.25,-5.25,-5.25,-5.25,-5.25,-5.25,-17.0,-26.25,-44.0
2026_01_30,-1,104.0,23,-89.25,-0.75,-0.75,-11.25,-11.25,-11.25,-20.25,61.25,61.25,29.25
2026_01_30,1,98.0,37,-92.0,-15.75,-15.75,-15.75,-15.75,-24.75,-24.75,-39.25,-54.25,-65.25
2026_01_30,-1,128.5,51,-20.0,-8.25,-8.25,-8.25,-20.0,-20.0,-20.0,3.25,-1.5,66.25
2026_01_30,-1,107.75,25,-27.75,18.25,18.25,18.25,12.0,12.0,86.75,67.5,67.5,45.5
2026_01_30,1,103.25,17,-10.5,11.25,11.25,11.25,-10.5,-10.5,-10.5,-10.5,-10.5,37.25
2026_01_30,-1,40.5,2,-73.25,25.25,25.25,25.25,25.25,20.75,2.25,2.25,-8.0,-28.5
2026_01_30,1,27.25,6,-17.5,12.5,12.5,12.5,6.0,6.0,6.0,-10.0,-17.5,5.5
2026_01_30,1,10.75,1,-34.0,-0.25,-0.25,-0.25,-10.5,-10.5,-10.5,-26.5,-34.0,-11.0
2026_02_02,-1,17.0,1,-311.25,-1.25,-1.25,-1.25,-1.25,-1.25,-34.25,-34.25,-34.25,-65.25
2026_02_02,1,250.25,259,0.0,2.5,2.5,2.5,19.5,19.5,76.25,62.0,34.75,34.75
2026_02_02,-1,54.25,36,-82.5,-10.0,-10.0,-10.0,-10.0,-10.0,-10.0,-24.0,-31.75,-12.0
2026_02_02,1,74.75,203,-62.0,22.25,22.25,22.25,8.75,8.75,8.75,-2.0,-14.0,-45.5
2026_02_02,-1,35.25,10,-101.5,6.0,6.0,6.0,6.0,6.0,10.5,-1.25,-5.25,-31.0
2026_02_02,1,92.25,162,-18.25,25.75,25.75,25.75,25.75,21.25,21.25,6.25,-0.25,28.5
2026_02_02,-1,7.5,253,-103.0,-11.75,-11.75,-11.75,-17.0,-17.0,-22.75,-32.25,-46.5,-71.5
2026_02_02,1,34.5,95,-76.0,-6.25,-6.25,3.0,-2.25,-7.25,-10.0,-9.0,-10.75,-29.25
2026_02_02,-1,74.5,161,-36.0,-2.25,-2.25,-2.25,-2.25,-4.5,-8.25,-23.0,-29.0,30.25
2026_02_02,1,6.75,1,-98.25,1.0,-4.75,-4.75,-6.75,-10.0,-13.75,-25.0,-34.75,-53.5
2026_02_02,-1,85.5,92,-0.0,13.25,13.25,16.75,27.75,15.75,15.75,39.25,31.0,41.25
2026_02_02,-1,55.5,73,-14.25,4.5,4.5,-2.25,-2.25,-14.25,-14.25,9.25,1.0,11.25
2026_02_02,1,11.25,1,-43.25,-0.75,-0.75,-0.75,-0.75,-9.75,-9.75,-20.0,-32.25,1.0
2026_02_02,-1,17.5,25,-36.25,-3.25,-3.25,-3.25,-7.25,-7.25,-3.75,-15.25,-24.5,-26.75
2026_02_02,1,7.75,1,-7.75,-7.0,-7.0,-7.0,-7.0,-1.75,-1.75,-1.75,-1.75,-1.75
2026_02_03,-1,719.0,277,-0.0,66.75,66.75,66.75,66.75,165.25,165.25,143.75,143.75,393.0
2026_02_03,1,89.75,15,-309.5,4.75,4.75,-8.0,-8.0,-8.0,-21.25,-21.25,35.25,22.0
2026_02_03,-1,302.25,201,-97.0,-40.0,-40.0,-40.0,-40.0,-40.0,-40.0,-40.0,-40.0,-67.25
2026_02_03,1,4.25,6,-395.0,-17.25,-17.25,-17.25,-17.25,-17.25,-50.25,-50.25,-50.25,-63.5
2026_02_03,-1,328.25,176,-29.25,-18.5,-18.5,-18.5,-18.5,-18.5,-29.25,26.0,34.5,86.25
2026_02_03,1,54.25,193,-191.25,-31.5,-31.5,-31.5,-31.5,-31.5,-31.5,-31.5,-42.75,-80.5
2026_02_03,-1,110.5,53,-135.0,-16.75,-16.75,-16.75,-16.75,-16.75,-21.5,-31.75,63.75,36.75
2026_02_03,-1,78.75,27,-166.75,-4.25,11.0,8.5,8.5,16.25,57.0,32.0,32.0,5.0
2026_02_03,1,171.75,112,-52.5,27.5,15.25,15.25,15.25,15.25,26.0,26.0,-13.5,-13.5
2026_02_03,1,156.0,97,-68.25,-17.25,-17.25,-17.25,-17.25,-17.25,-17.25,-37.25,-37.25,-60.5
2026_02_03,-1,24.75,8,-199.5,8.75,8.75,8.75,9.25,-9.25,-9.25,-9.25,-20.5,-43.75
2026_02_03,1,151.75,65,-44.0,-23.5,-23.5,-23.5,-23.5,-23.5,-23.5,-44.0,-44.0,117.0
2026_02_03,-1,-0.0,0,-172.5,-6.5,-6.5,-23.5,-23.5,-23.5,-23.5,-31.0,-45.0,-60.5
2026_02_03,1,138.0,35,0.0,59.5,59.5,59.5,72.25,72.25,47.5,47.5,47.5,103.25
2026_02_04,1,64.5,12,-514.5,-44.0,-44.0,-44.0,-44.0,-44.0,-44.0,-44.0,-44.0,-5.75
2026_02_04,-1,471.75,198,-107.25,-19.5,-19.5,-19.5,-19.5,-19.5,-19.5,-77.75,-77.75,-77.75
2026_02_04,-1,419.0,162,-71.5,-25.5,-25.5,-25.5,-25.5,-25.5,-25.5,-27.0,-27.0,-48.75
2026_02_04,-1,420.0,160,-70.5,-21.75,-21.75,-21.75,-21.75,-21.75,-21.75,-26.0,-26.0,-47.75
2026_02_04,-1,434.0,157,-56.5,3.5,3.5,3.5,18.5,18.5,-12.0,-12.0,-12.0,-33.75
2026_02_04,1,0.0,0,-490.5,-36.0,-36.0,-36.0,-36.0,-36.0,-36.0,-36.0,-48.25,-66.75
2026_02_04,-1,344.75,133,-96.75,-87.75,-87.75,-87.75,-87.75,-87.75,-87.75,-87.75,-87.75,-87.75
2026_02_04,1,76.5,177,-238.5,3.75,3.75,-6.75,-6.75,-6.75,-19.5,-19.5,-37.5,-53.25
2026_02_04,-1,211.75,39,-103.25,-8.75,-8.75,-8.75,-20.25,-20.25,-20.25,83.25,83.25,133.0
2026_02_04,-1,180.0,25,-135.0,51.5,51.5,51.5,51.5,51.5,51.5,51.5,51.5,101.25
2026_02_04,1,226.5,110,-61.75,-61.75,-61.75,-61.75,-61.75,-61.75,-61.75,-61.75,-61.75,-61.75
2026_02_04,-1,6.75,8,-272.5,-13.25,-13.25,-13.25,-13.25,-13.25,-27.75,-27.75,-39.0,-79.75
2026_02_04,1,259.5,104,-19.75,-15.0,-15.0,-15.0,-15.0,-19.75,52.25,52.25,12.75,12.75
2026_02_04,1,234.0,83,-37.25,8.0,10.75,28.5,28.5,28.5,28.5,11.75,11.75,-3.75
2026_02_04,-1,-0.0,0,-268.75,-30.25,-30.25,-30.25,-30.25,-30.25,-30.25,-30.25,-47.25,-62.75
2026_02_04,1,156.25,61,-83.5,-7.5,-7.5,-30.25,-30.25,-30.25,-30.25,-30.25,-40.0,-66.0
2026_02_04,1,23.25,34,-180.75,-5.25,0.0,0.0,0.0,-32.5,-32.5,-32.5,-32.5,-39.0
2026_02_04,-1,157.75,49,-46.25,-10.25,-10.25,-10.25,-3.0,-10.75,-10.75,-24.25,-30.75,67.25
2026_02_04,1,27.0,3,-169.0,-7.25,-7.25,-7.25,-7.25,-7.25,-7.25,-7.25,-20.75,-54.75
2026_02_04,-1,110.75,8,-51.0,4.5,-2.25,-2.25,-2.25,-21.0,-21.0,-21.0,20.25,20.25
2026_02_05,-1,162.5,104,-218.25,-7.25,-7.25,-7.25,-7.25,-7.25,-7.25,-7.25,-7.25,-99.0
2026_02_05,1,31.25,11,-349.5,-45.25,-45.25,-45.25,-45.25,-45.25,-45.25,-45.25,-45.25,-45.25
2026_02_05,-1,336.0,82,-0.0,173.0,173.0,173.0,173.0,211.75,303.5,269.75,269.75,263.0
2026_02_05,1,24.5,172,-310.5,-30.75,-30.75,-30.75,-30.75,-30.75,-30.75,-30.75,-55.25,-62.75
2026_02_05,-1,255.25,78,-79.75,92.25,92.25,92.25,92.25,131.0,222.75,189.0,189.0,182.25
2026_02_05,-1,228.75,76,-106.25,65.75,65.75,65.75,65.75,104.5,196.25,162.5,162.5,155.75
2026_02_05,-1,67.25,63,-267.75,34.75,34.75,34.75,34.75,34.75,34.75,1.0,1.0,-5.75
2026_02_05,-1,87.5,55,-247.5,34.75,34.75,34.75,34.75,34.75,28.25,29.0,29.0,3.75
2026_02_05,-1,48.0,52,-287.0,-4.75,-4.75,-4.75,-4.75,-4.75,-11.25,-10.5,-10.5,-35.75
2026_02_05,-1,53.5,37,-281.5,-30.25,-30.25,-30.25,-30.25,-30.25,-30.25,-30.25,-60.0,-60.0
2026_02_05,-1,99.75,34,-235.25,-35.75,-35.75,-35.75,-35.75,-35.75,-35.75,-35.75,27.25,16.5
2026_02_05,1,199.5,124,-135.5,-23.25,-23.25,-23.25,-23.25,-23.25,-23.25,-67.25,-67.25,-67.25
2026_02_05,-1,47.75,28,-287.25,10.5,10.5,10.5,-1.5,-1.5,-1.5,-24.75,-24.75,-35.5
2026_02_05,1,270.5,113,-64.5,-18.5,-18.5,-18.5,-18.5,-18.5,-41.25,-41.25,-41.25,-45.5
2026_02_05,-1,78.5,12,-256.5,48.25,48.25,48.25,48.25,48.25,48.25,0.25,0.25,0.25
2026_02_05,1,220.75,88,-107.75,16.5,16.5,16.5,16.5,16.5,16.5,16.5,16.5,89.0
2026_02_05,-1,200.25,232,-128.25,-14.25,-14.25,-14.25,-14.25,-2.25,-2.25,-36.75,-36.75,-36.75
2026_02_05,-1,210.0,229,-118.5,-3.5,-3.5,-3.5,7.5,7.5,7.5,-27.0,-27.0,-27.0
2026_02_05,1,33.25,20,-295.25,-15.5,-15.5,-15.5,-15.5,-15.5,-42.75,-42.75,-42.75,-42.5
2026_02_05,1,26.75,11,-244.75,4.25,4.25,4.25,-2.5,-2.5,-2.5,-12.75,-21.25,-35.75
2026_02_05,1,24.25,5,-247.25,-15.25,-15.25,-15.25,-15.25,-23.75,-23.75,-5.75,-23.0,-38.25
2026_02_05,-1,224.5,186,-47.0,-24.0,-24.0,-24.0,-24.0,-24.0,-24.0,-47.0,-47.0,51.25
2026_02_05,1,103.0,15,-168.25,5.25,5.25,5.25,5.25,57.0,57.0,57.0,57.0,42.5
2026_02_05,1,0.0,0,-270.25,-9.5,-9.5,-9.5,-45.0,-45.0,-45.0,-45.0,-45.0,-63.25
2026_02_05,-1,207.0,96,-38.75,43.5,43.5,43.5,43.5,43.5,43.5,43.5,35.5,27.75
2026_02_05,1,72.0,8,-173.75,-2.25,-2.25,51.5,51.5,51.5,51.5,31.0,31.0,-22.75
2026_02_05,-1,151.0,50,-9.75,-9.75,-9.75,-9.75,-9.75,65.0,49.25,49.25,87.5,62.25
2026_02_05,-1,70.0,33,-34.75,-16.0,-16.0,-16.0,-16.0,-16.0,-31.75,-31.75,6.5,-18.75
2026_02_05,-1,88.5,23,-16.25,36.0,36.0,36.0,49.75,49.75,25.0,25.0,25.0,-0.25
2026_02_05,1,3.75,3,-101.0,-9.0,-9.0,-9.0,-19.75,-19.75,-61.25,-61.25,-61.25,-61.25
2026_02_05,1,34.0,5,-20.0,-20.0,-20.0,-20.0,-20.0,-20.0,-20.0,7.5,7.5,7.5
2026_02_06,-1,-0.0,0,-478.25,-16.0,-16.0,-16.0,-16.0,-16.0,-94.5,-94.5,-94.5,-94.5
2026_02_06,1,359.25,377,-92.75,-3.0,-3.0,-3.0,-3.0,-3.0,-3.0,-3.0,-3.0,-3.0
2026_02_06,1,289.75,367,-162.25,-5.25,-5.25,-5.25,4.75,5.5,5.5,5.5,5.5,-16.75
2026_02_06,-1,130.0,9,-322.0,92.25,92.25,85.0,85.0,103.25,103.25,60.25,60.25,60.25
2026_02_06,-1,90.5,7,-361.5,52.75,52.75,45.5,45.5,63.75,63.75,20.75,20.75,20.75
2026_02_06,-1,8.75,1,-438.0,2.5,2.5,-33.5,-33.5,-33.5,-33.5,-33.5,-33.5,-70.0
2026_02_06,-1,62.0,2,-336.0,-14.75,-14.75,-14.75,-14.75,43.5,-4.5,-4.5,-4.5,-4.5
2026_02_06,1,291.0,317,-96.0,-15.0,-15.0,-15.0,-15.0,-15.0,-7.0,-7.0,-7.0,-62.75
2026_02_06,-1,42.5,3,-344.5,0.75,0.75,0.75,0.75,0.75,0.75,0.75,0.75,-23.75
2026_02_06,1,230.75,284,-15.0,-15.0,-15.0,-15.0,-15.0,-3.75,-3.75,10.75,-2.5,1.75
2026_02_06,-1,13.25,1,-215.75,-6.0,-6.0,-6.0,-6.0,-6.0,-14.75,-27.0,-27.0,-46.75
2026_02_06,1,185.0,219,0.0,1.75,1.75,1.75,30.0,30.0,30.0,30.0,22.5,115.5
2026_02_06,-1,-0.0,0,-174.75,-4.25,-10.5,-10.5,-29.25,-29.25,-29.25,-35.5,-46.5,-63.5
2026_02_06,1,115.5,180,-36.25,-7.0,-7.0,-8.0,-15.0,-17.5,-4.5,-12.25,-23.25,46.0
2026_02_06,-1,19.5,61,-132.25,-6.25,-6.25,-6.25,-12.0,-10.5,-10.5,-16.25,-33.25,-41.5
2026_02_06,1,111.5,63,-40.25,-5.25,-7.25,-8.75,-13.75,-22.5,-22.5,-30.75,-40.25,42.0
2026_02_06,1,117.25,46,-5.25,-4.25,15.5,11.5,8.5,5.5,82.25,82.25,47.75,47.75
2026_02_06,1,0.0,0,-63.75,-7.0,-7.0,-37.75,-37.75,-37.75,-37.75,-37.75,-51.75,-60.0
2026_02_06,1,6.5,2,-26.0,-14.0,-14.0,-14.0,-14.0,-12.25,-15.25,-26.0,-26.0,-26.0
2026_02_06,-1,17.5,13,-8.5,-1.25,-6.0,-6.0,-8.5,17.5,17.5,17.5,17.5,17.5
2026_02_09,-1,-0.0,0,-437.25,-16.0,-16.0,-16.0,-16.0,-16.0,-38.5,-38.5,-57.25,-63.75
2026_02_09,-1,-0.0,0,-383.25,-9.75,-9.75,-9.75,-43.5,-43.5,-43.5,-43.5,-43.5,-80.5
2026_02_09,1,292.25,292,-31.25,32.0,32.0,32.0,2.5,2.5,2.5,2.5,2.5,-31.25
2026_02_09,-1,26.5,1,-297.0,17.0,17.0,17.0,7.75,7.75,6.0,-13.0,-17.25,-48.0
2026_02_09,1,264.5,273,0.0,37.75,35.75,35.0,35.0,65.0,58.0,44.25,32.5,24.0
2026_02_09,-1,0.75,1,-249.5,-4.25,-49.5,-49.5,-49.5,-49.5,-49.5,-49.5,-49.5,-66.0
2026_02_09,1,155.25,240,-25.5,-8.75,-8.75,-8.75,-25.5,-25.5,-25.5,110.0,101.25,81.5
2026_02_09,1,32.25,121,-66.5,-7.0,-7.0,-8.0,-13.0,-16.5,-21.75,-41.5,-41.5,-66.5
2026_02_09,-1,54.0,33,-44.75,17.25,17.25,17.25,17.25,17.25,7.25,5.0,6.75,-12.0
2026_02_09,1,51.5,56,-40.5,-4.0,-4.75,-4.75,-6.25,0.25,31.5,18.75,9.0,-13.0
2026_02_09,-1,72.0,24,-0.0,38.5,38.5,41.25,41.25,52.0,52.0,37.75,29.75,38.25
2026_02_09,-1,24.0,19,-22.5,-7.75,-7.75,-7.75,-7.75,-12.25,-15.75,-9.5,-7.25,-7.25
2026_02_09,1,0.5,6,-36.5,-17.5,-17.5,-17.5,-17.5,-17.5,-21.5,-36.5,-5.25,-5.25
2026_02_09,1,19.75,14,-6.25,-5.25,-6.25,17.5,17.5,17.5,17.5,17.5,17.5,17.5
2026_02_10,-1,178.5,384,-65.25,18.0,18.0,18.0,7.75,7.75,7.75,75.0,70.5,49.5
2026_02_10,-1,68.0,374,-175.75,-35.5,-35.5,-35.5,-35.5,-35.5,-35.5,-35.5,-40.0,-61.0
2026_02_10,1,44.25,8,-199.5,-9.25,-9.25,-9.25,26.75,26.75,-35.0,-35.0,-35.0,-35.0
2026_02_10,-1,184.25,296,-9.75,0.75,-2.5,-2.5,4.25,4.25,11.75,-3.5,30.25,16.0
2026_02_10,1,31.0,38,-163.0,6.5,6.5,6.5,-1.25,-1.25,-4.0,-6.0,-11.5,-37.5
2026_02_10,-1,169.0,213,-25.0,-1.75,2.25,-6.25,-6.25,-6.25,-5.5,-17.0,-23.5,134.5
2026_02_10,1,28.25,23,-165.75,-6.75,-6.75,-13.75,-13.75,-13.75,-13.75,-8.75,-14.25,-40.25
2026_02_10,-1,158.25,170,-0.25,29.0,29.0,29.0,29.0,29.0,29.0,46.5,38.5,123.75
2026_02_10,-1,103.0,136,-16.75,5.5,21.0,16.0,16.0,11.0,-8.75,-8.75,-16.75,68.5
2026_02_10,1,11.75,3,-89.75,4.25,4.25,3.25,-0.5,-11.5,-11.5,-19.0,-33.5,-53.5
2026_02_10,1,10.5,12,-89.0,-11.25,-11.25,-11.25,-2.0,-10.75,-10.75,-25.5,-32.75,-52.75
2026_02_10,-1,74.25,51,-0.75,0.25,0.25,0.25,8.25,8.25,4.75,12.25,39.75,39.75
2026_02_11,-1,376.5,56,-0.0,62.25,62.25,62.25,62.25,62.25,62.25,64.0,57.25,23.75
2026_02_11,-1,312.5,44,-40.25,-6.75,-6.75,-40.25,-40.25,-40.25,-40.25,-40.25,-40.25,251.5
2026_02_11,1,0.0,0,-290.75,-12.5,-12.5,-12.5,-12.5,-34.75,-34.75,-34.75,-67.5,-67.5
2026_02_11,-1,256.0,30,-26.75,23.5,23.5,23.5,20.75,5.25,5.25,140.5,205.0,195.0
2026_02_11,1,193.5,233,-17.75,5.75,5.75,5.75,5.75,-4.75,-4.75,-17.75,56.25,33.75
2026_02_11,-1,-0.0,0,-211.25,-6.75,-6.75,-42.5,-42.5,-42.5,-42.5,-42.5,-42.5,-78.5
2026_02_11,1,132.75,224,-72.5,20.75,20.75,20.75,20.75,20.75,15.0,-4.5,-4.5,-27.0
2026_02_11,-1,43.0,35,-162.25,-19.25,-19.25,-19.25,-19.25,-19.25,-29.5,-29.5,-32.75,-62.5
2026_02_11,-1,-0.0,0,-161.75,-28.0,-28.0,-28.0,-28.0,-28.0,-28.0,-35.25,-46.75,-60.5
2026_02_11,1,132.5,138,-18.25,-17.5,-17.5,-17.5,-17.5,-17.5,45.75,54.0,44.75,27.75
2026_02_11,-1,59.25,17,-91.5,-4.25,-0.25,-0.25,24.25,24.25,24.25,24.25,17.5,-12.25
2026_02_11,-1,-0.0,0,-127.75,-4.25,-15.5,-15.5,-15.5,-16.0,-34.5,-34.5,-48.5,-71.0
2026_02_11,1,85.25,66,-9.25,-4.75,-8.5,-8.5,-5.0,-9.25,6.0,8.5,18.5,18.5
2026_02_11,1,38.5,22,-45.25,3.5,3.5,11.5,18.25,18.25,16.0,-28.25,-28.25,-28.25
2026_02_11,-1,58.25,84,-0.5,-0.5,7.75,7.75,14.0,23.75,23.75,11.25,11.25,48.5
2026_02_11,-1,47.0,30,-1.5,-1.5,-1.5,-1.5,-1.5,-0.5,-0.5,37.25,37.25,37.25
2026_02_11,1,2.0,4,-45.5,-19.75,-19.75,-19.75,-19.75,-19.75,-21.0,-38.75,-38.75,-35.75
2026_02_11,1,0.0,0,-23.0,-13.0,-13.0,-13.0,-13.0,-16.5,-23.0,-13.25,-13.25,-13.25
2026_02_12,-1,618.75,381,-26.25,-25.5,-25.5,-25.5,-25.5,-25.5,-25.5,108.5,108.5,99.0
2026_02_12,-1,481.75,346,-42.5,-28.75,-28.75,-28.75,-28.75,-28.75,-28.75,-2.0,-25.5,-38.0
2026_02_12,-1,467.0,319,-0.0,86.0,86.0,86.0,86.0,86.0,86.0,78.5,320.0,282.0
2026_02_12,-1,371.5,302,-17.0,-17.0,-17.0,-17.0,-17.0,-17.0,-17.0,-17.0,224.5,186.5
2026_02_12,-1,141.0,269,-69.25,-35.5,-35.5,-35.5,-35.5,-35.5,-35.5,-35.5,-6.0,-44.0
2026_02_12,-1,139.0,264,-71.25,41.25,38.0,38.0,6.5,6.5,6.5,6.5,-8.0,-46.0
2026_02_12,-1,147.0,256,-63.25,-38.0,-38.0,-38.0,-38.0,-38.0,-38.0,-38.0,-11.5,-25.5
2026_02_12,-1,175.75,254,-34.5,3.25,3.25,3.25,3.25,-4.75,-4.75,23.0,17.25,3.25
2026_02_12,-1,149.5,247,-60.75,-16.75,-16.75,-16.75,-16.75,-16.75,3.5,-3.25,-9.0,-23.0
2026_02_12,-1,142.75,240,-67.5,-0.75,-0.75,-0.75,-0.75,-3.5,-10.0,-15.75,-15.75,-29.75
2026_02_12,-1,134.0,238,-76.25,-9.5,-9.5,-9.5,-9.5,-12.25,-18.75,-24.5,-24.5,-38.5
2026_02_12,1,44.5,153,-165.75,-28.0,-28.0,-28.0,-28.0,-28.0,-28.0,-45.0,-45.0,-42.0
2026_02_12,-1,120.0,219,-90.25,-14.75,-14.75,-14.75,-14.75,-22.5,-22.5,-22.75,-41.5,-52.5
2026_02_12,-1,120.5,216,-89.75,-22.0,-22.0,-22.0,-22.0,-22.0,-22.0,-22.25,-41.0,-52.0
2026_02_12,-1,142.75,211,-67.5,-18.75,-18.75,-18.75,-18.75,-18.75,-29.75,-38.5,-40.75,-13.25
2026_02_12,1,39.5,136,-170.75,-25.5,-25.5,-25.5,-25.5,-25.5,-25.5,-25.5,-28.0,-47.0
2026_02_12,-1,124.0,177,-86.25,-9.5,-9.5,-9.5,18.25,10.25,10.25,0.75,-20.75,-32.0
2026_02_12,-1,123.75,148,-86.5,-4.0,-5.5,-5.5,-5.5,8.0,8.0,-0.25,-14.25,-32.25
2026_02_12,1,42.5,60,-167.75,8.75,8.75,-9.75,-9.75,-9.75,-9.75,-1.0,-5.5,-39.25
2026_02_12,-1,186.75,120,-23.5,-7.25,-7.25,-15.75,-15.75,45.0,25.25,25.25,11.5,-0.75
2026_02_12,1,7.75,47,-202.5,-18.25,-18.25,-18.25,-18.25,-18.25,-23.0,-35.75,-40.25,-74.0
2026_02_12,-1,123.5,99,-86.75,-18.25,-18.25,-18.25,-18.25,-18.25,-38.0,-38.0,-51.75,-64.0
2026_02_12,1,23.5,21,-186.75,2.25,2.25,-3.75,-3.75,-18.0,-18.0,-37.25,-37.25,-41.25
2026_02_12,-1,141.25,42,-4.25,10.25,10.25,1.0,1.0,-4.25,-4.25,40.75,81.5,79.25
2026_02_12,-1,100.5,11,-0.0,22.25,48.0,90.25,75.5,75.5,75.5,40.75,40.75,38.5
2026_02_12,1,17.0,6,0.0,17.0,17.0,17.0,17.0,17.0,17.0,17.0,17.0,17.0
2026_02_13,1,245.0,191,-143.25,-6.75,-6.75,-6.75,-6.75,-6.75,-6.75,-6.75,-6.75,-23.75
2026_02_13,-1,186.25,9,-202.0,56.25,56.25,56.25,74.25,74.25,74.25,74.25,99.0,99.0
2026_02_13,1,213.25,172,-91.75,-54.5,-54.5,-54.5,-54.5,-54.5,-54.5,-54.5,-54.5,-82.25
2026_02_13,1,268.75,169,-36.25,9.75,9.75,-26.75,-26.75,-26.75,-26.75,-26.75,-26.75,-26.75
2026_02_13,1,223.25,155,-45.0,-17.5,-17.5,-17.5,-17.5,-17.5,28.5,28.5,-5.75,-5.75
2026_02_13,1,222.5,143,-31.75,-13.25,-13.25,-13.25,-13.25,-16.25,-16.25,-16.25,-16.25,-31.75
2026_02_13,1,238.75,140,-15.5,-15.5,-15.5,-15.5,-15.5,98.5,124.25,90.0,90.0,90.0
2026_02_13,1,218.0,138,-35.5,77.75,77.75,77.75,77.75,77.75,103.5,69.25,69.25,69.25
2026_02_13,-1,65.25,6,-188.25,17.0,17.0,17.0,40.25,40.25,40.25,-5.0,-5.0,-5.0
2026_02_13,1,125.25,94,-126.0,14.0,14.0,-24.75,-24.75,-24.75,-24.75,-24.75,-24.75,-55.75
2026_02_13,-1,70.25,270,-181.0,-12.0,-12.0,-12.0,-12.0,-32.25,-32.25,-32.25,-43.5,-47.75
2026_02_13,1,137.5,84,-113.75,-15.0,-15.0,-15.0,-15.0,-37.25,-37.25,-37.25,-59.75,-61.0
2026_02_13,-1,54.75,258,-196.5,-7.5,-7.5,-30.75,-30.75,-30.75,-30.75,-30.75,-63.25,-63.25
2026_02_13,1,117.0,63,-134.25,2.0,2.0,2.0,-3.75,-3.75,6.5,22.75,71.75,50.5
2026_02_13,-1,186.25,160,-64.5,6.75,6.75,4.75,-6.75,-6.75,-26.0,-26.0,-36.5,-56.75
2026_02_13,-1,212.25,152,-38.5,-10.5,-10.5,-10.5,-8.5,-13.5,-15.75,-30.75,-36.5,152.0
2026_02_13,-1,208.25,150,-42.5,-12.5,-12.5,-12.5,-12.5,-17.5,-19.75,-34.75,-40.5,148.0
2026_02_13,-1,219.0,136,-31.75,-20.25,-20.25,-20.25,-20.25,-20.25,-20.25,-29.25,-7.0,158.75
2026_02_13,1,34.5,6,-216.25,13.5,21.25,21.25,21.25,14.0,14.0,1.5,-7.75,-30.75
2026_02_13,-1,211.25,109,-18.0,-1.0,-1.0,9.0,7.75,3.75,-2.25,-13.75,-18.0,151.0
2026_02_13,-1,91.75,19,-0.0,64.0,64.0,64.0,57.0,57.0,71.25,61.25,42.75,31.5
2026_02_13,-1,19.75,1,-60.0,7.5,7.5,7.5,7.5,-4.25,-4.25,-17.75,-29.25,-40.5
2026_02_13,1,65.25,8,0.0,33.25,33.25,33.25,33.25,28.25,42.5,35.25,38.25,38.25
2026_02_16,-1,90.25,128,-29.25,-5.0,14.5,14.5,36.5,36.5,36.5,25.75,25.75,5.25
2026_02_16,1,34.5,12,-85.0,-4.5,15.25,10.75,10.75,12.5,12.5,-0.5,-10.0,-25.5
2026_02_16,-1,75.0,81,-19.25,-0.5,13.0,53.25,49.25,41.25,41.25,28.25,21.75,2.25
2026_02_16,-1,40.25,21,-54.0,2.75,-7.5,-7.5,-7.5,-7.5,-11.25,-27.5,-2.5,-24.25
2026_02_16,1,44.25,56,-5.0,-2.0,7.75,6.0,2.5,-3.25,17.25,12.25,22.75,22.75
2026_02_17,-1,167.75,69,-257.5,-75.0,-75.0,-75.0,-75.0,-75.0,-75.0,-75.0,-75.0,-75.0
2026_02_17,1,82.75,299,-342.5,-23.5,-23.5,-23.5,-23.5,-23.5,-23.5,-50.5,-50.5,-89.75
2026_02_17,-1,209.0,54,-216.25,-9.0,-9.0,-9.0,16.0,16.0,16.0,5.25,138.5,107.5
2026_02_17,1,323.75,273,-101.5,-5.0,-28.0,-28.0,-28.0,-28.0,-28.0,-38.5,-48.5,-78.75
2026_02_17,-1,96.25,34,-329.0,21.0,21.0,21.0,21.0,35.25,35.25,35.25,-8.25,-8.25
2026_02_17,1,249.5,257,-175.75,-32.75,-32.75,-32.75,-32.75,-32.75,-32.75,-32.75,-52.5,-82.0
2026_02_17,1,339.0,252,-86.25,-20.25,-20.25,-20.25,-20.25,-20.25,-20.25,-37.25,-40.25,-60.75
2026_02_17,-1,25.5,7,-399.75,5.0,5.0,5.0,5.0,-11.75,-11.75,-11.75,-28.0,-45.25
2026_02_17,1,312.75,227,-18.5,-18.5,-18.5,-18.5,-18.5,-18.5,-11.5,-11.5,157.25,123.75
2026_02_17,1,102.0,197,-166.0,-11.0,-11.0,-11.0,-24.0,-24.0,-24.0,-53.5,-53.5,-87.0
2026_02_17,-1,91.25,40,-176.75,2.5,2.5,2.5,-14.5,-14.5,-14.5,-4.75,-4.75,-49.25
2026_02_17,1,161.0,75,0.0,42.75,42.75,42.75,40.25,16.25,16.25,16.25,116.75,85.75
2026_02_17,1,25.75,5,-119.0,7.75,14.5,14.5,4.0,4.0,4.0,-18.5,-18.5,-49.5
2026_02_17,-1,95.25,45,-5.25,-4.0,18.75,-5.25,-5.25,-5.25,-5.25,-5.25,52.5,33.25
2026_02_17,-1,29.25,6,-24.75,6.0,6.0,6.0,14.75,-1.25,-1.25,-1.25,-24.75,-24.75
2026_02_17,1,30.0,14,0.0,4.25,4.25,1.25,30.0,30.0,30.0,30.0,30.0,30.0
2026_02_17,1,23.0,1,0.0,23.0,23.0,23.0,23.0,23.0,23.0,23.0,23.0,23.0
2026_02_18,-1,9.5,6,-346.5,-25.0,-25.0,-25.0,-25.0,-25.0,-25.0,-50.25,-50.25,-66.0
2026_02_18,1,176.75,184,-89.25,-5.75,81.0,80.25,68.0,68.0,68.0,93.0,82.25,112.25
2026_02_18,-1,217.25,200,-48.75,-3.75,-3.75,-3.75,-3.75,-3.75,-7.75,-20.75,-33.0,-48.25
2026_02_18,1,0.5,56,-265.5,-13.25,-13.25,-13.25,-13.25,-16.0,-24.5,-40.5,-40.5,-64.0
2026_02_18,1,13.5,9,-252.5,-4.0,-7.75,-11.75,0.0,-5.0,-8.5,-17.0,-26.75,-51.0
2026_02_18,-1,225.5,115,-0.0,6.0,23.75,23.75,20.25,10.25,10.25,54.0,166.75,164.25
2026_02_18,-1,136.5,48,-0.0,64.5,62.5,54.75,54.75,56.5,46.0,97.0,77.75,75.25
2026_02_18,-1,62.25,25,-71.25,-4.5,39.75,39.75,39.75,36.25,22.75,22.75,3.5,1.0
2026_02_18,-1,47.5,10,-86.0,-0.0,-0.0,-0.0,34.75,17.5,17.5,17.5,1.5,-13.75
2026_02_18,-1,2.75,2,-87.5,-9.5,-9.5,-9.5,-9.5,-15.25,-20.75,-29.75,-38.75,-61.0
2026_02_18,1,79.75,20,0.0,14.5,14.5,70.0,63.0,63.0,46.75,46.75,39.0,19.75
2026_02_18,1,5.5,2,-19.25,-2.25,-2.25,-11.75,-11.75,-11.75,-15.0,-19.25,-19.25,-19.25
2026_02_18,-1,7.5,10,-6.0,-3.25,-3.25,-6.0,7.5,7.5,7.5,7.5,7.5,7.5
2026_02_19,1,95.75,111,-104.5,-14.5,-14.5,-14.5,-14.5,-23.25,-23.25,-51.25,-51.25,-63.25
2026_02_19,1,107.0,97,-93.25,-67.75,-67.75,-67.75,-67.75,-67.75,-67.75,-67.75,-67.75,-67.75
2026_02_19,1,114.25,93,-86.0,-14.25,-14.25,-14.25,-14.25,22.75,22.75,29.0,29.0,42.75
2026_02_19,-1,141.75,286,-58.5,-15.0,-15.0,-15.0,-15.0,-48.0,-48.0,-48.0,-48.0,-26.5
2026_02_19,1,10.5,78,-189.75,-18.0,-18.0,-18.0,-18.0,-18.0,-34.75,-34.75,-49.25,-61.0
2026_02_19,1,49.5,73,-150.75,-9.5,-9.5,-9.5,-12.0,-22.0,-22.0,-17.0,-17.0,-43.0
2026_02_19,-1,130.0,235,-70.25,-15.0,-15.0,-15.0,-15.0,-15.0,-15.0,-33.75,-33.75,-51.75
2026_02_19,1,3.75,3,-196.5,-7.25,-7.25,-24.0,-24.0,-24.0,-24.0,-47.5,-47.5,-70.25
2026_02_19,-1,120.25,198,-44.25,-18.5,-18.5,-18.5,-18.5,-18.5,-29.25,-31.5,-44.25,5.0
2026_02_19,-1,78.0,166,-66.5,8.0,7.75,4.5,-12.5,-12.5,-12.5,-34.25,-34.25,-51.5
2026_02_19,1,0.0,0,-144.5,-9.25,-9.25,-9.25,-13.75,-19.5,-43.25,-43.25,-43.25,-65.5
2026_02_19,1,16.0,208,-99.75,-3.5,-3.5,-3.5,-11.5,-11.5,-12.0,-28.0,-37.5,-59.75
2026_02_19,-1,93.75,127,-22.0,-15.0,-15.0,-15.0,-15.0,-15.0,-15.0,40.5,23.75,15.5
2026_02_19,1,45.5,167,-70.25,-18.75,-18.75,-18.75,-18.75,-18.75,-37.75,-37.75,-51.0,-65.25
2026_02_19,-1,14.25,87,-101.5,-0.5,-0.5,-0.5,-14.5,-14.5,-14.5,-26.0,-32.75,-51.25
2026_02_19,1,53.0,130,-62.75,-3.25,18.5,10.0,10.0,7.75,5.75,-7.5,-16.5,-32.25
2026_02_19,-1,61.0,17,-54.75,-8.5,-8.5,-8.5,32.75,32.75,32.75,25.0,17.25,-4.5
2026_02_19,1,58.0,58,-30.5,-8.5,-8.5,-8.5,-17.25,-17.25,-23.0,-30.5,42.0,42.0
2026_02_20,-1,-0.0,0,-406.75,-14.5,-14.5,-14.5,-14.5,-54.25,-54.25,-54.25,-54.25,-81.25
2026_02_20,1,328.25,88,0.0,53.75,53.75,53.75,50.25,43.75,104.0,110.25,104.25,80.0
2026_02_20,-1,-0.0,0,-275.25,-20.5,-20.5,-20.5,-20.5,-20.5,-20.5,-42.25,-42.25,-70.25
2026_02_20,1,257.75,67,-9.75,125.5,125.5,125.5,125.5,125.5,125.5,125.5,125.5,125.5
2026_02_20,-1,5.0,10,-262.5,-32.5,-32.5,-32.5,-32.5,-32.5,-32.5,-32.5,-106.25,-106.25
2026_02_20,1,107.25,52,-160.25,-41.25,-41.25,-41.25,-41.25,-41.25,-41.25,-41.25,-41.25,-81.25
2026_02_20,1,212.75,47,-54.75,-54.75,-54.75,-54.75,-54.75,-54.75,-54.75,-54.75,-54.75,44.5
2026_02_20,-1,49.0,112,-197.25,-3.75,-3.75,-3.75,-3.75,-3.75,-46.25,-46.25,-46.25,-52.25
2026_02_20,1,77.25,17,-169.0,-21.75,-21.75,-21.75,-21.75,-21.75,-21.75,46.25,37.25,-10.75
2026_02_20,-1,161.5,68,-77.0,13.75,13.75,13.75,4.75,4.75,33.25,19.5,19.5,8.25
2026_02_20,1,51.75,14,-186.75,19.25,19.25,39.75,36.0,25.0,25.0,20.0,7.0,-16.0
2026_02_20,-1,178.75,19,-55.5,61.75,61.75,61.75,147.75,154.0,154.0,139.0,118.5,118.5
2026_02_20,1,214.0,79,0.0,23.75,23.75,23.75,23.75,23.75,17.75,17.75,88.0,74.0
2026_02_20,-1,26.25,1,-170.0,6.0,6.0,6.0,6.0,6.0,6.0,-11.5,-43.75,-43.75
2026_02_20,1,160.25,60,-13.25,66.75,52.25,52.25,52.25,52.25,54.0,45.5,34.25,20.25
2026_02_20,-1,31.5,2,-142.0,5.0,5.0,5.0,5.0,5.0,5.0,-5.25,-36.5,-36.5
2026_02_20,1,0.0,0,-99.75,-31.0,-31.0,-31.0,-31.0,-31.0,-31.0,-31.0,-43.5,-62.25
2026_02_20,-1,49.0,76,-16.25,6.0,-1.5,-1.5,-1.5,6.0,6.0,6.75,6.75,-13.75
2026_02_20,-1,50.75,65,-14.5,19.0,19.0,19.0,7.75,7.75,7.75,8.5,8.5,-12.0
2026_02_20,-1,17.5,34,-47.75,11.5,-0.25,-0.25,-0.25,-0.25,-7.25,-24.75,-24.75,-45.25
2026_02_20,1,19.0,60,-46.25,-4.25,-4.25,-7.25,-14.25,-14.25,-22.75,-40.25,-40.25,7.75
2026_02_20,-1,6.0,8,-59.25,-11.75,-11.75,-11.75,-9.75,-16.75,-16.75,-28.75,-35.5,-56.75
2026_02_20,1,26.75,23,-18.75,-3.0,-3.0,-15.75,-15.75,-15.75,-18.75,15.5,15.5,15.5
2026_02_20,1,34.25,16,-11.25,-11.25,-11.25,-11.25,23.0,23.0,23.0,23.0,23.0,23.0
2026_02_23,1,0.0,0,-346.75,-7.5,-7.5,-14.0,-14.0,-25.25,-25.25,-90.25,-90.25,-90.25
2026_02_23,-1,228.25,93,-45.75,-6.75,-6.75,-11.75,-11.75,-11.75,-11.75,-11.75,-11.75,-42.25
2026_02_23,-1,240.0,89,-34.0,-30.5,-30.5,-30.5,-30.5,-30.5,-30.5,-30.5,-30.5,-6.25
2026_02_23,1,55.5,125,-80.5,3.0,-1.25,-1.25,-2.75,-2.75,-2.75,-28.5,-28.5,-52.75
2026_02_23,1,56.0,105,-80.0,-13.0,-13.0,-13.0,-13.0,-17.25,-23.75,-31.75,-39.5,-61.0
2026_02_23,-1,56.5,24,-79.5,-13.0,-13.0,-13.0,-13.0,-16.5,35.0,25.25,15.5,-7.0
2026_02_23,1,72.5,41,-63.25,-1.25,-1.25,41.25,54.5,54.5,51.75,39.25,30.75,9.75
2026_02_23,1,13.5,1,-122.25,7.0,7.0,1.0,1.0,-3.25,-7.25,-19.75,-28.25,-49.25
2026_02_23,-1,100.5,88,-12.5,-2.0,-12.5,-12.5,-12.5,40.75,34.0,50.0,50.0,33.5
2026_02_23,-1,59.75,62,-40.25,-6.25,-6.25,19.0,33.5,33.5,30.75,9.25,9.25,-7.25
2026_02_23,-1,24.75,23,-75.25,-4.25,-4.25,-4.25,-4.25,8.25,1.75,-25.75,-25.75,-42.25
2026_02_23,1,54.75,31,-12.5,-4.25,-12.5,-12.5,-12.5,-2.5,-10.0,46.5,46.5,46.5
2026_02_24,-1,91.75,6,-262.5,74.0,74.0,74.0,74.0,74.0,15.5,15.5,15.5,15.5
2026_02_24,1,213.75,201,-30.0,56.0,69.5,69.5,59.5,59.5,59.5,51.0,19.75,19.75
2026_02_24,-1,19.0,1,-216.0,3.75,3.75,3.75,3.75,-18.5,-18.5,-18.5,-40.25,-55.5
2026_02_24,1,123.5,158,0.0,53.25,53.25,53.25,40.5,40.5,40.5,42.5,33.0,32.5
2026_02_24,1,74.5,144,-28.75,-1.75,-1.75,16.5,-3.0,-3.0,-3.0,-6.5,-16.0,-16.5
2026_02_24,1,60.5,120,-42.5,-2.75,-2.75,-2.75,-2.75,-2.75,8.25,-16.5,-16.5,-30.5
2026_02_24,-1,16.0,2,-73.0,11.0,6.75,6.75,-11.75,-11.75,-11.75,-16.5,-26.25,-47.75
2026_02_24,1,46.5,64,-32.25,-5.75,39.5,26.25,26.25,26.25,20.25,14.5,5.25,-17.0
2026_02_24,-1,45.5,95,-33.25,-10.0,-10.0,-10.0,-15.5,-19.75,-29.5,-33.25,5.0,-21.5
2026_02_24,1,0.0,0,-78.75,-5.25,-16.5,-16.5,-16.5,-16.5,-21.0,-31.25,-41.25,-63.5
2026_02_24,-1,29.0,56,-38.25,1.0,1.0,1.0,1.0,-3.0,-6.5,-23.0,-11.5,-38.0
2026_02_24,-1,16.75,11,-50.5,-1.0,-3.75,3.25,3.25,0.5,-10.5,-15.75,-23.75,-50.25
2026_02_24,1,47.0,68,-17.75,-2.25,-2.25,0.25,0.25,0.25,0.25,-10.0,4.75,2.0
2026_02_24,-1,8.75,21,-56.0,-1.0,-1.25,-1.25,-7.0,-8.5,-22.25,-22.25,-34.5,-55.75
2026_02_24,1,26.75,6,-28.25,-0.25,5.75,5.75,5.75,5.75,5.75,-7.25,-15.5,-18.25
2026_02_24,1,0.0,0,-30.75,-10.0,-10.0,-10.0,-12.0,-18.0,-22.75,-30.75,-20.75,-20.75
2026_02_24,-1,10.0,3,-1.5,-1.5,-1.5,-1.5,-0.0,-0.0,-0.0,-0.0,-0.0,-0.0
2026_02_25,1,189.25,399,-0.25,-0.25,-0.25,-0.25,-0.25,16.5,109.5,102.75,93.75,73.0
2026_02_25,1,58.25,369,-72.5,-2.75,-2.75,-8.25,-9.0,-21.5,-21.5,-28.25,-37.25,-58.0
2026_02_25,-1,35.25,38,-95.5,-1.25,-1.25,-1.25,-8.75,-8.75,-20.25,-29.0,-9.0,-25.5
2026_02_25,1,90.5,277,-14.25,-10.5,-10.5,-10.5,-14.25,11.0,42.25,84.75,84.75,84.75
2026_02_25,-1,0.75,2,-63.0,-4.0,-5.5,-11.5,-11.5,-15.5,-23.5,-30.0,-42.5,-59.75
2026_02_25,1,50.0,145,-1.0,16.5,13.0,16.5,12.5,1.75,1.75,44.25,44.25,44.25
2026_02_25,-1,13.75,46,-34.5,-4.75,-6.5,-8.75,-2.25,-2.25,-7.0,-18.0,-31.25,-28.75
2026_02_25,1,20.5,28,-8.25,-4.5,-6.25,-1.75,-5.75,-8.25,14.75,14.75,14.75,14.75
2026_02_25,1,11.25,4,-1.0,3.5,3.5,-1.0,-1.0,5.5,5.5,5.5,5.5,5.5
2026_02_26,-1,422.0,64,-29.25,-29.25,-29.25,-29.25,-29.25,-29.25,-29.25,17.75,17.75,360.25
2026_02_26,-1,375.5,51,-18.25,-18.25,-18.25,-18.25,-18.25,-18.25,-9.25,283.75,283.75,313.75
2026_02_26,-1,89.25,155,-103.0,-3.75,-3.75,-3.75,-3.75,-3.75,-3.75,-26.5,-26.5,-48.0
2026_02_26,-1,93.0,153,-99.25,-22.75,-22.75,-22.75,-22.75,-22.75,-22.75,-25.75,-35.0,-54.0
2026_02_26,1,76.5,250,-115.75,-29.25,-29.25,-29.25,-29.25,-29.25,-29.25,-30.0,16.5,-5.0
2026_02_26,-1,117.5,97,-74.75,-8.75,-8.75,-8.75,6.0,6.0,6.0,-2.0,14.75,42.0
2026_02_26,-1,46.5,39,-145.75,-5.25,-9.0,-9.0,10.75,-1.25,-1.25,14.75,-8.5,-29.0
2026_02_26,1,94.5,76,-16.5,0.75,1.5,13.75,13.75,5.5,5.5,-8.0,-16.5,33.25
2026_02_26,1,111.0,65,0.0,22.25,20.5,17.0,69.5,69.5,74.5,69.75,68.25,49.75
2026_02_26,-1,34.75,28,-19.75,-16.25,-16.25,-16.25,-16.25,-16.25,10.5,-5.0,-5.75,-4.75
2026_02_26,1,14.75,29,-19.0,-12.25,-12.25,-12.25,-12.25,-17.0,-19.0,-0.25,-0.25,-0.25
2026_02_27,-1,29.75,13,-203.25,-52.75,-52.75,-52.75,-52.75,-52.75,-52.75,-52.75,-52.75,-65.5
2026_02_27,1,165.5,152,-67.5,-22.5,-22.5,-22.5,-22.5,-22.5,-22.5,-11.25,-11.25,-41.0
2026_02_27,1,141.75,128,-10.0,29.25,29.25,29.25,66.25,66.25,64.75,64.75,59.0,38.25
2026_02_27,1,83.5,109,-68.25,8.0,8.0,8.0,10.75,10.75,10.75,-17.0,-17.0,-11.0
2026_02_27,-1,64.75,150,-87.0,-13.0,-13.0,-13.0,-13.0,-35.5,-35.5,-35.5,-43.75,-65.0
2026_02_27,1,34.75,63,-117.0,-9.75,-9.75,-9.75,-18.75,-18.75,-34.0,-34.0,-45.5,-51.75
2026_02_27,1,33.25,53,-118.5,-9.25,-9.25,-9.25,-7.75,-7.75,-27.75,-27.75,-30.0,-53.25
2026_02_27,-1,65.25,102,-86.5,3.25,-4.5,-4.5,-4.5,-14.0,-14.0,-35.5,-35.5,-51.0
2026_02_27,1,37.0,12,-114.75,-9.25,-9.25,-9.25,-25.0,-25.0,-25.0,2.0,-10.0,-29.0
2026_02_27,-1,85.75,72,-34.0,41.25,41.25,41.25,41.25,41.25,41.25,26.5,6.5,2.25
2026_02_27,-1,57.0,22,-62.75,3.5,3.5,3.5,3.5,-6.0,-6.0,25.25,14.5,-3.5
2026_02_27,-1,24.0,65,-93.25,-16.0,-16.0,-16.0,-16.0,-16.0,-7.25,-15.0,-34.0,-44.75
2026_02_27,1,48.5,111,-68.75,-13.25,-13.25,-13.25,-13.25,-35.25,-35.25,-35.25,-47.5,-60.25
2026_02_27,-1,23.0,19,-94.25,-2.25,-2.25,-12.25,-12.25,-12.25,2.25,-9.0,-34.5,-50.5
2026_02_27,1,79.0,49,-5.5,-5.5,26.5,26.5,48.5,58.5,51.25,40.5,33.25,15.75
2026_02_27,-1,28.5,4,-45.75,17.5,17.5,17.5,13.5,0.5,0.5,-5.25,-19.0,-37.5
2026_02_27,1,1.5,1,-33.0,-12.25,-12.25,-12.25,-12.25,-21.5,-21.5,-29.0,-33.0,-33.0
2026_02_27,1,0.0,0,-24.25,-6.25,-6.25,-13.0,-13.0,-19.5,-20.25,-24.25,-24.25,-24.25
2026_03_02,1,350.25,317,0.0,103.5,103.5,95.25,95.25,60.25,60.25,60.25,60.25,75.0
2026_03_02,1,255.0,310,-35.0,-35.0,-35.0,-35.0,-35.0,-35.0,-35.0,-35.0,-7.5,-20.25
2026_03_02,-1,69.5,9,-177.0,37.25,50.25,50.25,50.25,50.25,48.25,37.25,16.75,0.25
2026_03_02,1,213.25,261,-33.25,-5.5,-9.5,-9.5,-33.25,-33.25,-33.25,-33.25,7.25,26.0
2026_03_02,-1,31.5,2,-215.0,12.25,12.25,12.25,12.25,12.25,10.25,-0.75,-21.25,-37.75
2026_03_02,1,193.75,250,-45.5,6.75,6.75,6.75,15.25,15.25,15.25,3.5,-12.25,6.5
2026_03_02,1,170.75,230,-68.5,-18.75,-18.75,-18.75,-18.75,-18.75,-20.5,15.0,7.25,-16.5
2026_03_02,-1,32.75,1,-206.5,26.25,26.25,21.5,5.75,5.75,5.75,-15.5,-15.5,-32.5
2026_03_02,1,137.25,190,0.0,40.5,60.0,60.0,60.0,58.5,49.5,71.75,69.25,47.0
2026_03_02,-1,68.5,115,-66.0,-6.75,-6.75,-6.75,-6.75,-6.75,-13.5,24.25,0.75,-3.75
2026_03_02,1,59.5,79,-75.0,-10.5,-10.5,-10.5,-12.5,-19.75,-25.25,-30.75,-49.0,-60.0
2026_03_02,-1,60.0,100,-74.5,1.25,1.25,1.25,1.25,-0.75,23.5,15.75,-7.75,-12.25
2026_03_02,1,66.75,39,-67.75,16.0,16.0,44.0,36.0,36.0,32.5,25.5,25.5,-7.75
2026_03_02,-1,37.0,7,-56.75,3.75,3.75,3.75,3.75,3.75,3.25,3.25,-5.25,-27.25
2026_03_02,-1,36.75,6,-51.0,13.5,13.5,6.75,6.75,20.0,8.25,5.5,-10.25,-23.25
2026_03_02,1,41.75,9,-31.75,8.25,8.25,8.25,8.25,9.5,9.5,9.5,1.75,-20.5
2026_03_02,1,0.0,0,-36.75,-5.25,-13.5,-13.5,-13.5,-25.5,-25.5,-36.75,-24.75,-24.75
2026_03_02,-1,7.75,1,-8.25,-0.5,-0.5,-0.5,-6.0,-8.25,-4.25,-4.25,-4.25,-4.25
2026_03_03,1,230.25,316,-253.5,-9.0,-9.0,-9.0,-31.5,-31.5,-31.5,-31.5,-82.75,-82.75
2026_03_03,1,269.75,301,-214.0,-12.5,-12.5,-12.5,-12.5,-12.5,-12.5,-12.5,-49.25,-49.25
2026_03_03,-1,130.0,27,-353.75,-2.5,-2.5,-2.5,-2.5,-11.5,-11.5,-33.25,-33.25,59.25
2026_03_03,1,320.5,280,-163.25,-26.0,-26.0,-26.0,-26.0,-26.0,-26.0,-37.75,-52.0,-67.25
2026_03_03,-1,125.5,20,-358.25,-20.75,-20.75,-20.75,-20.75,-20.75,-20.75,-32.75,54.75,54.75
2026_03_03,1,435.0,253,-24.75,23.5,23.5,23.5,23.5,7.75,7.75,7.75,7.75,-13.0
2026_03_03,-1,29.75,19,-430.0,-30.75,-30.75,-30.75,-30.75,-30.75,-30.75,-30.75,-44.25,-32.0
2026_03_03,-1,39.0,5,-420.75,16.5,10.25,10.25,16.5,16.5,16.5,-1.0,-1.0,-22.75
2026_03_03,-1,3.75,1,-391.75,-27.0,-27.0,-27.0,-27.0,-27.0,-27.0,-27.0,-71.25,-71.25
2026_03_03,1,320.5,222,0.0,45.5,45.5,45.5,45.5,42.5,39.25,84.75,66.5,57.0
2026_03_03,1,232.25,192,0.0,13.0,13.0,13.0,5.5,0.25,0.25,72.75,59.75,46.25
2026_03_03,-1,21.5,25,-201.0,-16.0,-16.0,-16.0,-16.0,-16.0,-16.0,-29.0,-33.75,-57.75
2026_03_03,1,185.25,151,-37.25,-20.25,-20.25,-20.25,-20.25,-20.25,-20.25,0.5,0.5,-22.5
2026_03_03,-1,28.25,3,-194.25,3.75,3.75,3.75,3.75,3.75,3.75,-6.25,-41.75,-41.75
2026_03_03,1,174.25,120,-30.5,13.25,13.25,13.25,-17.75,-17.75,-17.75,-17.75,-30.5,82.75
2026_03_03,1,162.25,106,-12.5,2.5,2.5,2.5,2.5,2.25,2.25,-12.5,90.75,70.75
2026_03_03,1,32.75,57,-90.75,6.5,-10.0,-10.0,-10.0,-10.0,-10.0,-24.0,-38.75,-58.75
2026_03_03,-1,32.0,26,-91.5,-7.75,-7.75,-7.75,-7.75,-9.0,-18.75,-44.25,-44.25,-62.75
2026_03_03,1,52.5,8,-66.0,11.0,11.0,11.0,11.0,11.0,31.25,17.75,-14.0,-14.0
2026_03_03,-1,35.75,36,-48.0,-2.0,-2.0,-2.0,-19.25,-19.25,-19.25,-24.5,-48.0,21.5
2026_03_04,1,280.0,283,-89.0,-28.25,-28.25,-28.25,-28.25,-28.25,-28.25,-27.5,-27.5,-50.5
2026_03_04,1,366.75,271,-2.25,4.5,-2.25,-2.25,-2.25,24.75,24.75,24.75,53.25,53.25
2026_03_04,1,362.25,269,-6.75,-6.75,-6.75,44.25,20.25,20.25,20.25,20.25,48.75,48.75
2026_03_04,1,111.25,215,-58.0,-21.0,-21.0,-21.0,-21.0,-21.0,-21.0,-32.0,-41.5,-11.25
2026_03_04,-1,-0.0,0,-169.25,-8.75,-8.75,-8.75,-15.75,-30.5,-30.5,-30.5,-52.25,-69.25
2026_03_04,-1,-0.0,0,-167.75,-19.25,-19.25,-19.25,-19.25,-19.25,-34.0,-34.0,-50.75,-67.75
2026_03_04,1,69.25,191,-83.0,-6.5,-6.5,-6.5,-6.5,-28.0,-28.0,-28.0,-35.25,-53.25
2026_03_04,-1,5.75,5,-146.5,-6.25,-6.25,-21.0,-21.0,-21.0,-21.0,-32.75,-50.5,-59.75
2026_03_04,1,92.25,159,-19.0,-3.5,-3.5,-3.5,-3.5,-3.5,-7.75,16.75,4.5,30.75
2026_03_04,1,57.25,107,-54.0,-16.0,-16.0,-16.0,-16.0,-16.0,-23.75,-30.5,-47.0,-4.25
2026_03_04,-1,30.5,210,-80.75,-6.0,-6.0,-11.75,-19.5,-19.5,-31.75,-31.75,-43.5,-65.75
2026_03_04,1,45.0,86,-66.25,-9.5,-9.5,-9.5,-13.75,-9.0,-10.5,-22.75,-3.75,-16.5
2026_03_04,1,6.25,9,-94.75,-8.25,-8.25,-8.25,-11.0,-10.0,-16.25,-32.25,-42.0,-55.25
2026_03_04,-1,85.5,66,-4.25,1.25,-1.5,-1.5,47.5,44.0,42.25,32.25,41.5,49.5
2026_03_04,1,13.75,15,-47.75,-8.25,-8.25,-8.25,1.5,-32.5,-32.5,-32.5,-32.5,-47.25
2026_03_04,1,1.75,2,-59.75,-9.75,-9.75,-9.75,-10.5,-44.5,-44.5,-44.5,-44.5,-59.25
2026_03_04,-1,17.0,12,-30.25,-5.5,-21.75,-21.75,-21.75,-21.75,-21.75,-27.0,-27.0,-19.0
2026_03_05,1,168.25,30,-254.0,67.5,62.5,62.5,56.75,26.75,26.75,26.75,26.75,9.0
2026_03_05,-1,273.75,211,-57.5,44.0,44.0,44.0,44.0,44.0,44.0,80.25,75.0,45.0
2026_03_05,-1,193.25,199,-138.0,-5.5,-35.5,-35.5,-35.5,-35.5,-35.5,-35.5,-52.5,-66.75
2026_03_05,1,71.25,86,-260.0,9.5,9.5,9.5,9.5,-14.5,-14.5,-14.5,-12.25,-32.5
2026_03_05,-1,216.0,165,-115.25,-7.5,-7.5,-7.5,-7.5,-7.5,-7.5,-7.5,-9.5,-9.5
2026_03_05,1,74.75,19,-256.5,-2.5,-2.5,-2.5,-12.5,-12.5,-12.5,-29.0,22.5,6.0
2026_03_05,-1,251.25,103,-17.75,-17.75,-17.75,-17.75,-17.75,-17.75,67.0,59.0,115.5,163.5
2026_03_05,-1,91.0,44,-175.0,3.75,3.75,3.75,3.75,3.75,-9.0,-9.0,27.75,17.25
2026_03_05,1,172.25,164,-93.75,-4.75,-10.5,-10.5,-22.5,-22.5,-22.5,-38.0,-70.75,-70.75
2026_03_05,1,202.75,156,-63.25,-10.0,-10.0,-10.0,-40.25,-40.25,-40.25,-40.25,-40.25,-55.75
2026_03_05,-1,7.75,28,-258.25,-9.0,-9.0,-9.0,-14.25,-20.25,-20.25,-34.25,-50.5,-66.0
2026_03_05,-1,12.0,18,-254.0,-16.25,-16.25,-16.25,-16.25,-16.25,-30.0,-30.0,-46.25,-61.75
2026_03_05,1,209.0,103,-39.25,-8.25,-8.25,-8.25,8.25,-20.0,-20.0,-20.0,-20.0,-39.25
2026_03_05,-1,23.0,9,-225.25,-15.5,-15.5,-15.5,-15.5,2.25,2.25,-17.5,-17.5,-40.25
2026_03_05,1,237.0,85,-11.25,-6.25,-6.25,-11.25,23.75,23.75,23.75,23.75,147.0,225.0
2026_03_05,-1,-0.0,0,-240.5,-13.0,-13.0,-13.0,-13.0,-20.75,-20.75,-32.75,-42.5,-63.25
2026_03_05,1,185.75,66,-28.0,-27.5,-27.5,-27.5,-27.5,-27.5,-27.5,-2.5,95.75,173.75
2026_03_05,1,190.5,61,-17.25,-5.25,-5.25,-5.25,-17.25,-17.25,-17.25,2.25,100.5,178.5
2026_03_05,1,153.25,54,-35.0,-28.5,-28.5,-28.5,-28.5,-28.5,-28.5,-35.0,63.25,141.25
2026_03_06,1,222.75,152,-63.0,20.0,20.0,-27.0,-27.0,-27.0,-27.0,-27.0,-27.0,-53.5
2026_03_06,1,267.25,146,-18.5,47.0,47.0,40.75,40.75,52.5,47.5,30.75,30.75,28.25
2026_03_06,-1,204.0,293,-81.75,-19.5,-19.5,-19.5,-19.5,-19.5,29.75,-28.5,-28.5,-28.5
2026_03_06,1,28.25,65,-257.5,-13.5,-13.5,-13.5,-13.5,-18.0,-18.0,-18.0,-23.0,-40.0
2026_03_06,-1,220.25,252,-65.5,5.5,5.5,5.5,5.5,-9.5,-9.5,-9.5,-25.0,-36.75
2026_03_06,1,26.0,16,-259.75,10.5,10.5,10.5,-16.5,-16.5,-16.5,-16.5,-16.5,-41.25
2026_03_06,-1,213.75,201,-68.25,-7.5,-7.5,-7.5,-7.5,-20.0,-20.0,-32.75,34.0,4.25
2026_03_06,1,92.5,24,-189.5,-10.0,-10.0,-10.0,-17.75,-17.75,-19.25,49.5,49.5,23.25
2026_03_06,1,7.0,5,-232.5,-19.75,-19.75,-19.75,-19.75,-19.75,-22.0,-24.75,-34.25,-53.25
2026_03_06,-1,216.5,118,-17.75,0.25,0.25,-4.0,-16.0,-16.0,-16.0,-6.5,-6.5,-17.25
2026_03_06,-1,223.0,80,-10.75,10.75,10.75,10.75,23.5,16.75,16.75,9.0,3.75,-10.75
2026_03_06,1,0.0,0,-233.75,-14.75,-14.75,-14.75,-14.75,-16.75,-26.75,-43.0,-43.0,-96.5
2026_03_06,-1,185.5,27,-0.0,54.0,54.0,54.0,54.0,54.0,50.0,150.0,106.75,106.75
2026_03_06,-1,68.75,26,-0.0,13.5,11.5,9.75,6.75,22.0,19.5,9.75,43.5,43.5
2026_03_09,1,532.5,369,-186.75,-25.0,-25.0,-25.0,-25.0,-25.0,-25.0,-51.5,-51.5,-82.0
2026_03_09,1,614.5,363,-104.75,-16.25,-16.25,-16.25,-16.25,-16.25,-29.5,-56.0,-56.0,-69.5
2026_03_09,-1,87.5,15,-631.75,32.5,32.5,27.75,27.75,27.75,27.75,22.75,9.25,22.0
2026_03_09,-1,35.25,11,-684.0,-24.5,-24.5,-24.5,-24.5,-24.5,-24.5,-29.5,-43.0,-30.25
2026_03_09,-1,59.25,9,-660.0,-5.5,-5.5,-5.5,-5.5,-5.5,-5.5,-5.5,-19.0,-6.25
2026_03_09,-1,49.25,10,-665.25,-20.75,-20.75,-20.75,-20.75,-20.75,-20.75,-61.5,-61.5,-61.5
2026_03_09,-1,110.75,8,-603.75,-27.5,-27.5,-27.5,-27.5,-27.5,-27.5,58.25,58.25,46.75
2026_03_09,-1,63.0,4,-591.75,50.25,50.25,50.25,50.25,28.75,28.75,28.75,21.75,-26.5
2026_03_09,1,622.25,313,-32.5,-32.5,-32.5,-32.5,-32.5,-32.5,-32.5,-32.5,179.25,242.25
2026_03_09,1,493.75,280,0.0,19.75,19.75,19.75,23.5,23.5,22.0,58.25,50.75,113.75
2026_03_09,1,419.5,233,-46.75,-4.0,23.0,21.0,17.0,10.0,23.25,14.75,51.75,39.5
2026_03_09,-1,117.25,43,-349.0,7.25,16.75,9.25,9.25,4.25,94.5,87.0,71.5,52.75
2026_03_09,-1,101.25,30,-365.0,-4.75,48.5,48.5,82.0,82.0,78.5,71.0,55.5,36.75
2026_03_09,-1,37.25,10,-429.0,1.25,1.25,18.0,18.0,18.0,14.5,7.0,-8.5,-27.25
2026_03_09,1,442.5,112,-5.0,-1.25,-1.25,-5.0,9.25,15.5,15.5,69.75,62.0,44.25
2026_03_09,-1,3.75,1,-443.75,-7.75,-7.75,-7.75,-13.5,-13.5,-23.25,-30.75,-42.0,-60.5
2026_03_09,1,408.0,92,-19.0,-7.25,-7.25,-19.0,-19.0,-19.0,35.25,35.25,27.5,9.75
2026_03_09,1,383.25,80,-15.75,-13.5,-13.5,-13.5,-13.5,25.5,10.5,10.5,2.75,-15.0
2026_03_09,-1,8.75,8,-390.25,-6.0,-6.0,-14.0,-14.0,-8.5,-15.25,-21.25,-39.5,-139.75
2026_03_09,1,250.5,20,0.0,75.25,75.25,72.5,111.0,111.0,111.0,111.0,111.0,153.75
2026_03_09,1,90.5,8,-17.25,1.25,1.25,1.25,1.25,1.25,1.25,1.25,33.0,-6.25
2026_03_09,-1,11.0,30,-70.75,-12.75,-12.75,-12.75,-12.75,-12.75,-22.0,-43.0,-43.0,-60.25
2026_03_09,1,57.5,15,-24.25,20.25,20.25,20.25,15.0,-12.5,-12.5,-12.5,-12.5,-4.0
2026_03_09,1,10.5,3,-71.25,-15.5,-15.5,-15.5,-15.5,-22.5,-22.5,-22.5,-47.0,-51.0
2026_03_09,-1,18.25,2,-9.0,12.5,10.0,10.0,-9.0,-9.0,-9.0,-0.0,-0.0,-0.0
2026_03_10,1,168.75,238,-144.75,-42.25,-42.25,-42.25,-42.25,-42.25,-42.25,-42.25,-42.25,-42.25
2026_03_10,-1,123.0,35,-190.5,16.5,16.5,16.5,6.5,6.5,6.5,-5.5,-5.5,-5.5
2026_03_10,1,207.0,232,-106.5,-5.5,-1.0,-1.0,-1.0,-1.0,-29.0,-29.0,-29.0,-45.0
2026_03_10,1,185.0,224,-128.5,-17.75,-17.75,-17.75,-17.75,-17.75,-31.25,-31.25,-31.25,-46.0
2026_03_10,-1,28.25,9,-285.25,-24.0,-24.0,-24.0,-24.0,-24.0,-24.0,-36.5,-57.25,-40.5
2026_03_10,1,206.25,180,-66.25,-5.75,9.75,9.75,9.75,9.75,78.0,132.75,123.5,106.5
2026_03_10,1,100.25,159,-172.25,55.5,52.75,52.75,42.5,42.5,26.75,26.75,17.5,0.5
2026_03_10,-1,189.75,283,-82.75,-9.5,-9.5,-9.5,-9.5,-10.5,-10.5,-26.75,-34.75,-11.5
2026_03_10,-1,193.5,243,-79.0,-16.0,-16.0,-16.0,-16.0,-16.0,14.75,14.75,12.0,-7.75
2026_03_10,1,83.25,60,-189.25,7.75,7.75,7.75,16.0,4.75,4.75,-1.5,30.25,9.5
2026_03_10,1,47.25,36,-225.25,-14.25,-14.25,-14.25,-14.25,-20.75,-20.75,7.75,-5.75,-26.5
2026_03_10,-1,192.25,135,-48.5,1.0,1.0,1.0,1.0,1.0,1.0,-15.0,-19.5,-40.0
2026_03_10,1,0.0,0,-216.5,-38.5,-38.5,-38.5,-38.5,-38.5,-38.5,-38.5,-120.0,-120.0
2026_03_10,-1,96.5,97,-52.5,-20.75,-20.75,-20.75,-20.75,-20.75,-20.75,16.5,6.75,-45.5
2026_03_10,-1,105.5,86,-43.5,-36.5,-36.5,-36.5,-36.5,-36.5,-36.5,-36.5,-43.0,41.5
2026_03_10,1,16.5,4,-131.75,-33.0,-33.0,-33.0,-33.0,-33.0,-33.0,-33.0,-33.0,-43.5
2026_03_10,-1,98.75,76,-49.5,-30.25,-30.25,-30.25,-30.25,-30.25,-30.25,-30.25,-49.5,34.75
2026_03_10,-1,91.75,29,-7.0,-7.0,-7.0,27.75,27.75,42.5,48.0,40.0,16.75,27.75
2026_03_10,1,0.0,0,-95.5,-22.0,-22.0,-22.0,-22.0,-22.0,-22.0,-44.25,-44.25,-62.5
2026_03_10,-1,20.75,16,-69.25,-7.25,-7.25,-12.75,-12.75,-23.0,-23.0,-31.0,-54.25,-43.25
2026_03_10,1,18.0,7,-8.0,-6.0,-6.0,-8.0,9.75,9.75,9.75,9.75,9.75,9.75
2026_03_11,1,88.25,30,-200.0,-18.75,-18.75,-18.75,-18.75,-18.75,-0.25,-14.0,-14.0,-38.25
2026_03_11,1,86.25,15,-202.0,-18.5,-18.5,-18.5,-18.5,-18.5,-30.0,-30.0,-40.25,-63.5
2026_03_11,1,7.5,3,-246.25,-15.25,-15.25,-15.25,-15.25,-28.75,-28.75,-28.75,-39.25,-57.75
2026_03_11,-1,140.25,195,-60.5,27.5,27.5,27.5,27.5,-3.25,-3.25,-3.25,-3.25,-9.75
2026_03_11,1,34.25,11,-166.5,-4.25,-4.25,-12.5,-12.5,13.25,13.25,-16.5,-16.5,-28.75
2026_03_11,1,39.5,2,-150.0,25.0,25.0,25.0,25.0,16.0,16.0,6.25,-1.5,-69.5
2026_03_11,1,0.0,0,-189.5,-14.5,-14.5,-14.5,-14.5,-23.5,-23.5,-33.25,-41.0,-109.0
2026_03_11,-1,101.5,145,-38.5,-8.0,-8.0,-8.0,14.75,6.75,6.75,-2.75,-16.0,28.5
2026_03_11,-1,89.75,59,-50.25,-10.5,-10.5,-10.5,-26.0,-26.0,-26.0,-35.5,-46.5,28.0
2026_03_11,1,13.25,6,-126.75,-3.0,-3.0,-3.0,-0.25,-5.25,-16.75,-16.75,-36.0,-57.5
2026_03_11,1,8.0,18,-116.75,-26.0,-26.0,-26.0,-26.0,-26.0,-26.0,-47.5,-47.5,-95.0
2026_03_11,-1,107.5,18,-17.25,-5.75,-11.75,-11.75,-13.5,-16.5,69.5,69.5,57.25,45.75
2026_03_11,1,31.0,121,-68.0,-11.5,-11.5,-11.5,-20.0,-20.0,-20.0,-30.75,-43.25,-68.0
2026_03_11,-1,14.5,1,-84.5,3.5,3.5,3.5,-3.25,-3.25,-20.5,-20.5,-32.25,-46.25
2026_03_11,1,41.75,81,-37.5,3.0,3.0,3.0,-4.25,-4.25,-13.25,-19.25,-23.5,12.25
2026_03_11,-1,5.5,2,-73.75,-3.0,-3.0,-3.0,-15.5,-15.5,-15.5,-25.75,-48.0,-58.0
2026_03_11,1,34.75,19,-10.0,7.25,7.25,7.25,6.5,-0.25,14.0,-3.0,-10.0,5.25
2026_03_11,-1,-0.0,0,-22.0,-4.75,-9.75,-9.75,-17.5,-17.5,-22.0,-15.25,-15.25,-15.25
2026_03_12,-1,258.0,401,-36.25,8.25,8.25,8.25,8.25,8.25,8.25,-13.5,-13.5,-33.5
2026_03_12,-1,292.0,396,-2.25,8.25,1.0,1.0,1.0,78.25,78.25,78.25,72.0,97.0
2026_03_12,1,19.75,8,-196.5,-5.5,-9.5,-9.5,-14.5,-14.5,-2.0,-12.25,-35.5,-46.75
2026_03_12,1,0.0,0,-216.25,-21.75,-21.75,-21.75,-21.75,-21.75,-21.75,-32.0,-55.25,-66.5
2026_03_12,-1,150.0,349,-50.75,-0.75,-0.75,-0.75,-8.75,-8.75,48.25,50.75,27.75,-31.0
2026_03_12,1,82.0,138,-118.75,-26.5,-26.5,-26.5,-26.5,-26.5,-26.5,-39.75,-40.5,-62.25
2026_03_12,-1,78.25,310,-122.5,-6.75,-6.75,-6.75,-6.75,-8.75,10.5,1.0,-24.0,-35.75
2026_03_12,1,104.0,97,-96.75,1.75,1.75,-6.5,-6.5,-10.5,-14.25,-30.5,31.5,12.5
2026_03_12,1,110.25,88,-90.5,44.0,44.0,44.0,44.0,44.0,44.0,44.0,37.75,18.75
2026_03_12,1,35.5,83,-165.25,-37.0,-37.0,-37.0,-37.0,-37.0,-37.0,-37.0,-56.0,-79.0
2026_03_12,-1,101.5,241,-99.25,-7.75,-7.75,-7.75,-7.75,-7.75,-7.75,-30.75,-30.75,-57.75
2026_03_12,1,1.0,44,-199.75,-11.0,-11.0,-11.0,-40.75,-40.75,-40.75,-40.75,-40.75,-77.75
2026_03_12,-1,119.5,220,-81.25,-18.5,-18.5,-18.5,-18.5,-18.5,-35.75,-35.75,-46.25,-62.0
2026_03_12,-1,114.75,172,-49.5,-10.5,-10.5,-10.5,-43.5,-43.5,-43.5,-43.5,-43.5,-19.25
2026_03_12,1,9.5,5,-132.5,-6.25,-6.25,-6.25,-9.5,-9.5,-18.0,-33.75,-33.75,-51.0
2026_03_12,-1,91.25,110,-30.0,-7.0,-7.0,-18.0,-18.0,-18.0,-23.25,-30.0,-11.5,-26.0
2026_03_12,-1,91.0,35,-7.0,-7.0,-7.0,41.75,52.5,48.25,41.25,76.25,76.25,76.25
2026_03_12,-1,58.25,29,-2.25,-2.25,9.0,9.0,19.75,15.5,8.5,43.5,43.5,43.5
2026_03_13,1,135.0,11,-304.75,-26.5,-26.5,-26.5,-26.5,-26.5,-26.5,-31.75,94.25,67.0
2026_03_13,-1,273.0,364,-166.75,-29.75,-29.75,-29.75,-29.75,-29.75,-29.75,-47.5,-47.5,-71.5
2026_03_13,1,41.5,2,-398.25,33.5,33.5,33.5,16.5,16.5,16.5,0.75,0.75,-26.5
2026_03_13,-1,329.75,331,-40.0,11.0,30.25,30.25,30.25,16.25,16.25,9.0,-1.0,-40.0
2026_03_13,1,54.75,7,-315.0,3.25,3.25,3.25,35.0,35.0,18.25,18.25,-27.5,-27.5
2026_03_13,-1,333.25,306,-0.0,23.5,23.5,23.5,23.5,23.5,23.5,190.5,174.5,157.25
2026_03_13,1,32.5,3,-176.0,21.0,21.0,21.0,12.25,12.25,12.25,-11.25,-11.25,-29.75
2026_03_13,-1,117.25,255,-13.0,3.25,1.0,-13.0,-13.0,-13.0,-13.0,7.25,7.25,7.5
2026_03_13,-1,58.25,207,-68.75,-21.25,-21.25,-21.25,-21.25,-21.25,-21.25,-39.75,-41.75,-67.25
2026_03_13,1,18.0,37,-99.5,0.5,-4.5,-4.5,-4.5,-27.25,-27.25,-27.25,-35.25,-48.25
2026_03_13,1,10.75,26,-106.75,-6.75,-6.75,-24.5,-24.5,-24.5,-24.5,-24.5,-41.25,-55.5
2026_03_13,-1,40.0,160,-77.5,-5.0,-10.25,-10.25,-13.25,-28.5,-28.5,-32.25,-53.25,-63.25
2026_03_13,1,21.25,96,-86.75,9.0,9.0,9.0,2.75,-21.25,-21.25,-21.25,-30.25,-50.0
2026_03_13,1,14.0,89,-94.0,-10.5,-10.5,-10.5,-18.25,-18.25,-18.25,-37.5,-37.5,-57.25
2026_03_13,-1,34.5,113,-73.5,11.25,11.25,11.25,9.5,-2.25,-2.25,-14.0,-21.75,-47.75
2026_03_13,1,62.75,37,-45.25,-12.75,-12.75,-12.75,-12.75,-16.5,-23.5,25.0,18.0,-6.25
2026_03_13,1,81.25,27,-26.75,47.0,47.0,47.0,65.5,57.25,57.25,43.5,36.5,12.25
2026_03_13,-1,95.0,42,-0.0,28.25,28.25,28.25,19.25,19.25,74.5,60.75,52.25,84.25
2026_03_13,-1,65.0,27,-7.25,-7.25,-7.25,-7.25,-7.25,28.75,44.5,30.75,22.25,54.25
2026_03_13,1,5.5,1,-29.75,-7.5,-7.5,-7.5,-7.5,-27.0,-27.0,-27.0,-26.5,-26.5
2026_03_13,-1,-0.0,0,-2.5,-2.5,-2.5,-2.5,-2.5,-2.5,-2.5,-2.5,-2.5,-2.5
2026_03_16,-1,49.0,179,-112.0,-11.5,-11.5,-11.5,-32.5,-32.5,-32.5,-32.5,-49.75,-59.25
2026_03_16,1,77.0,334,-84.0,-12.0,-12.0,-12.0,-12.0,-29.25,-29.25,-31.0,-21.75,-18.25
2026_03_16,1,91.5,318,-69.5,-7.25,-7.25,-2.0,15.5,15.5,15.5,12.25,23.25,-3.75
2026_03_16,-1,67.5,119,-93.5,0.75,0.75,0.75,0.75,0.75,0.75,32.75,18.0,-2.25
2026_03_16,-1,28.0,102,-133.0,-2.5,-2.5,-2.5,-2.5,-2.5,-2.5,-6.75,-21.5,-41.75
2026_03_16,1,87.0,232,-74.0,24.25,24.25,20.75,17.0,17.75,7.0,2.25,-6.5,-33.0
2026_03_16,-1,76.25,37,-84.75,-4.75,-7.0,-7.0,-7.0,3.25,3.25,3.25,31.0,13.75
2026_03_16,1,105.25,145,-32.75,-8.75,-8.75,-8.75,-13.5,-13.5,-13.5,7.25,0.75,-23.75
2026_03_16,1,110.5,140,-27.5,6.0,6.0,6.0,-1.5,-1.5,19.25,12.5,6.0,-18.5
2026_03_16,1,92.5,94,-45.5,1.75,-8.0,-8.0,-8.0,-12.0,-19.75,-28.0,-36.5,30.75
2026_03_16,-1,17.5,120,-120.5,-12.25,-12.25,-12.25,-12.25,-12.25,-12.25,-24.25,-33.25,-54.75
2026_03_16,1,84.75,64,-53.25,8.75,8.75,8.75,0.0,0.0,8.0,-4.75,-11.5,23.0
2026_03_16,-1,48.5,45,-89.5,-6.0,-6.0,-5.25,-5.25,-89.5,-89.5,-89.5,-89.5,-89.5
2026_03_16,1,0.0,0,-122.5,-18.75,-18.75,-18.75,-18.75,-18.75,-46.25,-46.25,-46.25,-68.0
2026_03_16,-1,49.5,29,-2.75,-2.75,-2.75,13.75,13.75,13.75,13.75,14.25,18.75,18.75
2026_03_16,-1,-0.0,0,-29.5,-12.0,-12.0,-12.0,-12.0,-18.0,-21.25,-25.0,-25.0,-25.0
2026_03_17,-1,45.0,126,-111.5,-17.0,-17.0,-17.0,-17.0,-17.0,-57.0,-57.0,-57.0,-66.0
2026_03_17,1,56.0,15,-100.5,-6.25,-6.25,-6.25,-6.5,-6.5,-6.5,22.5,5.25,-4.75
2026_03_17,-1,111.75,88,-20.0,39.0,39.0,39.0,32.75,32.75,32.75,32.75,12.5,6.0
2026_03_17,-1,110.25,73,-21.5,7.0,7.0,7.0,-5.0,-5.0,-5.0,-17.5,-18.75,46.75
2026_03_17,1,32.25,18,-99.5,15.25,15.25,15.0,15.0,-6.5,-6.5,-6.5,-11.75,-35.0
2026_03_17,-1,72.25,28,-26.75,-4.5,-4.5,-4.5,-4.5,-10.5,-23.75,-23.75,26.25,8.75
2026_03_17,1,83.0,119,0.0,17.5,17.5,13.0,13.0,6.75,29.25,25.25,25.5,22.5
2026_03_17,-1,14.5,79,-57.5,-8.5,-8.5,-8.5,-12.25,-16.5,-37.25,-37.25,-40.5,-25.75
2026_03_17,-1,48.5,71,-23.5,-6.5,-6.5,-9.75,-5.75,-9.5,-16.75,-23.5,8.25,8.25
2026_03_17,1,17.75,5,-54.25,-2.0,7.5,7.5,4.25,-0.25,-8.0,-17.25,-32.0,-42.75
2026_03_17,-1,47.75,44,-0.0,22.25,20.75,21.75,23.75,18.75,16.5,7.5,7.5,7.5
2026_03_17,-1,19.5,16,-24.0,-9.5,-9.5,-9.5,-7.25,-1.5,-1.5,-20.75,-20.75,-20.75
2026_03_17,1,21.5,27,-9.5,2.5,-1.25,-1.25,-4.25,-9.5,0.5,18.25,18.25,18.25
2026_03_18,1,71.75,16,-300.75,37.75,37.75,37.75,22.0,22.0,22.0,22.0,29.25,0.0
2026_03_18,-1,330.5,389,-42.0,-42.0,-42.0,-42.0,-42.0,-42.0,-42.0,-42.0,-42.0,70.5
2026_03_18,1,40.75,8,-317.0,-16.25,-16.25,-16.25,-16.25,-16.25,-16.25,-16.25,-10.25,-42.75
2026_03_18,-1,269.25,359,-37.0,-12.25,-12.25,-12.25,-12.25,-17.75,40.5,40.5,29.5,9.25
2026_03_18,1,23.0,9,-283.25,-20.0,-20.0,-20.0,-20.0,-20.0,-20.0,-30.0,-20.75,-42.5
2026_03_18,-1,246.75,293,-45.25,-6.5,-6.5,-6.5,-6.5,-19.5,-19.5,-29.75,-36.25,10.75
2026_03_18,1,3.25,20,-287.25,-5.25,-14.75,-14.75,-14.75,-25.75,-25.75,-32.25,-42.25,-57.25
2026_03_18,1,15.25,13,-275.25,-20.25,-20.25,-20.25,-20.25,-20.25,-20.25,-18.75,-30.25,-45.25
2026_03_18,-1,208.5,218,-73.25,-14.5,-14.5,-14.5,-14.5,-20.5,-20.5,-42.75,-42.75,-27.5
2026_03_18,1,36.25,70,-245.5,-0.75,-0.75,-10.25,-10.25,-10.25,-22.75,-32.5,-55.0,-55.0
2026_03_18,-1,190.5,192,-91.25,-8.75,-8.75,-8.75,-20.0,-20.0,-20.0,-16.5,-28.25,-45.5
2026_03_18,1,41.75,25,-240.0,-5.75,-7.0,-9.5,-13.75,-4.5,-4.5,8.0,-6.0,-34.0
2026_03_18,-1,222.25,117,-14.75,3.75,3.75,-4.0,-4.0,-11.25,-11.25,2.75,2.75,217.5
2026_03_18,-1,155.0,66,-10.25,-7.75,-7.75,-10.25,49.0,42.25,42.25,150.25,150.25,150.25
2026_03_19,-1,44.0,5,-300.0,16.0,16.0,16.0,28.75,1.5,1.5,1.5,1.5,-21.5
2026_03_19,1,314.5,337,-29.5,-29.5,-29.5,-29.5,-29.5,-29.5,-29.5,37.75,37.75,119.25
2026_03_19,-1,-0.0,0,-328.75,-27.25,-27.25,-27.25,-27.25,-27.25,-27.25,-50.25,-50.25,-103.25
2026_03_19,1,158.75,317,-132.75,-35.75,-35.75,-35.75,-35.75,-35.75,-35.75,-35.75,-40.75,-36.5
2026_03_19,-1,63.25,167,-228.25,19.5,19.5,19.5,19.5,13.25,13.25,-27.0,-27.0,-27.0
2026_03_19,1,158.0,277,-133.5,6.75,6.75,6.75,6.75,6.75,-23.0,-23.0,-23.0,-53.5
2026_03_19,-1,93.0,113,-198.5,0.25,0.25,0.25,28.75,47.25,47.25,26.0,26.0,5.75
2026_03_19,1,162.75,186,-128.75,-10.25,-10.25,-10.25,-11.25,-11.25,-11.25,-42.75,-42.75,-58.0
2026_03_19,-1,96.25,62,-195.25,-14.0,-14.0,-14.0,-14.0,22.75,12.25,3.0,-14.0,22.25
2026_03_19,1,216.0,175,-75.5,-0.5,-19.5,-19.5,-19.5,-19.5,-19.5,-16.0,-20.75,-27.0
2026_03_19,-1,67.5,48,-224.0,-6.0,-6.0,-16.5,-16.5,-16.5,-25.75,-24.75,-42.75,-6.5
2026_03_19,1,204.25,148,-87.25,0.5,0.5,0.5,0.5,-3.75,-16.75,-16.75,-32.5,-51.75
2026_03_19,-1,54.0,20,-237.5,-11.5,-11.5,-11.5,-13.75,-18.25,33.0,9.5,9.5,-20.0
2026_03_19,1,217.5,108,-43.0,-10.25,-10.25,-10.25,-12.0,-12.0,-18.5,-25.75,-43.0,2.25
2026_03_19,1,251.0,92,-9.5,-9.5,-9.5,-9.5,-4.75,-4.75,-4.75,21.5,13.75,35.75
2026_03_19,-1,36.0,19,-216.75,-9.5,-9.5,-9.5,5.25,17.0,13.75,-9.5,-9.5,-29.75
2026_03_19,1,151.75,13,-15.25,-15.25,-15.25,-15.25,-15.25,46.5,106.0,106.0,106.0,51.25
2026_03_19,-1,68.5,11,-0.0,38.0,30.75,30.75,21.0,21.0,21.0,27.0,27.0,0.5
