entry_i,exit_i,dir,entry,exit,pts,reason,day,usd
182,204,-1,25498.25,25522.0,-24.64,theme,2025_12_16,-49.28
214,239,1,25562.0,25439.75,-123.14,theme,2025_12_16,-246.28
63,72,1,25555.75,25621.5,64.86,target,2025_12_17,129.72
256,290,-1,25245.0,25264.0,-19.89,theme,2025_12_17,-39.78
333,337,-1,25162.0,25157.25,3.86,target,2025_12_17,7.72
353,359,-1,25196.0,25172.0,23.11,theme,2025_12_17,46.22
386,388,-1,25187.25,25189.75,-3.39,target,2025_12_17,-6.78
79,97,-1,25170.0,25175.0,-5.89,theme,2025_12_18,-11.78
319,323,1,25587.0,25615.0,27.11,target,2025_12_18,54.22
381,385,1,25597.0,25601.25,3.36,target,2025_12_18,6.72
400,412,1,25532.75,25460.0,-73.64,theme,2025_12_18,-147.28
459,471,1,25479.0,25444.0,-35.89,eod,2025_12_18,-71.78
98,117,1,25513.0,25513.0,-0.89,theme,2025_12_19,-1.78
140,157,1,25562.5,25616.25,52.86,target,2025_12_19,105.72
252,262,1,25592.75,25620.0,26.36,target,2025_12_19,52.72
323,332,1,25768.75,25725.75,-43.89,theme,2025_12_19,-87.78
366,370,1,25760.5,25775.0,13.61,target,2025_12_19,27.22
384,390,1,25750.5,25778.75,27.36,target,2025_12_19,54.72
438,448,1,25772.75,25794.0,20.36,theme,2025_12_19,40.72
473,502,1,25795.75,25816.0,19.36,target,2025_12_19,38.72
189,191,1,25917.5,25918.0,-0.39,target,2025_12_22,-0.78
273,323,1,25936.0,25925.0,-11.89,theme,2025_12_22,-23.78
132,141,-1,25918.0,25938.5,-21.39,theme,2025_12_23,-42.78
179,182,-1,25907.0,25909.25,-3.14,target,2025_12_23,-6.28
194,199,-1,25946.0,25960.75,-15.64,theme,2025_12_23,-31.28
108,132,1,26010.0,26044.0,33.11,theme,2025_12_24,66.22
186,187,1,26124.25,26108.5,-16.64,target,2025_12_26,-33.28
297,309,1,26097.75,26093.0,-5.64,theme,2025_12_26,-11.28
181,192,-1,25991.5,25956.25,34.36,theme,2025_12_29,68.72
232,238,-1,26015.0,25970.0,44.11,target,2025_12_29,88.22
273,288,-1,25957.25,25927.25,29.11,target,2025_12_29,58.22
316,332,-1,25930.25,25900.75,28.61,target,2025_12_29,57.22
362,376,-1,25924.5,25940.0,-16.39,theme,2025_12_29,-32.78
150,155,-1,25965.0,25988.25,-24.14,theme,2025_12_30,-48.28
186,208,-1,25918.25,25980.0,-62.64,theme,2025_12_30,-125.28
235,246,1,25946.0,25936.25,-10.64,theme,2025_12_30,-21.28
290,301,1,25954.25,25959.0,3.86,theme,2025_12_30,7.72
319,323,1,25930.0,25924.25,-6.64,theme,2025_12_30,-13.28
132,145,-1,25831.25,25811.75,18.61,target,2025_12_31,37.22
183,196,-1,25803.25,25829.0,-26.64,theme,2025_12_31,-53.28
381,391,-1,25809.0,25831.0,-22.89,theme,2025_12_31,-45.78
362,365,-1,25573.25,25539.0,33.36,target,2026_01_02,66.72
381,406,-1,25560.0,25599.0,-39.89,theme,2026_01_02,-79.78
438,440,-1,25575.5,25560.25,14.36,target,2026_01_02,28.72
479,482,-1,25602.25,25597.5,3.86,theme,2026_01_02,7.72
199,200,1,25775.75,25776.75,0.10999999999999999,target,2026_01_05,0.21999999999999997
243,244,1,25806.0,25813.25,6.36,target,2026_01_05,12.72
348,352,1,25861.25,25845.0,-17.14,theme,2026_01_05,-34.28
303,311,1,25943.25,25912.0,-32.14,theme,2026_01_06,-64.28
367,375,1,25937.0,25954.75,16.86,target,2026_01_06,33.72
496,500,1,26052.5,26045.25,-8.14,target,2026_01_06,-16.28
257,277,1,26075.0,26091.0,15.11,target,2026_01_07,30.22
393,407,1,26196.25,26161.0,-36.14,theme,2026_01_07,-72.28
136,140,-1,25992.75,25976.5,15.36,theme,2026_01_08,30.72
208,227,-1,25988.0,26026.5,-39.39,theme,2026_01_08,-78.78
306,309,-1,25908.75,25898.25,9.61,theme,2026_01_08,19.22
339,345,-1,25867.0,25861.0,5.11,target,2026_01_08,10.22
369,372,-1,25889.75,25876.0,12.86,target,2026_01_08,25.72
437,468,-1,25868.75,25840.75,27.11,target,2026_01_08,54.22
481,508,-1,25849.75,25897.0,-48.14,theme,2026_01_08,-96.28
141,143,1,25900.25,25930.5,29.36,target,2026_01_09,58.72
259,265,1,25940.0,25902.75,-38.14,theme,2026_01_09,-76.28
452,459,1,26115.0,26117.5,1.6099999999999999,theme,2026_01_09,3.2199999999999998
546,551,1,26170.0,26155.25,-15.64,theme,2026_01_09,-31.28
167,174,-1,25960.0,25949.75,9.36,target,2026_01_12,18.72
213,220,-1,25958.0,25958.75,-1.6400000000000001,theme,2026_01_12,-3.2800000000000002
280,286,-1,25940.25,25940.75,-1.3900000000000001,theme,2026_01_12,-2.7800000000000002
496,501,1,26187.5,26196.75,8.36,target,2026_01_12,16.72
192,230,-1,26110.0,26243.75,-134.64,theme,2026_01_13,-269.28
363,369,-1,26134.0,26136.0,-2.89,theme,2026_01_13,-5.78
524,551,-1,26093.25,26087.5,4.86,theme,2026_01_13,9.72
571,584,-1,26084.0,26139.75,-56.64,theme,2026_01_13,-113.28
139,147,-1,26080.75,26102.0,-22.14,theme,2026_01_14,-44.28
213,237,-1,25964.75,25944.5,19.36,target,2026_01_14,38.72
304,316,-1,25981.5,25965.0,15.61,target,2026_01_14,31.22
376,377,-1,25878.5,25888.75,-11.14,target,2026_01_14,-22.28
393,394,-1,25814.0,25780.25,32.86,target,2026_01_14,65.72
442,448,-1,25790.25,25775.75,13.61,theme,2026_01_14,27.22
482,486,-1,25728.25,25691.0,36.36,target,2026_01_14,72.72
497,499,-1,25709.0,25685.0,23.11,target,2026_01_14,46.22
511,513,-1,25722.75,25669.25,52.61,target,2026_01_14,105.22
527,542,-1,25698.75,25715.75,-17.89,theme,2026_01_14,-35.78
301,318,1,26057.5,26079.5,21.11,target,2026_01_15,42.22
393,396,1,26109.0,26097.5,-12.39,target,2026_01_15,-24.78
484,493,1,26127.75,26154.0,25.36,target,2026_01_15,50.72
526,538,1,26125.75,26094.0,-32.64,theme,2026_01_15,-65.28
662,704,-1,25929.5,25944.75,-16.14,eod,2026_01_15,-32.28
279,288,1,26060.25,26002.0,-59.14,theme,2026_01_16,-118.28
422,433,-1,25912.5,25896.0,15.61,target,2026_01_16,31.22
443,457,-1,25936.0,25943.75,-8.64,theme,2026_01_16,-17.28
498,526,-1,25908.25,25945.0,-37.64,theme,2026_01_16,-75.28
579,582,-1,25914.75,25902.75,11.11,eod,2026_01_16,22.22
77,79,-1,25662.25,25644.5,16.86,target,2026_01_19,33.72
89,129,-1,25636.0,25600.5,34.61,target,2026_01_19,69.22
160,182,-1,25614.25,25631.0,-17.64,theme,2026_01_19,-35.28
228,242,-1,25579.5,25629.0,-50.39,theme,2026_01_19,-100.78
312,369,-1,25537.0,25535.5,0.61,theme,2026_01_19,1.22
419,430,-1,25529.75,25490.0,38.86,target,2026_01_19,77.72
451,467,-1,25540.0,25525.0,14.11,theme,2026_01_19,28.22
91,98,1,25618.75,25652.0,32.36,target,2026_01_20,64.72
114,126,1,25636.75,25617.0,-20.64,theme,2026_01_20,-41.28
585,591,1,25620.0,25632.75,11.86,target,2026_01_20,23.72
601,602,1,25575.25,25589.25,13.11,target,2026_01_20,26.22
619,620,1,25580.0,25574.5,-6.39,theme,2026_01_20,-12.78
782,786,-1,25350.25,25339.25,10.11,target,2026_01_20,20.22
810,818,-1,25356.75,25384.75,-28.89,theme,2026_01_20,-57.78
266,272,-1,25403.75,25360.0,42.86,target,2026_01_21,85.72
319,342,-1,25267.5,25262.75,3.86,target,2026_01_21,7.72
354,357,-1,25299.0,25326.5,-28.39,theme,2026_01_21,-56.78
462,484,1,25538.25,25633.0,93.86,target,2026_01_21,187.72
518,535,1,25674.0,25550.5,-124.39,theme,2026_01_21,-248.78
614,628,1,25456.0,25462.0,5.11,target,2026_01_21,10.22
80,89,1,25799.5,25769.0,-31.39,theme,2026_01_22,-62.78
211,218,1,25913.25,25936.5,22.36,target,2026_01_22,44.72
287,307,1,25931.75,25913.0,-19.64,theme,2026_01_22,-39.28
466,488,1,25927.0,25933.25,5.36,theme,2026_01_22,10.72
201,211,-1,25810.5,25849.5,-39.89,theme,2026_01_23,-79.78
260,265,-1,25818.0,25798.25,18.86,target,2026_01_23,37.72
276,307,-1,25804.0,25836.75,-33.64,theme,2026_01_23,-67.28
483,509,1,26006.0,25970.75,-36.14,theme,2026_01_23,-72.28
158,177,-1,25856.75,25889.0,-33.14,theme,2026_01_26,-66.28
423,430,1,26112.0,26133.0,20.11,target,2026_01_26,40.22
481,487,1,26123.0,26111.75,-12.14,theme,2026_01_26,-24.28
524,532,1,26137.0,26104.75,-33.14,theme,2026_01_26,-66.28
174,191,1,26229.75,26202.0,-28.64,theme,2026_01_27,-57.28
237,268,1,26246.0,26217.0,-29.89,theme,2026_01_27,-59.78
407,409,1,26300.25,26288.0,-13.14,theme,2026_01_27,-26.28
491,500,1,26309.75,26324.75,14.11,target,2026_01_27,28.22
207,208,1,26535.75,26549.5,12.86,target,2026_01_28,25.72
283,305,1,26523.75,26497.5,-27.14,theme,2026_01_28,-54.28
496,502,-1,26363.0,26395.75,-33.64,theme,2026_01_28,-67.28
614,615,-1,26406.5,26341.25,64.36,target,2026_01_28,128.72
625,638,-1,26385.5,26458.25,-73.64,theme,2026_01_28,-147.28
98,111,-1,26370.75,26411.0,-41.14,theme,2026_01_29,-82.28
233,251,1,26501.0,26444.0,-57.89,theme,2026_01_29,-115.78
483,484,-1,25900.5,25900.5,-0.89,target,2026_01_29,-1.78
579,603,-1,26056.5,26079.5,-23.89,theme,2026_01_29,-47.78
246,248,-1,26013.5,26013.0,-0.39,target,2026_01_30,-0.78
283,288,-1,25993.25,25927.25,65.11,target,2026_01_30,130.22
300,302,-1,25996.0,25974.75,20.36,target,2026_01_30,40.72
336,355,-1,25940.0,25998.0,-58.89,theme,2026_01_30,-117.78
527,529,1,26055.5,26015.0,-41.39,theme,2026_01_30,-82.78
557,564,1,26085.5,26078.25,-8.14,theme,2026_01_30,-16.28
712,721,-1,25907.75,25990.0,-83.14,theme,2026_01_30,-166.28
766,773,-1,25893.25,25855.0,37.36,target,2026_01_30,74.72
815,818,-1,25933.25,25869.75,62.61,target,2026_01_30,125.22
107,115,-1,25734.0,25692.5,40.61,target,2026_02_02,81.22
140,144,-1,25670.0,25625.0,44.11,target,2026_02_02,88.22
237,252,-1,25546.5,25558.5,-12.89,theme,2026_02_02,-25.78
307,321,-1,25470.75,25442.5,27.36,target,2026_02_02,54.72
349,351,-1,25454.75,25433.5,20.36,target,2026_02_02,40.72
573,592,1,25701.25,25730.0,27.86,theme,2026_02_02,55.72
624,638,1,25928.75,26011.25,81.61,target,2026_02_02,163.22
649,659,1,26006.75,26090.5,82.86,target,2026_02_02,165.72
677,710,1,26101.0,26058.5,-43.39,theme,2026_02_02,-86.78
736,744,1,26082.0,26143.75,60.86,target,2026_02_02,121.72
798,810,1,26154.0,26175.0,20.11,target,2026_02_02,40.22
826,833,1,26132.25,26124.75,-8.39,theme,2026_02_02,-16.78
85,98,1,26191.25,26157.5,-34.64,theme,2026_02_03,-69.28
139,142,1,26204.25,26223.0,17.86,target,2026_02_03,35.72
196,206,1,26215.5,26214.75,-1.6400000000000001,theme,2026_02_03,-3.2800000000000002
271,304,1,26224.25,26154.25,-70.89,theme,2026_02_03,-141.78
376,398,-1,25775.0,25795.75,-21.64,theme,2026_02_03,-43.28
421,440,-1,25722.5,25712.5,9.11,target,2026_02_03,18.22
588,590,-1,25567.5,25512.25,54.36,target,2026_02_03,108.72
640,645,-1,25528.0,25555.0,-27.89,theme,2026_02_03,-55.78
209,214,1,25658.0,25646.5,-12.39,theme,2026_02_04,-24.78
274,296,1,25668.5,25700.0,30.61,target,2026_02_04,61.22
306,321,1,25682.75,25638.0,-45.64,theme,2026_02_04,-91.28
428,434,-1,25488.75,25430.0,57.86,target,2026_02_04,115.72
444,445,-1,25425.0,25454.5,-30.39,target,2026_02_04,-60.78
588,589,-1,25107.25,25049.25,57.11,target,2026_02_04,114.22
90,92,1,25348.0,25355.5,6.61,target,2026_02_05,13.22
102,110,1,25355.0,25290.0,-65.89,theme,2026_02_05,-131.78
334,346,1,25319.0,25216.0,-103.89,theme,2026_02_05,-207.78
499,517,-1,25006.0,25050.0,-44.89,theme,2026_02_05,-89.78
543,550,-1,25035.5,25000.0,34.61,target,2026_02_05,69.22
575,576,-1,24984.0,25080.0,-96.89,target,2026_02_05,-193.78
641,644,-1,24903.0,24830.0,72.11,target,2026_02_05,144.22
661,662,-1,24839.5,24817.0,21.61,target,2026_02_05,43.22
896,928,-1,24858.25,24799.75,57.61,target,2026_02_05,115.22
80,90,-1,24567.5,24605.0,-38.39,theme,2026_02_06,-76.78
376,386,1,24812.0,24835.0,22.11,target,2026_02_06,44.22
397,460,1,24900.75,24984.25,82.61,theme,2026_02_06,165.22
529,540,1,25027.0,25012.5,-15.39,theme,2026_02_06,-30.78
604,625,1,25032.75,25089.0,55.36,target,2026_02_06,110.72
650,675,1,25086.25,25037.5,-49.64,theme,2026_02_06,-99.28
701,708,1,25065.25,25115.5,49.36,target,2026_02_06,98.72
890,893,1,25292.5,25306.0,12.61,theme,2026_02_06,25.22
63,88,1,25525.0,25472.0,-53.89,theme,2026_02_09,-107.78
147,155,1,25446.0,25422.0,-24.89,theme,2026_02_09,-49.78
387,391,-1,25278.5,25267.0,10.61,theme,2026_02_09,21.22
469,478,-1,25292.0,25266.75,24.36,target,2026_02_09,48.72
488,505,-1,25234.0,25399.0,-165.89,theme,2026_02_09,-331.78
753,757,1,25586.25,25572.75,-14.39,theme,2026_02_09,-28.78
204,205,-1,25560.75,25563.75,-3.89,theme,2026_02_10,-7.78
331,346,1,25598.5,25538.25,-61.14,theme,2026_02_10,-122.28
400,412,1,25593.25,25529.0,-65.14,theme,2026_02_10,-130.28
472,473,1,25607.75,25600.0,-8.64,target,2026_02_10,-17.28
550,557,1,25581.5,25604.0,21.61,target,2026_02_10,43.22
568,584,1,25591.75,25542.25,-50.39,theme,2026_02_10,-100.78
605,723,-1,25522.25,25477.0,44.36,eod,2026_02_10,88.72
388,393,1,25580.5,25605.0,23.61,target,2026_02_11,47.22
518,524,-1,25420.0,25380.0,39.11,target,2026_02_11,78.22
536,548,-1,25435.25,25506.75,-72.39,theme,2026_02_11,-144.78
593,620,-1,25464.25,25525.25,-61.89,theme,2026_02_11,-123.78
630,642,1,25524.0,25565.5,40.61,target,2026_02_11,81.22
652,684,1,25578.5,25523.0,-56.39,theme,2026_02_11,-112.78
155,165,1,25539.5,25533.25,-7.14,theme,2026_02_12,-14.28
259,268,1,25576.25,25600.0,22.86,target,2026_02_12,45.72
279,288,1,25579.75,25551.75,-28.89,theme,2026_02_12,-57.78
335,342,1,25578.0,25582.5,3.61,target,2026_02_12,7.22
457,465,-1,25105.0,25091.25,12.86,target,2026_02_12,25.72
483,490,-1,25068.25,25088.25,-20.89,target,2026_02_12,-41.78
542,552,-1,25074.75,25039.0,34.86,target,2026_02_12,69.72
565,577,-1,25079.0,25134.5,-56.39,theme,2026_02_12,-112.78
656,668,-1,25071.5,25029.75,40.86,target,2026_02_12,81.72
681,685,-1,25027.25,25001.5,24.86,target,2026_02_12,49.72
706,724,-1,25022.5,25040.25,-18.64,theme,2026_02_12,-37.28
61,67,-1,25071.0,25051.0,19.11,theme,2026_02_13,38.22
78,87,-1,25002.25,24970.0,31.36,target,2026_02_13,62.72
110,118,-1,25030.75,25016.0,13.86,target,2026_02_13,27.72
192,195,-1,25000.0,24969.0,30.11,target,2026_02_13,60.22
208,214,-1,24997.0,24981.75,14.36,target,2026_02_13,28.72
259,262,-1,24930.75,24923.0,6.86,target,2026_02_13,13.72
293,303,-1,24943.5,24968.0,-25.39,theme,2026_02_13,-50.78
349,356,-1,24958.75,24945.25,12.61,target,2026_02_13,25.22
481,486,-1,24904.75,24891.25,12.61,theme,2026_02_13,25.22
538,550,-1,24933.0,24989.25,-57.14,theme,2026_02_13,-114.28
596,601,-1,24964.0,24939.75,23.36,target,2026_02_13,46.72
614,615,-1,25040.0,24992.75,46.36,target,2026_02_13,92.72
628,629,-1,24983.25,24950.0,32.36,target,2026_02_13,64.72
643,650,1,24976.25,25013.25,36.11,target,2026_02_13,72.22
666,706,1,25040.0,24985.5,-55.39,theme,2026_02_13,-110.78
793,809,1,25160.5,25179.25,17.86,theme,2026_02_13,35.72
829,831,1,25175.0,25180.0,4.11,target,2026_02_13,8.22
841,852,1,25166.0,25181.5,14.61,target,2026_02_13,29.22
118,141,-1,25031.5,25028.0,2.61,theme,2026_02_16,5.22
320,339,-1,24985.75,24946.5,38.36,target,2026_02_16,76.72
358,360,-1,24910.0,24910.0,-0.89,target,2026_02_16,-1.78
382,398,-1,24956.25,24955.5,-0.14,theme,2026_02_16,-0.28
417,422,-1,24935.75,24959.75,-24.89,theme,2026_02_16,-49.78
197,227,-1,24822.5,24816.5,5.11,theme,2026_02_17,10.22
252,272,-1,24803.25,24844.0,-41.64,theme,2026_02_17,-83.28
474,482,-1,24839.25,24797.5,40.86,target,2026_02_17,81.72
574,576,-1,24815.75,24767.5,47.36,target,2026_02_17,94.72
643,679,1,24925.5,24968.25,41.86,theme,2026_02_17,83.72
747,752,1,24986.0,25004.0,17.11,target,2026_02_17,34.22
802,805,1,25072.0,25090.0,17.11,target,2026_02_17,34.22
822,828,1,25056.25,25054.75,-2.39,theme,2026_02_17,-4.78
899,905,1,24984.0,24990.0,5.11,eod,2026_02_17,10.22
156,198,1,25049.75,25025.0,-25.64,theme,2026_02_18,-51.28
241,251,1,25123.0,25123.0,-0.89,target,2026_02_18,-1.78
288,306,1,25141.0,25125.75,-16.14,theme,2026_02_18,-32.28
559,565,1,25290.0,25305.0,14.11,theme,2026_02_18,28.22
579,581,1,25318.0,25331.0,12.11,target,2026_02_18,24.22
592,595,1,25305.75,25293.0,-13.64,theme,2026_02_18,-27.28
611,621,1,25312.0,25280.0,-32.89,theme,2026_02_18,-65.78
66,76,-1,25192.0,25170.0,21.11,target,2026_02_19,42.22
302,328,-1,25075.0,25080.5,-6.39,theme,2026_02_19,-12.78
416,423,-1,25082.75,25054.75,27.11,target,2026_02_19,54.22
448,455,-1,25094.5,25101.5,-7.89,theme,2026_02_19,-15.78
628,631,-1,25021.75,24999.5,21.36,target,2026_02_19,42.72
656,662,-1,25026.25,25031.5,-6.14,theme,2026_02_19,-12.28
710,738,-1,25017.0,25018.5,-2.39,theme,2026_02_19,-4.78
93,99,1,25108.0,25114.0,5.11,theme,2026_02_20,10.22
400,409,-1,24988.0,24925.5,61.61,target,2026_02_20,123.22
431,432,-1,25073.5,25072.5,0.10999999999999999,theme,2026_02_20,0.21999999999999997
536,544,1,25222.5,25246.5,23.11,target,2026_02_20,46.22
582,588,1,25217.5,25140.5,-77.89,theme,2026_02_20,-155.78
631,668,1,25235.0,25328.5,92.61,target,2026_02_20,185.22
709,716,1,25294.0,25268.75,-26.14,theme,2026_02_20,-52.28
773,811,1,25275.0,25304.0,28.11,eod,2026_02_20,56.22
95,100,-1,25103.0,25068.5,33.61,target,2026_02_23,67.22
188,195,-1,25073.75,25055.5,17.36,target,2026_02_23,34.72
214,216,-1,25060.0,25061.25,-2.14,theme,2026_02_23,-4.28
226,238,-1,25047.0,25041.0,5.11,target,2026_02_23,10.22
268,279,-1,25052.25,25066.0,-14.64,theme,2026_02_23,-29.28
498,541,1,25145.5,25219.25,72.86,target,2026_02_23,145.72
554,555,1,25120.5,25100.0,-21.39,target,2026_02_23,-42.78
710,744,-1,24952.5,24985.0,-33.39,theme,2026_02_23,-66.78
793,797,-1,24956.25,24951.25,4.11,target,2026_02_23,8.22
866,868,-1,24962.0,24941.0,20.11,target,2026_02_23,40.22
269,286,1,25078.25,25018.75,-60.39,theme,2026_02_24,-120.78
435,451,1,25059.25,25023.0,-37.14,theme,2026_02_24,-74.28
492,504,1,25077.75,25104.75,26.11,target,2026_02_24,52.22
515,529,1,25070.0,25046.25,-24.64,theme,2026_02_24,-49.28
560,584,1,25093.75,25151.75,57.11,target,2026_02_24,114.22
618,626,1,25200.5,25248.75,47.36,target,2026_02_24,94.72
647,654,1,25231.0,25202.5,-29.39,theme,2026_02_24,-58.78
708,724,1,25275.25,25289.0,12.86,target,2026_02_24,25.72
736,739,1,25258.25,25251.75,-7.39,theme,2026_02_24,-14.78
864,887,1,25250.0,25230.25,-20.64,eod,2026_02_24,-41.28
129,137,1,25305.5,25291.5,-14.89,theme,2026_02_25,-29.78
240,261,1,25300.25,25303.25,2.11,theme,2026_02_25,4.22
358,365,1,25355.75,25376.75,20.11,target,2026_02_25,40.22
462,469,1,25522.25,25526.5,3.36,theme,2026_02_25,6.72
523,528,1,25543.25,25555.75,11.61,target,2026_02_25,23.22
545,551,1,25549.25,25560.0,9.86,target,2026_02_25,19.72
182,184,-1,25530.5,25550.0,-20.39,theme,2026_02_26,-40.78
362,371,1,25594.25,25612.0,16.86,target,2026_02_26,33.72
439,441,-1,25465.75,25436.25,28.61,target,2026_02_26,57.22
515,519,-1,25235.0,25242.5,-8.39,theme,2026_02_26,-16.78
562,628,-1,25207.5,25121.5,85.11,target,2026_02_26,170.22
647,659,-1,25130.0,25228.0,-98.89,theme,2026_02_26,-197.78
192,216,-1,25057.25,25035.0,21.36,theme,2026_03_02,42.72
404,426,-1,24788.0,24755.25,31.86,target,2026_03_02,63.72
461,477,-1,24729.25,24805.5,-77.14,theme,2026_03_02,-154.28
796,805,1,25100.0,25122.5,21.61,target,2026_03_02,43.22
822,823,1,25137.5,25141.25,2.86,target,2026_03_02,5.72
851,861,1,25142.5,25117.5,-25.89,theme,2026_03_02,-51.78
965,967,1,25245.0,25241.25,-4.64,theme,2026_03_02,-9.28
1054,1062,1,25290.75,25201.0,-90.64,theme,2026_03_02,-181.28
166,170,-1,25079.0,25063.75,14.36,target,2026_03_03,28.72
196,225,-1,25073.0,25035.75,36.36,target,2026_03_03,72.72
311,325,-1,24987.75,24956.0,30.86,target,2026_03_03,61.72
447,467,-1,24750.0,24737.5,11.61,target,2026_03_03,23.22
526,527,-1,24680.0,24659.25,19.86,target,2026_03_03,39.72
544,545,-1,24662.0,24680.25,-19.14,target,2026_03_03,-38.28
555,556,-1,24666.0,24659.0,6.11,target,2026_03_03,12.22
586,590,-1,24680.5,24691.5,-11.89,theme,2026_03_03,-23.78
828,856,-1,24650.25,24771.0,-121.64,theme,2026_03_03,-243.28
921,947,1,24849.5,24862.75,12.36,theme,2026_03_03,24.72
972,1005,1,24915.0,25025.75,109.86,target,2026_03_03,219.72
1015,1050,1,25031.25,24983.75,-48.39,theme,2026_03_03,-96.78
1073,1111,1,25044.5,24996.0,-49.39,theme,2026_03_03,-98.78
176,181,-1,24873.25,24846.25,26.11,target,2026_03_04,52.22
201,212,-1,24866.75,24817.25,48.61,target,2026_03_04,97.22
256,258,-1,24784.0,24778.5,4.61,target,2026_03_04,9.22
270,272,-1,24845.25,24852.0,-7.64,theme,2026_03_04,-15.28
309,333,-1,24790.0,24776.0,13.11,target,2026_03_04,26.22
349,364,-1,24799.0,24764.5,33.61,target,2026_03_04,67.22
392,411,-1,24791.75,24796.0,-5.14,theme,2026_03_04,-10.28
586,610,1,25020.0,25077.5,56.61,target,2026_03_04,113.22
642,654,1,25039.0,25020.0,-19.89,theme,2026_03_04,-39.78
773,797,1,25111.75,25145.25,32.61,target,2026_03_04,65.22
967,982,1,25375.0,25387.0,11.11,target,2026_03_04,22.22
1017,1028,1,25371.0,25402.25,30.36,target,2026_03_04,60.72
93,99,1,25415.0,25374.0,-41.89,theme,2026_03_05,-83.78
153,179,-1,25291.0,25330.5,-40.39,theme,2026_03_05,-80.78
202,248,-1,25272.75,25295.75,-23.89,theme,2026_03_05,-47.78
287,348,-1,25280.0,25313.25,-34.14,theme,2026_03_05,-68.28
393,412,-1,25216.75,25202.25,13.61,target,2026_03_05,27.22
422,442,-1,25223.0,25312.25,-90.14,theme,2026_03_05,-180.28
558,564,1,25351.0,25322.0,-29.89,theme,2026_03_05,-59.78
677,695,-1,25182.75,25316.0,-134.14,theme,2026_03_05,-268.28
768,789,-1,25277.25,25215.0,61.36,target,2026_03_05,122.72
800,838,-1,25181.0,25264.25,-84.14,theme,2026_03_05,-168.28
863,972,-1,25180.0,25048.0,131.11,theme,2026_03_05,262.22
81,100,1,25285.0,25261.0,-24.89,theme,2026_03_06,-49.78
160,183,1,25292.5,25300.0,6.61,theme,2026_03_06,13.22
259,280,1,25331.5,25332.75,0.36,theme,2026_03_06,0.72
314,321,1,25322.5,25312.75,-10.64,theme,2026_03_06,-21.28
411,412,-1,25145.0,25123.75,20.36,target,2026_03_06,40.72
422,439,-1,25167.5,25165.5,1.1099999999999999,theme,2026_03_06,2.2199999999999998
471,503,-1,25120.5,25108.25,11.36,target,2026_03_06,22.72
513,604,-1,25086.5,25095.25,-9.64,theme,2026_03_06,-19.28
659,672,-1,24854.75,24835.0,18.86,target,2026_03_06,37.72
782,787,-1,25036.0,25059.75,-24.64,theme,2026_03_06,-49.28
946,947,-1,25051.75,25063.25,-12.39,theme,2026_03_06,-24.78
957,970,-1,25008.5,25028.75,-21.14,theme,2026_03_06,-42.28
1051,1096,-1,24865.0,24875.0,-10.89,eod,2026_03_06,-21.78
75,89,-1,24497.5,24463.5,33.11,target,2026_03_09,66.22
101,103,-1,24447.0,24440.0,6.11,target,2026_03_09,12.22
124,136,-1,24436.75,24366.5,69.36,target,2026_03_09,138.72
211,213,-1,24302.0,24280.5,20.61,target,2026_03_09,41.22
259,275,-1,24248.0,24289.0,-41.89,theme,2026_03_09,-83.78
349,355,-1,24335.0,24317.0,17.11,theme,2026_03_09,34.22
534,566,1,24501.75,24471.5,-31.14,theme,2026_03_09,-62.28
576,577,1,24503.5,24488.5,-15.89,theme,2026_03_09,-31.78
589,595,1,24496.0,24523.5,26.61,target,2026_03_09,53.22
606,670,1,24512.0,24591.5,78.61,theme,2026_03_09,157.22
744,759,1,24600.25,24620.0,18.86,target,2026_03_09,37.72
769,803,1,24649.25,24575.0,-75.14,theme,2026_03_09,-150.28
842,865,1,24722.25,24542.0,-181.14,theme,2026_03_09,-362.28
907,908,1,24660.0,24676.5,15.61,target,2026_03_09,31.22
1015,1071,1,24884.0,24855.0,-29.89,theme,2026_03_09,-59.78
1128,1145,1,24867.75,24904.25,35.61,target,2026_03_09,71.22
1157,1190,1,24917.75,25001.75,83.11,target,2026_03_09,166.22
1237,1255,1,25170.5,25142.25,-29.14,theme,2026_03_09,-58.28
73,88,1,25132.0,25108.75,-24.14,theme,2026_03_10,-48.28
197,201,1,25164.0,25162.0,-2.89,theme,2026_03_10,-5.78
228,253,1,25186.5,25150.0,-37.39,theme,2026_03_10,-74.78
339,340,1,25128.0,25132.25,3.36,target,2026_03_10,6.72
522,524,1,25330.0,25343.0,12.11,theme,2026_03_10,24.22
562,571,1,25324.75,25300.0,-25.64,theme,2026_03_10,-51.28
803,831,-1,25125.0,25281.5,-157.39,theme,2026_03_10,-314.78
964,965,1,25348.0,25370.25,21.36,target,2026_03_10,42.72
1013,1015,1,25352.25,25371.5,18.36,target,2026_03_10,36.72
61,76,-1,25204.75,25217.0,-13.14,theme,2026_03_11,-26.28
467,548,-1,25174.75,25194.0,-20.14,theme,2026_03_11,-40.28
613,665,-1,25204.0,25203.5,-0.39,theme,2026_03_11,-0.78
682,697,-1,25145.75,25191.75,-46.89,theme,2026_03_11,-93.78
827,828,1,25211.75,25189.25,-23.39,theme,2026_03_11,-46.78
892,904,-1,25127.5,25205.0,-78.39,theme,2026_03_11,-156.78
978,1000,-1,25154.0,25123.5,29.61,target,2026_03_11,59.22
1012,1025,-1,25134.0,25161.25,-28.14,theme,2026_03_11,-56.28
1039,1041,-1,25180.0,25189.25,-10.14,theme,2026_03_11,-20.28
1067,1082,-1,25137.5,25192.0,-55.39,theme,2026_03_11,-110.78
1130,1142,-1,25180.0,25159.0,20.11,eod,2026_03_11,40.22
137,146,-1,24978.0,24991.0,-13.89,theme,2026_03_12,-27.78
231,233,-1,24998.0,24989.0,8.11,target,2026_03_12,16.22
436,447,-1,24973.0,24986.75,-14.64,theme,2026_03_12,-29.28
525,536,1,25047.5,25112.0,63.61,target,2026_03_12,127.22
547,584,1,25092.25,25070.0,-23.14,theme,2026_03_12,-46.28
622,675,1,25118.5,25107.75,-11.64,theme,2026_03_12,-23.28
724,726,1,25126.25,25136.25,9.11,target,2026_03_12,18.22
736,747,1,25080.75,25040.0,-41.64,theme,2026_03_12,-83.28
873,877,-1,24957.25,24895.0,61.36,target,2026_03_12,122.72
906,921,-1,24875.75,24805.0,69.86,target,2026_03_12,139.72
961,963,-1,24903.75,24901.75,1.1099999999999999,theme,2026_03_12,2.2199999999999998
1041,1043,-1,24879.75,24915.0,-36.14,theme,2026_03_12,-72.28
1053,1063,-1,24871.0,24896.0,-25.89,theme,2026_03_12,-51.78
1088,1094,-1,24849.0,24817.0,31.11,target,2026_03_12,62.22
1163,1165,-1,24812.5,24790.0,21.61,target,2026_03_12,43.22
1175,1190,-1,24823.25,24829.25,-6.89,theme,2026_03_12,-13.78
87,93,-1,24784.0,24773.75,9.36,target,2026_03_13,18.72
125,131,-1,24830.25,24822.5,6.86,theme,2026_03_13,13.72
310,339,1,24834.0,24792.75,-42.14,theme,2026_03_13,-84.28
505,506,-1,24647.75,24647.5,-0.64,target,2026_03_13,-1.28
544,555,-1,24656.25,24682.75,-27.39,theme,2026_03_13,-54.78
623,632,-1,24741.25,24765.0,-24.64,theme,2026_03_13,-49.28
727,786,1,24855.25,24931.75,75.61,target,2026_03_13,151.22
796,836,1,24885.0,24843.75,-42.14,theme,2026_03_13,-84.28
873,886,1,24888.25,24869.75,-19.39,theme,2026_03_13,-38.78
1006,1012,-1,24647.75,24671.0,-24.14,theme,2026_03_13,-48.28
1051,1080,-1,24620.0,24640.0,-20.89,theme,2026_03_13,-41.78
1128,1137,-1,24602.0,24650.75,-49.64,theme,2026_03_13,-99.28
1183,1188,-1,24592.75,24586.25,5.61,target,2026_03_13,11.22
1219,1223,-1,24608.0,24583.25,23.86,target,2026_03_13,47.72
1236,1272,-1,24576.75,24560.0,15.86,target,2026_03_13,31.72
104,108,-1,24642.5,24667.0,-25.39,theme,2026_03_16,-50.78
153,181,1,24702.0,24722.5,19.61,target,2026_03_16,39.22
193,196,1,24708.0,24718.75,9.86,target,2026_03_16,19.72
212,213,1,24701.25,24684.0,-18.14,theme,2026_03_16,-36.28
257,277,1,24707.75,24689.25,-19.39,theme,2026_03_16,-38.78
313,333,1,24707.75,24729.75,21.11,target,2026_03_16,42.22
451,458,1,24725.25,24739.75,13.61,target,2026_03_16,27.22
557,571,1,24755.0,24737.25,-18.64,theme,2026_03_16,-37.28
617,618,1,24734.5,24732.5,-2.89,theme,2026_03_16,-5.78
637,640,1,24722.5,24719.0,-4.39,theme,2026_03_16,-8.78
710,735,-1,24721.75,24740.25,-19.39,theme,2026_03_16,-38.78
811,817,1,24800.75,24836.25,34.61,target,2026_03_16,69.22
898,902,1,24872.0,24884.0,11.11,target,2026_03_16,22.22
914,917,1,24870.0,24868.25,-2.64,theme,2026_03_16,-5.28
956,957,1,24906.25,24931.5,24.36,target,2026_03_16,48.72
993,1001,1,24901.75,24854.0,-48.64,theme,2026_03_16,-97.28
1074,1088,1,24915.5,24912.0,-4.39,theme,2026_03_16,-8.78
1141,1155,1,24933.5,24923.5,-10.89,theme,2026_03_16,-21.78
1267,1269,1,24906.5,24916.75,9.36,theme,2026_03_16,18.72
1353,1379,-1,24867.0,24873.25,-7.14,eod,2026_03_16,-14.28
92,94,-1,24854.5,24862.25,-8.64,theme,2026_03_17,-17.28
158,161,-1,24855.0,24840.0,14.11,target,2026_03_17,28.22
195,199,-1,24830.25,24824.5,4.86,target,2026_03_17,9.72
213,219,-1,24836.0,24829.25,5.86,theme,2026_03_17,11.72
238,247,-1,24835.5,24817.75,16.86,target,2026_03_17,33.72
273,291,-1,24825.75,24809.5,15.36,target,2026_03_17,30.72
381,382,-1,24810.5,24808.75,0.86,theme,2026_03_17,1.72
611,636,-1,24763.75,24745.25,17.61,target,2026_03_17,35.22
648,653,-1,24788.0,24759.5,27.61,target,2026_03_17,55.22
664,668,-1,24782.25,24777.5,3.86,theme,2026_03_17,7.72
837,840,1,24815.75,24815.0,-1.6400000000000001,theme,2026_03_17,-3.2800000000000002
961,988,1,25086.75,25060.0,-27.64,theme,2026_03_17,-55.28
1013,1015,1,25073.5,25079.0,4.61,target,2026_03_17,9.22
1027,1036,1,25051.0,25039.5,-12.39,theme,2026_03_17,-24.78
1106,1133,1,25016.0,25004.75,-12.14,theme,2026_03_17,-24.28
1284,1301,1,25003.5,25005.25,0.86,theme,2026_03_17,1.72
1321,1337,1,25021.25,25022.75,0.61,theme,2026_03_17,1.22
631,654,1,25167.75,25175.25,6.61,target,2026_03_18,13.22
715,722,1,25174.0,25168.75,-6.14,theme,2026_03_18,-12.28
915,917,-1,24899.25,24884.5,13.86,target,2026_03_18,27.72
979,983,-1,24906.0,24891.5,13.61,target,2026_03_18,27.22
1029,1032,-1,24922.0,24922.0,-0.89,theme,2026_03_18,-1.78
1077,1081,-1,24908.5,24879.5,28.11,target,2026_03_18,56.22
1091,1114,-1,24876.0,24870.5,4.61,target,2026_03_18,9.22
1125,1142,-1,24852.0,24814.0,37.11,target,2026_03_18,74.22
1178,1188,-1,24862.5,24880.0,-18.39,theme,2026_03_18,-36.78
1230,1233,-1,24855.75,24821.25,33.61,target,2026_03_18,67.22
61,69,-1,24592.5,24602.5,-10.89,theme,2026_03_19,-21.78
153,164,-1,24611.0,24591.75,18.36,target,2026_03_19,36.72
174,188,-1,24613.75,24615.25,-2.39,theme,2026_03_19,-4.78
530,542,-1,24598.5,24574.5,23.11,target,2026_03_19,46.22
560,562,-1,24619.75,24613.0,5.86,target,2026_03_19,11.72
572,575,-1,24584.75,24571.0,12.86,target,2026_03_19,25.72
589,596,-1,24586.25,24555.5,29.86,target,2026_03_19,59.72
615,620,-1,24578.25,24571.5,5.86,target,2026_03_19,11.72
664,672,-1,24577.75,24559.75,17.11,target,2026_03_19,34.22
704,713,-1,24558.75,24630.0,-72.14,theme,2026_03_19,-144.28
764,769,-1,24573.75,24581.5,-8.64,theme,2026_03_19,-17.28
834,842,-1,24540.0,24510.5,28.61,target,2026_03_19,57.22
852,860,-1,24543.75,24500.75,42.11,target,2026_03_19,84.22
921,924,-1,24484.75,24432.25,51.61,target,2026_03_19,103.22
953,957,-1,24485.25,24490.5,-6.14,theme,2026_03_19,-12.28
1004,1006,-1,24471.25,24459.5,10.86,target,2026_03_19,21.72
1016,1024,-1,24475.0,24511.0,-36.89,theme,2026_03_19,-73.78
1051,1057,-1,24453.25,24405.0,47.36,target,2026_03_19,94.72
1072,1094,-1,24426.0,24470.75,-45.64,theme,2026_03_19,-91.28
1161,1192,-1,24421.75,24451.5,-30.64,theme,2026_03_19,-61.28
1249,1264,-1,24436.75,24571.0,-135.14,theme,2026_03_19,-270.28
1289,1316,1,24588.25,24592.0,2.86,theme,2026_03_19,5.72
1341,1379,1,24620.25,24617.0,-4.14,eod,2026_03_19,-8.28
193,227,1,24927.0,24948.75,20.86,target,2026_03_20,41.72
239,263,1,24913.5,24931.5,17.11,theme,2026_03_20,34.22
293,300,1,24936.5,24916.5,-20.89,theme,2026_03_20,-41.78
498,575,-1,24872.0,24872.0,-0.89,theme,2026_03_20,-1.78
643,701,-1,24863.25,24786.25,76.11,target,2026_03_20,152.22
840,845,-1,24739.5,24729.0,9.61,target,2026_03_20,19.22
973,1065,-1,24556.25,24592.0,-36.64,theme,2026_03_20,-73.28
1119,1174,-1,24561.25,24501.25,59.11,target,2026_03_20,118.22
1184,1224,-1,24486.25,24429.25,56.11,target,2026_03_20,112.22
1263,1267,-1,24409.75,24381.25,27.61,target,2026_03_20,55.22
1315,1326,-1,24360.5,24415.0,-55.39,theme,2026_03_20,-110.78
87,94,-1,24042.0,24031.75,9.36,target,2026_03_22,18.72
104,106,-1,24038.25,24013.0,24.36,target,2026_03_22,48.72
116,143,-1,23988.5,24083.75,-96.14,theme,2026_03_22,-192.28
189,208,-1,23995.75,24029.25,-34.39,theme,2026_03_22,-68.78
268,272,-1,24050.0,24041.0,8.11,target,2026_03_22,16.22
284,294,-1,24021.25,23995.0,25.36,target,2026_03_22,50.72
304,313,-1,24021.25,23981.5,38.86,target,2026_03_22,77.72
328,343,-1,23992.25,23979.25,12.11,target,2026_03_22,24.22
379,396,-1,23974.5,23995.0,-21.39,theme,2026_03_22,-42.78
452,454,-1,23958.75,23944.5,13.36,target,2026_03_22,26.72
465,469,-1,23965.0,23946.75,17.36,target,2026_03_22,34.72
479,486,-1,23968.0,23942.75,24.36,target,2026_03_22,48.72
83,100,1,24344.0,24329.75,-15.14,theme,2026_03_23,-30.28
159,167,1,24270.0,24278.5,7.61,theme,2026_03_23,15.22
212,244,1,24334.0,24339.0,4.11,theme,2026_03_23,8.22
466,469,-1,24255.0,24242.5,11.61,target,2026_03_23,23.22
479,486,-1,24263.75,24238.5,24.36,target,2026_03_23,48.72
556,563,-1,24176.75,24115.25,60.61,target,2026_03_23,121.22
589,596,-1,24167.25,24130.5,35.86,target,2026_03_23,71.72
606,610,-1,24167.5,24175.75,-9.14,theme,2026_03_23,-18.28
694,696,-1,24190.25,24150.75,38.61,target,2026_03_23,77.22
709,726,-1,24170.5,24196.5,-26.89,theme,2026_03_23,-53.78
882,883,1,24788.75,24841.75,52.11,target,2026_03_23,104.22
909,934,1,24869.0,24789.5,-80.39,theme,2026_03_23,-160.78
968,974,1,24877.0,24915.75,37.86,target,2026_03_23,75.72
992,1032,1,24920.25,24975.75,54.61,target,2026_03_23,109.22
1042,1043,1,24924.25,24946.0,20.86,target,2026_03_23,41.72
104,135,-1,24764.25,24665.5,97.86,target,2026_03_24,195.72
147,274,-1,24676.25,24557.75,117.61,theme,2026_03_24,235.22
306,348,-1,24544.75,24567.25,-23.39,theme,2026_03_24,-46.78
398,425,-1,24546.75,24524.0,21.86,target,2026_03_24,43.72
435,474,-1,24529.25,24557.5,-29.14,theme,2026_03_24,-58.28
577,601,1,24744.0,24772.75,27.86,target,2026_03_24,55.72
622,627,1,24719.0,24697.5,-22.39,theme,2026_03_24,-44.78
710,717,1,24679.0,24704.75,24.86,target,2026_03_24,49.72
727,742,1,24705.0,24717.25,11.36,theme,2026_03_24,22.72
914,994,-1,24549.75,24522.75,26.11,theme,2026_03_24,52.22
1192,1202,-1,24478.0,24540.5,-63.39,theme,2026_03_24,-126.78
1290,1296,-1,24562.5,24526.75,34.86,target,2026_03_24,69.72
1306,1316,-1,24523.75,24496.75,26.11,target,2026_03_24,52.22
1327,1340,-1,24519.75,24552.75,-33.89,theme,2026_03_24,-67.78
1352,1357,1,24702.75,24782.25,78.61,target,2026_03_24,157.22
1369,1379,1,24708.25,24699.25,-9.89,eod,2026_03_24,-19.78
71,122,1,24716.75,24687.0,-30.64,theme,2026_03_25,-61.28
173,203,1,24752.75,24752.25,-1.3900000000000001,theme,2026_03_25,-2.7800000000000002
430,433,-1,24714.0,24721.75,-8.64,theme,2026_03_25,-17.28
539,540,-1,24661.0,24673.75,-13.64,theme,2026_03_25,-27.28
648,660,1,24783.75,24736.25,-48.39,theme,2026_03_25,-96.78
736,769,1,24759.25,24747.75,-12.39,theme,2026_03_25,-24.78
786,848,1,24770.5,24832.5,61.11,target,2026_03_25,122.22
912,936,1,24760.5,24775.5,14.11,target,2026_03_25,28.22
947,951,1,24741.0,24675.75,-66.14,theme,2026_03_25,-132.28
1033,1038,-1,24689.0,24587.25,100.86,target,2026_03_25,201.72
1048,1113,-1,24684.25,24731.25,-47.89,theme,2026_03_25,-95.78
1158,1181,-1,24691.25,24754.0,-63.64,theme,2026_03_25,-127.28
1220,1229,-1,24726.5,24715.25,10.36,target,2026_03_25,20.72
1239,1249,-1,24703.5,24692.5,10.11,theme,2026_03_25,20.22
1277,1291,-1,24656.0,24645.0,10.11,target,2026_03_25,20.22
1304,1313,-1,24650.5,24660.5,-10.89,theme,2026_03_25,-21.78
1363,1379,-1,24655.75,24664.0,-9.14,eod,2026_03_25,-18.28
193,200,-1,24654.0,24636.0,17.11,theme,2026_03_26,34.22
384,388,-1,24655.5,24657.0,-2.39,theme,2026_03_26,-4.78
513,523,-1,24575.25,24565.75,8.61,theme,2026_03_26,17.22
565,573,-1,24560.0,24534.5,24.61,target,2026_03_26,49.22
589,602,-1,24564.25,24564.25,-0.89,theme,2026_03_26,-1.78
728,732,-1,24470.5,24479.75,-10.14,theme,2026_03_26,-20.28
780,782,-1,24473.5,24458.75,13.86,target,2026_03_26,27.72
792,801,-1,24467.75,24452.0,14.86,target,2026_03_26,29.72
813,817,-1,24438.25,24429.5,7.86,target,2026_03_26,15.72
903,918,-1,24413.25,24449.25,-36.89,theme,2026_03_26,-73.78
1077,1092,-1,24384.75,24354.25,29.61,target,2026_03_26,59.22
1253,1264,-1,24179.75,24158.5,20.36,target,2026_03_26,40.72
188,201,-1,24127.0,24137.75,-11.64,theme,2026_03_27,-23.28
267,274,-1,24144.25,24169.5,-26.14,theme,2026_03_27,-52.28
515,529,1,24218.75,24198.25,-21.39,theme,2026_03_27,-42.78
695,701,-1,24094.75,24067.75,26.11,target,2026_03_27,52.22
855,876,-1,23925.75,23913.25,11.61,target,2026_03_27,23.22
920,933,-1,23908.0,23902.75,4.36,target,2026_03_27,8.72
950,951,-1,23911.0,23866.25,43.86,target,2026_03_27,87.72
984,990,-1,23787.25,23773.0,13.36,target,2026_03_27,26.72
1012,1015,-1,23808.5,23786.25,21.36,target,2026_03_27,42.72
1027,1029,-1,23816.5,23818.5,-2.89,target,2026_03_27,-5.78
1097,1107,-1,23791.5,23776.25,14.36,target,2026_03_27,28.72
1125,1141,-1,23770.25,23754.5,14.86,target,2026_03_27,29.72
1151,1154,-1,23768.25,23753.5,13.86,target,2026_03_27,27.72
1246,1247,-1,23660.25,23652.25,7.11,target,2026_03_27,14.22
1276,1301,-1,23631.0,23610.75,19.36,target,2026_03_27,38.72
1321,1335,-1,23587.25,23575.5,10.86,target,2026_03_27,21.72
68,87,-1,23179.75,23165.0,13.86,target,2026_03_29,27.72
142,143,-1,23218.25,23209.5,7.86,target,2026_03_29,15.72
184,185,-1,23169.5,23151.0,17.61,target,2026_03_29,35.22
195,217,-1,23161.5,23180.25,-19.64,theme,2026_03_29,-39.28
466,472,1,23340.5,23353.5,12.11,target,2026_03_29,24.22
496,499,1,23356.25,23365.75,8.61,target,2026_03_29,17.22
64,71,1,23511.75,23470.75,-41.89,theme,2026_03_30,-83.78
145,147,1,23503.0,23544.5,40.61,target,2026_03_30,81.22
163,185,1,23450.75,23446.75,-4.89,theme,2026_03_30,-9.78
220,226,1,23479.0,23499.75,19.86,target,2026_03_30,39.72
236,238,1,23500.5,23502.25,0.86,theme,2026_03_30,1.72
248,284,1,23522.75,23532.0,8.36,target,2026_03_30,16.72
466,472,1,23636.25,23649.25,12.11,target,2026_03_30,24.22
496,499,1,23652.0,23661.5,8.61,target,2026_03_30,17.22
604,605,1,23681.75,23699.0,16.36,target,2026_03_30,32.72
678,685,1,23712.5,23712.5,-0.89,theme,2026_03_30,-1.78
746,764,1,23707.0,23681.5,-26.39,theme,2026_03_30,-52.78
788,798,1,23721.25,23740.5,18.36,target,2026_03_30,36.72
828,859,1,23760.0,23777.25,16.36,target,2026_03_30,32.72
1009,1011,-1,23624.25,23606.25,17.11,target,2026_03_30,34.22
1097,1109,-1,23608.25,23571.75,35.61,target,2026_03_30,71.22
1121,1136,-1,23596.0,23577.0,18.11,target,2026_03_30,36.22
1222,1226,-1,23492.0,23470.75,20.36,target,2026_03_30,40.72
1299,1317,-1,23349.75,23455.25,-106.39,theme,2026_03_30,-212.78
1364,1379,-1,23398.5,23401.75,-4.14,eod,2026_03_30,-8.28
129,132,-1,23344.75,23322.75,21.11,target,2026_03_31,42.22
158,165,-1,23310.25,23453.75,-144.39,theme,2026_03_31,-288.78
319,339,1,23657.25,23633.5,-24.64,theme,2026_03_31,-49.28
597,605,1,23642.25,23678.75,35.61,target,2026_03_31,71.22
616,638,1,23647.25,23626.0,-22.14,theme,2026_03_31,-44.28
795,797,-1,23629.75,23671.75,-42.89,theme,2026_03_31,-85.78
854,860,1,23648.5,23676.5,27.11,target,2026_03_31,54.22
901,923,1,23672.75,23693.5,19.86,theme,2026_03_31,39.72
999,1001,1,23807.75,23812.75,4.11,target,2026_03_31,8.22
1055,1080,1,23788.75,23742.0,-47.64,theme,2026_03_31,-95.28
1102,1105,1,23831.0,23858.5,26.61,target,2026_03_31,53.22
1170,1172,1,24101.0,24129.75,27.86,target,2026_03_31,55.72
1182,1192,1,24089.75,24098.25,7.61,target,2026_03_31,15.22
1228,1238,1,24106.75,24152.5,44.86,target,2026_03_31,89.72
1270,1271,1,24141.25,24172.0,29.86,target,2026_03_31,59.72
1368,1379,1,24208.75,24200.5,-9.14,eod,2026_03_31,-18.28
139,169,1,24315.5,24312.75,-3.64,theme,2026_04_01,-7.28
556,568,1,24442.25,24443.25,0.10999999999999999,theme,2026_04_01,0.21999999999999997
650,672,1,24383.5,24329.5,-54.89,theme,2026_04_01,-109.78
856,867,1,24468.25,24430.75,-38.39,theme,2026_04_01,-76.78
945,946,1,24391.5,24381.5,-10.89,target,2026_04_01,-21.78
997,999,1,24441.0,24469.5,27.61,target,2026_04_01,55.22
1052,1056,1,24555.75,24573.0,16.36,target,2026_04_01,32.72
1177,1180,1,24610.5,24617.0,5.61,target,2026_04_01,11.22
139,147,-1,24469.25,24459.75,8.61,target,2026_04_02,17.22
157,167,-1,24470.5,24520.25,-50.64,theme,2026_04_02,-101.28
288,303,-1,24169.0,24152.75,15.36,target,2026_04_02,30.72
318,325,-1,24172.5,24188.75,-17.14,theme,2026_04_02,-34.28
379,389,-1,24126.5,24111.25,14.36,target,2026_04_02,28.72
424,442,-1,24112.25,24097.0,14.36,target,2026_04_02,28.72
453,454,-1,24111.25,24090.25,20.11,target,2026_04_02,40.22
511,516,-1,24080.25,24085.0,-5.64,theme,2026_04_02,-11.28
766,780,-1,24112.0,24108.5,2.61,theme,2026_04_02,5.22
856,876,-1,23984.5,24036.5,-52.89,theme,2026_04_02,-105.78
924,932,-1,24024.5,24108.5,-84.89,theme,2026_04_02,-169.78
944,949,-1,23990.5,24075.75,-86.14,theme,2026_04_02,-172.28
1006,1074,1,24493.25,24412.5,-81.64,theme,2026_04_02,-163.28
1131,1155,1,24440.75,24451.25,9.61,target,2026_04_02,19.22
1165,1191,1,24468.25,24382.25,-86.89,theme,2026_04_02,-173.78
1280,1311,1,24447.75,24483.75,35.11,target,2026_04_02,70.22
1321,1379,1,24513.75,24515.5,0.86,eod,2026_04_02,1.72
64,75,1,24493.25,24491.0,-3.14,theme,2026_04_03,-6.28
347,378,-1,24462.0,24474.0,-12.89,theme,2026_04_03,-25.78
410,456,-1,24468.5,24476.5,-8.89,theme,2026_04_03,-17.78
509,512,-1,24465.5,24448.75,15.86,target,2026_04_03,31.72
525,585,-1,24448.75,24454.75,-6.89,theme,2026_04_03,-13.78
661,771,-1,24443.25,24438.5,3.86,theme,2026_04_03,7.72
787,814,-1,24422.5,24449.0,-27.39,theme,2026_04_03,-54.78
896,901,-1,24424.25,24409.0,14.36,target,2026_04_03,28.72
105,117,-1,24069.75,24088.75,-19.89,theme,2026_04_05,-39.78
512,530,1,24232.0,24232.5,-0.39,theme,2026_04_05,-0.78
73,75,1,24343.75,24365.5,20.86,target,2026_04_06,41.72
106,115,1,24369.0,24376.0,6.11,target,2026_04_06,12.22
512,530,1,24527.75,24528.25,-0.39,theme,2026_04_06,-0.78
562,583,1,24543.75,24575.25,30.61,target,2026_04_06,61.22
661,666,1,24670.75,24680.0,8.36,target,2026_04_06,16.72
967,970,1,24595.25,24613.0,16.86,target,2026_04_06,33.72
980,1002,1,24664.5,24625.5,-39.89,theme,2026_04_06,-79.78
1063,1081,-1,24588.25,24618.0,-30.64,theme,2026_04_06,-61.28
1167,1193,-1,24587.5,24572.0,14.61,theme,2026_04_06,29.22
1221,1224,-1,24622.75,24639.0,-17.14,theme,2026_04_06,-34.28
1272,1280,1,24634.25,24636.5,1.3599999999999999,theme,2026_04_06,2.7199999999999998
1329,1348,1,24643.5,24641.5,-2.89,theme,2026_04_06,-5.78
182,191,-1,24586.5,24559.25,26.36,target,2026_04_07,52.72
375,397,-1,24499.5,24539.25,-40.64,theme,2026_04_07,-81.28
575,585,-1,24521.0,24541.5,-21.39,theme,2026_04_07,-42.78
617,636,1,24621.0,24668.25,46.36,target,2026_04_07,92.72
651,671,1,24651.25,24675.25,23.11,target,2026_04_07,46.22
948,959,-1,24456.25,24441.5,13.86,target,2026_04_07,27.72
1055,1060,-1,24367.0,24351.75,14.36,target,2026_04_07,28.72
1289,1306,1,24524.25,24623.5,98.36,target,2026_04_07,196.72
1316,1322,1,24634.25,24678.75,43.61,target,2026_04_07,87.22
151,165,1,25329.25,25342.5,12.36,theme,2026_04_08,24.72
182,188,1,25378.0,25388.5,9.61,target,2026_04_08,19.22
202,212,1,25352.25,25369.75,16.61,target,2026_04_08,33.22
322,332,1,25399.5,25394.5,-5.89,theme,2026_04_08,-11.78
509,527,1,25470.0,25482.25,11.36,theme,2026_04_08,22.72
626,636,1,25464.75,25485.0,19.36,target,2026_04_08,38.72
646,650,1,25464.5,25482.75,17.36,target,2026_04_08,34.72
706,711,1,25485.0,25509.0,23.11,target,2026_04_08,46.22
771,795,1,25504.5,25495.5,-9.89,theme,2026_04_08,-19.78
838,843,1,25505.5,25526.5,20.11,target,2026_04_08,40.22
863,865,1,25474.75,25469.0,-6.64,theme,2026_04_08,-13.28
920,926,1,25507.25,25518.0,9.86,target,2026_04_08,19.72
964,1058,-1,25377.0,25351.5,24.61,theme,2026_04_08,49.22
160,174,-1,25320.5,25305.75,13.86,target,2026_04_09,27.72
233,237,-1,25311.0,25316.5,-6.39,theme,2026_04_09,-12.78
841,880,1,25332.0,25325.25,-7.64,theme,2026_04_09,-15.28
918,967,1,25341.75,25326.0,-16.64,theme,2026_04_09,-33.28
1025,1033,1,25326.75,25351.75,24.11,target,2026_04_09,48.22
1045,1054,1,25385.25,25431.25,45.11,target,2026_04_09,90.22
1123,1129,1,25480.0,25462.5,-18.39,theme,2026_04_09,-36.78
1261,1262,1,25480.0,25492.25,11.36,target,2026_04_09,22.72
1328,1346,1,25520.25,25534.25,13.11,theme,2026_04_09,26.22
109,118,1,25523.5,25525.0,0.61,theme,2026_04_10,1.22
682,685,-1,25537.75,25525.5,11.36,target,2026_04_10,22.72
946,949,1,25629.5,25636.5,6.11,target,2026_04_10,12.22
964,969,1,25586.5,25590.25,2.86,theme,2026_04_10,5.72
1005,1013,1,25616.75,25637.5,19.86,target,2026_04_10,39.72
1023,1033,1,25645.25,25660.25,14.11,target,2026_04_10,28.22
1050,1064,1,25643.5,25594.25,-50.14,theme,2026_04_10,-100.28
1186,1192,-1,25552.0,25558.25,-7.14,theme,2026_04_10,-14.28
1242,1274,-1,25544.0,25585.5,-42.39,theme,2026_04_10,-84.78
61,62,-1,24949.0,24942.75,5.36,target,2026_04_12,10.72
116,119,-1,24974.5,24981.75,-8.14,theme,2026_04_12,-16.28
124,130,1,25253.0,25284.25,30.36,target,2026_04_13,60.72
226,231,1,25360.0,25373.5,12.61,target,2026_04_13,25.22
254,265,1,25357.5,25358.25,-0.14,theme,2026_04_13,-0.28
309,341,1,25361.0,25356.75,-5.14,theme,2026_04_13,-10.28
364,372,1,25351.5,25355.5,3.11,theme,2026_04_13,6.22
453,459,1,25369.25,25367.0,-3.14,theme,2026_04_13,-6.28
576,586,1,25402.5,25399.5,-3.89,theme,2026_04_13,-7.78
611,652,1,25410.5,25396.5,-14.89,theme,2026_04_13,-29.78
673,688,1,25403.75,25422.0,17.36,target,2026_04_13,34.72
710,731,1,25409.25,25413.5,3.36,theme,2026_04_13,6.72
818,822,1,25407.0,25406.0,-1.8900000000000001,theme,2026_04_13,-3.7800000000000002
949,950,1,25510.5,25566.75,55.36,target,2026_04_13,110.72
1066,1071,1,25614.5,25614.25,-1.1400000000000001,theme,2026_04_13,-2.2800000000000002
1201,1207,1,25709.25,25710.75,0.61,theme,2026_04_13,1.22
165,203,1,25888.0,25888.75,-0.14,theme,2026_04_14,-0.28
592,602,1,25917.5,25914.5,-3.89,theme,2026_04_14,-7.78
874,881,1,25967.0,25979.0,11.11,target,2026_04_14,22.22
895,897,1,25964.0,25964.75,-0.14,theme,2026_04_14,-0.28
918,925,1,25974.5,25965.75,-9.64,theme,2026_04_14,-19.28
1032,1041,1,26079.75,26113.75,33.11,target,2026_04_14,66.22
1306,1317,1,26270.75,26283.75,12.11,target,2026_04_14,24.22
123,148,1,26307.0,26312.25,4.36,theme,2026_04_15,8.72
182,194,1,26315.5,26329.25,12.86,target,2026_04_15,25.72
256,262,1,26322.5,26319.0,-4.39,theme,2026_04_15,-8.78
564,587,-1,26281.75,26294.5,-13.64,theme,2026_04_15,-27.28
862,888,-1,26270.0,26296.0,-26.89,theme,2026_04_15,-53.78
946,947,1,26306.25,26314.25,7.11,target,2026_04_15,14.22
1171,1177,1,26491.0,26514.0,22.11,target,2026_04_15,44.22
1187,1203,1,26488.0,26505.0,16.11,target,2026_04_15,32.22
1334,1344,1,26634.75,26647.5,11.86,target,2026_04_15,23.72
258,284,1,26738.0,26752.5,13.61,target,2026_04_16,27.22
296,306,1,26740.0,26753.25,12.36,target,2026_04_16,24.72
330,339,1,26742.5,26740.0,-3.39,theme,2026_04_16,-6.78
357,358,1,26741.75,26742.25,-0.39,theme,2026_04_16,-0.78
545,549,1,26766.5,26753.75,-13.64,theme,2026_04_16,-27.28
595,606,1,26759.5,26731.75,-28.64,theme,2026_04_16,-57.28
885,895,-1,26709.75,26691.75,17.11,target,2026_04_16,34.22
905,913,-1,26714.5,26703.0,10.61,target,2026_04_16,21.22
924,931,-1,26696.25,26691.5,3.86,target,2026_04_16,7.72
947,951,-1,26677.5,26655.25,21.36,target,2026_04_16,42.72
970,979,-1,26642.25,26634.75,6.61,target,2026_04_16,13.22
990,999,-1,26648.0,26674.25,-27.14,theme,2026_04_16,-54.28
1116,1117,1,26763.75,26781.5,16.86,target,2026_04_16,33.72
1187,1211,1,26795.75,26692.0,-104.64,theme,2026_04_16,-209.28
1377,1379,1,26763.5,26760.5,-3.89,eod,2026_04_16,-7.78
938,946,1,27009.75,27005.5,-5.14,theme,2026_04_17,-10.28
992,1000,1,27064.5,27102.0,36.61,target,2026_04_17,73.22
1036,1038,1,27130.75,27141.0,9.36,target,2026_04_17,18.72
1066,1070,1,27130.25,27125.0,-6.14,target,2026_04_17,-12.28
1138,1144,1,27154.75,27168.75,13.11,target,2026_04_17,26.22
1367,1374,1,27127.75,27137.75,9.11,target,2026_04_17,18.22
103,121,-1,26651.75,26642.0,8.86,target,2026_04_19,17.72
133,134,-1,26634.0,26623.75,9.36,target,2026_04_19,18.72
148,170,-1,26647.0,26662.75,-16.64,theme,2026_04_19,-33.28
77,104,1,26953.5,26947.0,-7.39,theme,2026_04_20,-14.78
160,169,1,26938.0,26956.0,17.11,target,2026_04_20,34.22
179,182,1,26954.25,26969.0,13.86,target,2026_04_20,27.72
330,352,1,26988.0,26978.0,-10.89,theme,2026_04_20,-21.78
631,636,-1,26961.75,26962.75,-1.8900000000000001,theme,2026_04_20,-3.7800000000000002
754,762,1,26995.5,26991.25,-5.14,theme,2026_04_20,-10.28
852,859,1,27002.0,27017.0,14.11,target,2026_04_20,28.22
941,949,1,27045.5,27027.75,-18.64,target,2026_04_20,-37.28
963,965,1,27064.75,27047.25,-18.39,theme,2026_04_20,-36.78
1288,1291,1,27018.75,27020.75,1.1099999999999999,theme,2026_04_20,2.2199999999999998
91,94,1,27093.25,27095.75,1.6099999999999999,theme,2026_04_21,3.2199999999999998
154,168,1,27088.0,27118.75,29.86,target,2026_04_21,59.72
232,246,1,27116.0,27112.75,-4.14,theme,2026_04_21,-8.28
277,309,1,27110.75,27110.25,-1.3900000000000001,theme,2026_04_21,-2.7800000000000002
682,712,-1,27112.75,27131.5,-19.64,theme,2026_04_21,-39.28
798,811,1,27154.5,27175.75,20.36,target,2026_04_21,40.72
843,857,1,27165.25,27142.5,-23.64,theme,2026_04_21,-47.28
931,966,-1,27068.5,27137.5,-69.89,theme,2026_04_21,-139.78
1018,1019,-1,27065.25,27049.5,14.86,target,2026_04_21,29.72
1032,1037,-1,27056.0,27047.25,7.86,target,2026_04_21,15.72
1047,1102,-1,27020.5,27026.5,-6.89,theme,2026_04_21,-13.78
1114,1125,-1,27025.75,26977.25,47.61,target,2026_04_21,95.22
1136,1140,-1,26981.5,26966.75,13.86,target,2026_04_21,27.72
1175,1189,-1,26957.5,27003.25,-46.64,theme,2026_04_21,-93.28
1235,1249,-1,26998.25,26970.5,26.86,target,2026_04_21,53.72
1259,1266,-1,27005.25,27041.5,-37.14,theme,2026_04_21,-74.28
1333,1336,-1,27061.75,27035.75,25.11,target,2026_04_21,50.22
292,298,1,27113.25,27114.0,-0.14,theme,2026_04_22,-0.28
359,360,1,27106.75,27103.75,-3.89,theme,2026_04_22,-7.78
560,563,1,27126.0,27135.25,8.36,target,2026_04_22,16.72
608,618,1,27134.0,27124.5,-10.39,theme,2026_04_22,-20.78
774,786,1,27126.25,27124.0,-3.14,theme,2026_04_22,-6.28
873,875,1,27158.75,27165.25,5.61,target,2026_04_22,11.22
891,892,1,27123.75,27125.5,0.86,theme,2026_04_22,1.72
936,962,1,27119.0,27192.0,72.11,target,2026_04_22,144.22
1024,1040,1,27251.0,27277.5,25.61,theme,2026_04_22,51.22
1066,1070,1,27270.5,27292.0,20.61,target,2026_04_22,41.22
1082,1084,1,27269.5,27282.25,11.86,target,2026_04_22,23.72
1101,1113,1,27279.5,27273.5,-6.89,theme,2026_04_22,-13.78
1189,1192,1,27326.0,27339.25,12.36,target,2026_04_22,24.72
1212,1219,1,27324.0,27316.5,-8.39,theme,2026_04_22,-16.78
1270,1280,1,27319.75,27346.25,25.61,target,2026_04_22,51.22
71,130,1,27385.0,27341.0,-44.89,theme,2026_04_23,-89.78
361,367,-1,27199.75,27190.0,8.86,target,2026_04_23,17.72
469,477,-1,27253.25,27270.75,-18.39,theme,2026_04_23,-36.78
871,887,1,27331.75,27302.0,-30.64,theme,2026_04_23,-61.28
959,979,1,27320.25,27296.75,-24.39,theme,2026_04_23,-48.78
1068,1076,1,27396.25,27381.0,-16.14,theme,2026_04_23,-32.28
1125,1126,1,27397.25,27402.75,4.61,target,2026_04_23,9.22
1137,1147,1,27397.75,27298.0,-100.64,theme,2026_04_23,-201.28
1204,1215,-1,27208.5,27214.25,-6.64,theme,2026_04_23,-13.28
1269,1296,-1,27191.5,27172.0,18.61,target,2026_04_23,37.22
215,216,1,27404.0,27400.75,-4.14,theme,2026_04_24,-8.28
227,251,1,27413.0,27399.0,-14.89,theme,2026_04_24,-29.78
636,649,1,27393.5,27398.25,3.86,target,2026_04_24,7.72
690,701,1,27390.5,27405.25,13.86,target,2026_04_24,27.72
839,841,1,27572.25,27579.75,6.61,target,2026_04_24,13.22
985,988,1,27529.25,27491.5,-38.64,theme,2026_04_24,-77.28
1159,1163,1,27691.75,27675.0,-17.64,theme,2026_04_24,-35.28
1208,1231,1,27715.25,27686.0,-30.14,theme,2026_04_24,-60.28
1263,1272,1,27719.5,27732.0,11.61,target,2026_04_24,23.22
1288,1315,1,27721.25,27736.5,14.36,target,2026_04_24,28.72
1341,1354,1,27718.75,27738.75,19.11,target,2026_04_24,38.22
124,130,-1,27397.0,27395.0,1.1099999999999999,theme,2026_04_26,2.2199999999999998
419,424,1,27518.25,27506.0,-13.14,theme,2026_04_26,-26.28
310,311,1,27814.5,27814.25,-1.1400000000000001,theme,2026_04_27,-2.2800000000000002
325,375,1,27820.5,27810.25,-11.14,theme,2026_04_27,-22.28
419,428,1,27814.0,27789.25,-25.64,theme,2026_04_27,-51.28
590,604,-1,27716.0,27707.75,7.36,target,2026_04_27,14.72
640,648,-1,27721.0,27735.5,-15.39,theme,2026_04_27,-30.78
957,968,-1,27681.5,27678.75,1.8599999999999999,target,2026_04_27,3.7199999999999998
984,991,-1,27660.5,27637.75,21.86,target,2026_04_27,43.72
1003,1015,-1,27657.25,27655.75,0.61,target,2026_04_27,1.22
1030,1042,-1,27652.25,27615.75,35.61,target,2026_04_27,71.22
1052,1072,-1,27644.0,27667.25,-24.14,theme,2026_04_27,-48.28
1299,1306,1,27717.0,27732.5,14.61,target,2026_04_27,29.22
143,148,1,27784.25,27754.0,-31.14,theme,2026_04_28,-62.28
233,235,1,27745.0,27744.75,-1.1400000000000001,theme,2026_04_28,-2.2800000000000002
374,390,-1,27720.75,27723.0,-3.14,theme,2026_04_28,-6.28
476,570,-1,27663.0,27624.5,37.61,target,2026_04_28,75.22
581,583,-1,27639.75,27646.25,-7.39,theme,2026_04_28,-14.78
675,685,-1,27638.75,27616.5,21.36,target,2026_04_28,42.72
752,755,-1,27568.75,27565.25,2.61,target,2026_04_28,5.22
856,860,-1,27396.75,27369.5,26.36,target,2026_04_28,52.72
883,895,-1,27382.75,27426.25,-44.39,theme,2026_04_28,-88.78
992,995,-1,27456.75,27440.75,15.11,target,2026_04_28,30.22
1006,1011,-1,27377.5,27322.75,53.86,target,2026_04_28,107.72
1022,1026,-1,27385.75,27369.25,15.61,target,2026_04_28,31.22
1036,1046,-1,27370.5,27334.0,35.61,target,2026_04_28,71.22
1061,1066,-1,27337.25,27335.5,0.86,target,2026_04_28,1.72
1089,1097,-1,27364.5,27363.0,0.61,theme,2026_04_28,1.22
1129,1131,-1,27354.0,27344.0,9.11,target,2026_04_28,18.22
1142,1144,-1,27380.0,27356.0,23.11,target,2026_04_28,46.22
1157,1163,-1,27353.25,27355.75,-3.39,theme,2026_04_28,-6.78
1284,1304,1,27485.75,27475.0,-11.64,theme,2026_04_28,-23.28
1344,1379,1,27488.25,27486.75,-2.39,eod,2026_04_28,-4.78
288,307,1,27554.75,27579.75,24.11,target,2026_04_29,48.22
714,746,-1,27540.0,27573.0,-33.89,theme,2026_04_29,-67.78
885,915,-1,27536.75,27539.25,-3.39,theme,2026_04_29,-6.78
947,977,-1,27464.5,27513.0,-49.39,theme,2026_04_29,-98.78
1144,1158,-1,27467.75,27509.75,-42.89,theme,2026_04_29,-85.78
1215,1253,-1,27487.75,27562.25,-75.39,theme,2026_04_29,-150.78
1295,1311,1,27574.75,27565.5,-10.14,theme,2026_04_29,-20.28
79,87,1,27760.0,27762.75,1.8599999999999999,theme,2026_04_30,3.7199999999999998
185,197,1,27874.25,27864.0,-11.14,theme,2026_04_30,-22.28
241,253,1,27880.0,27862.5,-18.39,theme,2026_04_30,-36.78
420,442,-1,27529.25,27579.25,-50.89,theme,2026_04_30,-101.78
476,523,-1,27546.25,27568.0,-22.64,theme,2026_04_30,-45.28
766,777,1,27686.25,27662.75,-24.39,theme,2026_04_30,-48.78
841,849,1,27743.0,27757.25,13.36,target,2026_04_30,26.72
886,889,1,27791.5,27801.0,8.61,target,2026_04_30,17.22
916,932,1,27799.5,27683.5,-116.89,theme,2026_04_30,-233.78
1011,1012,-1,27582.75,27615.0,-33.14,theme,2026_04_30,-66.28
1074,1096,-1,27692.5,27715.75,-24.14,theme,2026_04_30,-48.28
1136,1139,-1,27653.75,27662.75,-9.89,theme,2026_04_30,-19.78
1231,1236,1,27865.75,27876.5,9.86,target,2026_04_30,19.72
1261,1267,1,27854.75,27871.0,15.36,target,2026_04_30,30.72
1327,1329,1,27881.75,27875.25,-7.39,theme,2026_04_30,-14.78
1353,1354,1,27898.5,27900.75,1.3599999999999999,target,2026_04_30,2.7199999999999998
1366,1371,1,27885.0,27892.75,6.86,target,2026_04_30,13.72
96,141,1,27915.75,27928.5,11.86,target,2026_05_01,23.72
511,558,-1,27904.25,27918.75,-15.39,theme,2026_05_01,-30.78
624,711,-1,27877.25,27862.75,13.61,theme,2026_05_01,27.22
753,843,-1,27858.5,27864.25,-6.64,theme,2026_05_01,-13.28
999,1007,1,28087.25,28118.5,30.36,theme,2026_05_01,60.72
1046,1058,1,28156.75,28188.0,30.36,target,2026_05_01,60.72
1073,1077,1,28171.0,28195.75,23.86,target,2026_05_01,47.72
1094,1098,1,28149.25,28161.75,11.61,target,2026_05_01,23.22
1155,1216,1,28152.0,28143.25,-9.64,theme,2026_05_01,-19.28
1299,1320,1,28171.75,28132.75,-39.89,theme,2026_05_01,-79.78
107,121,-1,27828.25,27817.25,10.11,target,2026_05_03,20.22
449,478,1,27938.75,27938.0,-1.6400000000000001,theme,2026_05_03,-3.2800000000000002
127,170,1,28146.5,28169.5,22.11,target,2026_05_04,44.22
211,212,1,28178.5,28192.25,12.86,target,2026_05_04,25.72
258,271,1,28194.25,28185.5,-9.64,theme,2026_05_04,-19.28
331,348,1,28226.25,28222.5,-4.64,theme,2026_05_04,-9.28
634,653,-1,28191.25,28190.25,0.10999999999999999,theme,2026_05_04,0.21999999999999997
820,847,-1,28085.5,28142.75,-58.14,theme,2026_05_04,-116.28
902,926,-1,28124.25,28152.25,-28.89,theme,2026_05_04,-57.78
1066,1070,-1,28042.5,28025.0,16.61,target,2026_05_04,33.22
1101,1135,-1,28016.75,28001.5,14.36,theme,2026_05_04,28.72
1225,1228,-1,28059.5,28038.5,20.11,target,2026_05_04,40.22
1239,1245,-1,28042.0,28024.0,17.11,target,2026_05_04,34.22
1255,1268,-1,28031.5,28063.25,-32.64,theme,2026_05_04,-65.28
1362,1379,-1,28045.25,28039.25,5.11,eod,2026_05_04,10.22
77,100,-1,28051.5,28052.5,-1.8900000000000001,theme,2026_05_05,-3.7800000000000002
140,171,1,28057.25,28081.75,23.61,target,2026_05_05,47.22
185,400,1,28075.25,28128.5,52.36,theme,2026_05_05,104.72
451,456,1,28134.5,28143.25,7.86,target,2026_05_05,15.72
467,506,1,28145.75,28119.75,-26.89,theme,2026_05_05,-53.78
633,691,1,28214.75,28240.25,24.61,target,2026_05_05,49.22
783,785,1,28215.25,28204.5,-11.64,theme,2026_05_05,-23.28
978,983,1,28376.5,28390.0,12.61,target,2026_05_05,25.22
1008,1009,1,28377.75,28396.0,17.36,target,2026_05_05,34.72
1021,1024,1,28388.0,28403.75,14.86,target,2026_05_05,29.72
1110,1114,1,28411.5,28408.75,-3.64,theme,2026_05_05,-7.28
1157,1171,1,28422.5,28440.0,16.61,target,2026_05_05,33.22
1291,1294,1,28461.5,28457.0,-5.39,theme,2026_05_05,-10.78
91,127,1,28650.75,28605.5,-46.14,theme,2026_05_06,-92.28
194,235,1,28587.75,28576.75,-11.89,theme,2026_05_06,-23.78
438,449,1,28628.5,28642.25,12.86,target,2026_05_06,25.72
491,498,1,28630.75,28621.25,-10.39,theme,2026_05_06,-20.78
555,563,1,28614.0,28624.25,9.36,theme,2026_05_06,18.72
597,601,1,28632.75,28646.5,12.86,target,2026_05_06,25.72
624,634,1,28627.75,28649.5,20.86,target,2026_05_06,41.72
814,818,1,28874.0,28898.5,23.61,target,2026_05_06,47.22
1118,1124,1,28858.75,28869.75,10.11,target,2026_05_06,20.22
68,104,1,28972.25,28970.75,-2.39,theme,2026_05_07,-4.78
494,502,1,28998.25,29011.5,12.36,target,2026_05_07,24.72
614,622,1,29066.25,29054.5,-12.64,theme,2026_05_07,-25.28
695,724,1,29047.5,29021.25,-27.14,theme,2026_05_07,-54.28
945,948,1,29037.5,29009.5,-28.89,theme,2026_05_07,-57.78
1029,1031,1,29170.75,29173.5,1.8599999999999999,target,2026_05_07,3.7199999999999998
1183,1205,-1,28953.25,28984.5,-32.14,theme,2026_05_07,-64.28
1250,1300,-1,28895.5,28970.0,-75.39,theme,2026_05_07,-150.78
64,90,-1,28916.5,28941.0,-25.39,theme,2026_05_08,-50.78
301,356,1,29044.0,29068.25,23.36,target,2026_05_08,46.72
529,531,1,29114.25,29125.75,10.61,target,2026_05_08,21.22
546,555,1,29111.75,29106.25,-6.39,target,2026_05_08,-12.78
574,586,1,29114.25,29121.25,6.11,target,2026_05_08,12.22
710,711,1,29141.5,29133.0,-9.39,theme,2026_05_08,-18.78
902,917,1,29221.25,29170.0,-52.14,theme,2026_05_08,-104.28
1041,1042,1,29454.75,29479.5,23.86,target,2026_05_08,47.72
1081,1082,1,29496.0,29506.0,9.11,target,2026_05_08,18.22
1126,1134,1,29508.5,29537.5,28.11,target,2026_05_08,56.22
1187,1201,1,29589.25,29573.25,-16.89,theme,2026_05_08,-33.78
1236,1255,1,29583.5,29560.5,-23.89,theme,2026_05_08,-47.78
1275,1310,1,29590.0,29601.25,10.36,target,2026_05_08,20.72
124,131,-1,29331.5,29368.0,-37.39,theme,2026_05_10,-74.78
194,225,-1,29288.75,29332.0,-44.14,theme,2026_05_10,-88.28
313,349,-1,29325.0,29339.0,-14.89,theme,2026_05_10,-29.78
388,402,-1,29332.0,29331.25,-0.14,theme,2026_05_10,-0.28
169,179,1,29666.25,29592.5,-74.64,theme,2026_05_11,-149.28
224,308,1,29630.75,29617.5,-14.14,theme,2026_05_11,-28.28
421,465,1,29634.25,29618.0,-17.14,theme,2026_05_11,-34.28
646,664,-1,29588.5,29610.25,-22.64,theme,2026_05_11,-45.28
741,786,-1,29598.0,29623.5,-26.39,theme,2026_05_11,-52.78
828,843,1,29636.5,29631.5,-5.89,theme,2026_05_11,-11.78
902,912,-1,29591.5,29602.25,-11.64,theme,2026_05_11,-23.28
1010,1015,1,29676.25,29705.5,28.36,target,2026_05_11,56.72
1036,1045,1,29673.75,29702.0,27.36,target,2026_05_11,54.72
1117,1125,1,29752.75,29709.5,-44.14,theme,2026_05_11,-88.28
1175,1250,1,29744.0,29735.5,-9.39,theme,2026_05_11,-18.78
160,197,-1,29668.5,29636.5,31.11,target,2026_05_12,62.22
207,220,-1,29620.0,29555.75,63.36,target,2026_05_12,126.72
250,261,-1,29615.0,29618.5,-4.39,theme,2026_05_12,-8.78
340,406,-1,29636.25,29619.0,16.36,theme,2026_05_12,32.72
421,504,-1,29579.5,29554.25,24.36,target,2026_05_12,48.72
661,665,-1,29502.0,29508.75,-7.64,theme,2026_05_12,-15.28
687,694,-1,29509.25,29531.25,-22.89,theme,2026_05_12,-45.78
751,757,-1,29512.25,29518.75,-7.39,theme,2026_05_12,-14.78
779,782,-1,29502.75,29476.0,25.86,target,2026_05_12,51.72
873,884,-1,29435.5,29508.25,-73.64,theme,2026_05_12,-147.28
932,936,-1,29453.25,29449.0,3.36,target,2026_05_12,6.72
946,947,-1,29572.0,29560.75,10.36,target,2026_05_12,20.72
970,971,-1,29433.0,29427.0,5.11,target,2026_05_12,10.22
982,987,-1,29485.25,29440.5,43.86,target,2026_05_12,87.72
1068,1076,-1,29212.25,29170.75,40.61,target,2026_05_12,81.22
1096,1101,-1,29185.25,29176.75,7.61,target,2026_05_12,15.22
201,226,1,29469.0,29527.5,57.61,target,2026_05_13,115.22
248,267,1,29500.5,29532.25,30.86,target,2026_05_13,61.72
466,487,1,29588.75,29603.75,14.11,target,2026_05_13,28.22
534,536,1,29595.0,29602.25,6.36,target,2026_05_13,12.72
718,748,1,29716.75,29685.0,-32.64,theme,2026_05_13,-65.28
918,926,-1,29582.25,29593.25,-11.89,theme,2026_05_13,-23.78
943,946,-1,29532.5,29464.25,67.36,target,2026_05_13,134.72
956,992,-1,29493.5,29528.5,-35.89,theme,2026_05_13,-71.78
1261,1263,1,29788.0,29782.0,-6.89,theme,2026_05_13,-13.78
1297,1308,1,29819.25,29833.25,13.11,target,2026_05_13,26.22
1318,1320,1,29776.75,29772.5,-5.14,theme,2026_05_13,-10.28
112,118,1,29905.25,29921.75,15.61,theme,2026_05_14,31.22
143,146,1,29932.5,29947.5,14.11,target,2026_05_14,28.22
197,214,1,29964.25,29957.75,-7.39,theme,2026_05_14,-14.78
285,290,1,29918.75,29880.5,-39.14,theme,2026_05_14,-78.28
445,473,-1,29854.75,29897.75,-43.89,theme,2026_05_14,-87.78
664,671,-1,29879.25,29852.75,25.61,target,2026_05_14,51.22
683,687,-1,29853.5,29843.25,9.36,target,2026_05_14,18.72
777,791,-1,29843.5,29869.0,-26.39,theme,2026_05_14,-52.78
825,842,-1,29841.0,29845.25,-5.14,target,2026_05_14,-10.28
937,941,-1,29853.25,29883.5,-31.14,theme,2026_05_14,-62.28
1111,1116,1,30034.25,30008.0,-27.14,theme,2026_05_14,-54.28
1196,1224,1,30044.25,29976.5,-68.64,theme,2026_05_14,-137.28
117,154,-1,29979.25,30001.25,-22.89,theme,2026_05_15,-45.78
207,232,-1,29910.25,29822.0,87.36,target,2026_05_15,174.72
271,273,-1,29818.5,29804.75,12.86,target,2026_05_15,25.72
341,372,-1,29864.25,29833.75,29.61,target,2026_05_15,59.22
382,394,-1,29819.5,29797.0,21.61,target,2026_05_15,43.22
406,408,-1,29809.25,29788.75,19.61,target,2026_05_15,39.22
516,522,-1,29646.5,29678.0,-32.39,theme,2026_05_15,-64.78
596,603,-1,29693.25,29640.75,51.61,target,2026_05_15,103.22
667,668,-1,29559.25,29550.5,7.86,target,2026_05_15,15.72
691,707,-1,29535.25,29491.0,43.36,target,2026_05_15,86.72
717,718,-1,29529.75,29518.5,10.36,target,2026_05_15,20.72
729,732,-1,29551.25,29557.0,-6.64,theme,2026_05_15,-13.28
819,836,-1,29583.0,29566.25,15.86,target,2026_05_15,31.72
901,924,-1,29462.25,29501.5,-40.14,theme,2026_05_15,-80.28
964,965,-1,29462.25,29460.0,1.3599999999999999,target,2026_05_15,2.7199999999999998
1028,1029,-1,29544.75,29565.75,-21.89,theme,2026_05_15,-43.78
1067,1076,1,29587.5,29541.25,-47.14,theme,2026_05_15,-94.28
1118,1156,1,29627.75,29642.25,13.61,target,2026_05_15,27.22
1222,1223,1,29706.25,29722.5,15.36,target,2026_05_15,30.72
62,67,-1,29237.75,29198.25,38.61,target,2026_05_17,77.22
151,155,-1,29004.0,28992.25,10.86,target,2026_05_17,21.72
170,175,-1,28993.5,28988.75,3.86,target,2026_05_17,7.72
185,195,-1,28989.75,28964.25,24.61,target,2026_05_17,49.22
226,239,-1,28978.25,29026.25,-48.89,theme,2026_05_17,-97.78
304,315,-1,29039.0,29018.75,19.36,target,2026_05_17,38.72
326,340,-1,29017.25,29050.5,-34.14,theme,2026_05_17,-68.28
492,511,-1,29033.75,28994.5,38.36,target,2026_05_17,76.72
528,531,-1,29084.25,29074.75,8.61,theme,2026_05_17,17.22
61,62,1,29533.0,29533.5,-0.39,theme,2026_05_18,-0.78
186,187,1,29288.5,29297.5,8.11,target,2026_05_18,16.22
343,344,1,29351.75,29361.75,9.11,target,2026_05_18,18.22
355,361,1,29341.75,29358.25,15.61,target,2026_05_18,31.22
388,398,1,29331.0,29337.25,5.36,theme,2026_05_18,10.72
439,448,1,29332.75,29358.0,24.36,theme,2026_05_18,48.72
492,511,-1,29329.5,29290.25,38.36,target,2026_05_18,76.72
529,531,-1,29389.25,29370.5,17.86,target,2026_05_18,35.72
563,566,1,29365.75,29398.5,31.86,target,2026_05_18,63.72
586,594,1,29380.75,29398.75,17.11,theme,2026_05_18,34.22
604,605,1,29448.75,29469.25,19.61,target,2026_05_18,39.22
619,621,1,29454.75,29474.25,18.61,target,2026_05_18,37.22
676,686,1,29507.0,29488.5,-19.39,theme,2026_05_18,-38.78
905,909,1,29675.0,29684.0,8.11,target,2026_05_18,16.22
925,937,1,29670.75,29553.5,-118.14,theme,2026_05_18,-236.28
1044,1150,-1,29297.5,29311.5,-14.89,theme,2026_05_18,-29.78
1187,1216,-1,29277.0,29204.25,71.86,target,2026_05_18,143.72
1242,1268,-1,29143.25,29229.5,-87.14,theme,2026_05_18,-174.28
62,110,1,29476.25,29436.5,-40.64,theme,2026_05_19,-81.28
162,179,1,29425.75,29388.75,-37.89,theme,2026_05_19,-75.78
416,420,-1,29256.75,29257.5,-1.6400000000000001,theme,2026_05_19,-3.2800000000000002
496,499,-1,29253.5,29262.75,-10.14,theme,2026_05_19,-20.28
710,740,-1,29169.25,29197.5,-29.14,theme,2026_05_19,-58.28
770,784,-1,29175.0,29232.25,-58.14,theme,2026_05_19,-116.28
827,840,-1,29181.75,29150.25,30.61,target,2026_05_19,61.22
853,859,-1,29176.25,29149.5,25.86,target,2026_05_19,51.72
879,881,-1,29223.5,29212.5,10.11,theme,2026_05_19,20.22
934,939,-1,29273.5,29346.75,-74.14,theme,2026_05_19,-148.28
994,995,-1,29031.0,28996.5,33.61,target,2026_05_19,67.22
1006,1008,-1,29014.5,28986.25,27.36,target,2026_05_19,54.72
1021,1025,-1,29102.25,29107.0,-5.64,theme,2026_05_19,-11.28
1155,1202,1,29369.5,29368.75,-1.6400000000000001,theme,2026_05_19,-3.2800000000000002
123,127,1,29223.0,29195.0,-28.89,theme,2026_05_20,-57.78
153,172,-1,29211.75,29234.25,-23.39,theme,2026_05_20,-46.78
227,236,-1,29205.75,29280.75,-75.89,theme,2026_05_20,-151.78
290,344,-1,29177.0,29189.0,-12.89,theme,2026_05_20,-25.78
413,440,-1,29179.75,29204.25,-25.39,theme,2026_05_20,-50.78
489,498,1,29261.0,29298.0,36.11,target,2026_05_20,72.22
509,553,1,29309.25,29336.0,25.86,target,2026_05_20,51.72
579,582,1,29320.0,29348.5,27.61,target,2026_05_20,55.22
594,602,1,29319.5,29326.25,5.86,theme,2026_05_20,11.72
677,679,1,29362.75,29382.0,18.36,target,2026_05_20,36.72
740,742,1,29420.75,29433.5,11.86,target,2026_05_20,23.72
762,768,1,29421.5,29425.25,2.86,target,2026_05_20,5.72
901,910,1,29412.0,29405.25,-7.64,theme,2026_05_20,-15.28
1010,1012,1,29493.5,29525.25,30.86,target,2026_05_20,61.72
1152,1154,1,29550.25,29573.5,22.36,target,2026_05_20,44.72
1165,1169,1,29567.0,29589.0,21.11,target,2026_05_20,42.22
1196,1197,1,29585.0,29589.0,3.11,target,2026_05_20,6.22
1247,1255,1,29605.0,29593.75,-12.14,theme,2026_05_20,-24.28
1326,1330,1,29649.0,29658.5,8.61,target,2026_05_20,17.22
1340,1344,1,29643.25,29591.5,-52.64,theme,2026_05_20,-105.28
112,129,-1,29489.5,29480.0,8.61,target,2026_05_21,17.22
147,165,-1,29470.75,29513.25,-43.39,theme,2026_05_21,-86.78
336,339,1,29648.0,29657.0,8.11,target,2026_05_21,16.22
451,459,1,29681.75,29682.5,-0.14,theme,2026_05_21,-0.28
694,716,1,29700.5,29678.75,-22.64,theme,2026_05_21,-45.28
786,808,-1,29516.75,29566.0,-50.14,theme,2026_05_21,-100.28
847,893,-1,29544.0,29517.5,25.61,target,2026_05_21,51.22
904,932,-1,29519.75,29477.25,41.61,target,2026_05_21,83.22
943,950,-1,29522.25,29498.75,22.61,theme,2026_05_21,45.22
987,1035,-1,29440.5,29529.0,-89.39,theme,2026_05_21,-178.78
1055,1058,-1,29481.5,29535.5,-54.89,theme,2026_05_21,-109.78
1207,1210,1,29778.5,29780.75,1.3599999999999999,target,2026_05_21,2.7199999999999998
1220,1231,1,29761.5,29753.25,-9.14,theme,2026_05_21,-18.28
1296,1301,1,29723.75,29717.5,-7.14,target,2026_05_21,-14.28
1311,1324,1,29737.25,29755.25,17.11,target,2026_05_21,34.22
1340,1379,1,29746.0,29750.75,3.86,eod,2026_05_21,7.72
166,189,1,29878.5,29846.25,-33.14,theme,2026_05_22,-66.28
394,414,1,29873.0,29891.75,17.86,target,2026_05_22,35.72
456,463,1,29871.25,29877.5,5.36,theme,2026_05_22,10.72
544,549,1,29837.25,29840.25,2.11,theme,2026_05_22,4.22
573,589,-1,29844.75,29870.25,-26.39,theme,2026_05_22,-52.78
706,719,-1,29819.25,29817.25,1.1099999999999999,theme,2026_05_22,2.2199999999999998
736,752,-1,29773.75,29742.5,30.36,target,2026_05_22,60.72
766,793,-1,29751.25,29760.0,-9.64,theme,2026_05_22,-19.28
964,970,1,29863.75,29859.75,-4.89,theme,2026_05_22,-9.78
1010,1017,1,29926.75,29940.25,12.61,target,2026_05_22,25.22
1071,1086,1,29971.25,29977.0,4.86,theme,2026_05_22,9.72
1161,1166,1,29972.75,29985.25,11.61,target,2026_05_22,23.22
1194,1202,1,29976.75,29971.5,-6.14,theme,2026_05_22,-12.28
1343,1379,-1,29842.0,29815.75,25.36,eod,2026_05_22,50.72
331,359,1,30261.25,30260.0,-2.14,theme,2026_05_25,-4.28
377,409,1,30261.25,30270.5,8.36,target,2026_05_25,16.72
481,482,1,30273.0,30269.25,-4.64,theme,2026_05_25,-9.28
1096,1101,-1,30231.0,30214.75,15.36,target,2026_05_25,30.72
1127,1128,-1,30233.0,30235.5,-3.39,theme,2026_05_25,-6.78
108,122,-1,30186.5,30144.5,41.11,target,2026_05_26,82.22
158,166,-1,30129.0,30109.0,19.11,target,2026_05_26,38.22
179,181,-1,30124.5,30108.5,15.11,target,2026_05_26,30.22
196,202,-1,30112.5,30103.75,7.86,target,2026_05_26,15.72
247,251,-1,30117.25,30120.5,-4.14,theme,2026_05_26,-8.28
303,315,-1,30111.75,30099.25,11.61,target,2026_05_26,23.22
325,330,-1,30114.5,30121.0,-7.39,theme,2026_05_26,-14.78
351,359,-1,30109.0,30116.25,-8.14,theme,2026_05_26,-16.28
436,453,-1,30100.25,30105.5,-6.14,theme,2026_05_26,-12.28
545,546,-1,30094.75,30087.25,6.61,target,2026_05_26,13.22
583,596,-1,30073.75,30056.75,16.11,target,2026_05_26,32.22
614,623,-1,30069.5,30081.5,-12.89,theme,2026_05_26,-25.78
1113,1159,1,30298.75,30278.5,-21.14,theme,2026_05_26,-42.28
1263,1267,1,30311.0,30333.0,21.11,theme,2026_05_26,42.22
229,240,1,30435.25,30418.25,-17.89,theme,2026_05_27,-35.78
280,287,1,30437.75,30451.0,12.36,target,2026_05_27,24.72
299,305,1,30435.0,30445.75,9.86,target,2026_05_27,19.72
514,549,-1,30362.5,30407.25,-45.64,theme,2026_05_27,-91.28
705,715,1,30491.75,30502.25,9.61,target,2026_05_27,19.22
846,853,1,30561.5,30571.25,8.86,theme,2026_05_27,17.72
892,904,1,30567.75,30560.25,-8.39,theme,2026_05_27,-16.78
999,1017,-1,30287.5,30220.25,66.36,target,2026_05_27,132.72
1032,1036,-1,30267.75,30216.5,50.36,target,2026_05_27,100.72
1054,1056,-1,30267.0,30230.25,35.86,target,2026_05_27,71.72
1073,1092,-1,30209.5,30285.75,-77.14,theme,2026_05_27,-154.28
1148,1149,-1,30227.5,30217.75,8.86,target,2026_05_27,17.72
1160,1195,-1,30240.0,30281.0,-41.89,theme,2026_05_27,-83.78
84,92,1,30332.5,30327.5,-5.89,theme,2026_05_28,-11.78
297,333,-1,30279.75,30179.0,99.86,target,2026_05_28,199.72
370,372,-1,30116.75,30101.75,14.11,target,2026_05_28,28.22
394,422,-1,30086.5,30069.5,16.11,target,2026_05_28,32.22
437,438,-1,30103.75,30102.75,0.10999999999999999,theme,2026_05_28,0.21999999999999997
531,535,-1,30183.0,30189.0,-6.89,theme,2026_05_28,-13.78
685,691,1,30274.25,30264.5,-10.64,theme,2026_05_28,-21.28
936,940,1,30309.25,30277.5,-32.64,theme,2026_05_28,-65.28
1160,1162,1,30598.5,30612.0,12.61,target,2026_05_28,25.22
1177,1178,1,30584.75,30598.75,13.11,target,2026_05_28,26.22
1203,1205,1,30618.75,30630.5,10.86,target,2026_05_28,21.72
1217,1235,1,30614.0,30600.75,-14.14,theme,2026_05_28,-28.28
1292,1297,1,30607.75,30617.0,8.36,target,2026_05_28,16.72
1314,1319,1,30593.25,30610.5,16.36,target,2026_05_28,32.72
1346,1369,1,30614.0,30621.5,6.61,target,2026_05_28,13.22
70,109,1,30604.75,30601.0,-4.64,theme,2026_05_29,-9.28
220,238,-1,30534.0,30546.25,-13.14,theme,2026_05_29,-26.28
276,316,-1,30541.75,30552.0,-11.14,theme,2026_05_29,-22.28
556,566,1,30617.75,30592.25,-26.39,theme,2026_05_29,-52.78
627,634,1,30593.75,30610.25,15.61,target,2026_05_29,31.22
649,655,1,30594.0,30602.75,7.86,theme,2026_05_29,15.72
763,767,1,30630.25,30644.0,12.86,target,2026_05_29,25.72
779,781,1,30635.25,30643.0,6.86,target,2026_05_29,13.72
973,990,1,30797.0,30701.25,-96.64,theme,2026_05_29,-193.28
1043,1049,1,30686.5,30707.75,20.36,target,2026_05_29,40.72
1060,1080,1,30706.25,30657.75,-49.39,theme,2026_05_29,-98.78
1101,1104,1,30713.5,30733.75,19.36,target,2026_05_29,38.72
1114,1118,1,30722.0,30728.75,5.86,target,2026_05_29,11.72
1128,1138,1,30712.25,30686.0,-27.14,theme,2026_05_29,-54.28
1265,1292,-1,30640.75,30690.0,-50.14,theme,2026_05_29,-100.28
85,89,1,30751.5,30764.5,12.11,target,2026_06_01,24.22
184,201,1,30824.5,30843.75,18.36,target,2026_06_01,36.72
356,358,1,30839.25,30834.75,-5.39,theme,2026_06_01,-10.78
452,455,1,30852.75,30856.5,2.86,theme,2026_06_01,5.72
497,518,1,30869.5,30867.5,-2.89,theme,2026_06_01,-5.78
540,546,1,30875.0,30878.75,2.86,target,2026_06_01,5.72
561,564,1,30847.25,30834.75,-13.39,theme,2026_06_01,-26.78
605,662,-1,30789.75,30801.5,-12.64,theme,2026_06_01,-25.28
710,747,-1,30753.25,30772.25,-19.89,theme,2026_06_01,-39.78
792,833,-1,30758.25,30765.0,-7.64,theme,2026_06_01,-15.28
849,889,-1,30731.5,30774.25,-43.64,theme,2026_06_01,-87.28
913,925,-1,30637.0,30591.0,45.11,target,2026_06_01,90.22
935,961,-1,30675.25,30609.5,64.86,target,2026_06_01,129.72
976,1002,-1,30647.0,30718.25,-72.14,theme,2026_06_01,-144.28
1128,1132,1,30818.0,30839.25,20.36,target,2026_06_01,40.72
204,210,-1,30675.25,30672.0,2.36,target,2026_06_02,4.72
273,278,-1,30663.5,30673.75,-11.14,theme,2026_06_02,-22.28
339,363,-1,30633.75,30663.25,-30.39,theme,2026_06_02,-60.78
622,662,1,30848.75,30826.75,-22.89,theme,2026_06_02,-45.78
749,753,1,30848.0,30843.75,-5.14,theme,2026_06_02,-10.28
829,847,1,30838.25,30830.25,-8.89,theme,2026_06_02,-17.78
887,902,1,30847.75,30822.75,-25.89,theme,2026_06_02,-51.78
953,955,-1,30854.5,30855.0,-1.3900000000000001,theme,2026_06_02,-2.7800000000000002
991,994,1,30856.25,30898.75,41.61,target,2026_06_02,83.22
1103,1105,1,30954.5,30967.5,12.11,target,2026_06_02,24.22
1149,1174,1,30989.0,30924.75,-65.14,theme,2026_06_02,-130.28
1219,1239,1,30935.5,30913.25,-23.14,theme,2026_06_02,-46.28
1351,1379,1,31035.75,31038.75,2.11,eod,2026_06_02,4.22
273,286,1,30974.25,30972.25,-2.89,theme,2026_06_03,-5.78
321,323,1,30987.0,30992.25,4.36,theme,2026_06_03,8.72
528,536,1,30993.75,30988.0,-6.64,theme,2026_06_03,-13.28
641,655,1,31013.75,31008.75,-5.89,theme,2026_06_03,-11.78
722,726,1,31020.75,31041.25,19.61,target,2026_06_03,39.22
767,783,1,31045.75,31074.0,27.36,target,2026_06_03,54.72
860,868,1,31060.5,31053.25,-8.14,theme,2026_06_03,-16.28
979,990,-1,30995.75,31018.5,-23.64,theme,2026_06_03,-47.28
1032,1042,-1,30990.5,30963.25,26.36,target,2026_06_03,52.72
1053,1055,-1,30974.5,30935.75,37.86,target,2026_06_03,75.72
1065,1105,-1,30898.0,30844.0,53.11,target,2026_06_03,106.22
1133,1147,-1,30881.5,30847.0,33.61,target,2026_06_03,67.22
1158,1174,-1,30831.0,30874.75,-44.64,theme,2026_06_03,-89.28
62,63,-1,30741.5,30727.5,13.11,target,2026_06_04,26.22
93,95,-1,30704.5,30685.0,18.61,target,2026_06_04,37.22
114,121,-1,30707.25,30721.75,-15.39,target,2026_06_04,-30.78
425,427,1,30779.0,30782.25,2.36,theme,2026_06_04,4.72
478,525,1,30766.5,30814.25,46.86,target,2026_06_04,93.72
535,584,1,30823.25,30802.25,-21.89,theme,2026_06_04,-43.78
697,714,-1,30610.75,30632.0,-22.14,theme,2026_06_04,-44.28
747,750,-1,30585.0,30567.0,17.11,target,2026_06_04,34.22
761,763,-1,30556.75,30546.75,9.11,target,2026_06_04,18.22
783,816,-1,30534.5,30515.25,18.36,target,2026_06_04,36.72
833,851,-1,30551.0,30560.75,-10.64,theme,2026_06_04,-21.28
943,945,-1,30549.75,30522.25,26.61,target,2026_06_04,53.22
955,959,-1,30541.5,30587.0,-46.39,theme,2026_06_04,-92.78
1072,1078,1,30677.25,30696.75,18.61,theme,2026_06_04,37.22
1114,1118,1,30746.0,30758.25,11.36,target,2026_06_04,22.72
1129,1171,1,30768.0,30821.5,52.61,target,2026_06_04,105.22
1182,1259,1,30818.25,30853.75,34.61,theme,2026_06_04,69.22
1296,1306,1,30889.5,30830.25,-60.14,theme,2026_06_04,-120.28
225,232,-1,30442.75,30439.5,2.36,target,2026_06_05,4.72
308,351,-1,30487.0,30461.75,24.36,theme,2026_06_05,48.72
463,465,-1,30500.75,30490.5,9.36,target,2026_06_05,18.72
475,499,-1,30461.25,30449.0,11.36,target,2026_06_05,22.72
580,587,-1,30427.0,30426.75,-0.64,theme,2026_06_05,-1.28
669,683,-1,30453.5,30493.5,-40.89,theme,2026_06_05,-81.78
760,782,1,30516.5,30484.0,-33.39,theme,2026_06_05,-66.78
861,868,-1,30446.25,30415.5,29.86,target,2026_06_05,59.72
888,894,-1,30413.25,30383.0,29.36,target,2026_06_05,58.72
934,935,-1,30358.25,30340.0,17.36,target,2026_06_05,34.72
986,987,-1,30127.5,30113.0,13.61,target,2026_06_05,27.22
999,1001,-1,30185.25,30169.0,15.36,target,2026_06_05,30.72
1022,1027,-1,30104.25,30065.0,38.36,target,2026_06_05,76.72
1166,1196,-1,29705.75,29734.75,-29.89,theme,2026_06_05,-59.78
1267,1268,-1,29479.0,29445.5,32.61,target,2026_06_05,65.22
1308,1314,-1,29441.0,29414.0,26.11,target,2026_06_05,52.22
1367,1369,-1,29111.25,29092.25,18.11,target,2026_06_05,36.22
67,77,-1,29274.5,29267.5,6.11,target,2026_06_08,12.22
91,98,-1,29276.25,29264.0,11.36,target,2026_06_08,22.72
290,339,1,29531.5,29511.25,-21.14,theme,2026_06_08,-42.28
349,368,1,29506.75,29473.0,-34.64,theme,2026_06_08,-69.28
698,751,1,29502.5,29488.25,-15.14,theme,2026_06_08,-30.28
764,860,1,29549.25,29714.0,163.86,theme,2026_06_08,327.72
901,949,1,29800.75,29748.75,-52.89,theme,2026_06_08,-105.78
995,1065,1,29844.5,29981.0,135.61,theme,2026_06_08,271.22
1107,1114,1,29944.75,29878.0,-67.64,theme,2026_06_08,-135.28
1193,1207,1,29870.0,29903.0,32.11,target,2026_06_08,64.22
1346,1379,-1,29718.5,29732.5,-14.89,eod,2026_06_08,-29.78
121,124,-1,29727.5,29693.75,32.86,target,2026_06_09,65.72
135,152,-1,29657.0,29634.25,21.86,target,2026_06_09,43.72
164,197,-1,29626.0,29677.5,-52.39,theme,2026_06_09,-104.78
319,370,1,29843.25,29903.0,58.86,target,2026_06_09,117.72
518,533,1,29942.5,29911.75,-31.64,theme,2026_06_09,-63.28
558,575,1,29942.25,29907.5,-35.64,theme,2026_06_09,-71.28
620,629,1,29946.0,29956.75,9.86,target,2026_06_09,19.72
653,672,1,29952.75,29965.5,11.86,target,2026_06_09,23.72
696,701,1,29958.75,29977.75,18.11,target,2026_06_09,36.22
729,740,1,29954.75,29949.0,-6.64,theme,2026_06_09,-13.28
888,900,1,29975.25,30032.0,55.86,target,2026_06_09,111.72
918,929,1,30002.75,30016.25,12.61,target,2026_06_09,25.22
942,943,1,29982.25,30019.0,35.86,target,2026_06_09,71.72
959,970,1,30001.75,29927.0,-75.64,theme,2026_06_09,-151.28
996,1008,-1,29705.5,29458.0,246.61,target,2026_06_09,493.22
1037,1043,-1,29485.5,29395.25,89.36,target,2026_06_09,178.72
1142,1154,-1,28780.5,28913.25,-133.64,theme,2026_06_09,-267.28
123,161,1,29406.0,29310.75,-96.14,theme,2026_06_10,-192.28
221,227,1,29361.5,29333.75,-28.64,theme,2026_06_10,-57.28
431,438,-1,29197.0,29166.75,29.36,target,2026_06_10,58.72
451,452,-1,29200.25,29186.0,13.36,target,2026_06_10,26.72
467,469,-1,29199.0,29201.25,-3.14,target,2026_06_10,-6.28
543,562,-1,29270.0,29253.0,16.11,target,2026_06_10,32.22
702,713,-1,29055.0,29049.5,4.61,theme,2026_06_10,9.22
745,759,-1,29044.75,29092.25,-48.39,theme,2026_06_10,-96.78
798,801,-1,29016.25,28995.25,20.11,target,2026_06_10,40.22
811,812,-1,28965.0,28930.5,33.61,target,2026_06_10,67.22
830,857,-1,28935.75,28972.5,-37.64,theme,2026_06_10,-75.28
1007,1018,1,29403.5,29163.75,-240.64,theme,2026_06_10,-481.28
1086,1087,1,29104.25,29128.5,23.36,target,2026_06_10,46.72
1191,1192,-1,29038.0,29042.25,-5.14,target,2026_06_10,-10.28
1239,1243,-1,28944.0,28936.25,6.86,target,2026_06_10,13.72
89,93,-1,28682.75,28674.0,7.86,target,2026_06_11,15.72
105,106,-1,28719.25,28698.25,20.11,target,2026_06_11,40.22
310,340,1,28931.75,28969.5,36.86,target,2026_06_11,73.72
351,382,1,28999.25,29036.25,36.11,target,2026_06_11,72.22
392,439,1,29044.5,29021.0,-24.39,theme,2026_06_11,-48.78
478,491,1,29043.25,29018.5,-25.64,theme,2026_06_11,-51.28
502,564,1,29068.0,29151.5,82.61,target,2026_06_11,165.22
575,669,1,29143.75,29191.0,46.36,theme,2026_06_11,92.72
723,780,1,29193.5,29174.25,-20.14,theme,2026_06_11,-40.28
949,950,-1,29157.75,29112.25,44.61,target,2026_06_11,89.22
999,1000,-1,29076.0,29094.25,-19.14,target,2026_06_11,-38.28
1019,1045,-1,29039.25,29142.0,-103.64,theme,2026_06_11,-207.28
1231,1232,1,29502.25,29517.0,13.86,target,2026_06_11,27.72
123,126,1,29845.0,29860.0,14.11,target,2026_06_12,28.22
140,143,1,29846.75,29868.25,20.61,target,2026_06_12,41.22
180,190,1,29872.0,29849.25,-23.64,theme,2026_06_12,-47.28
260,272,1,29841.0,29799.75,-42.14,theme,2026_06_12,-84.28
417,424,1,29831.5,29821.25,-11.14,theme,2026_06_12,-22.28
459,590,-1,29758.25,29665.0,92.36,theme,2026_06_12,184.72
735,744,1,29916.25,29868.5,-48.64,theme,2026_06_12,-97.28
797,826,1,29898.5,29931.5,32.11,target,2026_06_12,64.22
846,855,1,29896.5,29883.25,-14.14,theme,2026_06_12,-28.28
1062,1072,1,29916.75,29826.5,-91.14,theme,2026_06_12,-182.28
1119,1134,1,29892.0,29952.5,59.61,target,2026_06_12,119.22
1249,1286,1,29991.0,29979.5,-12.39,theme,2026_06_12,-24.78
1329,1332,1,29991.75,30002.75,10.11,target,2026_06_12,20.22
1347,1373,1,29990.75,29964.75,-26.89,theme,2026_06_12,-53.78
115,116,1,30334.0,30343.0,8.11,target,2026_06_15,16.22
164,188,1,30441.25,30450.5,8.36,target,2026_06_15,16.72
202,207,1,30443.25,30455.0,10.86,target,2026_06_15,21.72
304,318,1,30495.5,30515.75,19.36,target,2026_06_15,38.72
349,360,1,30496.25,30487.5,-9.64,theme,2026_06_15,-19.28
499,504,1,30525.5,30545.25,18.86,target,2026_06_15,37.72
517,522,1,30527.25,30544.75,16.61,target,2026_06_15,33.22
543,548,1,30533.0,30559.5,25.61,target,2026_06_15,51.22
567,568,1,30546.25,30559.5,12.36,target,2026_06_15,24.72
676,679,1,30571.0,30566.5,-5.39,theme,2026_06_15,-10.78
740,769,1,30554.0,30556.0,1.1099999999999999,theme,2026_06_15,2.2199999999999998
826,831,1,30580.75,30603.75,22.11,target,2026_06_15,44.22
842,846,1,30602.5,30596.0,-7.39,theme,2026_06_15,-14.78
913,926,1,30595.25,30625.75,29.61,target,2026_06_15,59.22
1129,1131,1,30859.75,30863.75,3.11,target,2026_06_15,6.22
1175,1208,1,30875.25,30848.25,-27.89,theme,2026_06_15,-55.78
1244,1272,1,30882.0,30858.5,-24.39,theme,2026_06_15,-48.78
165,170,-1,30810.0,30788.0,21.11,target,2026_06_16,42.22
199,227,-1,30777.0,30795.5,-19.39,theme,2026_06_16,-38.78
258,284,-1,30786.0,30795.25,-10.14,theme,2026_06_16,-20.28
312,327,-1,30790.5,30819.0,-29.39,theme,2026_06_16,-58.78
443,469,1,30835.5,30820.0,-16.39,theme,2026_06_16,-32.78
522,534,1,30822.0,30827.75,4.86,theme,2026_06_16,9.72
587,588,1,30816.75,30816.0,-1.6400000000000001,theme,2026_06_16,-3.2800000000000002
642,645,1,30872.25,30887.5,14.36,target,2026_06_16,28.72
682,702,1,30897.25,30885.25,-12.89,theme,2026_06_16,-25.78
743,744,1,30892.25,30903.75,10.61,target,2026_06_16,21.22
766,771,1,30920.5,30932.75,11.36,target,2026_06_16,22.72
1028,1039,-1,30624.0,30613.25,9.86,target,2026_06_16,19.72
1129,1136,-1,30500.0,30471.5,27.61,target,2026_06_16,55.22
1147,1160,-1,30471.5,30456.25,14.36,target,2026_06_16,28.72
1197,1199,-1,30509.25,30481.75,26.61,target,2026_06_16,53.22
1241,1258,-1,30461.75,30429.75,31.11,target,2026_06_16,62.22
1282,1296,-1,30421.5,30408.0,12.61,target,2026_06_16,25.22
71,73,-1,30350.0,30336.75,12.36,target,2026_06_17,24.72
83,111,-1,30329.75,30314.25,14.61,target,2026_06_17,29.22
126,130,-1,30355.25,30370.25,-15.89,theme,2026_06_17,-31.78
277,288,1,30445.5,30445.75,-0.64,target,2026_06_17,-1.28
348,511,1,30459.75,30492.25,31.61,theme,2026_06_17,63.22
522,623,1,30529.0,30531.25,1.3599999999999999,theme,2026_06_17,2.7199999999999998
692,701,1,30524.0,30490.75,-34.14,theme,2026_06_17,-68.28
822,829,-1,30454.25,30421.75,31.61,target,2026_06_17,63.22
852,869,-1,30454.75,30466.75,-12.89,theme,2026_06_17,-25.78
976,988,-1,30458.25,30508.0,-50.64,theme,2026_06_17,-101.28
1019,1030,-1,30360.5,30359.0,0.61,target,2026_06_17,1.22
1040,1055,-1,30423.5,30431.5,-8.89,theme,2026_06_17,-17.78
1126,1149,-1,30415.75,30380.25,34.61,target,2026_06_17,69.22
1161,1190,-1,30389.5,30411.0,-22.39,theme,2026_06_17,-44.78
1220,1225,-1,30322.75,30234.25,87.61,target,2026_06_17,175.22
1240,1249,-1,30361.25,30450.25,-89.89,theme,2026_06_17,-179.78
1324,1346,-1,30055.0,30119.5,-65.39,theme,2026_06_17,-130.78
206,235,1,30421.75,30389.5,-33.14,theme,2026_06_18,-66.28
264,303,1,30406.25,30401.75,-5.39,theme,2026_06_18,-10.78
567,610,1,30426.5,30489.5,62.11,target,2026_06_18,124.22
627,649,1,30432.25,30445.0,11.86,theme,2026_06_18,23.72
704,717,1,30463.5,30493.75,29.36,target,2026_06_18,58.72
732,741,1,30465.25,30492.75,26.61,target,2026_06_18,53.22
757,761,1,30455.0,30456.25,0.36,theme,2026_06_18,0.72
938,942,1,30442.25,30453.0,9.86,target,2026_06_18,19.72
990,995,1,30520.75,30546.25,24.61,target,2026_06_18,49.22
1041,1058,1,30624.5,30548.0,-77.39,theme,2026_06_18,-154.78
1098,1101,1,30648.75,30669.25,19.61,target,2026_06_18,39.22
1198,1208,1,30711.5,30702.75,-9.64,theme,2026_06_18,-19.28
1301,1303,1,30714.5,30733.5,18.11,target,2026_06_18,36.22
1323,1324,1,30699.25,30712.25,12.11,target,2026_06_18,24.22
1334,1341,1,30714.0,30733.25,18.36,target,2026_06_18,36.72
1351,1356,1,30735.0,30738.0,2.11,theme,2026_06_18,4.22
1372,1379,1,30713.25,30726.5,12.36,eod,2026_06_18,24.72
88,95,1,30684.5,30682.0,-3.39,theme,2026_06_19,-6.78
156,182,-1,30655.0,30636.25,17.86,target,2026_06_19,35.72
198,284,-1,30627.25,30619.25,7.11,theme,2026_06_19,14.22
311,363,-1,30583.0,30502.75,79.36,target,2026_06_19,158.72
376,417,-1,30494.0,30422.75,70.36,target,2026_06_19,140.72
427,478,-1,30436.5,30478.75,-43.14,theme,2026_06_19,-86.28
672,683,1,30627.5,30619.5,-8.89,theme,2026_06_19,-17.78
721,731,1,30625.25,30618.0,-8.14,theme,2026_06_19,-16.28
1059,1062,1,30665.0,30665.75,-0.14,theme,2026_06_19,-0.28
1137,1139,1,30667.0,30651.0,-16.89,eod,2026_06_19,-33.78
125,133,-1,30490.5,30484.75,4.86,theme,2026_06_22,9.72
372,386,-1,30570.0,30551.75,17.36,target,2026_06_22,34.72
409,415,-1,30562.5,30570.75,-9.14,theme,2026_06_22,-18.28
584,600,1,30749.5,30758.75,8.36,theme,2026_06_22,16.72
665,704,1,30746.75,30708.0,-39.64,theme,2026_06_22,-79.28
805,818,1,30742.0,30763.0,20.11,target,2026_06_22,40.22
828,841,1,30745.25,30766.0,19.86,target,2026_06_22,39.72
936,938,1,30846.0,30889.75,42.86,target,2026_06_22,85.72
979,991,1,30878.75,30702.25,-177.39,theme,2026_06_22,-354.78
1064,1068,-1,30658.25,30636.75,20.61,target,2026_06_22,41.22
1096,1121,-1,30564.5,30529.0,34.61,target,2026_06_22,69.22
1132,1133,-1,30586.5,30589.75,-4.14,theme,2026_06_22,-8.28
1158,1161,-1,30580.25,30601.0,-21.64,theme,2026_06_22,-43.28
1250,1260,-1,30601.25,30558.75,41.61,target,2026_06_22,83.22
1274,1277,-1,30571.5,30568.0,2.61,theme,2026_06_22,5.22
117,122,-1,30565.5,30581.5,-16.89,theme,2026_06_23,-33.78
163,170,-1,30555.5,30614.0,-59.39,theme,2026_06_23,-118.78
271,288,-1,30446.0,30404.5,40.61,target,2026_06_23,81.22
356,366,-1,30378.25,30387.0,-9.64,theme,2026_06_23,-19.28
391,396,-1,30319.5,30309.25,9.36,target,2026_06_23,18.72
559,564,-1,30015.75,29994.75,20.11,target,2026_06_23,40.22
634,646,-1,29849.25,29806.75,41.61,target,2026_06_23,83.22
656,658,-1,29827.75,29815.25,11.61,target,2026_06_23,23.22
726,729,-1,29895.5,29876.75,17.86,target,2026_06_23,35.72
739,745,-1,29870.0,29846.75,22.36,target,2026_06_23,44.72
768,773,-1,29793.5,29795.5,-2.89,target,2026_06_23,-5.78
783,786,-1,29832.5,29794.0,37.61,target,2026_06_23,75.22
796,801,-1,29833.0,29859.5,-27.39,theme,2026_06_23,-54.78
872,873,-1,29770.0,29752.0,17.11,target,2026_06_23,34.22
886,905,-1,29745.0,29719.25,24.86,target,2026_06_23,49.72
922,926,-1,29740.25,29705.75,33.61,target,2026_06_23,67.22
936,937,-1,29719.5,29674.0,44.61,target,2026_06_23,89.22
1130,1131,1,29863.25,29846.5,-17.64,theme,2026_06_23,-35.28
1165,1166,-1,29878.25,29872.25,5.11,target,2026_06_23,10.22
1194,1196,-1,29782.75,29750.75,31.11,target,2026_06_23,62.22
1206,1236,-1,29752.5,29709.25,42.36,target,2026_06_23,84.72
1267,1269,-1,29694.0,29649.5,43.61,target,2026_06_23,87.22
1287,1291,-1,29706.0,29714.75,-9.64,theme,2026_06_23,-19.28
77,86,-1,29662.0,29688.0,-26.89,theme,2026_06_24,-53.78
231,235,1,29832.0,29846.0,13.11,target,2026_06_24,26.22
245,262,1,29829.0,29782.5,-47.39,theme,2026_06_24,-94.78
454,487,1,29855.25,29809.0,-47.14,theme,2026_06_24,-94.28
521,545,1,29841.25,29806.0,-36.14,theme,2026_06_24,-72.28
612,614,1,29833.75,29853.5,18.86,target,2026_06_24,37.72
624,659,1,29837.0,29817.0,-20.89,theme,2026_06_24,-41.78
763,787,1,29838.0,29789.0,-49.89,theme,2026_06_24,-99.78
874,881,1,29843.0,29802.75,-41.14,theme,2026_06_24,-82.28
901,942,-1,29755.5,29629.5,125.11,target,2026_06_24,250.22
954,963,-1,29770.0,29667.25,101.86,target,2026_06_24,203.72
973,976,-1,29675.25,29624.0,50.36,target,2026_06_24,100.72
986,987,-1,29677.0,29658.0,18.11,target,2026_06_24,36.22
1052,1054,-1,29788.5,29761.75,25.86,target,2026_06_24,51.72
1067,1099,-1,29707.25,29778.5,-72.14,theme,2026_06_24,-144.28
1198,1199,-1,29411.25,29383.25,27.11,target,2026_06_24,54.22
1293,1302,-1,29391.25,29405.25,-14.89,theme,2026_06_24,-29.78
84,96,1,30078.5,30104.75,25.36,target,2026_06_25,50.72
110,139,1,30103.5,30069.25,-35.14,theme,2026_06_25,-70.28
379,383,1,30025.25,30042.5,16.36,target,2026_06_25,32.72
394,398,1,30005.25,30019.0,12.86,target,2026_06_25,25.72
629,644,1,30181.0,30160.75,-21.14,theme,2026_06_25,-42.28
703,758,1,30151.5,30180.25,27.86,target,2026_06_25,55.72
768,773,1,30154.75,30167.75,12.11,target,2026_06_25,24.22
856,871,1,30145.0,30244.0,98.11,target,2026_06_25,196.22
903,922,1,30197.0,30143.5,-54.39,theme,2026_06_25,-108.78
943,944,-1,29846.75,29770.5,75.36,target,2026_06_25,150.72
973,1001,-1,29622.75,29697.25,-75.39,theme,2026_06_25,-150.78
1041,1072,-1,29558.5,29687.25,-129.64,theme,2026_06_25,-259.28
1131,1136,-1,29700.75,29666.25,33.61,target,2026_06_25,67.22
1146,1163,-1,29691.0,29713.75,-23.64,theme,2026_06_25,-47.28
1297,1322,-1,29638.5,29897.0,-259.39,theme,2026_06_25,-518.78
104,122,1,29782.75,29691.5,-92.14,theme,2026_06_26,-184.28
159,160,-1,29666.5,29674.75,-9.14,target,2026_06_26,-18.28
170,175,-1,29670.75,29651.25,18.61,target,2026_06_26,37.22
199,207,-1,29653.0,29618.5,33.61,target,2026_06_26,67.22
323,331,-1,29240.25,29230.0,9.36,target,2026_06_26,18.72
347,348,-1,29253.75,29262.75,-9.89,target,2026_06_26,-19.78
407,412,-1,29289.5,29273.0,15.61,target,2026_06_26,31.22
423,425,-1,29280.5,29266.0,13.61,target,2026_06_26,27.22
437,442,-1,29342.25,29333.25,8.11,theme,2026_06_26,16.22
487,489,-1,29314.25,29294.5,18.86,target,2026_06_26,37.72
719,722,1,29377.0,29325.0,-52.89,theme,2026_06_26,-105.78
929,931,-1,29320.5,29335.0,-15.39,target,2026_06_26,-30.78
946,957,-1,29252.0,29415.25,-164.14,theme,2026_06_26,-328.28
1052,1063,1,29632.75,29684.5,50.86,target,2026_06_26,101.72
1076,1078,1,29593.5,29635.5,41.11,target,2026_06_26,82.22
1091,1097,1,29553.75,29579.5,24.86,target,2026_06_26,49.72
1128,1150,1,29603.5,29689.0,84.61,target,2026_06_26,169.22
1160,1181,1,29604.5,29573.75,-31.64,theme,2026_06_26,-63.28
1375,1379,-1,29292.75,29295.25,-3.39,target,2026_06_26,-6.78
260,274,-1,29436.5,29510.0,-74.39,theme,2026_06_29,-148.78
335,339,1,29521.25,29486.5,-35.64,theme,2026_06_29,-71.28
365,401,1,29576.25,29511.5,-65.64,theme,2026_06_29,-131.28
451,454,1,29527.25,29564.75,36.61,target,2026_06_29,73.22
487,512,1,29602.0,29675.75,72.86,target,2026_06_29,145.72
544,548,1,29592.25,29601.5,8.36,theme,2026_06_29,16.72
616,618,1,29683.75,29701.25,16.61,target,2026_06_29,33.22
631,659,1,29706.25,29659.5,-47.64,theme,2026_06_29,-95.28
714,721,1,29638.5,29675.5,36.11,target,2026_06_29,72.22
738,750,1,29672.5,29717.75,44.36,target,2026_06_29,88.72
803,806,1,29702.25,29707.0,3.86,theme,2026_06_29,7.72
849,882,1,29721.5,29658.5,-63.89,theme,2026_06_29,-127.78
923,931,1,29691.0,29623.5,-68.39,theme,2026_06_29,-136.78
959,962,1,29603.5,29588.25,-16.14,theme,2026_06_29,-32.28
983,984,-1,29397.25,29360.75,35.61,target,2026_06_29,71.22
997,1013,-1,29597.0,29618.5,-22.39,theme,2026_06_29,-44.78
1231,1235,1,29996.75,30023.5,25.86,target,2026_06_29,51.72
1266,1268,1,30008.5,30034.25,24.86,target,2026_06_29,49.72
1343,1368,1,30028.5,30000.75,-28.64,theme,2026_06_29,-57.28
81,90,1,30036.0,30035.5,-1.3900000000000001,theme,2026_06_30,-2.7800000000000002
100,123,1,30042.25,30023.25,-19.89,theme,2026_06_30,-39.78
143,152,1,30044.75,29962.5,-83.14,theme,2026_06_30,-166.28
210,230,1,30065.25,30035.25,-30.89,theme,2026_06_30,-61.78
441,450,1,30179.25,30161.75,-18.39,theme,2026_06_30,-36.78
571,572,1,30126.25,30121.0,-6.14,theme,2026_06_30,-12.28
913,933,-1,30034.75,30135.25,-101.39,theme,2026_06_30,-202.78
1171,1186,1,30526.5,30532.5,5.11,theme,2026_06_30,10.22
1221,1244,1,30543.5,30555.25,10.86,target,2026_06_30,21.72
1299,1301,1,30552.75,30567.0,13.36,target,2026_06_30,26.72
1313,1314,1,30555.5,30582.5,26.11,target,2026_06_30,52.22
182,186,1,30527.0,30514.25,-13.64,theme,2026_07_01,-27.28
380,414,-1,30435.75,30467.75,-32.89,theme,2026_07_01,-65.78
622,659,-1,30348.5,30369.0,-21.39,theme,2026_07_01,-42.78
696,715,-1,30360.0,30377.25,-18.14,theme,2026_07_01,-36.28
901,912,-1,30272.75,30264.5,7.36,target,2026_07_01,14.72
922,926,-1,30289.75,30251.25,37.61,target,2026_07_01,75.22
962,964,-1,30265.0,30278.75,-14.64,target,2026_07_01,-29.28
1024,1029,-1,30252.5,30220.0,31.61,target,2026_07_01,63.22
1040,1043,-1,30297.5,30328.75,-32.14,theme,2026_07_01,-64.28
1082,1086,-1,30251.5,30242.0,8.61,target,2026_07_01,17.22
1096,1116,-1,30227.75,30244.25,-17.39,theme,2026_07_01,-34.78
1126,1147,-1,30204.75,30167.25,36.61,target,2026_07_01,73.22
1157,1212,-1,30199.25,30155.5,42.86,target,2026_07_01,85.72
1269,1273,-1,30202.0,30186.75,14.36,target,2026_07_01,28.72
1370,1379,-1,30055.5,30066.0,-11.39,theme,2026_07_01,-22.78
75,110,-1,30063.25,30025.75,36.61,target,2026_07_02,73.22
146,149,-1,30044.0,30045.75,-2.64,target,2026_07_02,-5.28
159,161,-1,30066.25,30052.25,13.11,theme,2026_07_02,26.22
292,296,1,30202.5,30200.0,-3.39,theme,2026_07_02,-6.78
573,594,-1,29861.5,29912.75,-52.14,theme,2026_07_02,-104.28
629,634,-1,29927.75,29958.25,-31.39,theme,2026_07_02,-62.78
692,713,-1,29982.0,29987.0,-5.89,theme,2026_07_02,-11.78
870,871,1,30185.25,30277.5,91.36,target,2026_07_02,182.72
886,914,1,30252.5,30148.75,-104.64,theme,2026_07_02,-209.28
961,962,1,30248.0,30267.25,18.36,target,2026_07_02,36.72
972,974,1,30181.5,30247.5,65.11,target,2026_07_02,130.22
984,985,1,30105.5,30079.75,-26.64,target,2026_07_02,-53.28
1062,1063,-1,29781.5,29760.25,20.36,target,2026_07_02,40.72
1174,1175,-1,29456.25,29427.5,27.86,target,2026_07_02,55.72
1209,1218,-1,29457.25,29418.0,38.36,target,2026_07_02,76.72
1271,1279,-1,29401.5,29391.75,8.86,target,2026_07_02,17.72
1297,1313,-1,29439.75,29498.75,-59.89,theme,2026_07_02,-119.78
121,132,1,29626.0,29563.25,-63.64,theme,2026_07_03,-127.28
211,222,1,29661.75,29675.25,12.61,target,2026_07_03,25.22
233,458,1,29689.5,29839.25,148.86,target,2026_07_03,297.72
470,481,1,29814.0,29835.75,20.86,target,2026_07_03,41.72
506,537,1,29854.75,29841.75,-13.89,theme,2026_07_03,-27.78
575,614,1,29852.0,29837.0,-15.89,theme,2026_07_03,-31.78
639,731,1,29861.5,29879.5,17.11,theme,2026_07_03,34.22
754,760,1,29882.25,29866.5,-16.64,theme,2026_07_03,-33.28
771,835,1,29884.5,29894.25,8.86,target,2026_07_03,17.72
855,884,1,29887.5,29883.25,-5.14,theme,2026_07_03,-10.28
908,931,1,29901.5,29940.25,37.86,target,2026_07_03,75.72
941,980,1,29922.25,29905.5,-17.64,theme,2026_07_03,-35.28
1026,1054,1,29909.0,29897.25,-12.64,theme,2026_07_03,-25.28
1106,1111,1,29905.5,29903.5,-2.89,theme,2026_07_03,-5.78
1131,1139,1,29905.5,29903.75,-2.64,eod,2026_07_03,-5.28
100,107,1,29981.75,29988.5,5.86,target,2026_07_06,11.72
124,127,1,29939.25,29934.0,-6.14,theme,2026_07_06,-12.28
243,253,-1,29798.5,29761.5,36.11,target,2026_07_06,72.22
307,320,-1,29755.0,29761.25,-7.14,theme,2026_07_06,-14.28
361,389,-1,29712.0,29797.0,-85.89,theme,2026_07_06,-171.78
663,667,1,29861.75,29870.75,8.11,target,2026_07_06,16.22
683,687,1,29855.25,29860.0,3.86,target,2026_07_06,7.72
702,709,1,29859.0,29828.75,-31.14,theme,2026_07_06,-62.28
767,770,1,29859.75,29858.5,-2.14,theme,2026_07_06,-4.28
785,787,1,29851.5,29848.0,-4.39,theme,2026_07_06,-8.78
841,842,1,29881.25,29904.25,22.11,target,2026_07_06,44.22
867,873,1,29887.0,29901.0,13.11,target,2026_07_06,26.22
905,907,1,29900.75,29896.75,-4.89,theme,2026_07_06,-9.78
1019,1022,1,30020.5,30030.25,8.86,target,2026_07_06,17.72
1105,1109,1,30045.75,30031.25,-15.39,theme,2026_07_06,-30.78
65,80,-1,29921.0,29876.5,43.61,target,2026_07_07,87.22
90,185,-1,29897.25,29815.5,80.86,target,2026_07_07,161.72
228,240,-1,29799.0,29773.0,25.11,target,2026_07_07,50.22
283,299,-1,29767.0,29746.5,19.61,target,2026_07_07,39.22
311,317,-1,29772.75,29741.75,30.11,target,2026_07_07,60.22
394,397,-1,29644.0,29632.0,11.11,target,2026_07_07,22.22
454,463,-1,29623.0,29661.25,-39.14,theme,2026_07_07,-78.28
514,537,-1,29657.5,29691.25,-34.64,theme,2026_07_07,-69.28
714,735,-1,29649.75,29648.75,0.10999999999999999,target,2026_07_07,0.21999999999999997
800,815,-1,29634.5,29601.25,32.36,target,2026_07_07,64.72
827,834,-1,29623.5,29607.75,14.86,target,2026_07_07,29.72
917,919,-1,29621.0,29617.75,2.36,target,2026_07_07,4.72
1016,1035,-1,29305.5,29317.25,-12.64,theme,2026_07_07,-25.28
1296,1300,-1,29345.25,29323.25,21.11,target,2026_07_07,42.22
1313,1320,-1,29343.5,29392.75,-50.14,theme,2026_07_07,-100.28
128,142,-1,29364.5,29424.75,-61.14,theme,2026_07_08,-122.28
294,302,1,29459.5,29482.25,21.86,target,2026_07_08,43.72
316,361,1,29494.25,29456.0,-39.14,theme,2026_07_08,-78.28
534,538,-1,29345.5,29324.5,20.11,target,2026_07_08,40.22
554,568,-1,29312.5,29336.25,-24.64,theme,2026_07_08,-49.28
704,718,-1,28959.25,28965.5,-7.14,theme,2026_07_08,-14.28
742,743,-1,28998.0,28991.25,5.86,target,2026_07_08,11.72
797,805,-1,28996.0,28981.75,13.36,target,2026_07_08,26.72
817,820,-1,29016.0,29004.25,10.86,target,2026_07_08,21.72
1153,1162,1,29354.75,29398.25,42.61,target,2026_07_08,85.22
1191,1211,1,29376.5,29412.75,35.36,theme,2026_07_08,70.72
1238,1241,1,29398.25,29399.5,0.36,target,2026_07_08,0.72
1251,1312,1,29407.75,29435.5,26.86,target,2026_07_08,53.72
1323,1349,1,29430.25,29398.25,-32.89,theme,2026_07_08,-65.78
81,90,1,29404.75,29423.25,17.61,target,2026_07_09,35.22
166,168,1,29531.0,29545.75,13.86,target,2026_07_09,27.72
223,239,1,29524.5,29448.0,-77.39,theme,2026_07_09,-154.78
267,295,1,29530.25,29437.75,-93.39,theme,2026_07_09,-186.78
412,432,1,29538.5,29578.75,39.36,target,2026_07_09,78.72
446,453,1,29517.5,29480.0,-38.39,theme,2026_07_09,-76.78
516,524,1,29619.75,29630.75,10.11,target,2026_07_09,20.22
540,545,1,29613.0,29624.5,10.61,target,2026_07_09,21.22
581,583,1,29643.25,29656.0,11.86,target,2026_07_09,23.72
632,644,1,29701.0,29673.0,-28.89,theme,2026_07_09,-57.78
726,767,1,29654.75,29609.25,-46.39,theme,2026_07_09,-92.78
979,984,1,29717.25,29671.5,-46.64,theme,2026_07_09,-93.28
1056,1061,1,29866.0,29880.75,13.86,target,2026_07_09,27.72
1111,1113,1,29898.0,29905.25,6.36,target,2026_07_09,12.72
1129,1132,1,29896.75,29907.0,9.36,target,2026_07_09,18.72
1200,1218,1,29974.5,29968.75,-6.64,theme,2026_07_09,-13.28
1308,1327,1,29949.75,29966.75,16.11,target,2026_07_09,32.22
1347,1366,1,29948.5,29934.25,-15.14,theme,2026_07_09,-30.28
109,117,1,29936.5,29956.5,19.11,target,2026_07_10,38.22
180,200,-1,29867.0,29861.5,4.61,theme,2026_07_10,9.22
262,289,-1,29868.25,29924.75,-57.39,theme,2026_07_10,-114.78
467,550,-1,29867.75,29802.75,64.11,theme,2026_07_10,128.22
568,582,-1,29810.0,29799.0,10.11,target,2026_07_10,20.22
592,651,-1,29786.25,29788.75,-3.39,theme,2026_07_10,-6.78
662,677,-1,29736.25,29804.25,-68.89,theme,2026_07_10,-137.78
886,905,1,29829.75,29804.5,-26.14,theme,2026_07_10,-52.28
945,946,1,29856.0,29874.5,17.61,target,2026_07_10,35.22
978,997,1,29946.75,29869.5,-78.14,theme,2026_07_10,-156.28
1043,1046,1,29932.75,29959.75,26.11,target,2026_07_10,52.22
1065,1070,1,29874.75,29912.0,36.36,target,2026_07_10,72.72
1080,1081,1,29944.75,29971.25,25.61,target,2026_07_10,51.22
1145,1147,1,30006.0,30016.0,9.11,target,2026_07_10,18.22
1157,1165,1,30016.5,30036.0,18.61,target,2026_07_10,37.22
1282,1320,1,30049.5,30038.75,-11.64,theme,2026_07_10,-23.28
1330,1338,1,30046.5,30054.75,7.36,target,2026_07_10,14.72
1348,1379,1,30055.0,30069.0,13.11,eod,2026_07_10,26.22
98,107,-1,29882.25,29854.5,26.86,target,2026_07_13,53.72
119,125,-1,29884.0,29965.5,-82.39,theme,2026_07_13,-164.78
170,229,-1,29862.0,29781.5,79.61,target,2026_07_13,159.22
257,286,-1,29760.25,29764.0,-4.64,theme,2026_07_13,-9.28
352,360,-1,29704.75,29689.0,14.86,target,2026_07_13,29.72
434,439,-1,29682.5,29651.0,30.61,theme,2026_07_13,61.22
483,484,-1,29664.25,29645.75,17.61,target,2026_07_13,35.22
514,516,-1,29625.5,29611.25,13.36,target,2026_07_13,26.72
526,535,-1,29625.5,29621.75,2.86,target,2026_07_13,5.72
710,737,1,29761.25,29749.75,-12.39,theme,2026_07_13,-24.78
781,836,1,29785.25,29745.0,-41.14,theme,2026_07_13,-82.28
988,990,-1,29661.75,29702.0,-41.14,theme,2026_07_13,-82.28
1066,1072,-1,29643.0,29604.25,37.86,target,2026_07_13,75.72
1082,1103,-1,29608.5,29565.25,42.36,target,2026_07_13,84.72
1141,1145,-1,29549.25,29529.75,18.61,target,2026_07_13,37.22
1155,1156,-1,29541.25,29526.5,13.86,target,2026_07_13,27.72
1177,1231,-1,29504.5,29456.75,46.86,target,2026_07_13,93.72
1241,1260,-1,29504.25,29492.75,10.61,target,2026_07_13,21.22
1321,1326,-1,29465.75,29466.0,-1.1400000000000001,theme,2026_07_13,-2.2800000000000002
1351,1379,-1,29427.25,29430.75,-4.39,eod,2026_07_13,-8.78
117,125,-1,29386.75,29364.5,21.36,target,2026_07_14,42.72
333,353,-1,29372.5,29414.5,-42.89,theme,2026_07_14,-85.78
440,532,1,29547.5,29584.0,35.61,theme,2026_07_14,71.22
574,604,1,29593.0,29569.5,-24.39,theme,2026_07_14,-48.78
627,628,1,29614.75,29622.5,6.86,target,2026_07_14,13.72
642,665,1,29618.25,29599.0,-20.14,theme,2026_07_14,-40.28
708,721,1,29613.25,29601.25,-12.89,theme,2026_07_14,-25.78
731,751,1,29617.75,29593.75,-24.89,theme,2026_07_14,-49.78
771,783,1,29619.0,29574.25,-45.64,theme,2026_07_14,-91.28
826,851,1,29621.0,29591.0,-30.89,theme,2026_07_14,-61.78
921,925,1,29773.75,29796.0,21.36,theme,2026_07_14,42.72
1009,1013,1,29712.25,29740.75,27.61,target,2026_07_14,55.22
1130,1150,1,29809.5,29843.5,33.11,target,2026_07_14,66.22
1160,1162,1,29835.25,29852.25,16.11,target,2026_07_14,32.22
1176,1179,1,29829.75,29844.0,13.36,target,2026_07_14,26.72
1318,1323,1,29815.0,29775.75,-40.14,theme,2026_07_14,-80.28
128,131,1,29855.75,29881.75,25.11,target,2026_07_15,50.22
165,166,1,29859.0,29875.25,15.36,target,2026_07_15,30.72
184,186,1,29871.25,29879.5,7.36,target,2026_07_15,14.72
226,234,1,29906.25,29932.25,25.11,target,2026_07_15,50.22
294,297,1,29968.75,29973.25,3.61,target,2026_07_15,7.22
308,310,1,29956.25,29958.25,1.1099999999999999,theme,2026_07_15,2.2199999999999998
393,404,1,29994.75,30002.75,7.11,theme,2026_07_15,14.22
435,438,1,29999.75,30017.25,16.61,target,2026_07_15,33.22
449,452,1,29979.0,29970.0,-9.89,theme,2026_07_15,-19.78
499,532,1,30030.0,30016.25,-14.64,theme,2026_07_15,-29.28
558,565,1,30027.0,29990.5,-37.39,theme,2026_07_15,-74.78
717,744,-1,29919.75,29908.75,10.11,target,2026_07_15,20.22
754,790,-1,29899.25,29936.5,-38.14,theme,2026_07_15,-76.28
827,846,-1,29916.0,29881.75,33.36,target,2026_07_15,66.72
859,883,-1,29886.0,29970.5,-85.39,theme,2026_07_15,-170.78
946,986,-1,29832.5,29669.5,162.11,target,2026_07_15,324.22
997,1003,-1,29620.0,29542.5,76.61,target,2026_07_15,153.22
1013,1037,-1,29598.75,29554.5,43.36,target,2026_07_15,86.72
1048,1056,-1,29601.0,29608.75,-8.64,theme,2026_07_15,-17.28
1076,1082,-1,29583.0,29550.25,31.86,target,2026_07_15,63.72
1101,1145,-1,29465.0,29526.25,-62.14,theme,2026_07_15,-124.28
80,88,1,29705.0,29722.0,16.11,target,2026_07_16,32.22
103,105,1,29704.0,29721.25,16.36,target,2026_07_16,32.72
129,147,1,29728.0,29676.75,-52.14,theme,2026_07_16,-104.28
332,348,1,29737.5,29717.25,-21.14,theme,2026_07_16,-42.28
373,387,1,29745.0,29717.5,-28.39,theme,2026_07_16,-56.78
436,467,1,29757.5,29690.5,-67.89,theme,2026_07_16,-135.78
512,514,1,29683.0,29675.25,-8.64,theme,2026_07_16,-17.28
633,649,-1,29541.25,29584.25,-43.89,theme,2026_07_16,-87.78
712,719,-1,29563.75,29535.0,27.86,target,2026_07_16,55.72
732,742,-1,29544.0,29520.25,22.86,target,2026_07_16,45.72
752,760,-1,29541.25,29513.5,26.86,target,2026_07_16,53.72
817,819,-1,29465.0,29440.25,23.86,target,2026_07_16,47.72
842,844,-1,29454.0,29434.0,19.11,target,2026_07_16,38.22
861,865,-1,29432.75,29385.0,46.86,target,2026_07_16,93.72
903,911,-1,29410.0,29440.5,-31.39,theme,2026_07_16,-62.78
964,965,-1,29400.0,29398.5,0.61,target,2026_07_16,1.22
978,980,-1,29470.0,29482.5,-13.39,target,2026_07_16,-26.78
1022,1027,-1,29425.25,29384.0,40.36,target,2026_07_16,80.72
1041,1043,-1,29372.25,29369.5,1.8599999999999999,target,2026_07_16,3.7199999999999998
1055,1065,-1,29438.25,29397.25,40.11,target,2026_07_16,80.22
1138,1141,-1,29331.75,29297.75,33.11,target,2026_07_16,66.22
1171,1174,-1,29329.5,29295.25,33.36,target,2026_07_16,66.72
1202,1216,-1,29252.5,29229.0,22.61,target,2026_07_16,45.22
1226,1231,-1,29274.0,29251.25,21.86,target,2026_07_16,43.72
1246,1254,-1,29234.25,29218.25,15.11,target,2026_07_16,30.22
1265,1268,-1,29227.0,29192.5,33.61,target,2026_07_16,67.22
1319,1327,-1,29201.0,29191.0,9.11,theme,2026_07_16,18.22
76,79,-1,29127.0,29110.75,15.36,target,2026_07_17,30.72
123,126,-1,29112.0,29087.0,24.11,target,2026_07_17,48.22
139,142,-1,29048.5,29040.75,6.86,target,2026_07_17,13.72
168,185,-1,29026.5,29092.75,-67.14,theme,2026_07_17,-134.28
287,292,-1,28925.75,28918.5,6.36,target,2026_07_17,12.72
302,315,-1,28918.25,28954.5,-37.14,theme,2026_07_17,-74.28
357,361,-1,28921.25,28893.25,27.11,target,2026_07_17,54.22
439,443,-1,28808.5,28798.75,8.86,target,2026_07_17,17.72
483,488,-1,28763.25,28735.25,27.11,target,2026_07_17,54.22
500,507,-1,28772.75,28819.25,-47.39,theme,2026_07_17,-94.78
546,547,-1,28762.0,28750.5,10.61,target,2026_07_17,21.22
560,561,-1,28757.5,28743.75,12.86,target,2026_07_17,25.72
604,611,-1,28703.75,28677.25,25.61,target,2026_07_17,51.22
899,901,-1,28667.75,28656.0,10.86,target,2026_07_17,21.72
933,934,-1,28629.5,28576.75,51.86,target,2026_07_17,103.72
957,967,-1,28623.25,28800.0,-177.64,theme,2026_07_17,-355.28
1016,1020,1,28801.75,28726.5,-76.14,theme,2026_07_17,-152.28
1065,1075,1,28799.0,28883.5,83.61,target,2026_07_17,167.22
1085,1185,1,28885.25,28950.0,63.86,theme,2026_07_17,127.72
