entry_i,exit_i,dir,entry,exit,pts,reason,day
182,186,-1,25498.25,25538.5,-41.14,scratch,2025_12_16
197,204,-1,25440.0,25522.0,-82.89,scratch,2025_12_16
214,223,1,25562.0,25549.75,-13.14,scratch,2025_12_16
236,239,1,25441.0,25439.75,-2.14,theme,2025_12_16
63,66,1,25555.75,25562.75,6.11,scratch,2025_12_17
80,83,1,25620.75,25660.0,38.36,target,2025_12_17
256,261,-1,25245.0,25261.0,-16.89,scratch,2025_12_17
273,274,-1,25255.0,25242.25,11.86,target,2025_12_17
284,288,-1,25270.0,25292.25,-23.14,scratch,2025_12_17
333,337,-1,25162.0,25157.25,3.86,target,2025_12_17
353,359,-1,25196.0,25172.0,23.11,theme,2025_12_17
386,388,-1,25187.25,25189.75,-3.39,target,2025_12_17
79,85,-1,25170.0,25195.5,-26.39,scratch,2025_12_18
319,323,1,25587.0,25615.0,27.11,target,2025_12_18
381,385,1,25597.0,25601.25,3.36,target,2025_12_18
400,402,1,25532.75,25500.0,-33.64,scratch,2025_12_18
459,471,1,25479.0,25444.0,-35.89,eod,2025_12_18
98,99,1,25513.0,25517.0,3.11,scratch,2025_12_19
111,115,1,25511.0,25532.0,20.11,target,2025_12_19
140,146,1,25562.5,25590.25,26.86,scratch,2025_12_19
252,257,1,25592.75,25569.75,-23.89,scratch,2025_12_19
323,332,1,25768.75,25725.75,-43.89,theme,2025_12_19
366,370,1,25760.5,25775.0,13.61,target,2025_12_19
384,390,1,25750.5,25778.75,27.36,target,2025_12_19
438,448,1,25772.75,25794.0,20.36,theme,2025_12_19
473,480,1,25795.75,25793.0,-3.64,scratch,2025_12_19
500,502,1,25798.75,25816.0,16.36,target,2025_12_19
189,191,1,25917.5,25918.0,-0.39,target,2025_12_22
273,277,1,25936.0,25920.0,-16.89,scratch,2025_12_22
288,295,1,25918.0,25934.0,15.11,target,2025_12_22
305,321,1,25930.0,25945.0,14.11,target,2025_12_22
132,136,-1,25918.0,25944.25,-27.14,scratch,2025_12_23
179,182,-1,25907.0,25909.25,-3.14,target,2025_12_23
194,199,-1,25946.0,25960.75,-15.64,theme,2025_12_23
108,113,1,26010.0,26024.75,13.86,scratch,2025_12_24
125,127,1,26022.25,26027.0,3.86,target,2025_12_24
186,187,1,26124.25,26108.5,-16.64,target,2025_12_26
297,306,1,26097.75,26088.75,-9.89,scratch,2025_12_26
181,192,-1,25991.5,25956.25,34.36,theme,2025_12_29
232,235,-1,26015.0,26020.25,-6.14,scratch,2025_12_29
273,288,-1,25957.25,25927.25,29.11,target,2025_12_29
316,317,-1,25930.25,25923.5,5.86,scratch,2025_12_29
327,332,-1,25925.75,25900.75,24.11,target,2025_12_29
362,371,-1,25924.5,25921.0,2.61,scratch,2025_12_29
150,153,-1,25965.0,25979.5,-15.39,scratch,2025_12_30
186,192,-1,25918.25,25945.0,-27.64,scratch,2025_12_30
204,208,-1,25974.5,25980.0,-6.39,theme,2025_12_30
235,237,1,25946.0,25937.75,-9.14,scratch,2025_12_30
290,293,1,25954.25,25940.0,-15.14,scratch,2025_12_30
307,311,1,25957.25,25950.5,-7.64,scratch,2025_12_30
321,323,1,25931.75,25924.25,-8.39,theme,2025_12_30
132,142,-1,25831.25,25821.0,9.36,scratch,2025_12_31
183,187,-1,25803.25,25816.0,-13.64,scratch,2025_12_31
381,384,-1,25809.0,25823.25,-15.14,scratch,2025_12_31
362,365,-1,25573.25,25539.0,33.36,target,2026_01_02
381,385,-1,25560.0,25590.0,-30.89,scratch,2026_01_02
438,440,-1,25575.5,25560.25,14.36,target,2026_01_02
479,482,-1,25602.25,25597.5,3.86,theme,2026_01_02
199,200,1,25775.75,25776.75,0.10999999999999999,target,2026_01_05
243,244,1,25806.0,25813.25,6.36,target,2026_01_05
348,352,1,25861.25,25845.0,-17.14,theme,2026_01_05
303,309,1,25943.25,25930.0,-14.14,scratch,2026_01_06
367,375,1,25937.0,25954.75,16.86,target,2026_01_06
496,498,1,26052.5,26040.5,-12.89,scratch,2026_01_06
257,266,1,26075.0,26060.25,-15.64,scratch,2026_01_07
276,277,1,26088.0,26091.0,2.11,target,2026_01_07
393,398,1,26196.25,26188.25,-8.89,scratch,2026_01_07
136,140,-1,25992.75,25976.5,15.36,scratch,2026_01_08
208,213,-1,25988.0,25995.5,-8.39,scratch,2026_01_08
223,226,-1,26015.0,26023.75,-9.64,scratch,2026_01_08
306,309,-1,25908.75,25898.25,9.61,theme,2026_01_08
339,341,-1,25867.0,25859.25,6.86,scratch,2026_01_08
351,354,-1,25847.0,25846.75,-0.64,target,2026_01_08
369,372,-1,25889.75,25876.0,12.86,target,2026_01_08
437,441,-1,25868.75,25882.5,-14.64,scratch,2026_01_08
452,468,-1,25864.75,25840.75,23.11,target,2026_01_08
481,490,-1,25849.75,25862.75,-13.89,scratch,2026_01_08
500,506,-1,25874.25,25892.0,-18.64,scratch,2026_01_08
141,143,1,25900.25,25930.5,29.36,target,2026_01_09
259,261,1,25940.0,25936.25,-4.64,scratch,2026_01_09
452,454,1,26115.0,26124.0,8.11,scratch,2026_01_09
466,470,1,26146.75,26173.0,25.36,target,2026_01_09
546,547,1,26170.0,26166.25,-4.64,scratch,2026_01_09
167,171,-1,25960.0,25948.0,11.11,scratch,2026_01_12
213,220,-1,25958.0,25958.75,-1.6400000000000001,theme,2026_01_12
280,283,-1,25940.25,25956.5,-17.14,scratch,2026_01_12
496,501,1,26187.5,26196.75,8.36,target,2026_01_12
192,196,-1,26110.0,26124.0,-14.89,scratch,2026_01_13
208,229,-1,26134.5,26144.25,-10.64,target,2026_01_13
363,369,-1,26134.0,26136.0,-2.89,theme,2026_01_13
524,525,-1,26093.25,26087.75,4.61,scratch,2026_01_13
536,544,-1,26091.0,26103.25,-13.14,scratch,2026_01_13
571,577,-1,26084.0,26103.0,-19.89,scratch,2026_01_13
139,141,-1,26080.75,26072.25,7.61,scratch,2026_01_14
213,237,-1,25964.75,25944.5,19.36,target,2026_01_14
304,308,-1,25981.5,25989.5,-8.89,scratch,2026_01_14
325,327,-1,25960.0,25915.25,43.86,target,2026_01_14
376,377,-1,25878.5,25888.75,-11.14,target,2026_01_14
393,394,-1,25814.0,25780.25,32.86,target,2026_01_14
442,448,-1,25790.25,25775.75,13.61,theme,2026_01_14
482,486,-1,25728.25,25691.0,36.36,target,2026_01_14
497,499,-1,25709.0,25685.0,23.11,target,2026_01_14
511,513,-1,25722.75,25669.25,52.61,target,2026_01_14
527,542,-1,25698.75,25715.75,-17.89,theme,2026_01_14
301,303,1,26057.5,26045.25,-13.14,scratch,2026_01_15
393,394,1,26109.0,26087.5,-22.39,scratch,2026_01_15
405,406,1,26115.75,26102.0,-14.64,scratch,2026_01_15
484,493,1,26127.75,26154.0,25.36,target,2026_01_15
526,530,1,26125.75,26129.75,3.11,scratch,2026_01_15
662,666,-1,25929.5,25950.0,-21.39,scratch,2026_01_15
677,679,-1,25923.5,25956.5,-33.89,scratch,2026_01_15
689,704,-1,25931.75,25944.75,-13.89,eod,2026_01_15
279,287,1,26060.25,26014.5,-46.64,scratch,2026_01_16
422,429,-1,25912.5,25905.0,6.61,scratch,2026_01_16
440,444,-1,25924.75,25937.0,-13.14,scratch,2026_01_16
454,457,-1,25951.5,25943.75,6.86,theme,2026_01_16
498,501,-1,25908.25,25923.75,-16.39,scratch,2026_01_16
512,515,-1,25946.0,25955.5,-10.39,scratch,2026_01_16
525,526,-1,25936.5,25945.0,-9.39,theme,2026_01_16
579,582,-1,25914.75,25902.75,11.11,eod,2026_01_16
77,79,-1,25662.25,25644.5,16.86,target,2026_01_19
89,105,-1,25636.0,25646.0,-10.89,scratch,2026_01_19
116,129,-1,25642.0,25600.5,40.61,target,2026_01_19
160,169,-1,25614.25,25625.0,-11.64,scratch,2026_01_19
179,182,-1,25621.25,25631.0,-10.64,scratch,2026_01_19
228,230,-1,25579.5,25613.0,-34.39,scratch,2026_01_19
312,320,-1,25537.0,25511.0,25.11,scratch,2026_01_19
338,339,-1,25511.25,25529.0,-18.64,scratch,2026_01_19
350,359,-1,25507.5,25519.75,-13.14,scratch,2026_01_19
419,430,-1,25529.75,25490.0,38.86,target,2026_01_19
451,457,-1,25540.0,25559.75,-20.64,scratch,2026_01_19
91,92,1,25618.75,25621.25,1.6099999999999999,scratch,2026_01_20
114,118,1,25636.75,25626.5,-11.14,scratch,2026_01_20
585,588,1,25620.0,25623.0,2.11,scratch,2026_01_20
600,602,1,25570.0,25589.25,18.36,target,2026_01_20
619,620,1,25580.0,25574.5,-6.39,theme,2026_01_20
782,786,-1,25350.25,25339.25,10.11,target,2026_01_20
810,813,-1,25356.75,25384.75,-28.89,scratch,2026_01_20
266,272,-1,25403.75,25360.0,42.86,target,2026_01_21
319,321,-1,25267.5,25291.25,-24.64,scratch,2026_01_21
331,342,-1,25294.25,25262.75,30.61,target,2026_01_21
354,356,-1,25299.0,25316.5,-18.39,scratch,2026_01_21
462,470,1,25538.25,25555.5,16.36,scratch,2026_01_21
518,525,1,25674.0,25668.25,-6.64,scratch,2026_01_21
614,617,1,25456.0,25459.0,2.11,scratch,2026_01_21
627,630,1,25481.0,25458.0,-23.89,scratch,2026_01_21
80,83,1,25799.5,25800.25,-0.14,scratch,2026_01_22
211,218,1,25913.25,25936.5,22.36,target,2026_01_22
287,288,1,25931.75,25939.25,6.61,scratch,2026_01_22
301,302,1,25886.75,25869.0,-18.64,scratch,2026_01_22
466,475,1,25927.0,25920.5,-7.39,scratch,2026_01_22
201,202,-1,25810.5,25849.75,-40.14,scratch,2026_01_23
260,265,-1,25818.0,25798.25,18.86,target,2026_01_23
276,277,-1,25804.0,25807.25,-4.14,scratch,2026_01_23
288,291,-1,25827.25,25817.5,8.86,scratch,2026_01_23
301,303,-1,25856.75,25824.0,31.86,target,2026_01_23
483,488,1,26006.0,25972.75,-34.14,scratch,2026_01_23
498,502,1,25975.0,25945.5,-30.39,scratch,2026_01_23
158,163,-1,25856.75,25880.0,-24.14,scratch,2026_01_26
174,177,-1,25898.75,25889.0,8.86,theme,2026_01_26
423,430,1,26112.0,26133.0,20.11,target,2026_01_26
481,485,1,26123.0,26110.0,-13.89,scratch,2026_01_26
524,527,1,26137.0,26122.0,-15.89,scratch,2026_01_26
174,180,1,26229.75,26225.5,-5.14,scratch,2026_01_27
237,241,1,26246.0,26240.0,-6.89,scratch,2026_01_27
252,262,1,26237.75,26239.75,1.1099999999999999,scratch,2026_01_27
407,409,1,26300.25,26288.0,-13.14,scratch,2026_01_27
491,494,1,26309.75,26299.0,-11.64,scratch,2026_01_27
207,208,1,26535.75,26549.5,12.86,target,2026_01_28
283,288,1,26523.75,26511.0,-13.64,scratch,2026_01_28
300,305,1,26510.0,26497.5,-13.39,theme,2026_01_28
496,500,-1,26363.0,26374.75,-12.64,scratch,2026_01_28
614,615,-1,26406.5,26341.25,64.36,target,2026_01_28
625,627,-1,26385.5,26404.0,-19.39,scratch,2026_01_28
98,101,-1,26370.75,26388.25,-18.39,scratch,2026_01_29
233,242,1,26501.0,26485.25,-16.64,scratch,2026_01_29
483,484,-1,25900.5,25900.5,-0.89,target,2026_01_29
579,582,-1,26056.5,26067.0,-11.39,scratch,2026_01_29
598,603,-1,26070.25,26079.5,-10.14,theme,2026_01_29
246,248,-1,26013.5,26013.0,-0.39,target,2026_01_30
283,288,-1,25993.25,25927.25,65.11,target,2026_01_30
300,302,-1,25996.0,25974.75,20.36,target,2026_01_30
336,339,-1,25940.0,25972.0,-32.89,scratch,2026_01_30
527,529,1,26055.5,26015.0,-41.39,theme,2026_01_30
557,564,1,26085.5,26078.25,-8.14,theme,2026_01_30
712,713,-1,25907.75,25934.0,-27.14,scratch,2026_01_30
766,773,-1,25893.25,25855.0,37.36,target,2026_01_30
815,818,-1,25933.25,25869.75,62.61,target,2026_01_30
107,111,-1,25734.0,25767.0,-33.89,scratch,2026_02_02
140,144,-1,25670.0,25625.0,44.11,target,2026_02_02
237,252,-1,25546.5,25558.5,-12.89,theme,2026_02_02
307,310,-1,25470.75,25474.0,-4.14,scratch,2026_02_02
349,351,-1,25454.75,25433.5,20.36,target,2026_02_02
573,578,1,25701.25,25707.5,5.36,scratch,2026_02_02
588,592,1,25714.5,25730.0,14.61,theme,2026_02_02
624,627,1,25928.75,25922.5,-7.14,scratch,2026_02_02
637,645,1,26028.75,25963.75,-65.89,scratch,2026_02_02
658,687,1,26084.75,26113.75,28.11,scratch,2026_02_02
704,709,1,26065.75,26050.0,-16.64,scratch,2026_02_02
736,738,1,26082.0,26087.75,4.86,scratch,2026_02_02
798,801,1,26154.0,26143.25,-11.64,scratch,2026_02_02
826,833,1,26132.25,26124.75,-8.39,scratch,2026_02_02
85,89,1,26191.25,26175.0,-17.14,scratch,2026_02_03
139,142,1,26204.25,26223.0,17.86,target,2026_02_03
196,198,1,26215.5,26213.75,-2.64,scratch,2026_02_03
271,283,1,26224.25,26215.75,-9.39,scratch,2026_02_03
294,303,1,26189.75,26172.75,-17.89,scratch,2026_02_03
376,381,-1,25775.0,25803.0,-28.89,scratch,2026_02_03
393,398,-1,25815.0,25795.75,18.36,theme,2026_02_03
421,440,-1,25722.5,25712.5,9.11,target,2026_02_03
588,590,-1,25567.5,25512.25,54.36,target,2026_02_03
640,643,-1,25528.0,25562.75,-35.64,scratch,2026_02_03
209,211,1,25658.0,25654.5,-4.39,scratch,2026_02_04
274,293,1,25668.5,25696.0,26.61,scratch,2026_02_04
303,315,1,25677.25,25666.0,-12.14,scratch,2026_02_04
428,434,-1,25488.75,25430.0,57.86,target,2026_02_04
444,445,-1,25425.0,25454.5,-30.39,target,2026_02_04
588,589,-1,25107.25,25049.25,57.11,target,2026_02_04
90,92,1,25348.0,25355.5,6.61,target,2026_02_05
102,105,1,25355.0,25315.0,-40.89,scratch,2026_02_05
334,341,1,25319.0,25260.0,-59.89,scratch,2026_02_05
499,515,-1,25006.0,25064.0,-58.89,scratch,2026_02_05
543,550,-1,25035.5,25000.0,34.61,target,2026_02_05
575,576,-1,24984.0,25080.0,-96.89,target,2026_02_05
641,644,-1,24903.0,24830.0,72.11,target,2026_02_05
661,662,-1,24839.5,24817.0,21.61,target,2026_02_05
896,905,-1,24858.25,24880.25,-22.89,scratch,2026_02_05
920,923,-1,24868.0,24900.0,-32.89,target,2026_02_05
937,941,-1,24816.25,24751.25,64.11,target,2026_02_05
80,82,-1,24567.5,24595.25,-28.64,scratch,2026_02_06
376,378,1,24812.0,24796.0,-16.89,scratch,2026_02_06
388,396,1,24850.75,24878.5,26.86,scratch,2026_02_06
451,456,1,24935.0,24953.5,17.61,target,2026_02_06
529,531,1,25027.0,25009.25,-18.64,scratch,2026_02_06
604,606,1,25032.75,25015.75,-17.89,scratch,2026_02_06
617,620,1,25018.5,24981.5,-37.89,scratch,2026_02_06
650,665,1,25086.25,24992.25,-94.89,scratch,2026_02_06
701,708,1,25065.25,25115.5,49.36,target,2026_02_06
890,892,1,25292.5,25304.25,10.86,scratch,2026_02_06
63,70,1,25525.0,25508.25,-17.64,scratch,2026_02_09
81,88,1,25482.5,25472.0,-11.39,theme,2026_02_09
147,154,1,25446.0,25419.0,-27.89,scratch,2026_02_09
387,391,-1,25278.5,25267.0,10.61,theme,2026_02_09
469,476,-1,25292.0,25300.25,-9.14,scratch,2026_02_09
486,487,-1,25283.75,25196.25,86.61,target,2026_02_09
498,503,-1,25331.5,25397.5,-66.89,scratch,2026_02_09
753,757,1,25586.25,25572.75,-14.39,scratch,2026_02_09
204,205,-1,25560.75,25563.75,-3.89,theme,2026_02_10
331,333,1,25598.5,25592.25,-7.14,scratch,2026_02_10
344,346,1,25557.75,25538.25,-20.39,theme,2026_02_10
400,401,1,25593.25,25591.5,-2.64,scratch,2026_02_10
411,412,1,25530.0,25529.0,-1.8900000000000001,theme,2026_02_10
472,473,1,25607.75,25600.0,-8.64,target,2026_02_10
550,557,1,25581.5,25604.0,21.61,target,2026_02_10
568,574,1,25591.75,25577.75,-14.89,scratch,2026_02_10
605,612,-1,25522.25,25512.25,9.11,scratch,2026_02_10
623,627,-1,25517.25,25514.5,1.8599999999999999,scratch,2026_02_10
638,661,-1,25517.75,25491.0,25.86,target,2026_02_10
679,684,-1,25456.5,25465.75,-10.14,scratch,2026_02_10
717,723,-1,25462.25,25477.0,-15.64,eod,2026_02_10
388,391,1,25580.5,25581.25,-0.14,scratch,2026_02_11
518,524,-1,25420.0,25380.0,39.11,target,2026_02_11
536,543,-1,25435.25,25462.0,-27.64,scratch,2026_02_11
593,595,-1,25464.25,25470.0,-6.64,scratch,2026_02_11
608,611,-1,25480.5,25508.0,-28.39,scratch,2026_02_11
626,634,1,25515.25,25551.0,34.86,scratch,2026_02_11
644,648,1,25573.75,25565.0,-9.64,scratch,2026_02_11
658,661,1,25552.0,25543.0,-9.89,scratch,2026_02_11
672,673,1,25530.0,25530.5,-0.39,scratch,2026_02_11
155,159,1,25539.5,25526.0,-14.39,scratch,2026_02_12
259,268,1,25576.25,25600.0,22.86,target,2026_02_12
279,281,1,25579.75,25569.0,-11.64,scratch,2026_02_12
335,338,1,25578.0,25589.25,10.36,scratch,2026_02_12
457,460,-1,25105.0,25127.25,-23.14,scratch,2026_02_12
483,486,-1,25068.25,25112.25,-44.89,scratch,2026_02_12
542,552,-1,25074.75,25039.0,34.86,target,2026_02_12
565,577,-1,25079.0,25134.5,-56.39,theme,2026_02_12
656,668,-1,25071.5,25029.75,40.86,target,2026_02_12
681,685,-1,25027.25,25001.5,24.86,target,2026_02_12
706,708,-1,25022.5,25024.5,-2.89,scratch,2026_02_12
718,724,-1,25040.5,25040.25,-0.64,theme,2026_02_12
61,67,-1,25071.0,25051.0,19.11,theme,2026_02_13
78,87,-1,25002.25,24970.0,31.36,target,2026_02_13
110,118,-1,25030.75,25016.0,13.86,target,2026_02_13
192,195,-1,25000.0,24969.0,30.11,target,2026_02_13
208,214,-1,24997.0,24981.75,14.36,target,2026_02_13
259,262,-1,24930.75,24923.0,6.86,target,2026_02_13
293,297,-1,24943.5,24954.0,-11.39,scratch,2026_02_13
349,352,-1,24958.75,24971.75,-13.89,scratch,2026_02_13
481,486,-1,24904.75,24891.25,12.61,theme,2026_02_13
538,542,-1,24933.0,25015.5,-83.39,scratch,2026_02_13
596,598,-1,24964.0,25016.25,-53.14,scratch,2026_02_13
614,615,-1,25040.0,24992.75,46.36,target,2026_02_13
628,629,-1,24983.25,24950.0,32.36,target,2026_02_13
643,647,1,24976.25,24954.25,-22.89,scratch,2026_02_13
666,695,1,25040.0,25057.5,16.61,scratch,2026_02_13
705,706,1,25001.0,24985.5,-16.39,theme,2026_02_13
793,796,1,25160.5,25141.5,-19.89,scratch,2026_02_13
829,831,1,25175.0,25180.0,4.11,target,2026_02_13
841,852,1,25166.0,25181.5,14.61,target,2026_02_13
118,122,-1,25031.5,25056.25,-25.64,scratch,2026_02_16
132,141,-1,25047.75,25028.0,18.86,theme,2026_02_16
320,322,-1,24985.75,25001.5,-16.64,scratch,2026_02_16
332,339,-1,24988.75,24946.5,41.36,target,2026_02_16
358,360,-1,24910.0,24910.0,-0.89,target,2026_02_16
382,385,-1,24956.25,24952.75,2.61,scratch,2026_02_16
417,421,-1,24935.75,24957.75,-22.89,scratch,2026_02_16
197,200,-1,24822.5,24840.25,-18.64,scratch,2026_02_17
212,227,-1,24834.25,24816.5,16.86,theme,2026_02_17
252,261,-1,24803.25,24834.75,-32.39,scratch,2026_02_17
474,482,-1,24839.25,24797.5,40.86,target,2026_02_17
574,576,-1,24815.75,24767.5,47.36,target,2026_02_17
643,651,1,24925.5,24975.0,48.61,scratch,2026_02_17
747,752,1,24986.0,25004.0,17.11,target,2026_02_17
802,805,1,25072.0,25090.0,17.11,target,2026_02_17
822,825,1,25056.25,25031.0,-26.14,scratch,2026_02_17
899,905,1,24984.0,24990.0,5.11,eod,2026_02_17
156,163,1,25049.75,25053.5,2.86,scratch,2026_02_18
197,198,1,25019.0,25025.0,5.11,theme,2026_02_18
241,251,1,25123.0,25123.0,-0.89,target,2026_02_18
288,292,1,25141.0,25129.75,-12.14,scratch,2026_02_18
302,306,1,25133.5,25125.75,-8.64,theme,2026_02_18
559,565,1,25290.0,25305.0,14.11,theme,2026_02_18
579,581,1,25318.0,25331.0,12.11,target,2026_02_18
592,595,1,25305.75,25293.0,-13.64,scratch,2026_02_18
611,618,1,25312.0,25302.0,-10.89,scratch,2026_02_18
66,76,-1,25192.0,25170.0,21.11,target,2026_02_19
302,313,-1,25075.0,25084.5,-10.39,scratch,2026_02_19
325,328,-1,25081.25,25080.5,-0.14,theme,2026_02_19
416,423,-1,25082.75,25054.75,27.11,target,2026_02_19
448,455,-1,25094.5,25101.5,-7.89,scratch,2026_02_19
628,631,-1,25021.75,24999.5,21.36,target,2026_02_19
656,662,-1,25026.25,25031.5,-6.14,theme,2026_02_19
710,723,-1,25017.0,25025.0,-8.89,scratch,2026_02_19
734,738,-1,25027.75,25018.5,8.36,theme,2026_02_19
93,99,1,25108.0,25114.0,5.11,theme,2026_02_20
400,409,-1,24988.0,24925.5,61.61,target,2026_02_20
431,432,-1,25073.5,25072.5,0.10999999999999999,theme,2026_02_20
536,544,1,25222.5,25246.5,23.11,target,2026_02_20
582,584,1,25217.5,25166.25,-52.14,scratch,2026_02_20
631,637,1,25235.0,25224.0,-11.89,scratch,2026_02_20
647,650,1,25160.0,25191.25,30.36,scratch,2026_02_20
661,666,1,25258.75,25266.75,7.11,scratch,2026_02_20
709,714,1,25294.0,25275.0,-19.89,scratch,2026_02_20
773,811,1,25275.0,25304.0,28.11,eod,2026_02_20
95,100,-1,25103.0,25068.5,33.61,target,2026_02_23
188,195,-1,25073.75,25055.5,17.36,target,2026_02_23
214,216,-1,25060.0,25061.25,-2.14,theme,2026_02_23
226,238,-1,25047.0,25041.0,5.11,target,2026_02_23
268,275,-1,25052.25,25062.5,-11.14,scratch,2026_02_23
498,505,1,25145.5,25145.25,-1.1400000000000001,scratch,2026_02_23
515,516,1,25162.5,25162.0,-1.3900000000000001,scratch,2026_02_23
526,533,1,25158.75,25163.75,4.11,scratch,2026_02_23
554,555,1,25120.5,25100.0,-21.39,target,2026_02_23
710,721,-1,24952.5,24923.5,28.11,scratch,2026_02_23
734,744,-1,24963.0,24985.0,-22.89,theme,2026_02_23
793,797,-1,24956.25,24951.25,4.11,target,2026_02_23
866,868,-1,24962.0,24941.0,20.11,target,2026_02_23
269,272,1,25078.25,25058.25,-20.89,scratch,2026_02_24
283,286,1,25014.0,25018.75,3.86,scratch,2026_02_24
435,439,1,25059.25,25046.25,-13.89,scratch,2026_02_24
449,451,1,25032.5,25023.0,-10.39,theme,2026_02_24
492,496,1,25077.75,25091.5,12.86,scratch,2026_02_24
515,529,1,25070.0,25046.25,-24.64,theme,2026_02_24
560,563,1,25093.75,25046.25,-48.39,scratch,2026_02_24
573,576,1,25120.0,25078.0,-42.89,scratch,2026_02_24
618,626,1,25200.5,25248.75,47.36,target,2026_02_24
647,649,1,25231.0,25202.5,-29.39,scratch,2026_02_24
708,719,1,25275.25,25267.0,-9.14,scratch,2026_02_24
736,739,1,25258.25,25251.75,-7.39,theme,2026_02_24
864,867,1,25250.0,25231.25,-19.64,scratch,2026_02_24
878,885,1,25241.75,25230.25,-12.39,scratch,2026_02_24
129,136,1,25305.5,25292.0,-14.39,scratch,2026_02_25
240,244,1,25300.25,25286.0,-15.14,scratch,2026_02_25
358,365,1,25355.75,25376.75,20.11,target,2026_02_25
462,466,1,25522.25,25532.25,9.11,scratch,2026_02_25
523,528,1,25543.25,25555.75,11.61,target,2026_02_25
545,551,1,25549.25,25560.0,9.86,target,2026_02_25
182,184,-1,25530.5,25550.0,-20.39,scratch,2026_02_26
362,370,1,25594.25,25612.5,17.36,scratch,2026_02_26
439,440,-1,25465.75,25445.75,19.11,scratch,2026_02_26
515,519,-1,25235.0,25242.5,-8.39,theme,2026_02_26
562,569,-1,25207.5,25207.0,-0.39,scratch,2026_02_26
581,585,-1,25207.75,25182.5,24.36,scratch,2026_02_26
595,598,-1,25186.75,25219.0,-33.14,scratch,2026_02_26
647,650,-1,25130.0,25172.75,-43.64,scratch,2026_02_26
192,202,-1,25057.25,25041.25,15.11,scratch,2026_03_02
214,216,-1,25028.5,25035.0,-7.39,theme,2026_03_02
404,408,-1,24788.0,24796.5,-9.39,scratch,2026_03_02
421,426,-1,24774.75,24755.25,18.61,target,2026_03_02
461,463,-1,24729.25,24745.75,-17.39,scratch,2026_03_02
474,476,-1,24773.75,24804.0,-31.14,scratch,2026_03_02
796,799,1,25100.0,25064.25,-36.64,scratch,2026_03_02
822,823,1,25137.5,25141.25,2.86,target,2026_03_02
851,852,1,25142.5,25120.0,-23.39,scratch,2026_03_02
965,967,1,25245.0,25241.25,-4.64,theme,2026_03_02
1054,1057,1,25290.75,25273.0,-18.64,scratch,2026_03_02
166,170,-1,25079.0,25063.75,14.36,target,2026_03_03
196,199,-1,25073.0,25096.0,-23.89,scratch,2026_03_03
210,217,-1,25063.75,25054.0,8.86,scratch,2026_03_03
311,313,-1,24987.75,25010.0,-23.14,scratch,2026_03_03
447,450,-1,24750.0,24771.0,-21.89,scratch,2026_03_03
461,465,-1,24758.75,24746.5,11.36,scratch,2026_03_03
526,527,-1,24680.0,24659.25,19.86,target,2026_03_03
544,545,-1,24662.0,24680.25,-19.14,target,2026_03_03
555,556,-1,24666.0,24659.0,6.11,target,2026_03_03
586,590,-1,24680.5,24691.5,-11.89,scratch,2026_03_03
828,836,-1,24650.25,24657.25,-7.89,scratch,2026_03_03
849,852,-1,24671.0,24691.25,-21.14,scratch,2026_03_03
921,938,1,24849.5,24865.25,14.86,scratch,2026_03_03
972,978,1,24915.0,24876.5,-39.39,scratch,2026_03_03
1002,1010,1,25007.25,24998.0,-10.14,scratch,2026_03_03
1020,1030,1,25015.25,24994.75,-21.39,scratch,2026_03_03
1045,1048,1,25004.0,24989.5,-15.39,scratch,2026_03_03
1073,1076,1,25044.5,24984.25,-61.14,scratch,2026_03_03
1089,1111,1,25009.0,24996.0,-13.89,theme,2026_03_03
176,181,-1,24873.25,24846.25,26.11,target,2026_03_04
201,208,-1,24866.75,24857.0,8.86,scratch,2026_03_04
256,258,-1,24784.0,24778.5,4.61,target,2026_03_04
270,272,-1,24845.25,24852.0,-7.64,theme,2026_03_04
309,313,-1,24790.0,24802.75,-13.64,scratch,2026_03_04
323,328,-1,24793.5,24784.0,8.61,scratch,2026_03_04
349,351,-1,24799.0,24830.0,-31.89,scratch,2026_03_04
392,405,-1,24791.75,24778.25,12.61,scratch,2026_03_04
586,610,1,25020.0,25077.5,56.61,target,2026_03_04
642,646,1,25039.0,25042.5,2.61,scratch,2026_03_04
773,775,1,25111.75,25084.75,-27.89,scratch,2026_03_04
785,789,1,25115.0,25103.0,-12.89,scratch,2026_03_04
805,806,1,25103.5,25084.0,-20.39,target,2026_03_04
967,970,1,25375.0,25367.0,-8.89,scratch,2026_03_04
1017,1028,1,25371.0,25402.25,30.36,target,2026_03_04
93,97,1,25415.0,25382.75,-33.14,scratch,2026_03_05
153,178,-1,25291.0,25327.25,-37.14,scratch,2026_03_05
202,207,-1,25272.75,25255.25,16.61,scratch,2026_03_05
226,230,-1,25268.5,25280.0,-12.39,scratch,2026_03_05
242,244,-1,25300.0,25307.5,-8.39,scratch,2026_03_05
287,301,-1,25280.0,25254.0,25.11,scratch,2026_03_05
326,337,-1,25215.0,25216.25,-2.14,scratch,2026_03_05
393,394,-1,25216.75,25230.0,-14.14,scratch,2026_03_05
404,412,-1,25253.0,25202.25,49.86,target,2026_03_05
422,423,-1,25223.0,25210.0,12.11,scratch,2026_03_05
435,441,-1,25263.0,25290.0,-27.89,scratch,2026_03_05
558,561,1,25351.0,25336.25,-15.64,scratch,2026_03_05
677,680,-1,25182.75,25193.5,-11.64,scratch,2026_03_05
768,770,-1,25277.25,25291.25,-14.89,scratch,2026_03_05
781,784,-1,25276.75,25266.0,9.86,target,2026_03_05
795,798,-1,25189.75,25189.75,-0.89,scratch,2026_03_05
808,811,-1,25191.5,25235.0,-44.39,scratch,2026_03_05
821,824,-1,25211.5,25234.0,-23.39,scratch,2026_03_05
835,838,-1,25255.0,25264.25,-10.14,theme,2026_03_05
863,875,-1,25180.0,25131.25,47.86,scratch,2026_03_05
916,920,-1,25050.0,25062.25,-13.14,scratch,2026_03_05
931,933,-1,25015.25,25013.0,1.3599999999999999,scratch,2026_03_05
944,949,-1,25062.5,25004.75,56.86,target,2026_03_05
961,969,-1,25050.75,25069.25,-19.39,scratch,2026_03_05
81,87,1,25285.0,25285.0,-0.89,scratch,2026_03_06
160,177,1,25292.5,25296.75,3.36,scratch,2026_03_06
259,268,1,25331.5,25351.75,19.36,scratch,2026_03_06
314,320,1,25322.5,25316.0,-7.39,scratch,2026_03_06
411,412,-1,25145.0,25123.75,20.36,target,2026_03_06
422,430,-1,25167.5,25177.75,-11.14,scratch,2026_03_06
471,475,-1,25120.5,25125.25,-5.64,scratch,2026_03_06
487,490,-1,25168.25,25177.75,-10.39,scratch,2026_03_06
500,503,-1,25129.0,25108.25,19.86,target,2026_03_06
513,521,-1,25086.5,25080.0,5.61,scratch,2026_03_06
532,535,-1,25063.75,25087.5,-24.64,scratch,2026_03_06
545,553,-1,25078.0,25053.0,24.11,target,2026_03_06
563,568,-1,25065.75,25025.75,39.11,target,2026_03_06
579,581,-1,25050.0,25062.0,-12.89,scratch,2026_03_06
593,596,-1,25060.0,25059.25,-0.14,scratch,2026_03_06
607,608,-1,25020.0,25025.0,-5.89,target,2026_03_06
659,672,-1,24854.75,24835.0,18.86,target,2026_03_06
782,787,-1,25036.0,25059.75,-24.64,theme,2026_03_06
946,947,-1,25051.75,25063.25,-12.39,theme,2026_03_06
957,960,-1,25008.5,25027.25,-19.64,scratch,2026_03_06
971,973,-1,25014.5,25038.25,-24.64,scratch,2026_03_06
1051,1096,-1,24865.0,24875.0,-10.89,eod,2026_03_06
75,89,-1,24497.5,24463.5,33.11,target,2026_03_09
101,103,-1,24447.0,24440.0,6.11,target,2026_03_09
124,136,-1,24436.75,24366.5,69.36,target,2026_03_09
211,213,-1,24302.0,24280.5,20.61,target,2026_03_09
259,263,-1,24248.0,24262.5,-15.39,scratch,2026_03_09
273,275,-1,24279.75,24289.0,-10.14,scratch,2026_03_09
349,352,-1,24335.0,24336.5,-2.39,scratch,2026_03_09
534,541,1,24501.75,24469.75,-32.89,scratch,2026_03_09
553,554,1,24507.0,24509.5,1.6099999999999999,target,2026_03_09
575,577,1,24503.75,24488.5,-16.14,scratch,2026_03_09
589,595,1,24496.0,24523.5,26.61,target,2026_03_09
606,626,1,24512.0,24598.0,85.11,scratch,2026_03_09
661,664,1,24607.25,24587.75,-20.39,scratch,2026_03_09
744,748,1,24600.25,24601.0,-0.14,scratch,2026_03_09
758,762,1,24618.0,24637.25,18.36,target,2026_03_09
783,786,1,24651.75,24628.0,-24.64,scratch,2026_03_09
799,803,1,24585.0,24575.0,-10.89,scratch,2026_03_09
842,845,1,24722.25,24684.5,-38.64,scratch,2026_03_09
855,858,1,24589.25,24592.75,2.61,target,2026_03_09
907,908,1,24660.0,24676.5,15.61,target,2026_03_09
1015,1021,1,24884.0,24903.25,18.36,scratch,2026_03_09
1034,1051,1,24943.25,24914.5,-29.64,scratch,2026_03_09
1068,1071,1,24882.25,24855.0,-28.14,theme,2026_03_09
1128,1132,1,24867.75,24850.0,-18.64,scratch,2026_03_09
1142,1145,1,24875.5,24904.25,27.86,target,2026_03_09
1157,1160,1,24917.75,24906.0,-12.64,scratch,2026_03_09
1170,1176,1,24863.0,24857.0,-6.89,scratch,2026_03_09
1187,1188,1,24880.0,24902.75,21.86,target,2026_03_09
1237,1255,1,25170.5,25142.25,-29.14,theme,2026_03_09
73,88,1,25132.0,25108.75,-24.14,theme,2026_03_10
197,201,1,25164.0,25162.0,-2.89,theme,2026_03_10
228,231,1,25186.5,25192.5,5.11,scratch,2026_03_10
242,249,1,25172.0,25165.0,-7.89,scratch,2026_03_10
339,340,1,25128.0,25132.25,3.36,target,2026_03_10
522,524,1,25330.0,25343.0,12.11,theme,2026_03_10
562,565,1,25324.75,25322.25,-3.39,scratch,2026_03_10
803,804,-1,25125.0,25135.0,-10.89,scratch,2026_03_10
817,820,-1,25210.25,25240.0,-30.64,scratch,2026_03_10
964,965,1,25348.0,25370.25,21.36,target,2026_03_10
1013,1015,1,25352.25,25371.5,18.36,target,2026_03_10
61,74,-1,25204.75,25200.0,3.86,scratch,2026_03_11
467,470,-1,25174.75,25213.75,-39.89,scratch,2026_03_11
480,518,-1,25162.0,25149.0,12.11,scratch,2026_03_11
535,539,-1,25157.25,25178.0,-21.64,scratch,2026_03_11
613,616,-1,25204.0,25198.0,5.11,scratch,2026_03_11
626,627,-1,25152.0,25179.0,-27.89,scratch,2026_03_11
637,647,-1,25179.5,25175.0,3.61,scratch,2026_03_11
664,665,-1,25224.5,25203.5,20.11,theme,2026_03_11
682,689,-1,25145.75,25158.25,-13.39,scratch,2026_03_11
827,828,1,25211.75,25189.25,-23.39,theme,2026_03_11
892,895,-1,25127.5,25157.0,-30.39,scratch,2026_03_11
978,981,-1,25154.0,25188.0,-34.89,scratch,2026_03_11
991,997,-1,25165.75,25160.75,4.11,target,2026_03_11
1012,1016,-1,25134.0,25158.25,-25.14,scratch,2026_03_11
1033,1037,-1,25154.5,25180.0,-26.39,scratch,2026_03_11
1067,1069,-1,25137.5,25154.0,-17.39,scratch,2026_03_11
1079,1080,-1,25190.0,25184.5,4.61,scratch,2026_03_11
1130,1140,-1,25180.0,25160.0,19.11,scratch,2026_03_11
137,139,-1,24978.0,24994.25,-17.14,scratch,2026_03_12
231,233,-1,24998.0,24989.0,8.11,target,2026_03_12
436,441,-1,24973.0,24976.0,-3.89,scratch,2026_03_12
525,530,1,25047.5,25075.0,26.61,scratch,2026_03_12
541,544,1,25115.0,25102.0,-13.89,scratch,2026_03_12
564,566,1,25071.25,25064.25,-7.89,scratch,2026_03_12
576,579,1,25099.0,25089.75,-10.14,scratch,2026_03_12
622,625,1,25118.5,25106.75,-12.64,scratch,2026_03_12
635,639,1,25130.5,25130.25,-1.1400000000000001,scratch,2026_03_12
649,659,1,25113.0,25101.75,-12.14,scratch,2026_03_12
673,675,1,25106.75,25107.75,0.10999999999999999,theme,2026_03_12
724,726,1,25126.25,25136.25,9.11,target,2026_03_12
736,739,1,25080.75,25067.75,-13.89,scratch,2026_03_12
873,877,-1,24957.25,24895.0,61.36,target,2026_03_12
906,911,-1,24875.75,24840.0,34.86,scratch,2026_03_12
961,963,-1,24903.75,24901.75,1.1099999999999999,theme,2026_03_12
1041,1043,-1,24879.75,24915.0,-36.14,theme,2026_03_12
1053,1061,-1,24871.0,24898.5,-28.39,scratch,2026_03_12
1072,1078,-1,24867.0,24905.0,-38.89,theme,2026_03_12
1088,1094,-1,24849.0,24817.0,31.11,target,2026_03_12
1163,1165,-1,24812.5,24790.0,21.61,target,2026_03_12
1175,1185,-1,24823.25,24844.0,-21.64,scratch,2026_03_12
87,92,-1,24784.0,24776.75,6.36,scratch,2026_03_13
125,131,-1,24830.25,24822.5,6.86,theme,2026_03_13
310,319,1,24834.0,24832.5,-2.39,scratch,2026_03_13
333,337,1,24801.25,24795.75,-6.39,scratch,2026_03_13
505,506,-1,24647.75,24647.5,-0.64,target,2026_03_13
544,546,-1,24656.25,24660.0,-4.64,scratch,2026_03_13
623,625,-1,24741.25,24753.0,-12.64,scratch,2026_03_13
727,728,1,24855.25,24852.25,-3.89,scratch,2026_03_13
748,753,1,24853.75,24850.0,-4.64,scratch,2026_03_13
763,774,1,24845.5,24875.75,29.36,scratch,2026_03_13
791,809,1,24889.75,24863.25,-27.39,scratch,2026_03_13
819,827,1,24889.25,24864.25,-25.89,scratch,2026_03_13
873,886,1,24888.25,24869.75,-19.39,theme,2026_03_13
1006,1009,-1,24647.75,24661.5,-14.64,scratch,2026_03_13
1051,1053,-1,24620.0,24658.75,-39.64,scratch,2026_03_13
1063,1065,-1,24637.25,24659.25,-22.89,scratch,2026_03_13
1076,1080,-1,24641.25,24640.0,0.36,theme,2026_03_13
1128,1130,-1,24602.0,24614.0,-12.89,scratch,2026_03_13
1183,1184,-1,24592.75,24592.75,-0.89,scratch,2026_03_13
1219,1223,-1,24608.0,24583.25,23.86,target,2026_03_13
1236,1269,-1,24576.75,24569.0,6.86,scratch,2026_03_13
104,107,-1,24642.5,24664.5,-22.89,scratch,2026_03_16
153,158,1,24702.0,24702.5,-0.39,scratch,2026_03_16
169,174,1,24723.5,24721.0,-3.39,scratch,2026_03_16
186,190,1,24713.5,24709.5,-4.89,scratch,2026_03_16
201,213,1,24724.0,24684.0,-40.89,scratch,2026_03_16
257,262,1,24707.75,24701.25,-7.39,scratch,2026_03_16
272,277,1,24694.0,24689.25,-5.64,theme,2026_03_16
313,333,1,24707.75,24729.75,21.11,target,2026_03_16
451,458,1,24725.25,24739.75,13.61,target,2026_03_16
557,568,1,24755.0,24747.25,-8.64,scratch,2026_03_16
617,618,1,24734.5,24732.5,-2.89,theme,2026_03_16
637,640,1,24722.5,24719.0,-4.39,theme,2026_03_16
710,716,-1,24721.75,24711.75,9.11,scratch,2026_03_16
727,730,-1,24716.5,24739.0,-23.39,scratch,2026_03_16
811,814,1,24800.75,24793.5,-8.14,scratch,2026_03_16
898,902,1,24872.0,24884.0,11.11,target,2026_03_16
914,917,1,24870.0,24868.25,-2.64,theme,2026_03_16
956,957,1,24906.25,24931.5,24.36,target,2026_03_16
993,999,1,24901.75,24853.5,-49.14,scratch,2026_03_16
1074,1078,1,24915.5,24893.5,-22.89,scratch,2026_03_16
1141,1144,1,24933.5,24910.5,-23.89,scratch,2026_03_16
1154,1155,1,24932.0,24923.5,-9.39,theme,2026_03_16
1267,1269,1,24906.5,24916.75,9.36,theme,2026_03_16
1353,1369,-1,24867.0,24871.0,-4.89,scratch,2026_03_16
1379,1379,-1,24869.25,24873.25,-4.89,eod,2026_03_16
92,94,-1,24854.5,24862.25,-8.64,scratch,2026_03_17
158,161,-1,24855.0,24840.0,14.11,target,2026_03_17
195,199,-1,24830.25,24824.5,4.86,target,2026_03_17
213,219,-1,24836.0,24829.25,5.86,theme,2026_03_17
238,247,-1,24835.5,24817.75,16.86,target,2026_03_17
273,291,-1,24825.75,24809.5,15.36,target,2026_03_17
381,382,-1,24810.5,24808.75,0.86,theme,2026_03_17
611,614,-1,24763.75,24777.5,-14.64,scratch,2026_03_17
624,630,-1,24775.5,24758.5,16.11,target,2026_03_17
648,653,-1,24788.0,24759.5,27.61,target,2026_03_17
664,668,-1,24782.25,24777.5,3.86,theme,2026_03_17
837,840,1,24815.75,24815.0,-1.6400000000000001,scratch,2026_03_17
961,963,1,25086.75,25063.0,-24.64,scratch,2026_03_17
980,983,1,25055.25,25058.0,1.8599999999999999,scratch,2026_03_17
1013,1015,1,25073.5,25079.0,4.61,target,2026_03_17
1027,1029,1,25051.0,25028.25,-23.64,scratch,2026_03_17
1106,1108,1,25016.0,25008.75,-8.14,scratch,2026_03_17
1119,1128,1,25001.5,25012.25,9.86,scratch,2026_03_17
1284,1301,1,25003.5,25005.25,0.86,theme,2026_03_17
1321,1328,1,25021.25,25019.0,-3.14,scratch,2026_03_17
631,634,1,25167.75,25164.25,-4.39,scratch,2026_03_18
645,650,1,25163.25,25170.75,6.61,scratch,2026_03_18
715,722,1,25174.0,25168.75,-6.14,theme,2026_03_18
915,917,-1,24899.25,24884.5,13.86,target,2026_03_18
979,983,-1,24906.0,24891.5,13.61,target,2026_03_18
1029,1032,-1,24922.0,24922.0,-0.89,theme,2026_03_18
1077,1081,-1,24908.5,24879.5,28.11,target,2026_03_18
1091,1093,-1,24876.0,24890.25,-15.14,scratch,2026_03_18
1106,1114,-1,24888.75,24870.5,17.36,target,2026_03_18
1125,1134,-1,24852.0,24874.0,-22.89,scratch,2026_03_18
1178,1186,-1,24862.5,24861.75,-0.14,scratch,2026_03_18
1230,1233,-1,24855.75,24821.25,33.61,target,2026_03_18
61,62,-1,24592.5,24601.0,-9.39,scratch,2026_03_19
153,157,-1,24611.0,24611.25,-1.1400000000000001,scratch,2026_03_19
173,188,-1,24609.25,24615.25,-6.89,theme,2026_03_19
530,540,-1,24598.5,24605.75,-8.14,scratch,2026_03_19
560,562,-1,24619.75,24613.0,5.86,target,2026_03_19
572,575,-1,24584.75,24571.0,12.86,target,2026_03_19
589,596,-1,24586.25,24555.5,29.86,target,2026_03_19
615,620,-1,24578.25,24571.5,5.86,target,2026_03_19
664,672,-1,24577.75,24559.75,17.11,target,2026_03_19
704,707,-1,24558.75,24571.5,-13.64,scratch,2026_03_19
764,769,-1,24573.75,24581.5,-8.64,theme,2026_03_19
834,838,-1,24540.0,24546.25,-7.14,scratch,2026_03_19
851,860,-1,24538.25,24500.75,36.61,target,2026_03_19
921,924,-1,24484.75,24432.25,51.61,target,2026_03_19
953,957,-1,24485.25,24490.5,-6.14,theme,2026_03_19
1004,1006,-1,24471.25,24459.5,10.86,target,2026_03_19
1016,1018,-1,24475.0,24502.5,-28.39,scratch,2026_03_19
1051,1057,-1,24453.25,24405.0,47.36,target,2026_03_19
1072,1076,-1,24426.0,24446.0,-20.89,scratch,2026_03_19
1086,1088,-1,24512.0,24522.25,-11.14,scratch,2026_03_19
1161,1164,-1,24421.75,24456.75,-35.89,scratch,2026_03_19
1174,1177,-1,24440.25,24445.0,-5.64,scratch,2026_03_19
1249,1253,-1,24436.75,24441.0,-5.14,scratch,2026_03_19
1289,1296,1,24588.25,24548.25,-40.89,scratch,2026_03_19
1308,1311,1,24595.25,24564.0,-32.14,scratch,2026_03_19
1341,1379,1,24620.25,24617.0,-4.14,eod,2026_03_19
193,196,1,24927.0,24915.0,-12.89,scratch,2026_03_20
206,207,1,24900.0,24900.5,-0.39,scratch,2026_03_20
239,263,1,24913.5,24931.5,17.11,theme,2026_03_20
293,296,1,24936.5,24931.0,-6.39,scratch,2026_03_20
498,505,-1,24872.0,24864.25,6.86,scratch,2026_03_20
565,574,-1,24849.0,24872.0,-23.89,scratch,2026_03_20
643,650,-1,24863.25,24872.0,-9.64,scratch,2026_03_20
661,662,-1,24848.5,24865.0,-17.39,scratch,2026_03_20
672,674,-1,24872.25,24853.25,18.11,target,2026_03_20
840,841,-1,24739.5,24757.25,-18.64,scratch,2026_03_20
973,976,-1,24556.25,24573.0,-17.64,scratch,2026_03_20
987,991,-1,24568.5,24591.75,-24.14,scratch,2026_03_20
1003,1012,-1,24583.25,24567.0,15.36,target,2026_03_20
1023,1025,-1,24564.25,24551.0,12.36,target,2026_03_20
1035,1037,-1,24600.75,24568.5,31.36,target,2026_03_20
1047,1050,-1,24549.5,24560.75,-12.14,scratch,2026_03_20
1060,1063,-1,24573.5,24585.5,-12.89,scratch,2026_03_20
1119,1136,-1,24561.25,24576.5,-16.14,scratch,2026_03_20
1146,1148,-1,24527.25,24562.25,-35.89,scratch,2026_03_20
1165,1174,-1,24544.25,24501.25,42.11,target,2026_03_20
1184,1208,-1,24486.25,24499.25,-13.89,scratch,2026_03_20
1218,1224,-1,24468.5,24429.25,38.36,target,2026_03_20
1263,1267,-1,24409.75,24381.25,27.61,target,2026_03_20
1315,1316,-1,24360.5,24389.75,-30.14,scratch,2026_03_20
87,94,-1,24042.0,24031.75,9.36,target,2026_03_22
104,106,-1,24038.25,24013.0,24.36,target,2026_03_22
116,117,-1,23988.5,24002.0,-14.39,scratch,2026_03_22
131,133,-1,24031.75,24066.5,-35.64,scratch,2026_03_22
189,193,-1,23995.75,23989.5,5.36,scratch,2026_03_22
205,208,-1,24025.0,24029.25,-5.14,theme,2026_03_22
268,272,-1,24050.0,24041.0,8.11,target,2026_03_22
284,294,-1,24021.25,23995.0,25.36,target,2026_03_22
304,308,-1,24021.25,24018.0,2.36,scratch,2026_03_22
328,332,-1,23992.25,23998.25,-6.89,scratch,2026_03_22
379,383,-1,23974.5,23982.5,-8.89,scratch,2026_03_22
394,396,-1,23990.75,23995.0,-5.14,theme,2026_03_22
452,454,-1,23958.75,23944.5,13.36,target,2026_03_22
465,469,-1,23965.0,23946.75,17.36,target,2026_03_22
479,486,-1,23968.0,23942.75,24.36,target,2026_03_22
83,95,1,24344.0,24324.5,-20.39,scratch,2026_03_23
159,167,1,24270.0,24278.5,7.61,theme,2026_03_23
212,229,1,24334.0,24344.0,9.11,scratch,2026_03_23
241,244,1,24341.75,24339.0,-3.64,scratch,2026_03_23
466,469,-1,24255.0,24242.5,11.61,target,2026_03_23
479,486,-1,24263.75,24238.5,24.36,target,2026_03_23
556,563,-1,24176.75,24115.25,60.61,target,2026_03_23
589,596,-1,24167.25,24130.5,35.86,target,2026_03_23
606,607,-1,24167.5,24183.75,-17.14,scratch,2026_03_23
694,696,-1,24190.25,24150.75,38.61,target,2026_03_23
709,726,-1,24170.5,24196.5,-26.89,theme,2026_03_23
882,883,1,24788.75,24841.75,52.11,target,2026_03_23
909,913,1,24869.0,24853.75,-16.14,scratch,2026_03_23
925,931,1,24838.5,24766.5,-72.89,scratch,2026_03_23
968,974,1,24877.0,24915.75,37.86,target,2026_03_23
992,997,1,24920.25,24904.25,-16.89,scratch,2026_03_23
1007,1011,1,24907.0,24894.25,-13.64,scratch,2026_03_23
1021,1022,1,24918.25,24942.0,22.86,target,2026_03_23
1042,1043,1,24924.25,24946.0,20.86,target,2026_03_23
104,110,-1,24764.25,24735.25,28.11,scratch,2026_03_24
121,122,-1,24742.25,24709.5,31.86,target,2026_03_24
132,138,-1,24684.5,24617.25,66.36,theme,2026_03_24
148,155,-1,24677.75,24681.75,-4.89,scratch,2026_03_24
165,174,-1,24615.75,24633.75,-18.89,scratch,2026_03_24
197,201,-1,24563.75,24579.75,-16.89,scratch,2026_03_24
211,222,-1,24590.25,24543.5,45.86,target,2026_03_24
233,253,-1,24554.25,24534.5,18.86,scratch,2026_03_24
267,270,-1,24563.0,24570.75,-8.64,scratch,2026_03_24
306,329,-1,24544.75,24576.5,-32.64,scratch,2026_03_24
343,348,-1,24560.0,24567.25,-8.14,scratch,2026_03_24
398,408,-1,24546.75,24556.5,-10.64,scratch,2026_03_24
418,420,-1,24550.5,24553.75,-4.14,scratch,2026_03_24
430,433,-1,24507.0,24531.0,-24.89,scratch,2026_03_24
443,445,-1,24521.0,24530.75,-10.64,scratch,2026_03_24
455,474,-1,24516.25,24557.5,-42.14,theme,2026_03_24
577,581,1,24744.0,24742.75,-2.14,scratch,2026_03_24
622,625,1,24719.0,24711.5,-8.39,scratch,2026_03_24
710,712,1,24679.0,24664.5,-15.39,scratch,2026_03_24
725,742,1,24698.5,24717.25,17.86,theme,2026_03_24
914,930,-1,24549.75,24551.25,-2.39,scratch,2026_03_24
940,943,-1,24505.5,24493.75,10.86,scratch,2026_03_24
957,958,-1,24480.5,24502.5,-22.89,scratch,2026_03_24
971,973,-1,24556.0,24516.0,39.11,target,2026_03_24
983,988,-1,24482.75,24533.5,-51.64,scratch,2026_03_24
1192,1196,-1,24478.0,24519.5,-42.39,scratch,2026_03_24
1290,1296,-1,24562.5,24526.75,34.86,target,2026_03_24
1306,1309,-1,24523.75,24518.5,4.36,scratch,2026_03_24
1323,1340,-1,24520.75,24552.75,-32.89,scratch,2026_03_24
1352,1357,1,24702.75,24782.25,78.61,target,2026_03_24
1369,1379,1,24708.25,24699.25,-9.89,eod,2026_03_24
71,74,1,24716.75,24712.5,-5.14,scratch,2026_03_25
94,101,1,24727.0,24721.75,-6.14,scratch,2026_03_25
173,187,1,24752.75,24736.25,-17.39,scratch,2026_03_25
201,203,1,24745.25,24752.25,6.11,theme,2026_03_25
430,433,-1,24714.0,24721.75,-8.64,scratch,2026_03_25
539,540,-1,24661.0,24673.75,-13.64,theme,2026_03_25
648,653,1,24783.75,24756.25,-28.39,scratch,2026_03_25
736,739,1,24759.25,24757.0,-3.14,scratch,2026_03_25
766,769,1,24728.5,24747.75,18.36,target,2026_03_25
786,792,1,24770.5,24760.5,-10.89,scratch,2026_03_25
802,807,1,24774.0,24785.0,10.11,scratch,2026_03_25
830,831,1,24760.0,24752.5,-8.39,target,2026_03_25
912,923,1,24760.5,24723.25,-38.14,scratch,2026_03_25
933,934,1,24756.25,24734.5,-22.64,scratch,2026_03_25
947,950,1,24741.0,24714.5,-27.39,scratch,2026_03_25
1033,1038,-1,24689.0,24587.25,100.86,target,2026_03_25
1048,1050,-1,24684.25,24721.75,-38.39,scratch,2026_03_25
1060,1071,-1,24675.5,24671.75,2.86,scratch,2026_03_25
1081,1085,-1,24666.0,24648.75,16.36,target,2026_03_25
1096,1105,-1,24647.5,24711.25,-64.64,scratch,2026_03_25
1158,1160,-1,24691.25,24694.25,-3.89,scratch,2026_03_25
1170,1174,-1,24727.25,24724.0,2.36,scratch,2026_03_25
1220,1229,-1,24726.5,24715.25,10.36,target,2026_03_25
1239,1245,-1,24703.5,24693.25,9.36,scratch,2026_03_25
1277,1281,-1,24656.0,24683.5,-28.39,scratch,2026_03_25
1291,1311,-1,24645.0,24672.0,-27.89,scratch,2026_03_25
1363,1379,-1,24655.75,24663.5,-8.64,scratch,2026_03_25
193,200,-1,24654.0,24636.0,17.11,theme,2026_03_26
384,388,-1,24655.5,24657.0,-2.39,theme,2026_03_26
513,516,-1,24575.25,24583.0,-8.64,scratch,2026_03_26
565,573,-1,24560.0,24534.5,24.61,target,2026_03_26
589,601,-1,24564.25,24566.25,-2.89,scratch,2026_03_26
728,731,-1,24470.5,24477.75,-8.14,scratch,2026_03_26
780,782,-1,24473.5,24458.75,13.86,target,2026_03_26
792,801,-1,24467.75,24452.0,14.86,target,2026_03_26
813,817,-1,24438.25,24429.5,7.86,target,2026_03_26
903,910,-1,24413.25,24419.0,-6.64,scratch,2026_03_26
1077,1092,-1,24384.75,24354.25,29.61,target,2026_03_26
1253,1260,-1,24179.75,24178.5,0.36,scratch,2026_03_26
188,191,-1,24127.0,24141.5,-15.39,scratch,2026_03_27
267,270,-1,24144.25,24157.0,-13.64,scratch,2026_03_27
515,519,1,24218.75,24216.0,-3.64,scratch,2026_03_27
695,701,-1,24094.75,24067.75,26.11,target,2026_03_27
855,858,-1,23925.75,23945.25,-20.39,scratch,2026_03_27
868,876,-1,23942.25,23913.25,28.11,target,2026_03_27
920,921,-1,23908.0,23929.0,-21.89,scratch,2026_03_27
931,932,-1,23941.5,23909.0,31.61,target,2026_03_27
942,943,-1,23890.25,23880.5,8.86,target,2026_03_27
984,986,-1,23787.25,23805.5,-19.14,scratch,2026_03_27
996,999,-1,23783.5,23755.75,26.86,target,2026_03_27
1012,1015,-1,23808.5,23786.25,21.36,target,2026_03_27
1027,1029,-1,23816.5,23818.5,-2.89,target,2026_03_27
1097,1107,-1,23791.5,23776.25,14.36,target,2026_03_27
1125,1127,-1,23770.25,23790.0,-20.64,scratch,2026_03_27
1149,1154,-1,23773.0,23753.5,18.61,target,2026_03_27
1246,1247,-1,23660.25,23652.25,7.11,target,2026_03_27
1276,1278,-1,23631.0,23645.0,-14.89,scratch,2026_03_27
1288,1291,-1,23625.75,23632.75,-7.89,scratch,2026_03_27
1321,1324,-1,23587.25,23593.75,-7.39,scratch,2026_03_27
68,70,-1,23179.75,23182.5,-3.64,scratch,2026_03_29
80,87,-1,23175.75,23165.0,9.86,target,2026_03_29
142,143,-1,23218.25,23209.5,7.86,target,2026_03_29
184,185,-1,23169.5,23151.0,17.61,target,2026_03_29
195,198,-1,23161.5,23160.25,0.36,scratch,2026_03_29
466,467,1,23340.5,23327.5,-13.89,scratch,2026_03_29
496,499,1,23356.25,23365.75,8.61,target,2026_03_29
64,66,1,23511.75,23498.5,-14.14,scratch,2026_03_30
145,147,1,23503.0,23544.5,40.61,target,2026_03_30
163,171,1,23450.75,23441.5,-10.14,scratch,2026_03_30
182,185,1,23457.5,23446.75,-11.64,theme,2026_03_30
220,226,1,23479.0,23499.75,19.86,target,2026_03_30
236,238,1,23500.5,23502.25,0.86,theme,2026_03_30
248,250,1,23522.75,23507.0,-16.64,scratch,2026_03_30
260,265,1,23500.25,23494.0,-7.14,scratch,2026_03_30
277,282,1,23506.0,23516.5,9.61,target,2026_03_30
466,467,1,23636.25,23623.25,-13.89,scratch,2026_03_30
496,499,1,23652.0,23661.5,8.61,target,2026_03_30
604,605,1,23681.75,23699.0,16.36,target,2026_03_30
678,682,1,23712.5,23717.0,3.61,scratch,2026_03_30
746,758,1,23707.0,23680.75,-27.14,scratch,2026_03_30
788,791,1,23721.25,23719.75,-2.39,scratch,2026_03_30
828,834,1,23760.0,23763.25,2.36,scratch,2026_03_30
846,849,1,23758.75,23755.25,-4.39,scratch,2026_03_30
1009,1011,-1,23624.25,23606.25,17.11,target,2026_03_30
1097,1109,-1,23608.25,23571.75,35.61,target,2026_03_30
1121,1132,-1,23596.0,23604.0,-8.89,scratch,2026_03_30
1222,1226,-1,23492.0,23470.75,20.36,target,2026_03_30
1299,1302,-1,23349.75,23373.75,-24.89,scratch,2026_03_30
1364,1379,-1,23398.5,23401.75,-4.14,eod,2026_03_30
129,131,-1,23344.75,23345.5,-1.6400000000000001,scratch,2026_03_31
158,159,-1,23310.25,23386.5,-77.14,scratch,2026_03_31
319,339,1,23657.25,23633.5,-24.64,theme,2026_03_31
597,602,1,23642.25,23643.25,0.10999999999999999,scratch,2026_03_31
616,619,1,23647.25,23638.25,-9.89,scratch,2026_03_31
634,638,1,23624.25,23626.0,0.86,theme,2026_03_31
795,797,-1,23629.75,23671.75,-42.89,scratch,2026_03_31
854,857,1,23648.5,23623.0,-26.39,scratch,2026_03_31
901,923,1,23672.75,23693.5,19.86,theme,2026_03_31
999,1001,1,23807.75,23812.75,4.11,target,2026_03_31
1055,1059,1,23788.75,23806.5,16.86,scratch,2026_03_31
1069,1072,1,23761.0,23796.0,34.11,target,2026_03_31
1102,1105,1,23831.0,23858.5,26.61,target,2026_03_31
1170,1172,1,24101.0,24129.75,27.86,target,2026_03_31
1182,1183,1,24089.75,24074.75,-15.89,scratch,2026_03_31
1228,1232,1,24106.75,24108.75,1.1099999999999999,scratch,2026_03_31
1270,1271,1,24141.25,24172.0,29.86,target,2026_03_31
1368,1379,1,24208.75,24200.5,-9.14,eod,2026_03_31
139,142,1,24315.5,24310.75,-5.64,scratch,2026_04_01
156,161,1,24307.25,24318.5,10.36,target,2026_04_01
556,568,1,24442.25,24443.25,0.10999999999999999,theme,2026_04_01
650,655,1,24383.5,24368.25,-16.14,scratch,2026_04_01
856,862,1,24468.25,24447.75,-21.39,scratch,2026_04_01
945,946,1,24391.5,24381.5,-10.89,target,2026_04_01
997,999,1,24441.0,24469.5,27.61,target,2026_04_01
1052,1056,1,24555.75,24573.0,16.36,target,2026_04_01
1177,1180,1,24610.5,24617.0,5.61,target,2026_04_01
139,147,-1,24469.25,24459.75,8.61,target,2026_04_02
157,160,-1,24470.5,24474.0,-4.39,scratch,2026_04_02
288,291,-1,24169.0,24174.0,-5.89,scratch,2026_04_02
301,303,-1,24170.25,24152.75,16.61,target,2026_04_02
318,322,-1,24172.5,24180.75,-9.14,scratch,2026_04_02
379,389,-1,24126.5,24111.25,14.36,target,2026_04_02
424,427,-1,24112.25,24111.25,0.10999999999999999,scratch,2026_04_02
453,454,-1,24111.25,24090.25,20.11,target,2026_04_02
511,514,-1,24080.25,24090.75,-11.39,scratch,2026_04_02
766,780,-1,24112.0,24108.5,2.61,theme,2026_04_02
856,859,-1,23984.5,23998.75,-15.14,scratch,2026_04_02
871,874,-1,24013.75,24026.5,-13.64,scratch,2026_04_02
924,927,-1,24024.5,24032.25,-8.64,scratch,2026_04_02
941,942,-1,23988.75,24034.0,-46.14,scratch,2026_04_02
1006,1007,1,24493.25,24460.75,-33.39,scratch,2026_04_02
1017,1021,1,24466.0,24424.0,-42.89,scratch,2026_04_02
1031,1071,1,24480.25,24406.25,-74.89,scratch,2026_04_02
1131,1141,1,24440.75,24398.5,-43.14,scratch,2026_04_02
1151,1155,1,24419.0,24451.25,31.36,target,2026_04_02
1165,1182,1,24468.25,24430.75,-38.39,scratch,2026_04_02
1280,1286,1,24447.75,24435.0,-13.64,scratch,2026_04_02
1296,1301,1,24446.5,24462.5,15.11,target,2026_04_02
1311,1353,1,24483.75,24512.25,27.61,scratch,2026_04_02
1363,1371,1,24506.5,24507.75,0.36,scratch,2026_04_02
64,75,1,24493.25,24491.0,-3.14,theme,2026_04_03
347,364,-1,24462.0,24464.25,-3.14,scratch,2026_04_03
410,413,-1,24468.5,24467.25,0.36,scratch,2026_04_03
425,426,-1,24470.25,24481.25,-11.89,scratch,2026_04_03
437,441,-1,24472.75,24466.75,5.11,scratch,2026_04_03
454,456,-1,24471.75,24476.5,-5.64,theme,2026_04_03
509,510,-1,24465.5,24468.25,-3.64,scratch,2026_04_03
520,527,-1,24449.5,24457.5,-8.89,scratch,2026_04_03
568,578,-1,24443.25,24458.0,-15.64,scratch,2026_04_03
661,663,-1,24443.25,24448.75,-6.39,scratch,2026_04_03
673,680,-1,24435.0,24443.0,-8.89,scratch,2026_04_03
698,710,-1,24438.75,24439.5,-1.6400000000000001,scratch,2026_04_03
720,724,-1,24434.75,24438.75,-4.89,scratch,2026_04_03
740,744,-1,24430.5,24439.0,-9.39,scratch,2026_04_03
757,761,-1,24429.25,24431.5,-3.14,scratch,2026_04_03
787,790,-1,24422.5,24418.75,2.86,scratch,2026_04_03
803,809,-1,24440.25,24442.0,-2.64,scratch,2026_04_03
896,901,-1,24424.25,24409.0,14.36,target,2026_04_03
105,117,-1,24069.75,24088.75,-19.89,scratch,2026_04_05
512,515,1,24232.0,24228.5,-4.39,scratch,2026_04_05
525,526,1,24231.25,24222.25,-9.89,scratch,2026_04_05
73,75,1,24343.75,24365.5,20.86,target,2026_04_06
106,115,1,24369.0,24376.0,6.11,target,2026_04_06
512,515,1,24527.75,24524.25,-4.39,scratch,2026_04_06
562,583,1,24543.75,24575.25,30.61,target,2026_04_06
661,666,1,24670.75,24680.0,8.36,target,2026_04_06
967,970,1,24595.25,24613.0,16.86,target,2026_04_06
980,994,1,24664.5,24651.0,-14.39,scratch,2026_04_06
1063,1081,-1,24588.25,24618.0,-30.64,theme,2026_04_06
1167,1190,-1,24587.5,24577.25,9.36,scratch,2026_04_06
1221,1224,-1,24622.75,24639.0,-17.14,theme,2026_04_06
1272,1277,1,24634.25,24635.0,-0.14,scratch,2026_04_06
1329,1348,1,24643.5,24641.5,-2.89,theme,2026_04_06
182,184,-1,24586.5,24598.5,-12.89,scratch,2026_04_07
375,376,-1,24499.5,24505.5,-6.89,scratch,2026_04_07
394,397,-1,24537.25,24539.25,-2.89,theme,2026_04_07
575,585,-1,24521.0,24541.5,-21.39,theme,2026_04_07
617,636,1,24621.0,24668.25,46.36,target,2026_04_07
651,671,1,24651.25,24675.25,23.11,target,2026_04_07
948,955,-1,24456.25,24495.5,-40.14,scratch,2026_04_07
1055,1060,-1,24367.0,24351.75,14.36,target,2026_04_07
1289,1292,1,24524.25,24505.25,-19.89,scratch,2026_04_07
1302,1306,1,24519.25,24623.5,103.36,target,2026_04_07
1316,1322,1,24634.25,24678.75,43.61,target,2026_04_07
151,154,1,25329.25,25317.0,-13.14,scratch,2026_04_08
182,185,1,25378.0,25369.75,-9.14,scratch,2026_04_08
202,212,1,25352.25,25369.75,16.61,target,2026_04_08
322,325,1,25399.5,25390.25,-10.14,scratch,2026_04_08
509,527,1,25470.0,25482.25,11.36,theme,2026_04_08
626,636,1,25464.75,25485.0,19.36,target,2026_04_08
646,650,1,25464.5,25482.75,17.36,target,2026_04_08
706,711,1,25485.0,25509.0,23.11,target,2026_04_08
771,779,1,25504.5,25503.75,-1.6400000000000001,scratch,2026_04_08
789,792,1,25489.0,25496.0,6.11,scratch,2026_04_08
838,843,1,25505.5,25526.5,20.11,target,2026_04_08
863,865,1,25474.75,25469.0,-6.64,theme,2026_04_08
920,922,1,25507.25,25488.25,-19.89,scratch,2026_04_08
964,983,-1,25377.0,25382.25,-6.14,scratch,2026_04_08
993,1009,-1,25334.5,25324.25,9.36,scratch,2026_04_08
1025,1029,-1,25322.75,25308.5,13.36,target,2026_04_08
1039,1058,-1,25312.5,25351.5,-39.89,theme,2026_04_08
160,174,-1,25320.5,25305.75,13.86,target,2026_04_09
233,236,-1,25311.0,25317.75,-7.64,scratch,2026_04_09
841,845,1,25332.0,25329.0,-3.89,scratch,2026_04_09
857,862,1,25329.0,25329.5,-0.39,scratch,2026_04_09
875,880,1,25322.0,25325.25,2.36,theme,2026_04_09
918,924,1,25341.75,25333.5,-9.14,scratch,2026_04_09
937,941,1,25351.75,25349.75,-2.89,scratch,2026_04_09
955,961,1,25316.25,25315.25,-1.8900000000000001,scratch,2026_04_09
1025,1033,1,25326.75,25351.75,24.11,target,2026_04_09
1045,1047,1,25385.25,25370.75,-15.39,scratch,2026_04_09
1061,1065,1,25423.0,25422.0,-1.8900000000000001,scratch,2026_04_09
1123,1129,1,25480.0,25462.5,-18.39,theme,2026_04_09
1261,1262,1,25480.0,25492.25,11.36,target,2026_04_09
1328,1346,1,25520.25,25534.25,13.11,theme,2026_04_09
109,112,1,25523.5,25523.75,-0.64,scratch,2026_04_10
682,685,-1,25537.75,25525.5,11.36,target,2026_04_10
946,949,1,25629.5,25636.5,6.11,target,2026_04_10
964,969,1,25586.5,25590.25,2.86,theme,2026_04_10
1005,1009,1,25616.75,25624.75,7.11,scratch,2026_04_10
1019,1021,1,25648.5,25637.5,-11.89,scratch,2026_04_10
1050,1060,1,25643.5,25597.75,-46.64,scratch,2026_04_10
1186,1191,-1,25552.0,25560.5,-9.39,scratch,2026_04_10
1242,1245,-1,25544.0,25542.5,0.61,scratch,2026_04_10
1258,1259,-1,25551.75,25555.0,-4.14,scratch,2026_04_10
1269,1272,-1,25572.25,25576.75,-5.39,scratch,2026_04_10
61,62,-1,24949.0,24942.75,5.36,target,2026_04_12
116,119,-1,24974.5,24981.75,-8.14,scratch,2026_04_12
124,130,1,25253.0,25284.25,30.36,target,2026_04_13
226,231,1,25360.0,25373.5,12.61,target,2026_04_13
254,265,1,25357.5,25358.25,-0.14,theme,2026_04_13
309,312,1,25361.0,25352.25,-9.64,scratch,2026_04_13
322,326,1,25356.75,25363.75,6.11,scratch,2026_04_13
338,341,1,25356.5,25356.75,-0.64,theme,2026_04_13
364,372,1,25351.5,25355.5,3.11,theme,2026_04_13
453,459,1,25369.25,25367.0,-3.14,theme,2026_04_13
576,586,1,25402.5,25399.5,-3.89,theme,2026_04_13
611,633,1,25410.5,25406.0,-5.39,scratch,2026_04_13
643,646,1,25392.5,25394.0,0.61,scratch,2026_04_13
673,688,1,25403.75,25422.0,17.36,target,2026_04_13
710,726,1,25409.25,25411.0,0.86,scratch,2026_04_13
818,822,1,25407.0,25406.0,-1.8900000000000001,scratch,2026_04_13
949,950,1,25510.5,25566.75,55.36,target,2026_04_13
1066,1071,1,25614.5,25614.25,-1.1400000000000001,theme,2026_04_13
1201,1205,1,25709.25,25712.75,2.61,scratch,2026_04_13
165,181,1,25888.0,25877.5,-11.39,scratch,2026_04_14
193,203,1,25880.75,25888.75,7.11,theme,2026_04_14
592,602,1,25917.5,25914.5,-3.89,theme,2026_04_14
874,877,1,25967.0,25965.0,-2.89,scratch,2026_04_14
887,893,1,25967.75,25961.75,-6.89,scratch,2026_04_14
918,922,1,25974.5,25963.5,-11.89,scratch,2026_04_14
1032,1041,1,26079.75,26113.75,33.11,target,2026_04_14
1306,1312,1,26270.75,26257.5,-14.14,scratch,2026_04_14
123,130,1,26307.0,26313.5,5.61,scratch,2026_04_15
141,145,1,26310.0,26311.25,0.36,scratch,2026_04_15
182,194,1,26315.5,26329.25,12.86,target,2026_04_15
256,262,1,26322.5,26319.0,-4.39,theme,2026_04_15
564,572,-1,26281.75,26289.25,-8.39,scratch,2026_04_15
862,874,-1,26270.0,26281.75,-12.64,scratch,2026_04_15
884,888,-1,26294.75,26296.0,-2.14,theme,2026_04_15
946,947,1,26306.25,26314.25,7.11,target,2026_04_15
1171,1177,1,26491.0,26514.0,22.11,target,2026_04_15
1187,1199,1,26488.0,26489.75,0.86,scratch,2026_04_15
1334,1344,1,26634.75,26647.5,11.86,target,2026_04_15
258,275,1,26738.0,26741.25,2.36,scratch,2026_04_16
292,294,1,26742.25,26738.75,-4.39,scratch,2026_04_16
330,333,1,26742.5,26739.0,-4.39,scratch,2026_04_16
343,352,1,26740.5,26744.0,2.61,scratch,2026_04_16
545,547,1,26766.5,26757.75,-9.64,scratch,2026_04_16
595,596,1,26759.5,26753.5,-6.89,scratch,2026_04_16
885,895,-1,26709.75,26691.75,17.11,target,2026_04_16
905,908,-1,26714.5,26720.0,-6.39,scratch,2026_04_16
921,924,-1,26708.0,26696.25,10.86,target,2026_04_16
947,951,-1,26677.5,26655.25,21.36,target,2026_04_16
970,973,-1,26642.25,26670.25,-28.89,scratch,2026_04_16
990,999,-1,26648.0,26674.25,-27.14,theme,2026_04_16
1116,1117,1,26763.75,26781.5,16.86,target,2026_04_16
1187,1196,1,26795.75,26756.25,-40.39,scratch,2026_04_16
1207,1208,1,26737.5,26716.75,-21.64,scratch,2026_04_16
1377,1379,1,26763.5,26760.5,-3.89,eod,2026_04_16
938,940,1,27009.75,26992.5,-18.14,scratch,2026_04_17
992,996,1,27064.5,27074.5,9.11,scratch,2026_04_17
1036,1038,1,27130.75,27141.0,9.36,target,2026_04_17
1066,1070,1,27130.25,27125.0,-6.14,target,2026_04_17
1138,1144,1,27154.75,27168.75,13.11,target,2026_04_17
1367,1374,1,27127.75,27137.75,9.11,target,2026_04_17
103,109,-1,26651.75,26645.25,5.61,scratch,2026_04_19
121,124,-1,26642.0,26645.5,-4.39,scratch,2026_04_19
140,149,-1,26644.0,26652.0,-8.89,scratch,2026_04_19
164,170,-1,26652.5,26662.75,-11.14,theme,2026_04_19
77,80,1,26953.5,26948.5,-5.89,scratch,2026_04_20
160,169,1,26938.0,26956.0,17.11,target,2026_04_20
179,182,1,26954.25,26969.0,13.86,target,2026_04_20
330,333,1,26988.0,26990.5,1.6099999999999999,scratch,2026_04_20
345,347,1,26983.75,26978.0,-6.64,scratch,2026_04_20
631,636,-1,26961.75,26962.75,-1.8900000000000001,theme,2026_04_20
754,762,1,26995.5,26991.25,-5.14,scratch,2026_04_20
852,856,1,27002.0,27003.25,0.36,scratch,2026_04_20
941,945,1,27045.5,27045.75,-0.64,scratch,2026_04_20
963,964,1,27064.75,27050.25,-15.39,scratch,2026_04_20
1288,1291,1,27018.75,27020.75,1.1099999999999999,theme,2026_04_20
91,94,1,27093.25,27095.75,1.6099999999999999,theme,2026_04_21
154,158,1,27088.0,27086.25,-2.64,scratch,2026_04_21
232,246,1,27116.0,27112.75,-4.14,theme,2026_04_21
277,284,1,27110.75,27115.75,4.11,scratch,2026_04_21
300,309,1,27108.75,27110.25,0.61,theme,2026_04_21
682,691,-1,27112.75,27120.75,-8.89,scratch,2026_04_21
798,811,1,27154.5,27175.75,20.36,target,2026_04_21
843,852,1,27165.25,27159.75,-6.39,scratch,2026_04_21
931,934,-1,27068.5,27043.75,23.86,scratch,2026_04_21
946,949,-1,27050.5,27083.25,-33.64,scratch,2026_04_21
963,965,-1,27133.0,27122.75,9.36,target,2026_04_21
1018,1019,-1,27065.25,27049.5,14.86,target,2026_04_21
1032,1037,-1,27056.0,27047.25,7.86,target,2026_04_21
1047,1051,-1,27020.5,27029.25,-9.64,scratch,2026_04_21
1070,1081,-1,27037.5,27052.25,-15.64,scratch,2026_04_21
1091,1102,-1,27041.25,27026.5,13.86,theme,2026_04_21
1114,1125,-1,27025.75,26977.25,47.61,target,2026_04_21
1136,1140,-1,26981.5,26966.75,13.86,target,2026_04_21
1175,1179,-1,26957.5,27002.25,-45.64,scratch,2026_04_21
1235,1240,-1,26998.25,26986.75,10.61,scratch,2026_04_21
1250,1255,-1,26966.5,27023.25,-57.64,scratch,2026_04_21
1265,1266,-1,27033.75,27041.5,-8.64,scratch,2026_04_21
1333,1336,-1,27061.75,27035.75,25.11,target,2026_04_21
292,298,1,27113.25,27114.0,-0.14,scratch,2026_04_22
359,360,1,27106.75,27103.75,-3.89,theme,2026_04_22
560,563,1,27126.0,27135.25,8.36,target,2026_04_22
608,609,1,27134.0,27126.5,-8.39,scratch,2026_04_22
774,786,1,27126.25,27124.0,-3.14,theme,2026_04_22
873,875,1,27158.75,27165.25,5.61,target,2026_04_22
891,892,1,27123.75,27125.5,0.86,theme,2026_04_22
936,949,1,27119.0,27133.5,13.61,scratch,2026_04_22
1024,1040,1,27251.0,27277.5,25.61,theme,2026_04_22
1066,1070,1,27270.5,27292.0,20.61,target,2026_04_22
1082,1084,1,27269.5,27282.25,11.86,target,2026_04_22
1101,1105,1,27279.5,27281.75,1.3599999999999999,scratch,2026_04_22
1189,1192,1,27326.0,27339.25,12.36,target,2026_04_22
1212,1216,1,27324.0,27318.25,-6.64,scratch,2026_04_22
1270,1280,1,27319.75,27346.25,25.61,target,2026_04_22
71,82,1,27385.0,27387.5,1.6099999999999999,scratch,2026_04_23
94,121,1,27387.75,27383.75,-4.89,scratch,2026_04_23
361,367,-1,27199.75,27190.0,8.86,target,2026_04_23
469,472,-1,27253.25,27261.0,-8.64,scratch,2026_04_23
871,875,1,27331.75,27332.75,0.10999999999999999,scratch,2026_04_23
959,961,1,27320.25,27279.75,-41.39,scratch,2026_04_23
975,976,1,27285.5,27310.25,23.86,target,2026_04_23
1068,1071,1,27396.25,27377.75,-19.39,scratch,2026_04_23
1125,1126,1,27397.25,27402.75,4.61,target,2026_04_23
1137,1139,1,27397.75,27382.0,-16.64,scratch,2026_04_23
1204,1215,-1,27208.5,27214.25,-6.64,theme,2026_04_23
1269,1276,-1,27191.5,27206.5,-15.89,scratch,2026_04_23
1288,1292,-1,27208.5,27222.75,-15.14,scratch,2026_04_23
215,216,1,27404.0,27400.75,-4.14,theme,2026_04_24
227,236,1,27413.0,27411.5,-2.39,scratch,2026_04_24
636,642,1,27393.5,27390.0,-4.39,scratch,2026_04_24
690,701,1,27390.5,27405.25,13.86,target,2026_04_24
839,841,1,27572.25,27579.75,6.61,target,2026_04_24
985,987,1,27529.25,27500.75,-29.39,scratch,2026_04_24
1159,1162,1,27691.75,27676.75,-15.89,scratch,2026_04_24
1208,1212,1,27715.25,27710.25,-5.89,scratch,2026_04_24
1224,1227,1,27686.5,27698.75,11.36,target,2026_04_24
1263,1264,1,27719.5,27711.0,-9.39,scratch,2026_04_24
1288,1291,1,27721.25,27713.75,-8.39,scratch,2026_04_24
1301,1304,1,27713.0,27712.0,-1.8900000000000001,scratch,2026_04_24
1314,1316,1,27725.25,27728.5,2.36,theme,2026_04_24
1341,1345,1,27718.75,27719.75,0.10999999999999999,scratch,2026_04_24
124,130,-1,27397.0,27395.0,1.1099999999999999,scratch,2026_04_26
419,422,1,27518.25,27513.25,-5.89,scratch,2026_04_26
310,311,1,27814.5,27814.25,-1.1400000000000001,theme,2026_04_27
325,337,1,27820.5,27818.0,-3.39,scratch,2026_04_27
366,370,1,27811.5,27813.75,1.3599999999999999,scratch,2026_04_27
419,422,1,27814.0,27809.0,-5.89,scratch,2026_04_27
590,604,-1,27716.0,27707.75,7.36,target,2026_04_27
640,644,-1,27721.0,27728.25,-8.14,scratch,2026_04_27
957,968,-1,27681.5,27678.75,1.8599999999999999,target,2026_04_27
984,991,-1,27660.5,27637.75,21.86,target,2026_04_27
1003,1005,-1,27657.25,27673.25,-16.89,scratch,2026_04_27
1015,1017,-1,27655.75,27653.75,1.1099999999999999,target,2026_04_27
1030,1042,-1,27652.25,27615.75,35.61,target,2026_04_27
1052,1056,-1,27644.0,27645.25,-2.14,scratch,2026_04_27
1070,1072,-1,27660.0,27667.25,-8.14,theme,2026_04_27
1299,1303,1,27717.0,27716.75,-1.1400000000000001,scratch,2026_04_27
143,146,1,27784.25,27777.0,-8.14,scratch,2026_04_28
233,235,1,27745.0,27744.75,-1.1400000000000001,theme,2026_04_28
374,377,-1,27720.75,27723.25,-3.39,scratch,2026_04_28
387,390,-1,27722.0,27723.0,-1.8900000000000001,theme,2026_04_28
476,483,-1,27663.0,27665.25,-3.14,scratch,2026_04_28
493,505,-1,27663.5,27654.0,8.61,target,2026_04_28
516,527,-1,27656.0,27634.75,20.36,scratch,2026_04_28
581,583,-1,27639.75,27646.25,-7.39,scratch,2026_04_28
675,679,-1,27638.75,27636.0,1.8599999999999999,scratch,2026_04_28
752,755,-1,27568.75,27565.25,2.61,target,2026_04_28
856,860,-1,27396.75,27369.5,26.36,target,2026_04_28
883,889,-1,27382.75,27412.75,-30.89,scratch,2026_04_28
992,995,-1,27456.75,27440.75,15.11,target,2026_04_28
1006,1008,-1,27377.5,27397.75,-21.14,scratch,2026_04_28
1022,1026,-1,27385.75,27369.25,15.61,target,2026_04_28
1036,1046,-1,27370.5,27334.0,35.61,target,2026_04_28
1061,1066,-1,27337.25,27335.5,0.86,target,2026_04_28
1089,1097,-1,27364.5,27363.0,0.61,theme,2026_04_28
1129,1131,-1,27354.0,27344.0,9.11,target,2026_04_28
1142,1144,-1,27380.0,27356.0,23.11,target,2026_04_28
1157,1163,-1,27353.25,27355.75,-3.39,theme,2026_04_28
1284,1294,1,27485.75,27476.25,-10.39,scratch,2026_04_28
1344,1379,1,27488.25,27486.75,-2.39,eod,2026_04_28
288,307,1,27554.75,27579.75,24.11,target,2026_04_29
714,719,-1,27540.0,27529.0,10.11,scratch,2026_04_29
733,743,-1,27532.25,27571.5,-40.14,scratch,2026_04_29
885,893,-1,27536.75,27527.5,8.36,scratch,2026_04_29
904,908,-1,27538.5,27542.0,-4.39,scratch,2026_04_29
947,948,-1,27464.5,27474.5,-10.89,scratch,2026_04_29
958,971,-1,27520.75,27485.5,34.36,scratch,2026_04_29
1144,1145,-1,27467.75,27483.5,-16.64,scratch,2026_04_29
1155,1158,-1,27500.75,27509.75,-9.89,scratch,2026_04_29
1215,1217,-1,27487.75,27511.75,-24.89,scratch,2026_04_29
1227,1231,-1,27502.75,27488.25,13.61,target,2026_04_29
1241,1245,-1,27514.75,27487.25,26.61,target,2026_04_29
1295,1302,1,27574.75,27572.0,-3.64,scratch,2026_04_29
79,87,1,27760.0,27762.75,1.8599999999999999,theme,2026_04_30
185,197,1,27874.25,27864.0,-11.14,theme,2026_04_30
241,242,1,27880.0,27870.0,-10.89,scratch,2026_04_30
420,422,-1,27529.25,27560.0,-31.64,scratch,2026_04_30
433,442,-1,27592.0,27579.25,11.86,theme,2026_04_30
476,487,-1,27546.25,27515.75,29.61,scratch,2026_04_30
497,506,-1,27508.25,27528.0,-20.64,scratch,2026_04_30
516,517,-1,27580.5,27598.0,-18.39,scratch,2026_04_30
766,770,1,27686.25,27679.0,-8.14,scratch,2026_04_30
841,849,1,27743.0,27757.25,13.36,target,2026_04_30
886,889,1,27791.5,27801.0,8.61,target,2026_04_30
916,928,1,27799.5,27793.25,-7.14,scratch,2026_04_30
1011,1012,-1,27582.75,27615.0,-33.14,scratch,2026_04_30
1074,1076,-1,27692.5,27712.5,-20.89,scratch,2026_04_30
1088,1092,-1,27699.0,27701.75,-3.64,scratch,2026_04_30
1136,1139,-1,27653.75,27662.75,-9.89,scratch,2026_04_30
1231,1236,1,27865.75,27876.5,9.86,target,2026_04_30
1261,1267,1,27854.75,27871.0,15.36,target,2026_04_30
1327,1328,1,27881.75,27864.25,-18.39,scratch,2026_04_30
1353,1354,1,27898.5,27900.75,1.3599999999999999,target,2026_04_30
1366,1371,1,27885.0,27892.75,6.86,target,2026_04_30
96,114,1,27915.75,27900.0,-16.64,scratch,2026_05_01
128,132,1,27905.5,27897.0,-9.39,scratch,2026_05_01
511,529,-1,27904.25,27894.75,8.61,scratch,2026_05_01
549,551,-1,27908.0,27916.75,-9.64,scratch,2026_05_01
624,626,-1,27877.25,27885.5,-9.14,scratch,2026_05_01
637,666,-1,27866.5,27849.0,16.61,scratch,2026_05_01
678,682,-1,27854.25,27855.5,-2.14,scratch,2026_05_01
693,699,-1,27859.0,27862.25,-4.14,scratch,2026_05_01
753,762,-1,27858.5,27842.5,15.11,scratch,2026_05_01
775,777,-1,27853.0,27863.75,-11.64,scratch,2026_05_01
788,795,-1,27846.0,27844.0,1.1099999999999999,scratch,2026_05_01
808,825,-1,27850.75,27844.5,5.36,scratch,2026_05_01
835,837,-1,27849.0,27853.5,-5.39,scratch,2026_05_01
999,1003,1,28087.25,28095.0,6.86,scratch,2026_05_01
1046,1058,1,28156.75,28188.0,30.36,target,2026_05_01
1073,1077,1,28171.0,28195.75,23.86,target,2026_05_01
1094,1095,1,28149.25,28139.5,-10.64,scratch,2026_05_01
1155,1172,1,28152.0,28175.0,22.11,scratch,2026_05_01
1182,1203,1,28178.0,28167.5,-11.39,scratch,2026_05_01
1299,1302,1,28171.75,28168.75,-3.89,scratch,2026_05_01
1315,1320,1,28141.75,28132.75,-9.89,theme,2026_05_01
107,108,-1,27828.25,27829.5,-2.14,scratch,2026_05_03
449,458,1,27938.75,27936.0,-3.64,scratch,2026_05_03
474,476,1,27939.0,27933.5,-6.39,scratch,2026_05_03
127,130,1,28146.5,28159.5,12.11,scratch,2026_05_04
140,142,1,28126.5,28108.75,-18.64,scratch,2026_05_04
152,156,1,28146.5,28150.25,2.86,scratch,2026_05_04
211,212,1,28178.5,28192.25,12.86,target,2026_05_04
258,262,1,28194.25,28201.25,6.11,scratch,2026_05_04
331,332,1,28226.25,28218.25,-8.89,scratch,2026_05_04
343,348,1,28221.25,28222.5,0.36,theme,2026_05_04
634,653,-1,28191.25,28190.25,0.10999999999999999,theme,2026_05_04
820,822,-1,28085.5,28107.75,-23.14,scratch,2026_05_04
833,843,-1,28109.25,28149.25,-40.89,scratch,2026_05_04
902,904,-1,28124.25,28117.0,6.36,scratch,2026_05_04
917,926,-1,28145.5,28152.25,-7.64,theme,2026_05_04
1066,1070,-1,28042.5,28025.0,16.61,target,2026_05_04
1101,1135,-1,28016.75,28001.5,14.36,theme,2026_05_04
1225,1228,-1,28059.5,28038.5,20.11,target,2026_05_04
1239,1241,-1,28042.0,28054.75,-13.64,scratch,2026_05_04
1251,1256,-1,28039.0,28041.25,-3.14,scratch,2026_05_04
1362,1379,-1,28045.25,28039.25,5.11,eod,2026_05_04
77,82,-1,28051.5,28054.5,-3.89,scratch,2026_05_05
140,144,1,28057.25,28043.75,-14.39,scratch,2026_05_05
154,161,1,28059.0,28064.75,4.86,scratch,2026_05_05
171,180,1,28081.75,28080.25,-2.39,theme,2026_05_05
192,201,1,28085.0,28102.25,16.36,scratch,2026_05_05
211,212,1,28097.25,28091.0,-7.14,scratch,2026_05_05
224,277,1,28109.75,28125.75,15.11,scratch,2026_05_05
292,295,1,28114.75,28107.5,-8.14,scratch,2026_05_05
305,331,1,28116.0,28133.75,16.86,scratch,2026_05_05
451,453,1,28134.5,28126.5,-8.89,scratch,2026_05_05
467,483,1,28145.75,28149.25,2.61,scratch,2026_05_05
493,496,1,28142.75,28134.5,-9.14,scratch,2026_05_05
633,640,1,28214.75,28224.5,8.86,scratch,2026_05_05
683,691,1,28215.0,28240.25,24.36,target,2026_05_05
783,785,1,28215.25,28204.5,-11.64,theme,2026_05_05
978,980,1,28376.5,28349.5,-27.89,scratch,2026_05_05
1008,1009,1,28377.75,28396.0,17.36,target,2026_05_05
1021,1024,1,28388.0,28403.75,14.86,target,2026_05_05
1110,1114,1,28411.5,28408.75,-3.64,scratch,2026_05_05
1157,1171,1,28422.5,28440.0,16.61,target,2026_05_05
1291,1293,1,28461.5,28456.0,-6.39,scratch,2026_05_05
91,121,1,28650.75,28657.25,5.61,scratch,2026_05_06
194,207,1,28587.75,28582.5,-6.14,scratch,2026_05_06
217,235,1,28581.0,28576.75,-5.14,scratch,2026_05_06
438,442,1,28628.5,28632.0,2.61,scratch,2026_05_06
455,466,1,28632.5,28643.5,10.11,target,2026_05_06
491,493,1,28630.75,28624.0,-7.64,scratch,2026_05_06
555,558,1,28614.0,28609.75,-5.14,scratch,2026_05_06
597,601,1,28632.75,28646.5,12.86,target,2026_05_06
624,634,1,28627.75,28649.5,20.86,target,2026_05_06
814,818,1,28874.0,28898.5,23.61,target,2026_05_06
1118,1124,1,28858.75,28869.75,10.11,target,2026_05_06
68,74,1,28972.25,28983.75,10.61,scratch,2026_05_07
84,86,1,28986.0,28975.5,-11.39,scratch,2026_05_07
99,104,1,28973.0,28970.75,-3.14,theme,2026_05_07
494,502,1,28998.25,29011.5,12.36,target,2026_05_07
614,616,1,29066.25,29052.25,-14.89,scratch,2026_05_07
695,699,1,29047.5,29039.5,-8.89,scratch,2026_05_07
716,724,1,29023.25,29021.25,-2.89,scratch,2026_05_07
945,946,1,29037.5,29008.0,-30.39,scratch,2026_05_07
1029,1031,1,29170.75,29173.5,1.8599999999999999,target,2026_05_07
1183,1196,-1,28953.25,28936.25,16.11,scratch,2026_05_07
1250,1252,-1,28895.5,28908.5,-13.89,scratch,2026_05_07
1263,1266,-1,28918.5,28935.5,-17.89,scratch,2026_05_07
1276,1280,-1,28946.75,28913.75,32.11,target,2026_05_07
1290,1292,-1,28907.25,28929.75,-23.39,scratch,2026_05_07
64,81,-1,28916.5,28933.5,-17.89,scratch,2026_05_08
301,340,1,29044.0,29049.0,4.11,scratch,2026_05_08
529,531,1,29114.25,29125.75,10.61,target,2026_05_08
546,552,1,29111.75,29117.25,4.61,scratch,2026_05_08
574,586,1,29114.25,29121.25,6.11,target,2026_05_08
710,711,1,29141.5,29133.0,-9.39,theme,2026_05_08
902,905,1,29221.25,29205.5,-16.64,scratch,2026_05_08
915,917,1,29174.5,29170.0,-5.39,theme,2026_05_08
1041,1042,1,29454.75,29479.5,23.86,target,2026_05_08
1081,1082,1,29496.0,29506.0,9.11,target,2026_05_08
1126,1134,1,29508.5,29537.5,28.11,target,2026_05_08
1187,1188,1,29589.25,29566.75,-23.39,scratch,2026_05_08
1236,1246,1,29583.5,29565.25,-19.14,scratch,2026_05_08
1275,1289,1,29590.0,29566.0,-24.89,scratch,2026_05_08
1299,1305,1,29585.75,29595.75,9.11,target,2026_05_08
124,126,-1,29331.5,29349.75,-19.14,scratch,2026_05_10
194,198,-1,29288.75,29305.0,-17.14,scratch,2026_05_10
212,218,-1,29314.5,29327.25,-13.64,scratch,2026_05_10
313,321,-1,29325.0,29332.5,-8.39,scratch,2026_05_10
337,341,-1,29324.0,29339.25,-16.14,scratch,2026_05_10
388,402,-1,29332.0,29331.25,-0.14,theme,2026_05_10
169,171,1,29666.25,29653.0,-14.14,scratch,2026_05_11
224,237,1,29630.75,29630.25,-1.3900000000000001,scratch,2026_05_11
251,272,1,29627.5,29646.0,17.61,scratch,2026_05_11
303,307,1,29632.0,29621.5,-11.39,scratch,2026_05_11
421,427,1,29634.25,29633.5,-1.6400000000000001,scratch,2026_05_11
646,662,-1,29588.5,29602.75,-15.14,scratch,2026_05_11
741,742,-1,29598.0,29606.75,-9.64,scratch,2026_05_11
773,781,-1,29605.75,29612.25,-7.39,scratch,2026_05_11
828,831,1,29636.5,29622.25,-15.14,scratch,2026_05_11
902,905,-1,29591.5,29598.5,-7.89,scratch,2026_05_11
1010,1015,1,29676.25,29705.5,28.36,target,2026_05_11
1036,1040,1,29673.75,29677.0,2.36,scratch,2026_05_11
1117,1120,1,29752.75,29733.75,-19.89,scratch,2026_05_11
1175,1190,1,29744.0,29754.5,9.61,scratch,2026_05_11
1243,1246,1,29745.75,29736.0,-10.64,scratch,2026_05_11
160,164,-1,29668.5,29669.0,-1.3900000000000001,scratch,2026_05_12
177,181,-1,29681.25,29685.5,-5.14,scratch,2026_05_12
191,197,-1,29676.0,29636.5,38.61,target,2026_05_12
207,212,-1,29620.0,29623.25,-4.14,scratch,2026_05_12
250,261,-1,29615.0,29618.5,-4.39,theme,2026_05_12
340,366,-1,29636.25,29626.75,8.61,scratch,2026_05_12
378,382,-1,29627.0,29628.0,-1.8900000000000001,scratch,2026_05_12
392,403,-1,29622.0,29619.75,1.3599999999999999,scratch,2026_05_12
421,424,-1,29579.5,29585.0,-6.39,scratch,2026_05_12
434,441,-1,29576.75,29578.5,-2.64,scratch,2026_05_12
451,456,-1,29590.0,29583.0,6.11,scratch,2026_05_12
471,474,-1,29582.75,29589.5,-7.64,scratch,2026_05_12
484,491,-1,29577.25,29574.5,1.8599999999999999,scratch,2026_05_12
661,663,-1,29502.0,29514.75,-13.64,scratch,2026_05_12
673,684,-1,29494.25,29503.5,-10.14,scratch,2026_05_12
751,757,-1,29512.25,29518.75,-7.39,scratch,2026_05_12
779,782,-1,29502.75,29476.0,25.86,target,2026_05_12
873,874,-1,29435.5,29442.75,-8.14,scratch,2026_05_12
932,934,-1,29453.25,29473.5,-21.14,scratch,2026_05_12
946,947,-1,29572.0,29560.75,10.36,target,2026_05_12
970,971,-1,29433.0,29427.0,5.11,target,2026_05_12
982,987,-1,29485.25,29440.5,43.86,target,2026_05_12
1068,1076,-1,29212.25,29170.75,40.61,target,2026_05_12
1096,1101,-1,29185.25,29176.75,7.61,target,2026_05_12
201,205,1,29469.0,29471.25,1.3599999999999999,scratch,2026_05_13
216,226,1,29478.0,29527.5,48.61,target,2026_05_13
248,255,1,29500.5,29512.25,10.86,scratch,2026_05_13
466,487,1,29588.75,29603.75,14.11,target,2026_05_13
534,536,1,29595.0,29602.25,6.36,target,2026_05_13
718,721,1,29716.75,29711.75,-5.89,scratch,2026_05_13
918,926,-1,29582.25,29593.25,-11.89,theme,2026_05_13
943,946,-1,29532.5,29464.25,67.36,target,2026_05_13
956,960,-1,29493.5,29465.75,26.86,scratch,2026_05_13
977,982,-1,29475.5,29501.25,-26.64,scratch,2026_05_13
1261,1263,1,29788.0,29782.0,-6.89,theme,2026_05_13
1297,1308,1,29819.25,29833.25,13.11,target,2026_05_13
1318,1320,1,29776.75,29772.5,-5.14,theme,2026_05_13
112,116,1,29905.25,29921.75,15.61,scratch,2026_05_14
143,146,1,29932.5,29947.5,14.11,target,2026_05_14
197,200,1,29964.25,29949.25,-15.89,scratch,2026_05_14
210,214,1,29975.0,29957.75,-18.14,scratch,2026_05_14
285,287,1,29918.75,29904.5,-15.14,scratch,2026_05_14
445,448,-1,29854.75,29858.75,-4.89,scratch,2026_05_14
463,466,-1,29854.25,29901.75,-48.39,scratch,2026_05_14
664,669,-1,29879.25,29873.25,5.11,scratch,2026_05_14
680,681,-1,29855.0,29860.0,-5.89,scratch,2026_05_14
777,781,-1,29843.5,29848.0,-5.39,scratch,2026_05_14
825,827,-1,29841.0,29850.5,-10.39,scratch,2026_05_14
840,843,-1,29835.25,29844.0,-9.64,scratch,2026_05_14
937,939,-1,29853.25,29886.75,-34.39,scratch,2026_05_14
1111,1113,1,30034.25,30016.5,-18.64,scratch,2026_05_14
1196,1201,1,30044.25,29993.0,-52.14,scratch,2026_05_14
1211,1212,1,29956.0,29985.25,28.36,target,2026_05_14
117,120,-1,29979.25,29983.25,-4.89,scratch,2026_05_15
131,135,-1,29990.0,29995.5,-6.39,scratch,2026_05_15
145,154,-1,30017.75,30001.25,15.61,theme,2026_05_15
207,214,-1,29910.25,29852.75,56.61,scratch,2026_05_15
271,273,-1,29818.5,29804.75,12.86,target,2026_05_15
341,357,-1,29864.25,29863.25,0.10999999999999999,scratch,2026_05_15
367,376,-1,29854.75,29846.5,7.36,scratch,2026_05_15
387,394,-1,29816.5,29797.0,18.61,target,2026_05_15
406,408,-1,29809.25,29788.75,19.61,target,2026_05_15
516,521,-1,29646.5,29680.0,-34.39,scratch,2026_05_15
596,603,-1,29693.25,29640.75,51.61,target,2026_05_15
667,668,-1,29559.25,29550.5,7.86,target,2026_05_15
691,694,-1,29535.25,29553.5,-19.14,scratch,2026_05_15
717,718,-1,29529.75,29518.5,10.36,target,2026_05_15
729,732,-1,29551.25,29557.0,-6.64,theme,2026_05_15
819,829,-1,29583.0,29590.25,-8.14,scratch,2026_05_15
901,904,-1,29462.25,29464.25,-2.89,scratch,2026_05_15
964,965,-1,29462.25,29460.0,1.3599999999999999,target,2026_05_15
1028,1029,-1,29544.75,29565.75,-21.89,theme,2026_05_15
1067,1071,1,29587.5,29549.75,-38.64,scratch,2026_05_15
1118,1127,1,29627.75,29626.5,-2.14,scratch,2026_05_15
1137,1139,1,29612.5,29604.75,-8.64,scratch,2026_05_15
1151,1182,1,29650.5,29706.75,55.36,scratch,2026_05_15
1222,1223,1,29706.25,29722.5,15.36,target,2026_05_15
62,67,-1,29237.75,29198.25,38.61,target,2026_05_17
151,155,-1,29004.0,28992.25,10.86,target,2026_05_17
170,175,-1,28993.5,28988.75,3.86,target,2026_05_17
185,187,-1,28989.75,29001.75,-12.89,scratch,2026_05_17
226,229,-1,28978.25,29009.75,-32.39,scratch,2026_05_17
304,307,-1,29039.0,29043.25,-5.14,scratch,2026_05_17
319,323,-1,29020.0,29024.5,-5.39,scratch,2026_05_17
333,334,-1,29007.75,29017.5,-10.64,scratch,2026_05_17
492,494,-1,29033.75,29043.5,-10.64,scratch,2026_05_17
506,511,-1,29020.25,28994.5,24.86,target,2026_05_17
528,531,-1,29084.25,29074.75,8.61,theme,2026_05_17
61,62,1,29533.0,29533.5,-0.39,theme,2026_05_18
186,187,1,29288.5,29297.5,8.11,target,2026_05_18
343,344,1,29351.75,29361.75,9.11,target,2026_05_18
355,361,1,29341.75,29358.25,15.61,target,2026_05_18
388,395,1,29331.0,29321.25,-10.64,scratch,2026_05_18
439,448,1,29332.75,29358.0,24.36,theme,2026_05_18
492,494,-1,29329.5,29339.25,-10.64,scratch,2026_05_18
506,513,-1,29316.0,29308.75,6.36,scratch,2026_05_18
529,531,-1,29389.25,29370.5,17.86,target,2026_05_18
563,566,1,29365.75,29398.5,31.86,target,2026_05_18
586,591,1,29380.75,29382.5,0.86,scratch,2026_05_18
603,605,1,29435.0,29469.25,33.36,target,2026_05_18
619,621,1,29454.75,29474.25,18.61,target,2026_05_18
676,684,1,29507.0,29500.25,-7.64,scratch,2026_05_18
905,909,1,29675.0,29684.0,8.11,target,2026_05_18
925,926,1,29670.75,29646.0,-25.64,scratch,2026_05_18
1044,1047,-1,29297.5,29338.75,-42.14,scratch,2026_05_18
1057,1064,-1,29325.5,29304.0,20.61,target,2026_05_18
1077,1081,-1,29313.5,29274.25,38.36,target,2026_05_18
1094,1101,-1,29310.0,29350.75,-41.64,scratch,2026_05_18
1120,1131,-1,29235.25,29246.0,-11.64,scratch,2026_05_18
1141,1144,-1,29269.25,29308.0,-39.64,scratch,2026_05_18
1187,1192,-1,29277.0,29304.5,-28.39,scratch,2026_05_18
1202,1206,-1,29273.0,29263.0,9.11,scratch,2026_05_18
1216,1229,-1,29204.25,29174.0,29.36,scratch,2026_05_18
1242,1244,-1,29143.25,29167.5,-25.14,scratch,2026_05_18
1259,1261,-1,29128.5,29171.75,-44.14,scratch,2026_05_18
62,64,1,29476.25,29458.5,-18.64,scratch,2026_05_19
78,87,1,29446.0,29463.75,16.86,target,2026_05_19
98,106,1,29448.5,29439.0,-10.39,scratch,2026_05_19
162,173,1,29425.75,29408.5,-18.14,scratch,2026_05_19
416,420,-1,29256.75,29257.5,-1.6400000000000001,theme,2026_05_19
496,499,-1,29253.5,29262.75,-10.14,scratch,2026_05_19
710,718,-1,29169.25,29211.5,-43.14,scratch,2026_05_19
732,734,-1,29177.0,29192.75,-16.64,scratch,2026_05_19
770,776,-1,29175.0,29211.0,-36.89,scratch,2026_05_19
827,840,-1,29181.75,29150.25,30.61,target,2026_05_19
853,859,-1,29176.25,29149.5,25.86,target,2026_05_19
879,881,-1,29223.5,29212.5,10.11,theme,2026_05_19
934,937,-1,29273.5,29343.25,-70.64,scratch,2026_05_19
994,995,-1,29031.0,28996.5,33.61,target,2026_05_19
1006,1008,-1,29014.5,28986.25,27.36,target,2026_05_19
1021,1025,-1,29102.25,29107.0,-5.64,theme,2026_05_19
1155,1165,1,29369.5,29407.5,37.11,scratch,2026_05_19
1189,1192,1,29356.75,29347.75,-9.89,scratch,2026_05_19
123,126,1,29223.0,29207.0,-16.89,scratch,2026_05_20
153,156,-1,29211.75,29228.25,-17.39,scratch,2026_05_20
169,172,-1,29239.0,29234.25,3.86,theme,2026_05_20
227,230,-1,29205.75,29234.75,-29.89,scratch,2026_05_20
290,293,-1,29177.0,29185.0,-8.89,scratch,2026_05_20
303,318,-1,29152.5,29160.25,-8.64,scratch,2026_05_20
330,333,-1,29179.0,29175.75,2.36,scratch,2026_05_20
343,344,-1,29198.5,29189.0,8.61,theme,2026_05_20
413,421,-1,29179.75,29203.25,-24.39,scratch,2026_05_20
431,440,-1,29209.0,29204.25,3.86,scratch,2026_05_20
489,498,1,29261.0,29298.0,36.11,target,2026_05_20
509,512,1,29309.25,29292.75,-17.39,scratch,2026_05_20
524,535,1,29284.75,29321.5,35.86,scratch,2026_05_20
579,582,1,29320.0,29348.5,27.61,target,2026_05_20
594,598,1,29319.5,29326.0,5.61,scratch,2026_05_20
677,679,1,29362.75,29382.0,18.36,target,2026_05_20
740,742,1,29420.75,29433.5,11.86,target,2026_05_20
762,768,1,29421.5,29425.25,2.86,target,2026_05_20
901,910,1,29412.0,29405.25,-7.64,theme,2026_05_20
1010,1012,1,29493.5,29525.25,30.86,target,2026_05_20
1152,1154,1,29550.25,29573.5,22.36,target,2026_05_20
1165,1169,1,29567.0,29589.0,21.11,target,2026_05_20
1196,1197,1,29585.0,29589.0,3.11,target,2026_05_20
1247,1251,1,29605.0,29594.25,-11.64,scratch,2026_05_20
1326,1330,1,29649.0,29658.5,8.61,target,2026_05_20
1340,1341,1,29643.25,29612.0,-32.14,scratch,2026_05_20
112,115,-1,29489.5,29498.75,-10.14,scratch,2026_05_21
127,129,-1,29477.75,29480.0,-3.14,target,2026_05_21
147,150,-1,29470.75,29490.25,-20.39,scratch,2026_05_21
160,161,-1,29503.25,29514.75,-12.39,scratch,2026_05_21
336,339,1,29648.0,29657.0,8.11,target,2026_05_21
451,452,1,29681.75,29678.25,-4.39,scratch,2026_05_21
694,700,1,29700.5,29690.0,-11.39,scratch,2026_05_21
713,716,1,29686.75,29678.75,-8.89,theme,2026_05_21
786,808,-1,29516.75,29566.0,-50.14,theme,2026_05_21
847,850,-1,29544.0,29549.25,-6.14,scratch,2026_05_21
861,866,-1,29537.75,29532.0,4.86,scratch,2026_05_21
876,878,-1,29560.0,29561.0,-1.8900000000000001,target,2026_05_21
888,901,-1,29525.75,29514.5,10.36,scratch,2026_05_21
911,930,-1,29501.5,29509.25,-8.64,scratch,2026_05_21
940,941,-1,29508.0,29555.75,-48.64,scratch,2026_05_21
987,991,-1,29440.5,29516.75,-77.14,scratch,2026_05_21
1001,1004,-1,29504.25,29528.0,-24.64,scratch,2026_05_21
1017,1026,-1,29520.25,29487.5,31.86,target,2026_05_21
1055,1058,-1,29481.5,29535.5,-54.89,scratch,2026_05_21
1207,1210,1,29778.5,29780.75,1.3599999999999999,target,2026_05_21
1220,1223,1,29761.5,29752.0,-10.39,scratch,2026_05_21
1296,1301,1,29723.75,29717.5,-7.14,target,2026_05_21
1311,1315,1,29737.25,29713.25,-24.89,scratch,2026_05_21
1340,1379,1,29746.0,29750.75,3.86,eod,2026_05_21
166,170,1,29878.5,29872.75,-6.64,scratch,2026_05_22
184,188,1,29844.0,29842.75,-2.14,scratch,2026_05_22
394,396,1,29873.0,29866.75,-7.14,scratch,2026_05_22
456,459,1,29871.25,29861.25,-10.89,scratch,2026_05_22
544,548,1,29837.25,29843.0,4.86,scratch,2026_05_22
573,578,-1,29844.75,29844.75,-0.89,scratch,2026_05_22
706,719,-1,29819.25,29817.25,1.1099999999999999,theme,2026_05_22
736,739,-1,29773.75,29779.0,-6.14,scratch,2026_05_22
749,756,-1,29753.25,29749.25,3.11,scratch,2026_05_22
766,779,-1,29751.25,29765.25,-14.89,scratch,2026_05_22
789,793,-1,29776.5,29760.0,15.61,theme,2026_05_22
964,967,1,29863.75,29833.25,-31.39,scratch,2026_05_22
1010,1017,1,29926.75,29940.25,12.61,target,2026_05_22
1071,1075,1,29971.25,29982.25,10.11,scratch,2026_05_22
1161,1166,1,29972.75,29985.25,11.61,target,2026_05_22
1194,1201,1,29976.75,29967.0,-10.64,scratch,2026_05_22
1343,1379,-1,29842.0,29815.75,25.36,eod,2026_05_22
331,359,1,30261.25,30260.0,-2.14,theme,2026_05_25
377,385,1,30261.25,30263.5,1.3599999999999999,scratch,2026_05_25
395,399,1,30261.5,30258.0,-4.39,scratch,2026_05_25
481,482,1,30273.0,30269.25,-4.64,theme,2026_05_25
1096,1101,-1,30231.0,30214.75,15.36,target,2026_05_25
1127,1128,-1,30233.0,30235.5,-3.39,theme,2026_05_25
108,115,-1,30186.5,30180.5,5.11,scratch,2026_05_26
158,166,-1,30129.0,30109.0,19.11,target,2026_05_26
179,181,-1,30124.5,30108.5,15.11,target,2026_05_26
196,199,-1,30112.5,30123.75,-12.14,scratch,2026_05_26
247,251,-1,30117.25,30120.5,-4.14,theme,2026_05_26
303,306,-1,30111.75,30116.0,-5.14,scratch,2026_05_26
324,327,-1,30114.75,30120.0,-6.14,scratch,2026_05_26
351,355,-1,30109.0,30115.0,-6.89,scratch,2026_05_26
436,439,-1,30100.25,30107.25,-7.89,scratch,2026_05_26
452,453,-1,30102.5,30105.5,-3.89,theme,2026_05_26
545,546,-1,30094.75,30087.25,6.61,target,2026_05_26
583,587,-1,30073.75,30081.75,-8.89,scratch,2026_05_26
614,618,-1,30069.5,30070.75,-2.14,scratch,2026_05_26
1113,1121,1,30298.75,30279.75,-19.89,scratch,2026_05_26
1135,1139,1,30269.75,30269.25,-1.3900000000000001,scratch,2026_05_26
1152,1157,1,30278.25,30271.75,-7.39,scratch,2026_05_26
1263,1267,1,30311.0,30333.0,21.11,theme,2026_05_26
229,233,1,30435.25,30422.5,-13.64,scratch,2026_05_27
280,287,1,30437.75,30451.0,12.36,target,2026_05_27
299,305,1,30435.0,30445.75,9.86,target,2026_05_27
514,516,-1,30362.5,30363.75,-2.14,scratch,2026_05_27
526,527,-1,30364.25,30374.75,-11.39,scratch,2026_05_27
537,540,-1,30368.25,30371.75,-4.39,scratch,2026_05_27
705,715,1,30491.75,30502.25,9.61,target,2026_05_27
846,850,1,30561.5,30567.5,5.11,scratch,2026_05_27
892,904,1,30567.75,30560.25,-8.39,theme,2026_05_27
999,1001,-1,30287.5,30313.0,-26.39,scratch,2026_05_27
1011,1016,-1,30306.75,30266.0,39.86,target,2026_05_27
1032,1036,-1,30267.75,30216.5,50.36,target,2026_05_27
1054,1056,-1,30267.0,30230.25,35.86,target,2026_05_27
1073,1079,-1,30209.5,30233.75,-25.14,scratch,2026_05_27
1148,1149,-1,30227.5,30217.75,8.86,target,2026_05_27
1160,1172,-1,30240.0,30265.25,-26.14,scratch,2026_05_27
1182,1192,-1,30257.25,30276.5,-20.14,scratch,2026_05_27
84,88,1,30332.5,30327.75,-5.64,scratch,2026_05_28
297,301,-1,30279.75,30279.75,-0.89,scratch,2026_05_28
370,372,-1,30116.75,30101.75,14.11,target,2026_05_28
394,410,-1,30086.5,30085.25,0.36,scratch,2026_05_28
420,422,-1,30084.5,30069.5,14.11,target,2026_05_28
437,438,-1,30103.75,30102.75,0.10999999999999999,theme,2026_05_28
531,534,-1,30183.0,30186.75,-4.64,scratch,2026_05_28
685,688,1,30274.25,30273.75,-1.3900000000000001,scratch,2026_05_28
936,940,1,30309.25,30277.5,-32.64,scratch,2026_05_28
1160,1162,1,30598.5,30612.0,12.61,target,2026_05_28
1177,1178,1,30584.75,30598.75,13.11,target,2026_05_28
1203,1205,1,30618.75,30630.5,10.86,target,2026_05_28
1217,1219,1,30614.0,30603.5,-11.39,scratch,2026_05_28
1230,1235,1,30610.75,30600.75,-10.89,theme,2026_05_28
1292,1297,1,30607.75,30617.0,8.36,target,2026_05_28
1314,1319,1,30593.25,30610.5,16.36,target,2026_05_28
1346,1369,1,30614.0,30621.5,6.61,target,2026_05_28
70,91,1,30604.75,30608.25,2.61,scratch,2026_05_29
102,106,1,30610.0,30599.75,-11.14,scratch,2026_05_29
220,223,-1,30534.0,30550.75,-17.64,scratch,2026_05_29
234,238,-1,30535.5,30546.25,-11.64,theme,2026_05_29
276,301,-1,30541.75,30540.5,0.36,scratch,2026_05_29
311,316,-1,30554.0,30552.0,1.1099999999999999,theme,2026_05_29
556,562,1,30617.75,30604.5,-14.14,scratch,2026_05_29
627,632,1,30593.75,30610.5,15.86,scratch,2026_05_29
649,655,1,30594.0,30602.75,7.86,theme,2026_05_29
763,767,1,30630.25,30644.0,12.86,target,2026_05_29
779,781,1,30635.25,30643.0,6.86,target,2026_05_29
973,975,1,30797.0,30755.5,-42.39,scratch,2026_05_29
988,990,1,30683.0,30701.25,17.36,theme,2026_05_29
1043,1046,1,30686.5,30674.25,-13.14,scratch,2026_05_29
1057,1063,1,30713.25,30680.75,-33.39,scratch,2026_05_29
1076,1080,1,30676.25,30657.75,-19.39,theme,2026_05_29
1101,1104,1,30713.5,30733.75,19.36,target,2026_05_29
1114,1118,1,30722.0,30728.75,5.86,target,2026_05_29
1128,1131,1,30712.25,30700.25,-12.89,scratch,2026_05_29
1265,1289,-1,30640.75,30679.75,-39.89,scratch,2026_05_29
85,89,1,30751.5,30764.5,12.11,target,2026_06_01
184,201,1,30824.5,30843.75,18.36,target,2026_06_01
356,358,1,30839.25,30834.75,-5.39,theme,2026_06_01
452,455,1,30852.75,30856.5,2.86,theme,2026_06_01
497,506,1,30869.5,30859.25,-11.14,scratch,2026_06_01
540,546,1,30875.0,30878.75,2.86,target,2026_06_01
561,563,1,30847.25,30836.5,-11.64,scratch,2026_06_01
605,608,-1,30789.75,30788.0,0.86,scratch,2026_06_01
627,629,-1,30754.25,30758.75,-5.39,scratch,2026_06_01
652,653,-1,30781.75,30788.5,-7.64,scratch,2026_06_01
710,718,-1,30753.25,30761.0,-8.64,scratch,2026_06_01
734,744,-1,30776.25,30771.25,4.11,scratch,2026_06_01
792,795,-1,30758.25,30766.25,-8.89,scratch,2026_06_01
805,811,-1,30754.5,30765.25,-11.64,scratch,2026_06_01
821,824,-1,30782.0,30783.25,-2.14,scratch,2026_06_01
849,851,-1,30731.5,30734.5,-3.89,scratch,2026_06_01
863,866,-1,30733.75,30753.75,-20.89,scratch,2026_06_01
880,885,-1,30771.5,30781.25,-10.64,scratch,2026_06_01
913,915,-1,30637.0,30644.75,-8.64,scratch,2026_06_01
935,938,-1,30675.25,30742.25,-67.89,scratch,2026_06_01
950,952,-1,30723.75,30714.0,8.86,target,2026_06_01
976,977,-1,30647.0,30687.75,-41.64,scratch,2026_06_01
987,989,-1,30676.25,30698.5,-23.14,scratch,2026_06_01
999,1001,-1,30699.0,30712.0,-13.89,scratch,2026_06_01
1128,1132,1,30818.0,30839.25,20.36,target,2026_06_01
204,210,-1,30675.25,30672.0,2.36,target,2026_06_02
273,278,-1,30663.5,30673.75,-11.14,theme,2026_06_02
339,344,-1,30633.75,30638.0,-5.14,scratch,2026_06_02
354,363,-1,30653.75,30663.25,-10.39,theme,2026_06_02
622,626,1,30848.75,30835.5,-14.14,scratch,2026_06_02
657,662,1,30843.75,30826.75,-17.89,scratch,2026_06_02
749,753,1,30848.0,30843.75,-5.14,scratch,2026_06_02
829,837,1,30838.25,30832.25,-6.89,scratch,2026_06_02
887,893,1,30847.75,30834.75,-13.89,scratch,2026_06_02
953,955,-1,30854.5,30855.0,-1.3900000000000001,theme,2026_06_02
991,994,1,30856.25,30898.75,41.61,target,2026_06_02
1103,1105,1,30954.5,30967.5,12.11,target,2026_06_02
1149,1156,1,30989.0,30978.75,-11.14,scratch,2026_06_02
1169,1174,1,30938.25,30924.75,-14.39,scratch,2026_06_02
1219,1235,1,30935.5,30934.75,-1.6400000000000001,scratch,2026_06_02
1351,1379,1,31035.75,31038.75,2.11,eod,2026_06_02
273,286,1,30974.25,30972.25,-2.89,theme,2026_06_03
321,323,1,30987.0,30992.25,4.36,theme,2026_06_03
528,536,1,30993.75,30988.0,-6.64,theme,2026_06_03
641,652,1,31013.75,31003.5,-11.14,scratch,2026_06_03
722,726,1,31020.75,31041.25,19.61,target,2026_06_03
767,783,1,31045.75,31074.0,27.36,target,2026_06_03
860,868,1,31060.5,31053.25,-8.14,theme,2026_06_03
979,990,-1,30995.75,31018.5,-23.64,theme,2026_06_03
1032,1042,-1,30990.5,30963.25,26.36,target,2026_06_03
1053,1055,-1,30974.5,30935.75,37.86,target,2026_06_03
1065,1069,-1,30898.0,30888.5,8.61,scratch,2026_06_03
1079,1085,-1,30905.0,30899.5,4.61,scratch,2026_06_03
1095,1105,-1,30907.75,30844.0,62.86,target,2026_06_03
1133,1137,-1,30881.5,30879.25,1.3599999999999999,scratch,2026_06_03
1147,1149,-1,30847.0,30874.5,-28.39,scratch,2026_06_03
1164,1165,-1,30842.0,30856.25,-15.14,scratch,2026_06_03
62,63,-1,30741.5,30727.5,13.11,target,2026_06_04
93,95,-1,30704.5,30685.0,18.61,target,2026_06_04
114,121,-1,30707.25,30721.75,-15.39,target,2026_06_04
425,427,1,30779.0,30782.25,2.36,theme,2026_06_04
478,494,1,30766.5,30781.25,13.86,scratch,2026_06_04
506,511,1,30774.25,30775.0,-0.14,scratch,2026_06_04
521,524,1,30808.75,30805.5,-4.14,scratch,2026_06_04
534,542,1,30821.75,30813.75,-8.89,scratch,2026_06_04
552,556,1,30832.5,30819.75,-13.64,scratch,2026_06_04
569,574,1,30803.25,30821.25,17.11,scratch,2026_06_04
697,707,-1,30610.75,30616.5,-6.64,scratch,2026_06_04
747,750,-1,30585.0,30567.0,17.11,target,2026_06_04
761,763,-1,30556.75,30546.75,9.11,target,2026_06_04
783,785,-1,30534.5,30557.5,-23.89,scratch,2026_06_04
795,797,-1,30541.25,30558.5,-18.14,scratch,2026_06_04
809,812,-1,30563.75,30583.25,-20.39,scratch,2026_06_04
833,838,-1,30551.0,30575.75,-25.64,scratch,2026_06_04
850,851,-1,30560.0,30560.75,-1.6400000000000001,theme,2026_06_04
943,945,-1,30549.75,30522.25,26.61,target,2026_06_04
955,958,-1,30541.5,30576.75,-36.14,scratch,2026_06_04
1072,1076,1,30677.25,30698.0,19.86,scratch,2026_06_04
1114,1118,1,30746.0,30758.25,11.36,target,2026_06_04
1129,1141,1,30768.0,30765.25,-3.64,scratch,2026_06_04
1160,1171,1,30784.5,30821.5,36.11,target,2026_06_04
1182,1186,1,30818.25,30829.75,10.61,scratch,2026_06_04
1212,1215,1,30891.0,30887.5,-4.39,scratch,2026_06_04
1235,1241,1,30874.25,30854.5,-20.64,scratch,2026_06_04
1253,1256,1,30884.0,30866.75,-18.14,scratch,2026_06_04
1296,1298,1,30889.5,30879.5,-10.89,scratch,2026_06_04
225,232,-1,30442.75,30439.5,2.36,target,2026_06_05
308,310,-1,30487.0,30497.5,-11.39,scratch,2026_06_05
320,325,-1,30508.5,30510.25,-2.64,scratch,2026_06_05
335,351,-1,30488.25,30461.75,25.61,theme,2026_06_05
463,465,-1,30500.75,30490.5,9.36,target,2026_06_05
475,476,-1,30461.25,30472.5,-12.14,scratch,2026_06_05
491,496,-1,30489.75,30464.0,24.86,target,2026_06_05
580,583,-1,30427.0,30431.5,-5.39,scratch,2026_06_05
669,673,-1,30453.5,30460.0,-7.39,scratch,2026_06_05
760,773,1,30516.5,30501.5,-15.89,scratch,2026_06_05
861,868,-1,30446.25,30415.5,29.86,target,2026_06_05
888,894,-1,30413.25,30383.0,29.36,target,2026_06_05
934,935,-1,30358.25,30340.0,17.36,target,2026_06_05
986,987,-1,30127.5,30113.0,13.61,target,2026_06_05
999,1001,-1,30185.25,30169.0,15.36,target,2026_06_05
1022,1025,-1,30104.25,30109.25,-5.89,scratch,2026_06_05
1166,1169,-1,29705.75,29727.75,-22.89,scratch,2026_06_05
1179,1182,-1,29782.0,29747.75,33.36,target,2026_06_05
1267,1268,-1,29479.0,29445.5,32.61,target,2026_06_05
1308,1314,-1,29441.0,29414.0,26.11,target,2026_06_05
1367,1369,-1,29111.25,29092.25,18.11,target,2026_06_05
67,73,-1,29274.5,29283.0,-9.39,scratch,2026_06_08
83,89,-1,29252.75,29278.75,-26.89,scratch,2026_06_08
290,293,1,29531.5,29509.25,-23.14,scratch,2026_06_08
307,313,1,29519.25,29500.25,-19.89,scratch,2026_06_08
331,334,1,29519.75,29510.25,-10.39,scratch,2026_06_08
348,364,1,29505.25,29491.25,-14.89,scratch,2026_06_08
698,700,1,29502.5,29492.5,-10.89,scratch,2026_06_08
710,722,1,29523.5,29505.0,-19.39,scratch,2026_06_08
733,751,1,29524.75,29488.25,-37.39,theme,2026_06_08
764,777,1,29549.25,29527.25,-22.89,scratch,2026_06_08
788,794,1,29546.75,29621.5,73.86,scratch,2026_06_08
829,840,1,29677.75,29670.25,-8.39,scratch,2026_06_08
850,860,1,29710.0,29714.0,3.11,theme,2026_06_08
901,917,1,29800.75,29864.5,62.86,scratch,2026_06_08
936,937,1,29749.0,29739.5,-10.39,target,2026_06_08
995,1004,1,29844.5,29830.25,-15.14,scratch,2026_06_08
1107,1109,1,29944.75,29898.25,-47.39,scratch,2026_06_08
1193,1207,1,29870.0,29903.0,32.11,target,2026_06_08
1346,1370,-1,29718.5,29725.5,-7.89,scratch,2026_06_08
121,124,-1,29727.5,29693.75,32.86,target,2026_06_09
135,137,-1,29657.0,29673.75,-17.64,scratch,2026_06_09
151,152,-1,29647.0,29634.25,11.86,target,2026_06_09
164,171,-1,29626.0,29645.75,-20.64,scratch,2026_06_09
183,187,-1,29646.5,29654.75,-9.14,scratch,2026_06_09
319,323,1,29843.25,29824.75,-19.39,scratch,2026_06_09
333,362,1,29848.5,29869.75,20.36,scratch,2026_06_09
518,524,1,29942.5,29927.75,-15.64,scratch,2026_06_09
558,565,1,29942.25,29930.0,-13.14,scratch,2026_06_09
620,629,1,29946.0,29956.75,9.86,target,2026_06_09
653,672,1,29952.75,29965.5,11.86,target,2026_06_09
696,700,1,29958.75,29970.5,10.86,scratch,2026_06_09
729,739,1,29954.75,29956.75,1.1099999999999999,scratch,2026_06_09
888,900,1,29975.25,30032.0,55.86,target,2026_06_09
918,925,1,30002.75,30008.75,5.11,scratch,2026_06_09
936,938,1,30004.25,30015.25,10.11,target,2026_06_09
959,961,1,30001.75,29952.25,-50.39,scratch,2026_06_09
996,998,-1,29705.5,29780.25,-75.64,scratch,2026_06_09
1037,1043,-1,29485.5,29395.25,89.36,target,2026_06_09
1142,1145,-1,28780.5,28919.25,-139.64,scratch,2026_06_09
123,128,1,29406.0,29438.25,31.36,scratch,2026_06_10
139,147,1,29379.5,29379.25,-1.1400000000000001,scratch,2026_06_10
159,161,1,29347.75,29310.75,-37.89,scratch,2026_06_10
221,223,1,29361.5,29335.75,-26.64,scratch,2026_06_10
431,433,-1,29197.0,29208.5,-12.39,scratch,2026_06_10
451,452,-1,29200.25,29186.0,13.36,target,2026_06_10
467,469,-1,29199.0,29201.25,-3.14,target,2026_06_10
543,548,-1,29270.0,29259.5,9.61,scratch,2026_06_10
558,562,-1,29270.5,29253.0,16.61,target,2026_06_10
702,704,-1,29055.0,29053.0,1.1099999999999999,scratch,2026_06_10
745,751,-1,29044.75,29096.25,-52.39,scratch,2026_06_10
798,801,-1,29016.25,28995.25,20.11,target,2026_06_10
811,812,-1,28965.0,28930.5,33.61,target,2026_06_10
830,846,-1,28935.75,29014.0,-79.14,scratch,2026_06_10
856,857,-1,28965.0,28972.5,-8.39,theme,2026_06_10
1007,1016,1,29403.5,29234.5,-169.89,scratch,2026_06_10
1086,1087,1,29104.25,29128.5,23.36,target,2026_06_10
1191,1192,-1,29038.0,29042.25,-5.14,target,2026_06_10
1239,1243,-1,28944.0,28936.25,6.86,target,2026_06_10
89,93,-1,28682.75,28674.0,7.86,target,2026_06_11
105,106,-1,28719.25,28698.25,20.11,target,2026_06_11
310,312,1,28931.75,28904.5,-28.14,scratch,2026_06_11
322,327,1,28886.75,28900.25,12.61,scratch,2026_06_11
339,345,1,28957.25,28980.5,22.36,target,2026_06_11
358,370,1,29030.0,29026.25,-4.64,scratch,2026_06_11
381,383,1,29045.0,29021.75,-24.14,scratch,2026_06_11
393,394,1,29048.25,29043.75,-5.39,scratch,2026_06_11
414,421,1,29071.75,29049.0,-23.64,scratch,2026_06_11
438,439,1,29028.25,29021.0,-8.14,theme,2026_06_11
478,481,1,29043.25,29037.75,-6.39,scratch,2026_06_11
496,500,1,29048.75,29047.75,-1.8900000000000001,scratch,2026_06_11
514,534,1,29032.5,29079.75,46.36,target,2026_06_11
556,564,1,29095.75,29151.5,54.86,target,2026_06_11
575,581,1,29143.75,29134.75,-9.89,scratch,2026_06_11
593,605,1,29136.0,29165.0,28.11,scratch,2026_06_11
632,638,1,29200.0,29211.0,10.11,scratch,2026_06_11
652,669,1,29196.75,29191.0,-6.64,theme,2026_06_11
723,724,1,29193.5,29186.25,-8.14,scratch,2026_06_11
738,746,1,29186.25,29181.75,-5.39,scratch,2026_06_11
759,779,1,29190.0,29175.0,-15.89,scratch,2026_06_11
949,950,-1,29157.75,29112.25,44.61,target,2026_06_11
999,1000,-1,29076.0,29094.25,-19.14,target,2026_06_11
1019,1021,-1,29039.25,29075.75,-37.39,scratch,2026_06_11
1031,1035,-1,29108.5,29140.25,-32.64,scratch,2026_06_11
1231,1232,1,29502.25,29517.0,13.86,target,2026_06_11
123,126,1,29845.0,29860.0,14.11,target,2026_06_12
140,143,1,29846.75,29868.25,20.61,target,2026_06_12
180,183,1,29872.0,29834.75,-38.14,scratch,2026_06_12
260,264,1,29841.0,29837.5,-4.39,scratch,2026_06_12
417,423,1,29831.5,29819.25,-13.14,scratch,2026_06_12
459,461,-1,29758.25,29774.5,-17.14,scratch,2026_06_12
487,492,-1,29726.75,29752.5,-26.64,scratch,2026_06_12
503,537,-1,29713.5,29639.5,73.11,scratch,2026_06_12
555,557,-1,29561.0,29570.0,-9.89,scratch,2026_06_12
571,576,-1,29574.75,29625.75,-51.89,scratch,2026_06_12
587,590,-1,29667.75,29665.0,1.8599999999999999,theme,2026_06_12
735,738,1,29916.25,29887.5,-29.64,scratch,2026_06_12
797,808,1,29898.5,29920.75,21.36,scratch,2026_06_12
821,823,1,29903.75,29929.5,24.86,target,2026_06_12
846,853,1,29896.5,29887.75,-9.64,scratch,2026_06_12
1062,1069,1,29916.75,29818.75,-98.89,scratch,2026_06_12
1119,1134,1,29892.0,29952.5,59.61,target,2026_06_12
1249,1257,1,29991.0,29985.5,-6.39,scratch,2026_06_12
1273,1277,1,29971.0,29945.75,-26.14,scratch,2026_06_12
1329,1332,1,29991.75,30002.75,10.11,target,2026_06_12
1347,1364,1,29990.75,29985.25,-6.39,scratch,2026_06_12
115,116,1,30334.0,30343.0,8.11,target,2026_06_15
164,173,1,30441.25,30433.5,-8.64,scratch,2026_06_15
183,186,1,30445.75,30433.25,-13.39,scratch,2026_06_15
202,206,1,30443.25,30446.25,2.11,scratch,2026_06_15
304,306,1,30495.5,30488.5,-7.89,scratch,2026_06_15
349,352,1,30496.25,30487.75,-9.39,scratch,2026_06_15
499,504,1,30525.5,30545.25,18.86,target,2026_06_15
517,522,1,30527.25,30544.75,16.61,target,2026_06_15
543,548,1,30533.0,30559.5,25.61,target,2026_06_15
567,568,1,30546.25,30559.5,12.36,target,2026_06_15
676,679,1,30571.0,30566.5,-5.39,theme,2026_06_15
740,744,1,30554.0,30549.0,-5.89,scratch,2026_06_15
754,759,1,30555.0,30538.5,-17.39,scratch,2026_06_15
826,831,1,30580.75,30603.75,22.11,target,2026_06_15
842,846,1,30602.5,30596.0,-7.39,theme,2026_06_15
913,926,1,30595.25,30625.75,29.61,target,2026_06_15
1129,1131,1,30859.75,30863.75,3.11,target,2026_06_15
1175,1179,1,30875.25,30882.0,5.86,scratch,2026_06_15
1190,1196,1,30877.75,30858.75,-19.89,scratch,2026_06_15
1244,1247,1,30882.0,30869.75,-13.14,scratch,2026_06_15
1257,1259,1,30880.75,30860.75,-20.89,scratch,2026_06_15
1270,1271,1,30853.75,30869.25,14.61,target,2026_06_15
165,168,-1,30810.0,30815.75,-6.64,scratch,2026_06_16
199,218,-1,30777.0,30792.25,-16.14,scratch,2026_06_16
258,272,-1,30786.0,30790.25,-5.14,scratch,2026_06_16
312,317,-1,30790.5,30789.25,0.36,scratch,2026_06_16
443,453,1,30835.5,30829.5,-6.89,scratch,2026_06_16
463,464,1,30813.25,30804.0,-10.14,scratch,2026_06_16
522,525,1,30822.0,30816.25,-6.64,scratch,2026_06_16
587,588,1,30816.75,30816.0,-1.6400000000000001,theme,2026_06_16
642,645,1,30872.25,30887.5,14.36,target,2026_06_16
682,686,1,30897.25,30896.75,-1.3900000000000001,scratch,2026_06_16
699,702,1,30892.5,30885.25,-8.14,theme,2026_06_16
743,744,1,30892.25,30903.75,10.61,target,2026_06_16
766,771,1,30920.5,30932.75,11.36,target,2026_06_16
1028,1031,-1,30624.0,30663.75,-40.64,scratch,2026_06_16
1129,1136,-1,30500.0,30471.5,27.61,target,2026_06_16
1147,1154,-1,30471.5,30493.75,-23.14,scratch,2026_06_16
1197,1199,-1,30509.25,30481.75,26.61,target,2026_06_16
1241,1253,-1,30461.75,30446.25,14.61,scratch,2026_06_16
1266,1268,-1,30450.25,30476.0,-26.64,scratch,2026_06_16
1282,1286,-1,30421.5,30439.0,-18.39,scratch,2026_06_16
71,73,-1,30350.0,30336.75,12.36,target,2026_06_17
83,85,-1,30329.75,30335.75,-6.89,scratch,2026_06_17
97,98,-1,30341.0,30330.75,9.36,target,2026_06_17
126,128,-1,30355.25,30371.75,-17.39,scratch,2026_06_17
277,280,1,30445.5,30435.75,-10.64,scratch,2026_06_17
348,356,1,30459.75,30464.75,4.11,scratch,2026_06_17
396,400,1,30465.5,30458.25,-8.14,scratch,2026_06_17
455,461,1,30501.75,30513.0,10.36,scratch,2026_06_17
478,481,1,30506.0,30494.0,-12.89,scratch,2026_06_17
510,511,1,30491.5,30492.25,-0.14,theme,2026_06_17
522,557,1,30529.0,30568.5,38.61,scratch,2026_06_17
614,619,1,30547.25,30538.5,-9.64,scratch,2026_06_17
692,694,1,30524.0,30505.75,-19.14,scratch,2026_06_17
822,826,-1,30454.25,30438.0,15.36,scratch,2026_06_17
852,860,-1,30454.75,30454.25,-0.39,scratch,2026_06_17
976,988,-1,30458.25,30508.0,-50.64,theme,2026_06_17
1019,1030,-1,30360.5,30359.0,0.61,target,2026_06_17
1040,1055,-1,30423.5,30431.5,-8.89,theme,2026_06_17
1126,1147,-1,30415.75,30387.0,27.86,scratch,2026_06_17
1161,1174,-1,30389.5,30401.25,-12.64,scratch,2026_06_17
1184,1190,-1,30391.75,30411.0,-20.14,scratch,2026_06_17
1220,1225,-1,30322.75,30234.25,87.61,target,2026_06_17
1240,1244,-1,30361.25,30490.25,-129.89,scratch,2026_06_17
1324,1346,-1,30055.0,30119.5,-65.39,theme,2026_06_17
206,210,1,30421.75,30408.0,-14.64,scratch,2026_06_18
220,235,1,30398.75,30389.5,-10.14,theme,2026_06_18
264,268,1,30406.25,30399.0,-8.14,scratch,2026_06_18
279,288,1,30407.5,30394.75,-13.64,scratch,2026_06_18
299,303,1,30402.75,30401.75,-1.8900000000000001,theme,2026_06_18
567,571,1,30426.5,30412.0,-15.39,scratch,2026_06_18
582,594,1,30421.5,30410.75,-11.64,scratch,2026_06_18
606,610,1,30468.0,30489.5,20.61,target,2026_06_18
627,636,1,30432.25,30430.5,-2.64,scratch,2026_06_18
704,717,1,30463.5,30493.75,29.36,target,2026_06_18
732,738,1,30465.25,30480.5,14.36,scratch,2026_06_18
757,761,1,30455.0,30456.25,0.36,theme,2026_06_18
938,942,1,30442.25,30453.0,9.86,target,2026_06_18
990,995,1,30520.75,30546.25,24.61,target,2026_06_18
1041,1049,1,30624.5,30595.25,-30.14,scratch,2026_06_18
1098,1101,1,30648.75,30669.25,19.61,target,2026_06_18
1198,1204,1,30711.5,30697.0,-15.39,scratch,2026_06_18
1301,1303,1,30714.5,30733.5,18.11,target,2026_06_18
1323,1324,1,30699.25,30712.25,12.11,target,2026_06_18
1334,1341,1,30714.0,30733.25,18.36,target,2026_06_18
1351,1356,1,30735.0,30738.0,2.11,theme,2026_06_18
1372,1379,1,30713.25,30726.5,12.36,eod,2026_06_18
88,92,1,30684.5,30672.25,-13.14,scratch,2026_06_19
156,182,-1,30655.0,30636.25,17.86,target,2026_06_19
198,214,-1,30627.25,30620.0,6.36,scratch,2026_06_19
256,259,-1,30584.25,30584.0,-0.64,scratch,2026_06_19
311,320,-1,30583.0,30555.5,26.61,scratch,2026_06_19
358,366,-1,30514.5,30485.75,27.86,scratch,2026_06_19
376,378,-1,30494.0,30514.75,-21.64,scratch,2026_06_19
388,410,-1,30498.0,30466.25,30.86,scratch,2026_06_19
424,435,-1,30437.25,30437.75,-1.3900000000000001,scratch,2026_06_19
446,452,-1,30430.25,30440.25,-10.89,scratch,2026_06_19
463,466,-1,30399.75,30415.5,-16.64,scratch,2026_06_19
672,675,1,30627.5,30624.5,-3.89,scratch,2026_06_19
721,724,1,30625.25,30617.75,-8.39,scratch,2026_06_19
1059,1062,1,30665.0,30665.75,-0.14,theme,2026_06_19
1137,1139,1,30667.0,30656.0,-11.89,scratch,2026_06_19
125,127,-1,30490.5,30524.0,-34.39,scratch,2026_06_22
372,379,-1,30570.0,30565.5,3.61,scratch,2026_06_22
409,412,-1,30562.5,30583.0,-21.39,scratch,2026_06_22
584,590,1,30749.5,30762.0,11.61,scratch,2026_06_22
665,668,1,30746.75,30742.25,-5.39,scratch,2026_06_22
684,686,1,30731.0,30739.0,7.11,target,2026_06_22
699,704,1,30718.5,30708.0,-11.39,theme,2026_06_22
805,818,1,30742.0,30763.0,20.11,target,2026_06_22
828,832,1,30745.25,30747.75,1.6099999999999999,scratch,2026_06_22
936,938,1,30846.0,30889.75,42.86,target,2026_06_22
979,991,1,30878.75,30702.25,-177.39,scratch,2026_06_22
1064,1068,-1,30658.25,30636.75,20.61,target,2026_06_22
1096,1100,-1,30564.5,30583.25,-19.64,scratch,2026_06_22
1111,1115,-1,30581.5,30549.75,30.86,target,2026_06_22
1132,1133,-1,30586.5,30589.75,-4.14,theme,2026_06_22
1158,1161,-1,30580.25,30601.0,-21.64,theme,2026_06_22
1250,1260,-1,30601.25,30558.75,41.61,target,2026_06_22
1274,1277,-1,30571.5,30568.0,2.61,theme,2026_06_22
117,120,-1,30565.5,30574.75,-10.14,scratch,2026_06_23
163,165,-1,30555.5,30606.25,-51.64,scratch,2026_06_23
271,288,-1,30446.0,30404.5,40.61,target,2026_06_23
356,360,-1,30378.25,30401.0,-23.64,scratch,2026_06_23
391,396,-1,30319.5,30309.25,9.36,target,2026_06_23
559,561,-1,30015.75,30021.0,-6.14,scratch,2026_06_23
634,641,-1,29849.25,29854.75,-6.39,scratch,2026_06_23
654,658,-1,29833.75,29815.25,17.61,target,2026_06_23
726,729,-1,29895.5,29876.75,17.86,target,2026_06_23
739,745,-1,29870.0,29846.75,22.36,target,2026_06_23
768,773,-1,29793.5,29795.5,-2.89,target,2026_06_23
783,786,-1,29832.5,29794.0,37.61,target,2026_06_23
796,801,-1,29833.0,29859.5,-27.39,scratch,2026_06_23
872,873,-1,29770.0,29752.0,17.11,target,2026_06_23
886,905,-1,29745.0,29719.25,24.86,target,2026_06_23
922,926,-1,29740.25,29705.75,33.61,target,2026_06_23
936,937,-1,29719.5,29674.0,44.61,target,2026_06_23
1130,1131,1,29863.25,29846.5,-17.64,theme,2026_06_23
1165,1166,-1,29878.25,29872.25,5.11,target,2026_06_23
1194,1196,-1,29782.75,29750.75,31.11,target,2026_06_23
1206,1211,-1,29752.5,29736.75,14.86,scratch,2026_06_23
1225,1229,-1,29745.0,29735.0,9.11,scratch,2026_06_23
1267,1269,-1,29694.0,29649.5,43.61,target,2026_06_23
1287,1291,-1,29706.0,29714.75,-9.64,theme,2026_06_23
77,86,-1,29662.0,29688.0,-26.89,theme,2026_06_24
231,235,1,29832.0,29846.0,13.11,target,2026_06_24
245,254,1,29829.0,29816.75,-13.14,scratch,2026_06_24
454,455,1,29855.25,29844.25,-11.89,scratch,2026_06_24
465,471,1,29845.0,29825.25,-20.64,scratch,2026_06_24
483,487,1,29818.75,29809.0,-10.64,theme,2026_06_24
521,536,1,29841.25,29827.75,-14.39,scratch,2026_06_24
612,614,1,29833.75,29853.5,18.86,target,2026_06_24
624,626,1,29837.0,29821.25,-16.64,scratch,2026_06_24
639,646,1,29836.5,29826.5,-10.89,scratch,2026_06_24
657,659,1,29814.25,29817.0,1.8599999999999999,theme,2026_06_24
763,765,1,29838.0,29834.5,-4.39,scratch,2026_06_24
775,785,1,29802.75,29811.5,7.86,scratch,2026_06_24
874,876,1,29843.0,29806.75,-37.14,scratch,2026_06_24
901,903,-1,29755.5,29777.25,-22.64,scratch,2026_06_24
922,925,-1,29729.75,29736.75,-7.89,scratch,2026_06_24
936,937,-1,29816.25,29771.25,44.11,target,2026_06_24
954,963,-1,29770.0,29667.25,101.86,target,2026_06_24
973,976,-1,29675.25,29624.0,50.36,target,2026_06_24
986,987,-1,29677.0,29658.0,18.11,target,2026_06_24
1052,1054,-1,29788.5,29761.75,25.86,target,2026_06_24
1067,1070,-1,29707.25,29761.75,-55.39,scratch,2026_06_24
1080,1091,-1,29756.25,29792.25,-36.89,scratch,2026_06_24
1198,1199,-1,29411.25,29383.25,27.11,target,2026_06_24
1293,1297,-1,29391.25,29432.0,-41.64,scratch,2026_06_24
84,89,1,30078.5,30077.25,-2.14,scratch,2026_06_25
102,107,1,30118.75,30109.75,-9.89,scratch,2026_06_25
125,128,1,30065.0,30056.5,-9.39,scratch,2026_06_25
379,383,1,30025.25,30042.5,16.36,target,2026_06_25
394,398,1,30005.25,30019.0,12.86,target,2026_06_25
629,631,1,30181.0,30163.75,-18.14,scratch,2026_06_25
703,706,1,30151.5,30142.5,-9.89,scratch,2026_06_25
718,724,1,30137.0,30127.25,-10.64,scratch,2026_06_25
734,738,1,30154.25,30154.5,-0.64,scratch,2026_06_25
750,754,1,30164.25,30166.25,1.1099999999999999,scratch,2026_06_25
764,773,1,30154.5,30167.75,12.36,target,2026_06_25
856,860,1,30145.0,30134.0,-11.89,scratch,2026_06_25
903,922,1,30197.0,30143.5,-54.39,theme,2026_06_25
943,944,-1,29846.75,29770.5,75.36,target,2026_06_25
973,980,-1,29622.75,29611.5,10.36,scratch,2026_06_25
990,1000,-1,29587.0,29698.5,-112.39,scratch,2026_06_25
1041,1053,-1,29558.5,29683.5,-125.89,scratch,2026_06_25
1068,1069,-1,29744.0,29700.5,42.61,target,2026_06_25
1131,1136,-1,29700.75,29666.25,33.61,target,2026_06_25
1146,1151,-1,29691.0,29744.25,-54.14,scratch,2026_06_25
1161,1162,-1,29711.5,29717.5,-6.89,scratch,2026_06_25
1297,1302,-1,29638.5,29670.75,-33.14,scratch,2026_06_25
1315,1320,-1,29693.25,29744.5,-52.14,scratch,2026_06_25
104,106,1,29782.75,29736.5,-47.14,scratch,2026_06_26
118,122,1,29696.5,29691.5,-5.89,scratch,2026_06_26
159,160,-1,29666.5,29674.75,-9.14,target,2026_06_26
170,173,-1,29670.75,29683.0,-13.14,scratch,2026_06_26
183,185,-1,29650.75,29611.5,38.36,target,2026_06_26
199,207,-1,29653.0,29618.5,33.61,target,2026_06_26
323,326,-1,29240.25,29250.0,-10.64,scratch,2026_06_26
347,348,-1,29253.75,29262.75,-9.89,target,2026_06_26
407,412,-1,29289.5,29273.0,15.61,target,2026_06_26
423,425,-1,29280.5,29266.0,13.61,target,2026_06_26
437,442,-1,29342.25,29333.25,8.11,theme,2026_06_26
487,489,-1,29314.25,29294.5,18.86,target,2026_06_26
719,721,1,29377.0,29357.0,-20.89,scratch,2026_06_26
929,930,-1,29320.5,29361.5,-41.89,scratch,2026_06_26
946,957,-1,29252.0,29415.25,-164.14,scratch,2026_06_26
1052,1053,1,29632.75,29614.25,-19.39,scratch,2026_06_26
1069,1072,1,29636.75,29572.5,-65.14,scratch,2026_06_26
1082,1089,1,29611.5,29558.0,-54.39,scratch,2026_06_26
1128,1150,1,29603.5,29689.0,84.61,target,2026_06_26
1160,1164,1,29604.5,29586.25,-19.14,scratch,2026_06_26
1174,1176,1,29634.5,29597.5,-37.89,scratch,2026_06_26
1375,1379,-1,29292.75,29295.25,-3.39,target,2026_06_26
260,262,-1,29436.5,29462.0,-26.39,scratch,2026_06_29
272,274,-1,29512.25,29510.0,1.3599999999999999,theme,2026_06_29
335,336,1,29521.25,29496.0,-26.14,scratch,2026_06_29
365,366,1,29576.25,29559.25,-17.89,scratch,2026_06_29
379,382,1,29549.5,29530.0,-20.39,scratch,2026_06_29
392,401,1,29542.75,29511.5,-32.14,scratch,2026_06_29
451,454,1,29527.25,29564.75,36.61,target,2026_06_29
487,512,1,29602.0,29675.75,72.86,target,2026_06_29
544,547,1,29592.25,29583.75,-9.39,scratch,2026_06_29
616,618,1,29683.75,29701.25,16.61,target,2026_06_29
631,639,1,29706.25,29688.75,-18.39,scratch,2026_06_29
649,651,1,29703.75,29690.0,-14.64,scratch,2026_06_29
714,721,1,29638.5,29675.5,36.11,target,2026_06_29
738,750,1,29672.5,29717.75,44.36,target,2026_06_29
803,806,1,29702.25,29707.0,3.86,theme,2026_06_29
849,858,1,29721.5,29722.0,-0.39,scratch,2026_06_29
868,870,1,29723.5,29717.25,-7.14,scratch,2026_06_29
881,882,1,29674.5,29658.5,-16.89,theme,2026_06_29
923,926,1,29691.0,29656.5,-35.39,scratch,2026_06_29
940,941,1,29710.5,29733.5,22.11,target,2026_06_29
959,962,1,29603.5,29588.25,-16.14,theme,2026_06_29
983,984,-1,29397.25,29360.75,35.61,target,2026_06_29
997,1010,-1,29597.0,29571.25,24.86,scratch,2026_06_29
1231,1235,1,29996.75,30023.5,25.86,target,2026_06_29
1266,1268,1,30008.5,30034.25,24.86,target,2026_06_29
1343,1368,1,30028.5,30000.75,-28.64,theme,2026_06_29
81,84,1,30036.0,30025.5,-11.39,scratch,2026_06_30
94,97,1,30049.0,30046.75,-3.14,scratch,2026_06_30
107,109,1,30040.0,30029.0,-11.89,scratch,2026_06_30
143,148,1,30044.75,30016.75,-28.89,scratch,2026_06_30
210,214,1,30065.25,30060.25,-5.89,scratch,2026_06_30
229,230,1,30032.75,30035.25,1.6099999999999999,theme,2026_06_30
441,446,1,30179.25,30171.5,-8.64,scratch,2026_06_30
571,572,1,30126.25,30121.0,-6.14,theme,2026_06_30
913,926,-1,30034.75,30024.75,9.11,scratch,2026_06_30
1171,1177,1,30526.5,30525.75,-1.6400000000000001,scratch,2026_06_30
1221,1223,1,30543.5,30535.5,-8.89,scratch,2026_06_30
1233,1242,1,30529.5,30546.0,15.61,target,2026_06_30
1299,1301,1,30552.75,30567.0,13.36,target,2026_06_30
1313,1314,1,30555.5,30582.5,26.11,target,2026_06_30
182,185,1,30527.0,30510.0,-17.89,scratch,2026_07_01
380,389,-1,30435.75,30451.5,-16.64,scratch,2026_07_01
404,407,-1,30457.0,30463.25,-7.14,scratch,2026_07_01
622,632,-1,30348.5,30329.5,18.11,scratch,2026_07_01
645,648,-1,30359.0,30352.75,5.36,target,2026_07_01
658,659,-1,30366.25,30369.0,-3.64,theme,2026_07_01
696,706,-1,30360.0,30365.75,-6.64,scratch,2026_07_01
901,903,-1,30272.75,30296.0,-24.14,scratch,2026_07_01
920,926,-1,30284.0,30251.25,31.86,target,2026_07_01
962,964,-1,30265.0,30278.75,-14.64,target,2026_07_01
1024,1029,-1,30252.5,30220.0,31.61,target,2026_07_01
1040,1043,-1,30297.5,30328.75,-32.14,theme,2026_07_01
1082,1086,-1,30251.5,30242.0,8.61,target,2026_07_01
1096,1098,-1,30227.75,30240.0,-13.14,scratch,2026_07_01
1109,1113,-1,30252.75,30253.5,-1.6400000000000001,scratch,2026_07_01
1126,1141,-1,30204.75,30212.5,-8.64,scratch,2026_07_01
1156,1160,-1,30195.25,30213.25,-18.89,scratch,2026_07_01
1170,1191,-1,30209.75,30200.75,8.11,scratch,2026_07_01
1269,1273,-1,30202.0,30186.75,14.36,target,2026_07_01
1370,1379,-1,30055.5,30066.0,-11.39,theme,2026_07_01
75,97,-1,30063.25,30066.25,-3.89,scratch,2026_07_02
108,110,-1,30043.25,30025.75,16.61,target,2026_07_02
146,149,-1,30044.0,30045.75,-2.64,target,2026_07_02
159,161,-1,30066.25,30052.25,13.11,theme,2026_07_02
292,296,1,30202.5,30200.0,-3.39,theme,2026_07_02
573,575,-1,29861.5,29885.75,-25.14,scratch,2026_07_02
585,594,-1,29938.5,29912.75,24.86,theme,2026_07_02
629,632,-1,29927.75,29967.25,-40.39,scratch,2026_07_02
692,694,-1,29982.0,30009.25,-28.14,scratch,2026_07_02
704,707,-1,29999.25,29974.75,23.61,target,2026_07_02
870,871,1,30185.25,30277.5,91.36,target,2026_07_02
886,894,1,30252.5,30214.75,-38.64,scratch,2026_07_02
905,907,1,30181.25,30146.5,-35.64,scratch,2026_07_02
961,962,1,30248.0,30267.25,18.36,target,2026_07_02
972,974,1,30181.5,30247.5,65.11,target,2026_07_02
984,985,1,30105.5,30079.75,-26.64,target,2026_07_02
1062,1063,-1,29781.5,29760.25,20.36,target,2026_07_02
1174,1175,-1,29456.25,29427.5,27.86,target,2026_07_02
1209,1218,-1,29457.25,29418.0,38.36,target,2026_07_02
1271,1279,-1,29401.5,29391.75,8.86,target,2026_07_02
1297,1311,-1,29439.75,29503.0,-64.14,scratch,2026_07_02
121,122,1,29626.0,29579.75,-47.14,scratch,2026_07_03
211,222,1,29661.75,29675.25,12.61,target,2026_07_03
233,251,1,29689.5,29697.75,7.36,scratch,2026_07_03
331,334,1,29770.0,29759.0,-11.89,scratch,2026_07_03
347,351,1,29740.5,29746.25,4.86,scratch,2026_07_03
412,416,1,29807.5,29807.0,-1.3900000000000001,scratch,2026_07_03
426,427,1,29818.25,29820.0,0.86,scratch,2026_07_03
437,443,1,29825.5,29801.75,-24.64,scratch,2026_07_03
453,503,1,29825.25,29855.25,29.11,scratch,2026_07_03
522,525,1,29860.75,29856.0,-5.64,scratch,2026_07_03
535,537,1,29841.0,29841.75,-0.14,theme,2026_07_03
575,580,1,29852.0,29854.0,1.1099999999999999,scratch,2026_07_03
595,601,1,29853.75,29839.0,-15.64,scratch,2026_07_03
611,614,1,29839.25,29837.0,-3.14,theme,2026_07_03
639,647,1,29861.5,29850.75,-11.64,scratch,2026_07_03
657,661,1,29852.25,29841.0,-12.14,scratch,2026_07_03
672,674,1,29851.25,29870.75,18.61,target,2026_07_03
712,731,1,29874.25,29879.5,4.36,theme,2026_07_03
754,757,1,29882.25,29872.0,-11.14,scratch,2026_07_03
771,779,1,29884.5,29881.5,-3.89,scratch,2026_07_03
790,796,1,29876.75,29883.0,5.36,scratch,2026_07_03
811,817,1,29872.5,29887.75,14.36,scratch,2026_07_03
827,835,1,29878.25,29894.25,15.11,target,2026_07_03
855,859,1,29887.5,29885.75,-2.64,scratch,2026_07_03
870,884,1,29884.0,29883.25,-1.6400000000000001,theme,2026_07_03
908,912,1,29901.5,29894.5,-7.89,scratch,2026_07_03
926,929,1,29906.5,29915.75,8.36,target,2026_07_03
941,945,1,29922.25,29930.0,6.86,scratch,2026_07_03
957,964,1,29928.25,29927.5,-1.6400000000000001,scratch,2026_07_03
977,980,1,29913.75,29905.5,-9.14,scratch,2026_07_03
1026,1034,1,29909.0,29909.25,-0.64,scratch,2026_07_03
1046,1047,1,29911.75,29902.5,-10.14,scratch,2026_07_03
1106,1109,1,29905.5,29900.75,-5.64,scratch,2026_07_03
1131,1139,1,29905.5,29903.75,-2.64,eod,2026_07_03
100,107,1,29981.75,29988.5,5.86,target,2026_07_06
124,127,1,29939.25,29934.0,-6.14,scratch,2026_07_06
243,253,-1,29798.5,29761.5,36.11,target,2026_07_06
307,311,-1,29755.0,29772.25,-18.14,scratch,2026_07_06
361,364,-1,29712.0,29725.5,-14.39,scratch,2026_07_06
376,385,-1,29776.0,29793.75,-18.64,scratch,2026_07_06
663,667,1,29861.75,29870.75,8.11,target,2026_07_06
683,687,1,29855.25,29860.0,3.86,target,2026_07_06
702,705,1,29859.0,29850.0,-9.89,scratch,2026_07_06
767,770,1,29859.75,29858.5,-2.14,theme,2026_07_06
785,787,1,29851.5,29848.0,-4.39,theme,2026_07_06
841,842,1,29881.25,29904.25,22.11,target,2026_07_06
867,873,1,29887.0,29901.0,13.11,target,2026_07_06
905,907,1,29900.75,29896.75,-4.89,theme,2026_07_06
1019,1022,1,30020.5,30030.25,8.86,target,2026_07_06
1105,1108,1,30045.75,30031.75,-14.89,scratch,2026_07_06
65,80,-1,29921.0,29876.5,43.61,target,2026_07_07
90,104,-1,29897.25,29880.0,16.36,scratch,2026_07_07
115,120,-1,29853.0,29851.5,0.61,scratch,2026_07_07
130,136,-1,29862.75,29832.0,29.86,scratch,2026_07_07
148,152,-1,29889.25,29874.5,13.86,scratch,2026_07_07
176,181,-1,29848.75,29828.0,19.86,scratch,2026_07_07
228,235,-1,29799.0,29816.25,-18.14,scratch,2026_07_07
245,248,-1,29789.5,29811.5,-22.89,scratch,2026_07_07
283,285,-1,29767.0,29779.5,-13.39,scratch,2026_07_07
296,299,-1,29762.0,29746.5,14.61,target,2026_07_07
311,317,-1,29772.75,29741.75,30.11,target,2026_07_07
394,397,-1,29644.0,29632.0,11.11,target,2026_07_07
454,457,-1,29623.0,29644.25,-22.14,scratch,2026_07_07
514,537,-1,29657.5,29691.25,-34.64,theme,2026_07_07
714,721,-1,29649.75,29673.5,-24.64,scratch,2026_07_07
731,735,-1,29660.5,29648.75,10.86,target,2026_07_07
800,803,-1,29634.5,29642.25,-8.64,scratch,2026_07_07
827,834,-1,29623.5,29607.75,14.86,target,2026_07_07
917,919,-1,29621.0,29617.75,2.36,target,2026_07_07
1016,1019,-1,29305.5,29314.75,-10.14,scratch,2026_07_07
1296,1300,-1,29345.25,29323.25,21.11,target,2026_07_07
1313,1315,-1,29343.5,29369.5,-26.89,scratch,2026_07_07
128,130,-1,29364.5,29401.0,-37.39,scratch,2026_07_08
294,302,1,29459.5,29482.25,21.86,target,2026_07_08
316,333,1,29494.25,29512.25,17.11,scratch,2026_07_08
345,361,1,29488.75,29456.0,-33.64,scratch,2026_07_08
534,538,-1,29345.5,29324.5,20.11,target,2026_07_08
554,560,-1,29312.5,29306.0,5.61,scratch,2026_07_08
704,705,-1,28959.25,28989.0,-30.64,scratch,2026_07_08
715,718,-1,28984.0,28965.5,17.61,theme,2026_07_08
742,743,-1,28998.0,28991.25,5.86,target,2026_07_08
797,799,-1,28996.0,28997.25,-2.14,scratch,2026_07_08
809,814,-1,28983.5,29008.0,-25.39,scratch,2026_07_08
1153,1162,1,29354.75,29398.25,42.61,target,2026_07_08
1191,1194,1,29376.5,29364.5,-12.89,scratch,2026_07_08
1208,1211,1,29394.75,29412.75,17.11,theme,2026_07_08
1238,1241,1,29398.25,29399.5,0.36,target,2026_07_08
1251,1254,1,29407.75,29399.0,-9.64,scratch,2026_07_08
1265,1272,1,29401.25,29399.75,-2.39,scratch,2026_07_08
1282,1291,1,29412.25,29401.25,-11.89,scratch,2026_07_08
1303,1307,1,29401.25,29404.25,2.11,scratch,2026_07_08
1317,1320,1,29472.5,29459.0,-14.39,scratch,2026_07_08
1330,1337,1,29437.0,29397.0,-40.89,scratch,2026_07_08
81,86,1,29404.75,29406.25,0.61,scratch,2026_07_09
166,168,1,29531.0,29545.75,13.86,target,2026_07_09
223,233,1,29524.5,29500.5,-24.89,scratch,2026_07_09
267,273,1,29530.25,29527.0,-4.14,scratch,2026_07_09
288,291,1,29462.75,29443.75,-19.89,scratch,2026_07_09
412,423,1,29538.5,29537.0,-2.39,scratch,2026_07_09
446,451,1,29517.5,29490.25,-28.14,scratch,2026_07_09
516,524,1,29619.75,29630.75,10.11,target,2026_07_09
540,545,1,29613.0,29624.5,10.61,target,2026_07_09
581,583,1,29643.25,29656.0,11.86,target,2026_07_09
632,634,1,29701.0,29681.75,-20.14,scratch,2026_07_09
726,728,1,29654.75,29640.5,-15.14,scratch,2026_07_09
750,751,1,29650.0,29638.25,-12.64,scratch,2026_07_09
763,767,1,29637.0,29609.25,-28.64,scratch,2026_07_09
979,981,1,29717.25,29641.5,-76.64,scratch,2026_07_09
1056,1061,1,29866.0,29880.75,13.86,target,2026_07_09
1111,1113,1,29898.0,29905.25,6.36,target,2026_07_09
1129,1132,1,29896.75,29907.0,9.36,target,2026_07_09
1200,1203,1,29974.5,29966.25,-9.14,scratch,2026_07_09
1308,1310,1,29949.75,29938.5,-12.14,scratch,2026_07_09
1322,1327,1,29949.25,29966.75,16.61,target,2026_07_09
1347,1366,1,29948.5,29934.25,-15.14,theme,2026_07_09
109,117,1,29936.5,29956.5,19.11,target,2026_07_10
180,189,-1,29867.0,29838.75,27.36,scratch,2026_07_10
262,265,-1,29868.25,29869.5,-2.14,scratch,2026_07_10
275,288,-1,29897.5,29926.5,-29.89,scratch,2026_07_10
467,472,-1,29867.75,29870.75,-3.89,scratch,2026_07_10
534,538,-1,29826.0,29829.5,-4.39,scratch,2026_07_10
568,582,-1,29810.0,29799.0,10.11,target,2026_07_10
592,608,-1,29786.25,29760.75,24.61,scratch,2026_07_10
618,625,-1,29796.5,29765.25,30.36,scratch,2026_07_10
648,651,-1,29783.0,29788.75,-6.64,theme,2026_07_10
662,664,-1,29736.25,29767.5,-32.14,scratch,2026_07_10
675,677,-1,29796.25,29804.25,-8.89,theme,2026_07_10
886,899,1,29829.75,29807.5,-23.14,scratch,2026_07_10
945,946,1,29856.0,29874.5,17.61,target,2026_07_10
978,981,1,29946.75,29895.75,-51.89,scratch,2026_07_10
995,996,1,29850.25,29829.75,-21.39,target,2026_07_10
1043,1046,1,29932.75,29959.75,26.11,target,2026_07_10
1065,1070,1,29874.75,29912.0,36.36,target,2026_07_10
1080,1081,1,29944.75,29971.25,25.61,target,2026_07_10
1145,1147,1,30006.0,30016.0,9.11,target,2026_07_10
1157,1159,1,30016.5,30017.5,0.10999999999999999,scratch,2026_07_10
1282,1305,1,30049.5,30053.5,3.11,scratch,2026_07_10
1316,1319,1,30044.0,30034.0,-10.89,scratch,2026_07_10
1329,1338,1,30044.25,30054.75,9.61,target,2026_07_10
1348,1379,1,30055.0,30069.0,13.11,eod,2026_07_10
98,100,-1,29882.25,29890.0,-8.64,scratch,2026_07_13
113,117,-1,29879.75,29882.0,-3.14,scratch,2026_07_13
170,175,-1,29862.0,29830.75,30.36,scratch,2026_07_13
185,193,-1,29819.25,29816.0,2.36,scratch,2026_07_13
203,205,-1,29828.75,29813.25,14.61,target,2026_07_13
215,217,-1,29802.25,29829.25,-27.89,scratch,2026_07_13
257,260,-1,29760.25,29772.0,-12.64,scratch,2026_07_13
270,274,-1,29798.0,29777.0,20.11,scratch,2026_07_13
352,355,-1,29704.75,29708.5,-4.64,scratch,2026_07_13
434,439,-1,29682.5,29651.0,30.61,theme,2026_07_13
483,484,-1,29664.25,29645.75,17.61,target,2026_07_13
514,516,-1,29625.5,29611.25,13.36,target,2026_07_13
526,529,-1,29625.5,29646.25,-21.64,scratch,2026_07_13
710,723,1,29761.25,29763.25,1.1099999999999999,scratch,2026_07_13
735,737,1,29747.0,29749.75,1.8599999999999999,theme,2026_07_13
781,783,1,29785.25,29775.75,-10.39,scratch,2026_07_13
793,795,1,29762.0,29768.75,5.86,target,2026_07_13
807,822,1,29775.0,29773.0,-2.89,scratch,2026_07_13
988,990,-1,29661.75,29702.0,-41.14,scratch,2026_07_13
1066,1072,-1,29643.0,29604.25,37.86,target,2026_07_13
1082,1088,-1,29608.5,29603.5,4.11,scratch,2026_07_13
1141,1145,-1,29549.25,29529.75,18.61,target,2026_07_13
1155,1156,-1,29541.25,29526.5,13.86,target,2026_07_13
1177,1184,-1,29504.5,29515.75,-12.14,scratch,2026_07_13
1205,1206,-1,29500.25,29533.75,-34.39,scratch,2026_07_13
1217,1219,-1,29502.75,29477.25,24.61,target,2026_07_13
1240,1260,-1,29497.75,29492.75,4.11,target,2026_07_13
1321,1326,-1,29465.75,29466.0,-1.1400000000000001,theme,2026_07_13
1351,1379,-1,29427.25,29430.75,-4.39,eod,2026_07_13
117,119,-1,29386.75,29412.0,-26.14,scratch,2026_07_14
333,338,-1,29372.5,29367.5,4.11,scratch,2026_07_14
350,353,-1,29384.5,29414.5,-30.89,scratch,2026_07_14
440,445,1,29547.5,29586.75,38.36,scratch,2026_07_14
463,467,1,29588.75,29588.0,-1.6400000000000001,scratch,2026_07_14
496,503,1,29633.25,29632.5,-1.6400000000000001,scratch,2026_07_14
513,515,1,29631.75,29629.25,-3.39,scratch,2026_07_14
530,532,1,29580.75,29584.0,2.36,theme,2026_07_14
574,581,1,29593.0,29584.0,-9.89,scratch,2026_07_14
591,597,1,29597.25,29585.0,-13.14,scratch,2026_07_14
627,628,1,29614.75,29622.5,6.86,target,2026_07_14
642,646,1,29618.25,29602.0,-17.14,scratch,2026_07_14
661,665,1,29572.5,29599.0,25.61,target,2026_07_14
708,712,1,29613.25,29604.5,-9.64,scratch,2026_07_14
731,734,1,29617.75,29602.5,-16.14,scratch,2026_07_14
744,747,1,29595.5,29590.25,-6.14,scratch,2026_07_14
771,773,1,29619.0,29606.5,-13.39,scratch,2026_07_14
826,843,1,29621.0,29608.5,-13.39,scratch,2026_07_14
921,925,1,29773.75,29796.0,21.36,theme,2026_07_14
1009,1013,1,29712.25,29740.75,27.61,target,2026_07_14
1130,1145,1,29809.5,29820.75,10.36,scratch,2026_07_14
1157,1162,1,29823.75,29852.25,27.61,target,2026_07_14
1176,1179,1,29829.75,29844.0,13.36,target,2026_07_14
1318,1320,1,29815.0,29787.75,-28.14,scratch,2026_07_14
128,131,1,29855.75,29881.75,25.11,target,2026_07_15
165,166,1,29859.0,29875.25,15.36,target,2026_07_15
184,186,1,29871.25,29879.5,7.36,target,2026_07_15
226,234,1,29906.25,29932.25,25.11,target,2026_07_15
294,297,1,29968.75,29973.25,3.61,target,2026_07_15
308,310,1,29956.25,29958.25,1.1099999999999999,theme,2026_07_15
393,395,1,29994.75,29989.0,-6.64,scratch,2026_07_15
435,438,1,29999.75,30017.25,16.61,target,2026_07_15
449,452,1,29979.0,29970.0,-9.89,scratch,2026_07_15
499,502,1,30030.0,30029.0,-1.8900000000000001,scratch,2026_07_15
514,517,1,30024.5,30025.0,-0.39,scratch,2026_07_15
527,532,1,30024.25,30016.25,-8.89,theme,2026_07_15
558,562,1,30027.0,29999.5,-28.39,scratch,2026_07_15
717,720,-1,29919.75,29924.75,-5.89,scratch,2026_07_15
735,741,-1,29942.75,29937.25,4.61,scratch,2026_07_15
752,756,-1,29891.75,29905.25,-14.39,scratch,2026_07_15
769,775,-1,29909.75,29922.5,-13.64,scratch,2026_07_15
785,788,-1,29940.25,29924.25,15.11,target,2026_07_15
827,837,-1,29916.0,29921.5,-6.39,scratch,2026_07_15
847,849,-1,29879.5,29890.5,-11.89,scratch,2026_07_15
859,865,-1,29886.0,29866.5,18.61,scratch,2026_07_15
875,877,-1,29942.25,29947.25,-5.89,scratch,2026_07_15
946,953,-1,29832.5,29790.75,40.86,scratch,2026_07_15
963,967,-1,29844.25,29886.75,-43.39,scratch,2026_07_15
981,986,-1,29759.25,29669.5,88.86,target,2026_07_15
997,1000,-1,29620.0,29603.5,15.61,scratch,2026_07_15
1011,1026,-1,29617.0,29613.75,2.36,scratch,2026_07_15
1036,1038,-1,29575.75,29580.0,-5.14,target,2026_07_15
1048,1056,-1,29601.0,29608.75,-8.64,theme,2026_07_15
1076,1082,-1,29583.0,29550.25,31.86,target,2026_07_15
1101,1111,-1,29465.0,29477.75,-13.64,scratch,2026_07_15
1126,1127,-1,29438.0,29495.75,-58.64,scratch,2026_07_15
1137,1138,-1,29471.25,29492.5,-22.14,scratch,2026_07_15
80,86,1,29705.0,29701.25,-4.64,scratch,2026_07_16
103,105,1,29704.0,29721.25,16.36,target,2026_07_16
129,137,1,29728.0,29716.75,-12.14,scratch,2026_07_16
332,337,1,29737.5,29726.0,-12.39,scratch,2026_07_16
373,376,1,29745.0,29746.0,0.10999999999999999,scratch,2026_07_16
386,387,1,29722.5,29717.5,-5.89,theme,2026_07_16
436,438,1,29757.5,29744.75,-13.64,scratch,2026_07_16
450,453,1,29766.0,29748.75,-18.14,scratch,2026_07_16
463,466,1,29699.5,29695.75,-4.64,scratch,2026_07_16
512,514,1,29683.0,29675.25,-8.64,theme,2026_07_16
633,636,-1,29541.25,29560.75,-20.39,scratch,2026_07_16
712,719,-1,29563.75,29535.0,27.86,target,2026_07_16
732,735,-1,29544.0,29550.75,-7.64,scratch,2026_07_16
752,760,-1,29541.25,29513.5,26.86,target,2026_07_16
817,819,-1,29465.0,29440.25,23.86,target,2026_07_16
842,844,-1,29454.0,29434.0,19.11,target,2026_07_16
861,865,-1,29432.75,29385.0,46.86,target,2026_07_16
903,906,-1,29410.0,29429.75,-20.64,scratch,2026_07_16
964,965,-1,29400.0,29398.5,0.61,target,2026_07_16
978,980,-1,29470.0,29482.5,-13.39,target,2026_07_16
1022,1027,-1,29425.25,29384.0,40.36,target,2026_07_16
1041,1043,-1,29372.25,29369.5,1.8599999999999999,target,2026_07_16
1055,1060,-1,29438.25,29455.0,-17.64,scratch,2026_07_16
1138,1141,-1,29331.75,29297.75,33.11,target,2026_07_16
1171,1174,-1,29329.5,29295.25,33.36,target,2026_07_16
1202,1212,-1,29252.5,29265.25,-13.64,scratch,2026_07_16
1224,1231,-1,29286.0,29251.25,33.86,target,2026_07_16
1246,1249,-1,29234.25,29250.5,-17.14,scratch,2026_07_16
1262,1268,-1,29215.25,29192.5,21.86,target,2026_07_16
1319,1327,-1,29201.0,29191.0,9.11,theme,2026_07_16
76,79,-1,29127.0,29110.75,15.36,target,2026_07_17
123,126,-1,29112.0,29087.0,24.11,target,2026_07_17
139,142,-1,29048.5,29040.75,6.86,target,2026_07_17
168,171,-1,29026.5,29054.0,-28.39,scratch,2026_07_17
287,292,-1,28925.75,28918.5,6.36,target,2026_07_17
302,304,-1,28918.25,28933.25,-15.89,scratch,2026_07_17
357,361,-1,28921.25,28893.25,27.11,target,2026_07_17
439,443,-1,28808.5,28798.75,8.86,target,2026_07_17
483,488,-1,28763.25,28735.25,27.11,target,2026_07_17
500,501,-1,28772.75,28788.25,-16.39,scratch,2026_07_17
546,547,-1,28762.0,28750.5,10.61,target,2026_07_17
560,561,-1,28757.5,28743.75,12.86,target,2026_07_17
604,611,-1,28703.75,28677.25,25.61,target,2026_07_17
899,901,-1,28667.75,28656.0,10.86,target,2026_07_17
933,934,-1,28629.5,28576.75,51.86,target,2026_07_17
957,959,-1,28623.25,28671.75,-49.39,scratch,2026_07_17
1016,1019,1,28801.75,28728.75,-73.89,scratch,2026_07_17
1065,1075,1,28799.0,28883.5,83.61,target,2026_07_17
1085,1088,1,28885.25,28859.75,-26.39,scratch,2026_07_17
1105,1111,1,28868.0,28891.5,22.61,scratch,2026_07_17
1123,1160,1,28935.0,29002.75,66.86,scratch,2026_07_17
1178,1182,1,28988.25,28963.0,-26.14,scratch,2026_07_17
