feature,d_IS,d_OOS,d_all,sign_match,min_abs_d
prior_range,0.5758554631814369,0.7743850670150293,0.7181734151793863,True,0.5758554631814369
range_compression,0.4747734332022689,0.7815073313916567,0.6080716033224813,True,0.4747734332022689
